solid OpenSCAD_Model
  facet normal 0.612373 -0.353555 -0.707105
    outer loop
      vertex 18 -4.82308 0.5
      vertex 13.1769 -13.1769 0.5
      vertex 17.5 -4.68911 0
    endloop
  endfacet
  facet normal 0.866025 -0.500002 0
    outer loop
      vertex 13.1769 -13.1769 20
      vertex 18 -4.82308 0.5
      vertex 18 -4.82308 20
    endloop
  endfacet
  facet normal 0.866025 -0.500002 0
    outer loop
      vertex 18 -4.82308 0.5
      vertex 13.1769 -13.1769 20
      vertex 13.1769 -13.1769 0.5
    endloop
  endfacet
  facet normal -0.707107 0 -0.707107
    outer loop
      vertex -17.5 -4.68911 0
      vertex -18 -4.82308 0.5
      vertex -17.5 4.68911 0
    endloop
  endfacet
  facet normal -0.353565 -0.612394 -0.707082
    outer loop
      vertex -4.68911 -17.5 0
      vertex -13.1769 -13.1769 0.5
      vertex -12.8109 -12.8109 0
    endloop
  endfacet
  facet normal -0.866025 -0.500002 0
    outer loop
      vertex -13.1769 -13.1769 0.5
      vertex -18 -4.82308 20
      vertex -18 -4.82308 0.5
    endloop
  endfacet
  facet normal -0.866025 -0.500002 0
    outer loop
      vertex -18 -4.82308 20
      vertex -13.1769 -13.1769 0.5
      vertex -13.1769 -13.1769 20
    endloop
  endfacet
  facet normal 0.353555 -0.612373 -0.707105
    outer loop
      vertex 4.82308 -18 0.5
      vertex 4.68911 -17.5 0
      vertex 13.1769 -13.1769 0.5
    endloop
  endfacet
  facet normal 0 0.707107 -0.707107
    outer loop
      vertex 4.68911 17.5 0
      vertex -4.82308 18 0.5
      vertex 4.82308 18 0.5
    endloop
  endfacet
  facet normal -0.612373 -0.353555 -0.707105
    outer loop
      vertex -13.1769 -13.1769 0.5
      vertex -18 -4.82308 0.5
      vertex -17.5 -4.68911 0
    endloop
  endfacet
  facet normal -0.612394 -0.353565 -0.707082
    outer loop
      vertex -13.1769 -13.1769 0.5
      vertex -17.5 -4.68911 0
      vertex -12.8109 -12.8109 0
    endloop
  endfacet
  facet normal 0.353565 0.612394 -0.707082
    outer loop
      vertex 12.8109 12.8109 0
      vertex 4.68911 17.5 0
      vertex 13.1769 13.1769 0.5
    endloop
  endfacet
  facet normal -0.500002 -0.866025 0
    outer loop
      vertex -13.1769 -13.1769 0.5
      vertex -4.82308 -18 20
      vertex -13.1769 -13.1769 20
    endloop
  endfacet
  facet normal -0.500002 -0.866025 -0
    outer loop
      vertex -4.82308 -18 20
      vertex -13.1769 -13.1769 0.5
      vertex -4.82308 -18 0.5
    endloop
  endfacet
  facet normal -0.353555 -0.612373 -0.707105
    outer loop
      vertex -4.82308 -18 0.5
      vertex -13.1769 -13.1769 0.5
      vertex -4.68911 -17.5 0
    endloop
  endfacet
  facet normal -0.612394 0.353565 -0.707082
    outer loop
      vertex -12.8109 12.8109 0
      vertex -17.5 4.68911 0
      vertex -13.1769 13.1769 0.5
    endloop
  endfacet
  facet normal 0 0.707107 -0.707107
    outer loop
      vertex -4.68911 17.5 0
      vertex -4.82308 18 0.5
      vertex 4.68911 17.5 0
    endloop
  endfacet
  facet normal -0.612373 0.353555 -0.707105
    outer loop
      vertex -17.5 4.68911 0
      vertex -18 4.82308 0.5
      vertex -13.1769 13.1769 0.5
    endloop
  endfacet
  facet normal 0.707107 0 -0.707107
    outer loop
      vertex 18 4.82308 0.5
      vertex 17.5 -4.68911 0
      vertex 17.5 4.68911 0
    endloop
  endfacet
  facet normal -1 0 0
    outer loop
      vertex -18 -4.82308 0.5
      vertex -18 4.82308 20
      vertex -18 4.82308 0.5
    endloop
  endfacet
  facet normal -1 -0 0
    outer loop
      vertex -18 4.82308 20
      vertex -18 -4.82308 0.5
      vertex -18 -4.82308 20
    endloop
  endfacet
  facet normal 0.500002 -0.866025 0
    outer loop
      vertex 4.82308 -18 0.5
      vertex 13.1769 -13.1769 20
      vertex 4.82308 -18 20
    endloop
  endfacet
  facet normal 0.500002 -0.866025 0
    outer loop
      vertex 13.1769 -13.1769 20
      vertex 4.82308 -18 0.5
      vertex 13.1769 -13.1769 0.5
    endloop
  endfacet
  facet normal -0 -0.707107 -0.707107
    outer loop
      vertex 4.82308 -18 0.5
      vertex -4.82308 -18 0.5
      vertex -4.68911 -17.5 0
    endloop
  endfacet
  facet normal -0.707107 0 -0.707107
    outer loop
      vertex -17.5 4.68911 0
      vertex -18 -4.82308 0.5
      vertex -18 4.82308 0.5
    endloop
  endfacet
  facet normal 0.353555 0.612373 -0.707105
    outer loop
      vertex 13.1769 13.1769 0.5
      vertex 4.68911 17.5 0
      vertex 4.82308 18 0.5
    endloop
  endfacet
  facet normal -0.353555 0.612373 -0.707105
    outer loop
      vertex -4.68911 17.5 0
      vertex -13.1769 13.1769 0.5
      vertex -4.82308 18 0.5
    endloop
  endfacet
  facet normal 0 0 1
    outer loop
      vertex -13.4733 0.0975342 20
      vertex -13.4733 -0.0975342 20
      vertex -13.4636 0 20
    endloop
  endfacet
  facet normal -0 0 1
    outer loop
      vertex -14.5674 0.813995 20
      vertex -13.4733 0.0975342 20
      vertex -13.588 1.02028 20
    endloop
  endfacet
  facet normal 0 0 1
    outer loop
      vertex -13.4733 0.0975342 20
      vertex -14.4662 0 20
      vertex -13.4733 -0.0975342 20
    endloop
  endfacet
  facet normal 0 0 1
    outer loop
      vertex -14.5674 0.813995 20
      vertex -13.588 1.02028 20
      vertex -13.6164 1.11407 20
    endloop
  endfacet
  facet normal 0 0 1
    outer loop
      vertex -14.5674 -0.813995 20
      vertex -13.4733 -0.0975342 20
      vertex -14.4662 0 20
    endloop
  endfacet
  facet normal -0 0 1
    outer loop
      vertex -14.8591 1.70407 20
      vertex -13.6164 1.11407 20
      vertex -13.9352 2.08675 20
    endloop
  endfacet
  facet normal 0 0 1
    outer loop
      vertex -13.4733 -0.0975342 20
      vertex -14.5674 -0.813995 20
      vertex -13.588 -1.02028 20
    endloop
  endfacet
  facet normal 0 0 1
    outer loop
      vertex -14.8591 1.70407 20
      vertex -13.9352 2.08675 20
      vertex -14.3863 3.14482 20
    endloop
  endfacet
  facet normal 0 0 1
    outer loop
      vertex -13.588 -1.02028 20
      vertex -14.5674 -0.813995 20
      vertex -13.6164 -1.11407 20
    endloop
  endfacet
  facet normal 0 0 1
    outer loop
      vertex -14.8591 -1.70407 20
      vertex -13.6164 -1.11407 20
      vertex -14.5674 -0.813995 20
    endloop
  endfacet
  facet normal 0 0 1
    outer loop
      vertex -15.3101 2.76215 20
      vertex -14.3863 3.14482 20
      vertex -14.4766 3.36247 20
    endloop
  endfacet
  facet normal 0 0 1
    outer loop
      vertex -13.4733 0.0975342 20
      vertex -14.5674 0.813995 20
      vertex -14.4662 0 20
    endloop
  endfacet
  facet normal 0 0 1
    outer loop
      vertex -13.6164 -1.11407 20
      vertex -14.8591 -1.70407 20
      vertex -13.9352 -2.08675 20
    endloop
  endfacet
  facet normal 0 0 1
    outer loop
      vertex -13.9352 -2.08675 20
      vertex -14.8591 -1.70407 20
      vertex -14.3863 -3.14482 20
    endloop
  endfacet
  facet normal 0 0 1
    outer loop
      vertex -10.857 -10.1499 20
      vertex -11.8726 -10.0794 20
      vertex -11.7469 -11.0398 20
    endloop
  endfacet
  facet normal 0 0 1
    outer loop
      vertex -11.6309 -6.79048 20
      vertex -12.011 -8.93758 20
      vertex -11.8726 -10.0794 20
    endloop
  endfacet
  facet normal 0 0 1
    outer loop
      vertex -11.6309 -6.79048 20
      vertex -12.2102 -7.98843 20
      vertex -12.011 -8.93758 20
    endloop
  endfacet
  facet normal 0 0 1
    outer loop
      vertex -12.5305 -7.23059 20
      vertex -11.6771 -6.70403 20
      vertex -12.2379 -5.96228 20
    endloop
  endfacet
  facet normal 0 0 1
    outer loop
      vertex -13.0224 -6.57999 20
      vertex -12.2379 -5.96228 20
      vertex -12.3 -5.88651 20
    endloop
  endfacet
  facet normal 0 0 1
    outer loop
      vertex -11.6309 -6.79048 20
      vertex -12.5305 -7.23059 20
      vertex -12.2102 -7.98843 20
    endloop
  endfacet
  facet normal 0 0 1
    outer loop
      vertex -12.2379 -5.96228 20
      vertex -13.0224 -6.57999 20
      vertex -12.5305 -7.23059 20
    endloop
  endfacet
  facet normal 0 0 1
    outer loop
      vertex -13.0624 -5.20352 20
      vertex -13.0224 -6.57999 20
      vertex -12.3 -5.88651 20
    endloop
  endfacet
  facet normal 0 0 1
    outer loop
      vertex -13.7332 -5.94321 20
      vertex -13.0624 -5.20352 20
      vertex -13.1382 -5.14134 20
    endloop
  endfacet
  facet normal 0 0 1
    outer loop
      vertex -13.0624 -5.20352 20
      vertex -13.7332 -5.94321 20
      vertex -13.0224 -6.57999 20
    endloop
  endfacet
  facet normal 0 0 1
    outer loop
      vertex -14.6134 -5.28203 20
      vertex -13.1382 -5.14134 20
      vertex -14.0579 -4.45056 20
    endloop
  endfacet
  facet normal 0 0 1
    outer loop
      vertex -14.6134 -5.28203 20
      vertex -14.0579 -4.45056 20
      vertex -14.2196 -4.32666 20
    endloop
  endfacet
  facet normal 0 0 1
    outer loop
      vertex -13.1382 -5.14134 20
      vertex -14.6134 -5.28203 20
      vertex -13.7332 -5.94321 20
    endloop
  endfacet
  facet normal 0 0 1
    outer loop
      vertex -15.4354 -4.65242 20
      vertex -14.2196 -4.32666 20
      vertex -14.4766 -3.36247 20
    endloop
  endfacet
  facet normal -0 0 1
    outer loop
      vertex -15.3101 -2.76215 20
      vertex -14.3863 -3.14482 20
      vertex -14.8591 -1.70407 20
    endloop
  endfacet
  facet normal 0 0 1
    outer loop
      vertex -14.3863 -3.14482 20
      vertex -15.3101 -2.76215 20
      vertex -14.4766 -3.36247 20
    endloop
  endfacet
  facet normal 0 0 1
    outer loop
      vertex -15.6949 -3.68892 20
      vertex -14.4766 -3.36247 20
      vertex -15.3101 -2.76215 20
    endloop
  endfacet
  facet normal 0 0 1
    outer loop
      vertex -14.2196 -4.32666 20
      vertex -15.4354 -4.65242 20
      vertex -14.6134 -5.28203 20
    endloop
  endfacet
  facet normal 0 0 1
    outer loop
      vertex -14.4766 -3.36247 20
      vertex -15.6949 -3.68892 20
      vertex -15.4354 -4.65242 20
    endloop
  endfacet
  facet normal 0 0 1
    outer loop
      vertex -15.6949 -3.68892 20
      vertex -16.1417 -4.84168 20
      vertex -15.4354 -4.65242 20
    endloop
  endfacet
  facet normal 0 -0 1
    outer loop
      vertex -16.1417 -4.84168 20
      vertex -15.6949 -3.68892 20
      vertex -16.4 -3.87784 20
    endloop
  endfacet
  facet normal 0 0 1
    outer loop
      vertex -11.2405 7.74077 20
      vertex -12.2102 7.98843 20
      vertex -11.2689 7.64697 20
    endloop
  endfacet
  facet normal 0 0 1
    outer loop
      vertex -11.2689 7.64697 20
      vertex -12.2102 7.98843 20
      vertex -11.6309 6.79048 20
    endloop
  endfacet
  facet normal -0 0 1
    outer loop
      vertex -12.5305 7.23059 20
      vertex -11.6309 6.79048 20
      vertex -12.2102 7.98843 20
    endloop
  endfacet
  facet normal 0 0 1
    outer loop
      vertex -11.6309 6.79048 20
      vertex -12.5305 7.23059 20
      vertex -11.6771 6.70403 20
    endloop
  endfacet
  facet normal 0 0 1
    outer loop
      vertex -11.6771 6.70403 20
      vertex -12.5305 7.23059 20
      vertex -12.2379 5.96228 20
    endloop
  endfacet
  facet normal -0 0 1
    outer loop
      vertex -13.0224 6.57999 20
      vertex -12.2379 5.96228 20
      vertex -12.5305 7.23059 20
    endloop
  endfacet
  facet normal 0 0 1
    outer loop
      vertex -12.2379 5.96228 20
      vertex -13.0224 6.57999 20
      vertex -12.3 5.88651 20
    endloop
  endfacet
  facet normal 0 0 1
    outer loop
      vertex -13.0224 6.57999 20
      vertex -13.0624 5.20352 20
      vertex -12.3 5.88651 20
    endloop
  endfacet
  facet normal -0 0 1
    outer loop
      vertex -13.7332 5.94321 20
      vertex -13.0624 5.20352 20
      vertex -13.0224 6.57999 20
    endloop
  endfacet
  facet normal 0 0 1
    outer loop
      vertex -13.0624 5.20352 20
      vertex -13.7332 5.94321 20
      vertex -13.1382 5.14134 20
    endloop
  endfacet
  facet normal -0 0 1
    outer loop
      vertex -14.6134 5.28203 20
      vertex -13.1382 5.14134 20
      vertex -13.7332 5.94321 20
    endloop
  endfacet
  facet normal 0 0 1
    outer loop
      vertex -13.1382 5.14134 20
      vertex -14.6134 5.28203 20
      vertex -14.0579 4.45056 20
    endloop
  endfacet
  facet normal 0 0 1
    outer loop
      vertex -14.0579 4.45056 20
      vertex -14.6134 5.28203 20
      vertex -14.2196 4.32666 20
    endloop
  endfacet
  facet normal -0 0 1
    outer loop
      vertex -15.4354 4.65242 20
      vertex -14.2196 4.32666 20
      vertex -14.6134 5.28203 20
    endloop
  endfacet
  facet normal 0 0 1
    outer loop
      vertex -14.2196 4.32666 20
      vertex -15.4354 4.65242 20
      vertex -14.4766 3.36247 20
    endloop
  endfacet
  facet normal 0 0 1
    outer loop
      vertex -13.6164 1.11407 20
      vertex -14.8591 1.70407 20
      vertex -14.5674 0.813995 20
    endloop
  endfacet
  facet normal 0 0 1
    outer loop
      vertex -14.3863 3.14482 20
      vertex -15.3101 2.76215 20
      vertex -14.8591 1.70407 20
    endloop
  endfacet
  facet normal -0 0 1
    outer loop
      vertex -15.6949 3.68892 20
      vertex -14.4766 3.36247 20
      vertex -15.4354 4.65242 20
    endloop
  endfacet
  facet normal 0 0 1
    outer loop
      vertex -14.4766 3.36247 20
      vertex -15.6949 3.68892 20
      vertex -15.3101 2.76215 20
    endloop
  endfacet
  facet normal 0 0 1
    outer loop
      vertex -16.1417 4.84168 20
      vertex -15.6949 3.68892 20
      vertex -15.4354 4.65242 20
    endloop
  endfacet
  facet normal 0 0 1
    outer loop
      vertex -15.6949 3.68892 20
      vertex -16.1417 4.84168 20
      vertex -16.4 3.87784 20
    endloop
  endfacet
  facet normal 0 0 1
    outer loop
      vertex -10.6805 0.0975342 20
      vertex -10.6805 -0.0975342 20
      vertex -10.6709 0 20
    endloop
  endfacet
  facet normal -0 0 1
    outer loop
      vertex -11.7517 0.62944 20
      vertex -10.6805 0.0975342 20
      vertex -10.7723 0.835739 20
    endloop
  endfacet
  facet normal 0 0 1
    outer loop
      vertex -10.6805 0.0975342 20
      vertex -11.6734 0 20
      vertex -10.6805 -0.0975342 20
    endloop
  endfacet
  facet normal 0 0 1
    outer loop
      vertex -11.7517 0.62944 20
      vertex -10.7723 0.835739 20
      vertex -10.8008 0.929535 20
    endloop
  endfacet
  facet normal 0 0 1
    outer loop
      vertex -11.7517 -0.62944 20
      vertex -10.6805 -0.0975342 20
      vertex -11.6734 0 20
    endloop
  endfacet
  facet normal -0 0 1
    outer loop
      vertex -11.9796 1.32498 20
      vertex -10.8008 0.929535 20
      vertex -11.0558 1.70767 20
    endloop
  endfacet
  facet normal 0 0 1
    outer loop
      vertex -10.6805 -0.0975342 20
      vertex -11.7517 -0.62944 20
      vertex -10.7723 -0.835739 20
    endloop
  endfacet
  facet normal 0 0 1
    outer loop
      vertex -11.9796 1.32498 20
      vertex -11.0558 1.70767 20
      vertex -11.4111 2.54106 20
    endloop
  endfacet
  facet normal 0 0 1
    outer loop
      vertex -10.7723 -0.835739 20
      vertex -11.7517 -0.62944 20
      vertex -10.8008 -0.929535 20
    endloop
  endfacet
  facet normal 0 0 1
    outer loop
      vertex -8.61299 -7.9059 20
      vertex -9.59613 -8.08307 20
      vertex -9.5029 -8.79581 20
    endloop
  endfacet
  facet normal 0 0 1
    outer loop
      vertex -9.21236 -5.3941 20
      vertex -9.70683 -7.16957 20
      vertex -9.59613 -8.08307 20
    endloop
  endfacet
  facet normal 0 0 1
    outer loop
      vertex -10.112 -5.83423 20
      vertex -9.25856 -5.30766 20
      vertex -9.70715 -4.71426 20
    endloop
  endfacet
  facet normal 0 0 1
    outer loop
      vertex -10.4916 -5.33197 20
      vertex -9.70715 -4.71426 20
      vertex -9.76933 -4.63849 20
    endloop
  endfacet
  facet normal 0 0 1
    outer loop
      vertex -9.21236 -5.3941 20
      vertex -9.86403 -6.42078 20
      vertex -9.70683 -7.16957 20
    endloop
  endfacet
  facet normal 0 0 1
    outer loop
      vertex -9.21236 -5.3941 20
      vertex -10.112 -5.83423 20
      vertex -9.86403 -6.42078 20
    endloop
  endfacet
  facet normal 0 0 1
    outer loop
      vertex -10.4916 -5.33197 20
      vertex -9.76933 -4.63849 20
      vertex -10.3792 -4.0921 20
    endloop
  endfacet
  facet normal 0 0 1
    outer loop
      vertex -11.05 -4.8318 20
      vertex -10.3792 -4.0921 20
      vertex -10.455 -4.02992 20
    endloop
  endfacet
  facet normal 0 0 1
    outer loop
      vertex -9.70715 -4.71426 20
      vertex -10.4916 -5.33197 20
      vertex -10.112 -5.83423 20
    endloop
  endfacet
  facet normal 0 0 1
    outer loop
      vertex -10.3792 -4.0921 20
      vertex -11.05 -4.8318 20
      vertex -10.4916 -5.33197 20
    endloop
  endfacet
  facet normal 0 0 1
    outer loop
      vertex -11.7463 -4.30878 20
      vertex -10.455 -4.02992 20
      vertex -11.1537 -3.50514 20
    endloop
  endfacet
  facet normal 0 0 1
    outer loop
      vertex -12.37 -3.83105 20
      vertex -11.1537 -3.50514 20
      vertex -11.4111 -2.54106 20
    endloop
  endfacet
  facet normal 0 0 1
    outer loop
      vertex -10.455 -4.02992 20
      vertex -11.7463 -4.30878 20
      vertex -11.05 -4.8318 20
    endloop
  endfacet
  facet normal 0 0 1
    outer loop
      vertex -10.8008 -0.929535 20
      vertex -11.9796 -1.32498 20
      vertex -11.0558 -1.70767 20
    endloop
  endfacet
  facet normal 0 0 1
    outer loop
      vertex -11.0558 -1.70767 20
      vertex -11.9796 -1.32498 20
      vertex -11.4111 -2.54106 20
    endloop
  endfacet
  facet normal -0 0 1
    outer loop
      vertex -12.3405 -2.17145 20
      vertex -11.4111 -2.54106 20
      vertex -11.9796 -1.32498 20
    endloop
  endfacet
  facet normal 0 0 1
    outer loop
      vertex -12.6295 -2.86754 20
      vertex -11.4111 -2.54106 20
      vertex -12.3405 -2.17145 20
    endloop
  endfacet
  facet normal 0 0 1
    outer loop
      vertex -11.1537 -3.50514 20
      vertex -12.37 -3.83105 20
      vertex -11.7463 -4.30878 20
    endloop
  endfacet
  facet normal 0 0 1
    outer loop
      vertex -11.4111 -2.54106 20
      vertex -12.6295 -2.86754 20
      vertex -12.37 -3.83105 20
    endloop
  endfacet
  facet normal 0 0 1
    outer loop
      vertex -12.6295 -2.86754 20
      vertex -14.2196 -4.32666 20
      vertex -12.37 -3.83105 20
    endloop
  endfacet
  facet normal 0 -0 1
    outer loop
      vertex -14.2196 -4.32666 20
      vertex -12.6295 -2.86754 20
      vertex -14.4766 -3.36247 20
    endloop
  endfacet
  facet normal 0 0 1
    outer loop
      vertex -8.17633 -1.32858 20
      vertex -9.1002 -0.945908 20
      vertex -8.34273 -1.7189 20
    endloop
  endfacet
  facet normal -0 0 1
    outer loop
      vertex -9.37086 -1.58075 20
      vertex -8.34273 -1.7189 20
      vertex -9.1002 -0.945908 20
    endloop
  endfacet
  facet normal 0 0 1
    outer loop
      vertex -9.5641 -2.04617 20
      vertex -8.34273 -1.7189 20
      vertex -9.37086 -1.58075 20
    endloop
  endfacet
  facet normal 0 0 1
    outer loop
      vertex -8.34273 -1.7189 20
      vertex -9.30457 -3.00967 20
      vertex -8.87918 -3.33551 20
    endloop
  endfacet
  facet normal 0 0 1
    outer loop
      vertex -8.34273 -1.7189 20
      vertex -9.5641 -2.04617 20
      vertex -9.30457 -3.00967 20
    endloop
  endfacet
  facet normal 0 0 1
    outer loop
      vertex -9.5641 -2.04617 20
      vertex -11.1537 -3.50514 20
      vertex -9.30457 -3.00967 20
    endloop
  endfacet
  facet normal 0 -0 1
    outer loop
      vertex -11.1537 -3.50514 20
      vertex -9.5641 -2.04617 20
      vertex -11.4111 -2.54106 20
    endloop
  endfacet
  facet normal 0 0 1
    outer loop
      vertex -8.89429 6.1731 20
      vertex -9.86403 6.42078 20
      vertex -8.92274 6.0793 20
    endloop
  endfacet
  facet normal 0 0 1
    outer loop
      vertex -8.92274 6.0793 20
      vertex -9.86403 6.42078 20
      vertex -9.21236 5.3941 20
    endloop
  endfacet
  facet normal -0 0 1
    outer loop
      vertex -10.112 5.83423 20
      vertex -9.21236 5.3941 20
      vertex -9.86403 6.42078 20
    endloop
  endfacet
  facet normal 0 0 1
    outer loop
      vertex -9.21236 5.3941 20
      vertex -10.112 5.83423 20
      vertex -9.25856 5.30766 20
    endloop
  endfacet
  facet normal 0 0 1
    outer loop
      vertex -9.25856 5.30766 20
      vertex -10.112 5.83423 20
      vertex -9.70715 4.71426 20
    endloop
  endfacet
  facet normal -0 0 1
    outer loop
      vertex -10.4916 5.33197 20
      vertex -9.70715 4.71426 20
      vertex -10.112 5.83423 20
    endloop
  endfacet
  facet normal 0 0 1
    outer loop
      vertex -9.70715 4.71426 20
      vertex -10.4916 5.33197 20
      vertex -9.76933 4.63849 20
    endloop
  endfacet
  facet normal 0 0 1
    outer loop
      vertex -9.76933 4.63849 20
      vertex -10.4916 5.33197 20
      vertex -10.3792 4.0921 20
    endloop
  endfacet
  facet normal -0 0 1
    outer loop
      vertex -11.05 4.8318 20
      vertex -10.3792 4.0921 20
      vertex -10.4916 5.33197 20
    endloop
  endfacet
  facet normal 0 0 1
    outer loop
      vertex -10.3792 4.0921 20
      vertex -11.05 4.8318 20
      vertex -10.455 4.02992 20
    endloop
  endfacet
  facet normal -0 0 1
    outer loop
      vertex -11.7463 4.30878 20
      vertex -10.455 4.02992 20
      vertex -11.05 4.8318 20
    endloop
  endfacet
  facet normal 0 0 1
    outer loop
      vertex -10.455 4.02992 20
      vertex -11.7463 4.30878 20
      vertex -11.1537 3.50514 20
    endloop
  endfacet
  facet normal 0 0 1
    outer loop
      vertex -11.9796 -1.32498 20
      vertex -10.8008 -0.929535 20
      vertex -11.7517 -0.62944 20
    endloop
  endfacet
  facet normal -0 0 1
    outer loop
      vertex -12.37 3.83105 20
      vertex -11.1537 3.50514 20
      vertex -11.7463 4.30878 20
    endloop
  endfacet
  facet normal 0 0 1
    outer loop
      vertex -11.1537 3.50514 20
      vertex -12.37 3.83105 20
      vertex -11.4111 2.54106 20
    endloop
  endfacet
  facet normal 0 0 1
    outer loop
      vertex -10.6805 0.0975342 20
      vertex -11.7517 0.62944 20
      vertex -11.6734 0 20
    endloop
  endfacet
  facet normal 0 0 1
    outer loop
      vertex -10.8008 0.929535 20
      vertex -11.9796 1.32498 20
      vertex -11.7517 0.62944 20
    endloop
  endfacet
  facet normal 0 0 1
    outer loop
      vertex -11.4111 2.54106 20
      vertex -12.3405 2.17145 20
      vertex -11.9796 1.32498 20
    endloop
  endfacet
  facet normal -0 0 1
    outer loop
      vertex -12.6295 2.86754 20
      vertex -11.4111 2.54106 20
      vertex -12.37 3.83105 20
    endloop
  endfacet
  facet normal 0 0 1
    outer loop
      vertex -11.4111 2.54106 20
      vertex -12.6295 2.86754 20
      vertex -12.3405 2.17145 20
    endloop
  endfacet
  facet normal 0 0 1
    outer loop
      vertex -14.2196 4.32666 20
      vertex -12.6295 2.86754 20
      vertex -12.37 3.83105 20
    endloop
  endfacet
  facet normal 0 0 1
    outer loop
      vertex -12.6295 2.86754 20
      vertex -14.2196 4.32666 20
      vertex -14.4766 3.36247 20
    endloop
  endfacet
  facet normal 0 0 1
    outer loop
      vertex -7.88779 0.0975342 20
      vertex -7.88779 -0.0975342 20
      vertex -7.87819 0 20
    endloop
  endfacet
  facet normal 0 0 1
    outer loop
      vertex -8.88071 0 20
      vertex -7.88779 0.0975342 20
      vertex -7.95663 0.651184 20
    endloop
  endfacet
  facet normal 0 0 1
    outer loop
      vertex -7.88779 0.0975342 20
      vertex -8.88071 0 20
      vertex -7.88779 -0.0975342 20
    endloop
  endfacet
  facet normal 0 0 1
    outer loop
      vertex -8.88071 0 20
      vertex -7.95663 0.651184 20
      vertex -7.98508 0.74498 20
    endloop
  endfacet
  facet normal 0 0 1
    outer loop
      vertex -8.93604 -0.444901 20
      vertex -7.88779 -0.0975342 20
      vertex -8.88071 0 20
    endloop
  endfacet
  facet normal 0 0 1
    outer loop
      vertex -8.88071 0 20
      vertex -7.98508 0.74498 20
      vertex -8.17633 1.32858 20
    endloop
  endfacet
  facet normal 0 0 1
    outer loop
      vertex -7.88779 -0.0975342 20
      vertex -8.93604 -0.444901 20
      vertex -7.95663 -0.651184 20
    endloop
  endfacet
  facet normal 0 0 1
    outer loop
      vertex -8.88071 0 20
      vertex -8.17633 1.32858 20
      vertex -8.34273 1.7189 20
    endloop
  endfacet
  facet normal 0 0 1
    outer loop
      vertex -7.95663 -0.651184 20
      vertex -8.93604 -0.444901 20
      vertex -7.98508 -0.74498 20
    endloop
  endfacet
  facet normal 0 0 1
    outer loop
      vertex -6.36699 -5.6599 20
      vertex -7.31969 -6.08669 20
      vertex -7.25887 -6.55176 20
    endloop
  endfacet
  facet normal 0 0 1
    outer loop
      vertex -7.17642 -3.46625 20
      vertex -7.40273 -5.40157 20
      vertex -7.31969 -6.08669 20
    endloop
  endfacet
  facet normal 0 0 1
    outer loop
      vertex -7.17642 -3.46625 20
      vertex -7.51785 -4.85318 20
      vertex -7.40273 -5.40157 20
    endloop
  endfacet
  facet normal 0 0 1
    outer loop
      vertex -7.17642 -3.46625 20
      vertex -7.69337 -4.43787 20
      vertex -7.51785 -4.85318 20
    endloop
  endfacet
  facet normal 0 0 1
    outer loop
      vertex -7.96088 -4.084 20
      vertex -7.2386 -3.39049 20
      vertex -7.69603 -2.98068 20
    endloop
  endfacet
  facet normal 0 0 1
    outer loop
      vertex -8.36667 -3.72046 20
      vertex -7.69603 -2.98068 20
      vertex -7.7718 -2.9185 20
    endloop
  endfacet
  facet normal 0 0 1
    outer loop
      vertex -7.17642 -3.46625 20
      vertex -7.96088 -4.084 20
      vertex -7.69337 -4.43787 20
    endloop
  endfacet
  facet normal 0 0 1
    outer loop
      vertex -8.36667 -3.72046 20
      vertex -7.7718 -2.9185 20
      vertex -8.08536 -2.68298 20
    endloop
  endfacet
  facet normal 0 0 1
    outer loop
      vertex -8.87918 -3.33551 20
      vertex -8.08536 -2.68298 20
      vertex -8.34273 -1.7189 20
    endloop
  endfacet
  facet normal 0 0 1
    outer loop
      vertex -7.69603 -2.98068 20
      vertex -8.36667 -3.72046 20
      vertex -7.96088 -4.084 20
    endloop
  endfacet
  facet normal 0 0 1
    outer loop
      vertex -9.1002 -0.945908 20
      vertex -7.98508 -0.74498 20
      vertex -8.93604 -0.444901 20
    endloop
  endfacet
  facet normal 0 0 1
    outer loop
      vertex -9.1002 0.945908 20
      vertex -8.36667 3.72046 20
      vertex -8.87918 3.33551 20
    endloop
  endfacet
  facet normal 0 0 1
    outer loop
      vertex -7.98508 -0.74498 20
      vertex -9.1002 -0.945908 20
      vertex -8.17633 -1.32858 20
    endloop
  endfacet
  facet normal 0 0 1
    outer loop
      vertex -8.08536 -2.68298 20
      vertex -8.87918 -3.33551 20
      vertex -8.36667 -3.72046 20
    endloop
  endfacet
  facet normal 0 0 1
    outer loop
      vertex -8.36667 3.72046 20
      vertex -8.93604 0.444901 20
      vertex -8.88071 0 20
    endloop
  endfacet
  facet normal 0 0 1
    outer loop
      vertex -8.36667 3.72046 20
      vertex -9.1002 0.945908 20
      vertex -8.93604 0.444901 20
    endloop
  endfacet
  facet normal 0 0 1
    outer loop
      vertex -9.37086 1.58075 20
      vertex -8.87918 3.33551 20
      vertex -9.30457 3.00967 20
    endloop
  endfacet
  facet normal 0 0 1
    outer loop
      vertex -8.87918 3.33551 20
      vertex -9.37086 1.58075 20
      vertex -9.1002 0.945908 20
    endloop
  endfacet
  facet normal 0 0 1
    outer loop
      vertex -9.30457 3.00967 20
      vertex -9.5641 2.04617 20
      vertex -9.37086 1.58075 20
    endloop
  endfacet
  facet normal 0 0 1
    outer loop
      vertex -11.1537 3.50514 20
      vertex -9.5641 2.04617 20
      vertex -9.30457 3.00967 20
    endloop
  endfacet
  facet normal 0 0 1
    outer loop
      vertex -9.5641 2.04617 20
      vertex -11.1537 3.50514 20
      vertex -11.4111 2.54106 20
    endloop
  endfacet
  facet normal 0 0 1
    outer loop
      vertex -5.1694 -0.56044 20
      vertex -6.22078 -0.566818 20
      vertex -5.28012 -0.898285 20
    endloop
  endfacet
  facet normal 0 0 1
    outer loop
      vertex -6.40121 -0.990051 20
      vertex -5.28012 -0.898285 20
      vertex -6.22078 -0.566818 20
    endloop
  endfacet
  facet normal 0 0 1
    outer loop
      vertex -6.49869 -1.22479 20
      vertex -5.28012 -0.898285 20
      vertex -6.40121 -0.990051 20
    endloop
  endfacet
  facet normal 0 0 1
    outer loop
      vertex -5.28012 -0.898285 20
      vertex -6.23915 -2.18829 20
      vertex -6.01205 -2.36224 20
    endloop
  endfacet
  facet normal 0 0 1
    outer loop
      vertex -5.28012 -0.898285 20
      vertex -6.49869 -1.22479 20
      vertex -6.23915 -2.18829 20
    endloop
  endfacet
  facet normal 0 0 1
    outer loop
      vertex -6.49869 -1.22479 20
      vertex -8.08536 -2.68298 20
      vertex -6.23915 -2.18829 20
    endloop
  endfacet
  facet normal 0 -0 1
    outer loop
      vertex -8.08536 -2.68298 20
      vertex -6.49869 -1.22479 20
      vertex -8.34273 -1.7189 20
    endloop
  endfacet
  facet normal -0 0 1
    outer loop
      vertex -7.69337 4.43787 20
      vertex -6.79378 3.99774 20
      vertex -7.51785 4.85318 20
    endloop
  endfacet
  facet normal 0 0 1
    outer loop
      vertex -6.79378 3.99774 20
      vertex -7.69337 4.43787 20
      vertex -6.83998 3.9113 20
    endloop
  endfacet
  facet normal 0 0 1
    outer loop
      vertex -6.83998 3.9113 20
      vertex -7.69337 4.43787 20
      vertex -7.17642 3.46625 20
    endloop
  endfacet
  facet normal -0 0 1
    outer loop
      vertex -7.96088 4.084 20
      vertex -7.17642 3.46625 20
      vertex -7.69337 4.43787 20
    endloop
  endfacet
  facet normal 0 0 1
    outer loop
      vertex -7.17642 3.46625 20
      vertex -7.96088 4.084 20
      vertex -7.2386 3.39049 20
    endloop
  endfacet
  facet normal 0 0 1
    outer loop
      vertex -7.2386 3.39049 20
      vertex -7.96088 4.084 20
      vertex -7.69603 2.98068 20
    endloop
  endfacet
  facet normal -0 0 1
    outer loop
      vertex -8.36667 3.72046 20
      vertex -7.69603 2.98068 20
      vertex -7.96088 4.084 20
    endloop
  endfacet
  facet normal 0 0 1
    outer loop
      vertex -7.69603 2.98068 20
      vertex -8.36667 3.72046 20
      vertex -7.7718 2.9185 20
    endloop
  endfacet
  facet normal 0 0 1
    outer loop
      vertex -7.7718 2.9185 20
      vertex -8.36667 3.72046 20
      vertex -8.08536 2.68298 20
    endloop
  endfacet
  facet normal 0 0 1
    outer loop
      vertex -8.88071 0 20
      vertex -8.34273 1.7189 20
      vertex -8.36667 3.72046 20
    endloop
  endfacet
  facet normal 0 0 1
    outer loop
      vertex -8.08536 2.68298 20
      vertex -8.36667 3.72046 20
      vertex -8.34273 1.7189 20
    endloop
  endfacet
  facet normal 0 0 1
    outer loop
      vertex -5.09506 0.0975342 20
      vertex -5.09506 -0.0975342 20
      vertex -5.08545 0 20
    endloop
  endfacet
  facet normal -0 0 1
    outer loop
      vertex -6.12033 0.260269 20
      vertex -5.09506 0.0975342 20
      vertex -5.14096 0.466629 20
    endloop
  endfacet
  facet normal 0 0 1
    outer loop
      vertex -5.09506 0.0975342 20
      vertex -6.08798 0 20
      vertex -5.09506 -0.0975342 20
    endloop
  endfacet
  facet normal 0 0 1
    outer loop
      vertex -6.12033 0.260269 20
      vertex -5.14096 0.466629 20
      vertex -5.1694 0.56044 20
    endloop
  endfacet
  facet normal 0 0 1
    outer loop
      vertex -6.12033 -0.260269 20
      vertex -5.09506 -0.0975342 20
      vertex -6.08798 0 20
    endloop
  endfacet
  facet normal -0 0 1
    outer loop
      vertex -6.22078 0.566818 20
      vertex -5.1694 0.56044 20
      vertex -5.28012 0.898285 20
    endloop
  endfacet
  facet normal 0 0 1
    outer loop
      vertex -5.09506 -0.0975342 20
      vertex -6.12033 -0.260269 20
      vertex -5.14096 -0.466629 20
    endloop
  endfacet
  facet normal 0 0 1
    outer loop
      vertex -5.68358 -2.60896 20
      vertex -5.01283 -1.86928 20
      vertex -5.02162 -1.86206 20
    endloop
  endfacet
  facet normal 0 0 1
    outer loop
      vertex -5.01283 -1.86928 20
      vertex -5.04326 -4.0903 20
      vertex -5.01482 -4.30772 20
    endloop
  endfacet
  facet normal 0 0 1
    outer loop
      vertex -5.28203 -14.6134 20
      vertex -4.45056 -14.0579 20
      vertex -5.14134 -13.1382 20
    endloop
  endfacet
  facet normal 0 0 1
    outer loop
      vertex -5.94321 -13.7332 20
      vertex -5.14134 -13.1382 20
      vertex -5.20352 -13.0624 20
    endloop
  endfacet
  facet normal 0 0 1
    outer loop
      vertex -4.45056 -14.0579 20
      vertex -5.28203 -14.6134 20
      vertex -4.65242 -15.4354 20
    endloop
  endfacet
  facet normal -0 0 1
    outer loop
      vertex -6.57999 -13.0224 20
      vertex -5.20352 -13.0624 20
      vertex -5.88651 -12.3 20
    endloop
  endfacet
  facet normal 0 0 1
    outer loop
      vertex -5.14134 -13.1382 20
      vertex -5.94321 -13.7332 20
      vertex -5.28203 -14.6134 20
    endloop
  endfacet
  facet normal 0 0 1
    outer loop
      vertex -6.57999 -13.0224 20
      vertex -5.88651 -12.3 20
      vertex -5.96228 -12.2379 20
    endloop
  endfacet
  facet normal 0 0 1
    outer loop
      vertex -5.20352 -13.0624 20
      vertex -6.57999 -13.0224 20
      vertex -5.94321 -13.7332 20
    endloop
  endfacet
  facet normal 0 0 1
    outer loop
      vertex -7.23059 -12.5305 20
      vertex -5.96228 -12.2379 20
      vertex -6.70403 -11.6771 20
    endloop
  endfacet
  facet normal 0 0 1
    outer loop
      vertex -7.23059 -12.5305 20
      vertex -6.70403 -11.6771 20
      vertex -6.79048 -11.6309 20
    endloop
  endfacet
  facet normal 0 0 1
    outer loop
      vertex -5.96228 -12.2379 20
      vertex -7.23059 -12.5305 20
      vertex -6.57999 -13.0224 20
    endloop
  endfacet
  facet normal 0 0 1
    outer loop
      vertex -7.64697 -11.2689 20
      vertex -7.23059 -12.5305 20
      vertex -6.79048 -11.6309 20
    endloop
  endfacet
  facet normal 0 0 1
    outer loop
      vertex -7.98843 -12.2102 20
      vertex -7.64697 -11.2689 20
      vertex -7.74077 -11.2405 20
    endloop
  endfacet
  facet normal 0 0 1
    outer loop
      vertex -7.64697 -11.2689 20
      vertex -7.98843 -12.2102 20
      vertex -7.23059 -12.5305 20
    endloop
  endfacet
  facet normal 0 0 1
    outer loop
      vertex -8.74249 -11.0302 20
      vertex -7.98843 -12.2102 20
      vertex -7.74077 -11.2405 20
    endloop
  endfacet
  facet normal 0 0 1
    outer loop
      vertex -8.74249 -11.0302 20
      vertex -8.93758 -12.011 20
      vertex -7.98843 -12.2102 20
    endloop
  endfacet
  facet normal 0 0 1
    outer loop
      vertex -9.88435 -10.8918 20
      vertex -8.93758 -12.011 20
      vertex -8.74249 -11.0302 20
    endloop
  endfacet
  facet normal 0 0 1
    outer loop
      vertex -9.88435 -10.8918 20
      vertex -10.0794 -11.8726 20
      vertex -8.93758 -12.011 20
    endloop
  endfacet
  facet normal 0 0 1
    outer loop
      vertex -10.1499 -10.857 20
      vertex -10.0794 -11.8726 20
      vertex -9.88435 -10.8918 20
    endloop
  endfacet
  facet normal 0 0 1
    outer loop
      vertex -11.0398 -11.7469 20
      vertex -10.1499 -10.857 20
      vertex -10.857 -10.1499 20
    endloop
  endfacet
  facet normal 0 0 1
    outer loop
      vertex -10.1499 -10.857 20
      vertex -11.0398 -11.7469 20
      vertex -10.0794 -11.8726 20
    endloop
  endfacet
  facet normal -0 0 1
    outer loop
      vertex -11.8726 -10.0794 20
      vertex -10.857 -10.1499 20
      vertex -10.8918 -9.88435 20
    endloop
  endfacet
  facet normal 0 0 1
    outer loop
      vertex -11.8726 -10.0794 20
      vertex -10.8918 -9.88435 20
      vertex -11.0302 -8.74249 20
    endloop
  endfacet
  facet normal 0 0 1
    outer loop
      vertex -11.8726 -10.0794 20
      vertex -11.0302 -8.74249 20
      vertex -11.2405 -7.74077 20
    endloop
  endfacet
  facet normal 0 0 1
    outer loop
      vertex -11.8726 -10.0794 20
      vertex -11.2405 -7.74077 20
      vertex -11.2689 -7.64697 20
    endloop
  endfacet
  facet normal 0 0 1
    outer loop
      vertex -10.857 -10.1499 20
      vertex -11.7469 -11.0398 20
      vertex -11.0398 -11.7469 20
    endloop
  endfacet
  facet normal 0 0 1
    outer loop
      vertex -11.8726 -10.0794 20
      vertex -11.2689 -7.64697 20
      vertex -11.6309 -6.79048 20
    endloop
  endfacet
  facet normal 0 0 1
    outer loop
      vertex -4.32666 14.2196 20
      vertex -5.28203 14.6134 20
      vertex -4.45056 14.0579 20
    endloop
  endfacet
  facet normal 0 0 1
    outer loop
      vertex -4.45056 14.0579 20
      vertex -5.28203 14.6134 20
      vertex -5.14134 13.1382 20
    endloop
  endfacet
  facet normal -0 0 1
    outer loop
      vertex -5.94321 13.7332 20
      vertex -5.14134 13.1382 20
      vertex -5.28203 14.6134 20
    endloop
  endfacet
  facet normal 0 0 1
    outer loop
      vertex -5.14134 13.1382 20
      vertex -5.94321 13.7332 20
      vertex -5.20352 13.0624 20
    endloop
  endfacet
  facet normal 0 0 1
    outer loop
      vertex -6.57999 13.0224 20
      vertex -5.20352 13.0624 20
      vertex -5.94321 13.7332 20
    endloop
  endfacet
  facet normal 0 0 1
    outer loop
      vertex -5.20352 13.0624 20
      vertex -6.57999 13.0224 20
      vertex -5.88651 12.3 20
    endloop
  endfacet
  facet normal 0 0 1
    outer loop
      vertex -5.88651 12.3 20
      vertex -6.57999 13.0224 20
      vertex -5.96228 12.2379 20
    endloop
  endfacet
  facet normal -0 0 1
    outer loop
      vertex -7.23059 12.5305 20
      vertex -5.96228 12.2379 20
      vertex -6.57999 13.0224 20
    endloop
  endfacet
  facet normal 0 0 1
    outer loop
      vertex -5.96228 12.2379 20
      vertex -7.23059 12.5305 20
      vertex -6.70403 11.6771 20
    endloop
  endfacet
  facet normal 0 0 1
    outer loop
      vertex -6.70403 11.6771 20
      vertex -7.23059 12.5305 20
      vertex -6.79048 11.6309 20
    endloop
  endfacet
  facet normal 0 0 1
    outer loop
      vertex -7.23059 12.5305 20
      vertex -7.64697 11.2689 20
      vertex -6.79048 11.6309 20
    endloop
  endfacet
  facet normal -0 0 1
    outer loop
      vertex -7.98843 12.2102 20
      vertex -7.64697 11.2689 20
      vertex -7.23059 12.5305 20
    endloop
  endfacet
  facet normal 0 0 1
    outer loop
      vertex -7.64697 11.2689 20
      vertex -7.98843 12.2102 20
      vertex -7.74077 11.2405 20
    endloop
  endfacet
  facet normal 0 0 1
    outer loop
      vertex -7.98843 12.2102 20
      vertex -8.74249 11.0302 20
      vertex -7.74077 11.2405 20
    endloop
  endfacet
  facet normal -0 0 1
    outer loop
      vertex -8.93758 12.011 20
      vertex -8.74249 11.0302 20
      vertex -7.98843 12.2102 20
    endloop
  endfacet
  facet normal 0 0 1
    outer loop
      vertex -8.93758 12.011 20
      vertex -9.88435 10.8918 20
      vertex -8.74249 11.0302 20
    endloop
  endfacet
  facet normal -0 0 1
    outer loop
      vertex -10.0794 11.8726 20
      vertex -9.88435 10.8918 20
      vertex -8.93758 12.011 20
    endloop
  endfacet
  facet normal 0 0 1
    outer loop
      vertex -10.0794 11.8726 20
      vertex -10.1499 10.857 20
      vertex -9.88435 10.8918 20
    endloop
  endfacet
  facet normal -0 0 1
    outer loop
      vertex -11.0398 11.7469 20
      vertex -10.1499 10.857 20
      vertex -10.0794 11.8726 20
    endloop
  endfacet
  facet normal 0 0 1
    outer loop
      vertex -10.1499 10.857 20
      vertex -11.0398 11.7469 20
      vertex -10.857 10.1499 20
    endloop
  endfacet
  facet normal -0 0 1
    outer loop
      vertex -11.7469 11.0398 20
      vertex -10.857 10.1499 20
      vertex -11.0398 11.7469 20
    endloop
  endfacet
  facet normal 0 0 1
    outer loop
      vertex -11.8726 10.0794 20
      vertex -10.857 10.1499 20
      vertex -11.7469 11.0398 20
    endloop
  endfacet
  facet normal 0 0 1
    outer loop
      vertex -10.857 10.1499 20
      vertex -11.8726 10.0794 20
      vertex -10.8918 9.88435 20
    endloop
  endfacet
  facet normal 0 0 1
    outer loop
      vertex -12.011 8.93758 20
      vertex -10.8918 9.88435 20
      vertex -11.8726 10.0794 20
    endloop
  endfacet
  facet normal 0 0 1
    outer loop
      vertex -11.7469 11.0398 20
      vertex -11.0398 11.7469 20
      vertex -11.5573 12.2645 20
    endloop
  endfacet
  facet normal 0 0 1
    outer loop
      vertex -10.8918 9.88435 20
      vertex -12.011 8.93758 20
      vertex -11.0302 8.74249 20
    endloop
  endfacet
  facet normal 0 0 1
    outer loop
      vertex -4.3752 2.60138 20
      vertex -5.27481 3.0415 20
      vertex -4.4214 2.51494 20
    endloop
  endfacet
  facet normal 0 0 1
    outer loop
      vertex -4.4214 2.51494 20
      vertex -5.27481 3.0415 20
      vertex -4.64571 2.21823 20
    endloop
  endfacet
  facet normal 0 0 1
    outer loop
      vertex -4.65242 15.4354 20
      vertex -3.68892 15.6949 20
      vertex -3.87784 16.4 20
    endloop
  endfacet
  facet normal 0 0 1
    outer loop
      vertex -3.68892 15.6949 20
      vertex -4.32666 14.2196 20
      vertex -3.83105 12.37 20
    endloop
  endfacet
  facet normal 0 0 1
    outer loop
      vertex -3.36247 -14.4766 20
      vertex -4.32666 -14.2196 20
      vertex -3.68892 -15.6949 20
    endloop
  endfacet
  facet normal -0 0 1
    outer loop
      vertex -4.65242 -15.4354 20
      vertex -3.68892 -15.6949 20
      vertex -4.32666 -14.2196 20
    endloop
  endfacet
  facet normal 0 0 1
    outer loop
      vertex -2.68298 -8.08536 20
      vertex -3.33551 -8.87918 20
      vertex -3.00967 -9.30457 20
    endloop
  endfacet
  facet normal 0 0 1
    outer loop
      vertex -4.084 -7.96088 20
      vertex -2.98068 -7.69603 20
      vertex -3.39049 -7.2386 20
    endloop
  endfacet
  facet normal 0 0 1
    outer loop
      vertex -4.084 -7.96088 20
      vertex -3.39049 -7.2386 20
      vertex -3.46625 -7.17642 20
    endloop
  endfacet
  facet normal 0 0 1
    outer loop
      vertex -2.9185 -7.7718 20
      vertex -3.72046 -8.36667 20
      vertex -3.33551 -8.87918 20
    endloop
  endfacet
  facet normal 0 0 1
    outer loop
      vertex -4.43787 -7.69337 20
      vertex -3.46625 -7.17642 20
      vertex -3.9113 -6.83998 20
    endloop
  endfacet
  facet normal 0 0 1
    outer loop
      vertex -4.43787 -7.69337 20
      vertex -3.9113 -6.83998 20
      vertex -3.99774 -6.79378 20
    endloop
  endfacet
  facet normal 0 0 1
    outer loop
      vertex -2.98068 -7.69603 20
      vertex -4.084 -7.96088 20
      vertex -3.72046 -8.36667 20
    endloop
  endfacet
  facet normal 0 0 1
    outer loop
      vertex -3.46625 -7.17642 20
      vertex -4.43787 -7.69337 20
      vertex -4.084 -7.96088 20
    endloop
  endfacet
  facet normal 0 0 1
    outer loop
      vertex -4.51164 -6.57657 20
      vertex -4.43787 -7.69337 20
      vertex -3.99774 -6.79378 20
    endloop
  endfacet
  facet normal 0 0 1
    outer loop
      vertex -4.85318 -7.51785 20
      vertex -4.51164 -6.57657 20
      vertex -4.60544 -6.54813 20
    endloop
  endfacet
  facet normal 0 0 1
    outer loop
      vertex -4.51164 -6.57657 20
      vertex -4.85318 -7.51785 20
      vertex -4.43787 -7.69337 20
    endloop
  endfacet
  facet normal 0 0 1
    outer loop
      vertex -5.20647 -6.42194 20
      vertex -4.85318 -7.51785 20
      vertex -4.60544 -6.54813 20
    endloop
  endfacet
  facet normal 0 0 1
    outer loop
      vertex -5.20647 -6.42194 20
      vertex -5.40157 -7.40273 20
      vertex -4.85318 -7.51785 20
    endloop
  endfacet
  facet normal 0 0 1
    outer loop
      vertex -5.6599 -6.36699 20
      vertex -5.40157 -7.40273 20
      vertex -5.20647 -6.42194 20
    endloop
  endfacet
  facet normal 0 0 1
    outer loop
      vertex -5.40157 -7.40273 20
      vertex -5.6599 -6.36699 20
      vertex -6.08669 -7.31969 20
    endloop
  endfacet
  facet normal -0 0 1
    outer loop
      vertex -2.89949 1.58792 20
      vertex -2.04395 1.06419 20
      vertex -2.85622 1.64516 20
    endloop
  endfacet
  facet normal 0 0 1
    outer loop
      vertex -2.30269 -0.100479 20
      vertex -2.79449 -1.86554 20
      vertex -2.77051 -2.06342 20
    endloop
  endfacet
  facet normal -0 0 1
    outer loop
      vertex -3.00035 1.49756 20
      vertex -2.04395 1.06419 20
      vertex -2.89949 1.58792 20
    endloop
  endfacet
  facet normal 0 0 1
    outer loop
      vertex -2.30269 -0.100479 20
      vertex -2.82552 -1.7178 20
      vertex -2.79449 -1.86554 20
    endloop
  endfacet
  facet normal -0 0 1
    outer loop
      vertex -3.14491 1.38899 20
      vertex -2.04395 1.06419 20
      vertex -3.00035 1.49756 20
    endloop
  endfacet
  facet normal 0 0 1
    outer loop
      vertex -2.30269 -0.100479 20
      vertex -2.85622 -1.64516 20
      vertex -2.82552 -1.7178 20
    endloop
  endfacet
  facet normal -0 0 1
    outer loop
      vertex -3.17372 1.36693 20
      vertex -2.04395 1.06419 20
      vertex -3.14491 1.38899 20
    endloop
  endfacet
  facet normal -0 0 1
    outer loop
      vertex -3.30467 -0.0757904 20
      vertex -2.30269 -0.100479 20
      vertex -3.29524 0 20
    endloop
  endfacet
  facet normal 0 0 1
    outer loop
      vertex -2.04395 1.06419 20
      vertex -3.17372 1.36693 20
      vertex -2.30269 0.100479 20
    endloop
  endfacet
  facet normal 0 0 1
    outer loop
      vertex -2.30269 -0.100479 20
      vertex -2.89949 -1.58792 20
      vertex -2.85622 -1.64516 20
    endloop
  endfacet
  facet normal -0 -0 1
    outer loop
      vertex -3.34135 0.187729 20
      vertex -2.30269 0.100479 20
      vertex -3.43158 0.399353 20
    endloop
  endfacet
  facet normal 0 0 1
    outer loop
      vertex -3.34135 -0.187729 20
      vertex -2.30269 -0.100479 20
      vertex -3.30467 -0.0757904 20
    endloop
  endfacet
  facet normal -0 0 1
    outer loop
      vertex -3.43327 0.403412 20
      vertex -2.30269 0.100479 20
      vertex -3.17372 1.36693 20
    endloop
  endfacet
  facet normal 0 0 1
    outer loop
      vertex -2.30269 -0.100479 20
      vertex -3.00035 -1.49756 20
      vertex -2.89949 -1.58792 20
    endloop
  endfacet
  facet normal 0 0 1
    outer loop
      vertex -3.43158 -0.399353 20
      vertex -2.30269 -0.100479 20
      vertex -3.34135 -0.187729 20
    endloop
  endfacet
  facet normal 0 0 1
    outer loop
      vertex -2.30269 0.100479 20
      vertex -3.29524 0 20
      vertex -2.30269 -0.100479 20
    endloop
  endfacet
  facet normal 0 -0 1
    outer loop
      vertex -3.29524 0 20
      vertex -2.30269 0.100479 20
      vertex -3.30467 0.0757904 20
    endloop
  endfacet
  facet normal 0 -0 1
    outer loop
      vertex -3.30467 0.0757904 20
      vertex -2.30269 0.100479 20
      vertex -3.34135 0.187729 20
    endloop
  endfacet
  facet normal 0 0 1
    outer loop
      vertex -2.30269 0.100479 20
      vertex -3.43327 0.403412 20
      vertex -3.43158 0.399353 20
    endloop
  endfacet
  facet normal 0 0 1
    outer loop
      vertex -5.02162 1.86206 20
      vertex -3.43327 0.403412 20
      vertex -3.17372 1.36693 20
    endloop
  endfacet
  facet normal -0 0 1
    outer loop
      vertex -5.43018 2.83598 20
      vertex -4.64571 2.21823 20
      vertex -5.27481 3.0415 20
    endloop
  endfacet
  facet normal 0 0 1
    outer loop
      vertex -4.64571 2.21823 20
      vertex -5.43018 2.83598 20
      vertex -4.70789 2.14247 20
    endloop
  endfacet
  facet normal 0 0 1
    outer loop
      vertex -4.70789 2.14247 20
      vertex -5.43018 2.83598 20
      vertex -5.01283 1.86928 20
    endloop
  endfacet
  facet normal 0 0 1
    outer loop
      vertex -5.02162 1.86206 20
      vertex -5.28012 0.898285 20
      vertex -3.43327 0.403412 20
    endloop
  endfacet
  facet normal -0 0 1
    outer loop
      vertex -5.68358 2.60896 20
      vertex -5.01283 1.86928 20
      vertex -5.43018 2.83598 20
    endloop
  endfacet
  facet normal -0 0 1
    outer loop
      vertex -6.01205 2.36224 20
      vertex -5.02162 1.86206 20
      vertex -5.68358 2.60896 20
    endloop
  endfacet
  facet normal 0 0 1
    outer loop
      vertex -5.01283 1.86928 20
      vertex -5.68358 2.60896 20
      vertex -5.02162 1.86206 20
    endloop
  endfacet
  facet normal 0 0 1
    outer loop
      vertex -2.68298 8.08536 20
      vertex -3.72046 8.36667 20
      vertex -2.9185 7.7718 20
    endloop
  endfacet
  facet normal 0 0 1
    outer loop
      vertex -2.9185 7.7718 20
      vertex -3.72046 8.36667 20
      vertex -2.98068 7.69603 20
    endloop
  endfacet
  facet normal -0 0 1
    outer loop
      vertex -4.084 7.96088 20
      vertex -2.98068 7.69603 20
      vertex -3.72046 8.36667 20
    endloop
  endfacet
  facet normal 0 0 1
    outer loop
      vertex -2.98068 7.69603 20
      vertex -4.084 7.96088 20
      vertex -3.39049 7.2386 20
    endloop
  endfacet
  facet normal 0 0 1
    outer loop
      vertex -3.39049 7.2386 20
      vertex -4.084 7.96088 20
      vertex -3.46625 7.17642 20
    endloop
  endfacet
  facet normal -0 0 1
    outer loop
      vertex -4.43787 7.69337 20
      vertex -3.46625 7.17642 20
      vertex -4.084 7.96088 20
    endloop
  endfacet
  facet normal 0 0 1
    outer loop
      vertex -3.46625 7.17642 20
      vertex -4.43787 7.69337 20
      vertex -3.9113 6.83998 20
    endloop
  endfacet
  facet normal 0 0 1
    outer loop
      vertex -3.9113 6.83998 20
      vertex -4.43787 7.69337 20
      vertex -3.99774 6.79378 20
    endloop
  endfacet
  facet normal 0 0 1
    outer loop
      vertex -4.43787 7.69337 20
      vertex -4.51164 6.57657 20
      vertex -3.99774 6.79378 20
    endloop
  endfacet
  facet normal -0 0 1
    outer loop
      vertex -4.85318 7.51785 20
      vertex -4.51164 6.57657 20
      vertex -4.43787 7.69337 20
    endloop
  endfacet
  facet normal 0 0 1
    outer loop
      vertex -4.51164 6.57657 20
      vertex -4.85318 7.51785 20
      vertex -4.60544 6.54813 20
    endloop
  endfacet
  facet normal 0 0 1
    outer loop
      vertex -4.85318 7.51785 20
      vertex -5.20647 6.42194 20
      vertex -4.60544 6.54813 20
    endloop
  endfacet
  facet normal -0 0 1
    outer loop
      vertex -5.40157 7.40273 20
      vertex -5.20647 6.42194 20
      vertex -4.85318 7.51785 20
    endloop
  endfacet
  facet normal 0 0 1
    outer loop
      vertex -5.40157 7.40273 20
      vertex -5.6599 6.36699 20
      vertex -5.20647 6.42194 20
    endloop
  endfacet
  facet normal 0 -0 1
    outer loop
      vertex -5.6599 6.36699 20
      vertex -5.40157 7.40273 20
      vertex -6.08669 7.31969 20
    endloop
  endfacet
  facet normal 0 0 1
    outer loop
      vertex -2.30269 -0.100479 20
      vertex -3.14491 -1.38899 20
      vertex -3.00035 -1.49756 20
    endloop
  endfacet
  facet normal 0 0 1
    outer loop
      vertex -3.43327 -0.403412 20
      vertex -2.30269 -0.100479 20
      vertex -3.43158 -0.399353 20
    endloop
  endfacet
  facet normal 0 0 1
    outer loop
      vertex -2.30269 -0.100479 20
      vertex -3.17372 -1.36693 20
      vertex -3.14491 -1.38899 20
    endloop
  endfacet
  facet normal 0 0 1
    outer loop
      vertex -2.30269 -0.100479 20
      vertex -3.43327 -0.403412 20
      vertex -3.17372 -1.36693 20
    endloop
  endfacet
  facet normal 0 0 1
    outer loop
      vertex -3.43327 -0.403412 20
      vertex -5.02162 -1.86206 20
      vertex -3.17372 -1.36693 20
    endloop
  endfacet
  facet normal 0 0 1
    outer loop
      vertex -5.01283 -1.86928 20
      vertex -5.09862 -3.63356 20
      vertex -5.04326 -4.0903 20
    endloop
  endfacet
  facet normal 0 0 1
    outer loop
      vertex -5.01283 -1.86928 20
      vertex -5.17169 -3.28546 20
      vertex -5.09862 -3.63356 20
    endloop
  endfacet
  facet normal 0 0 1
    outer loop
      vertex -5.01283 -1.86928 20
      vertex -5.27481 -3.0415 20
      vertex -5.17169 -3.28546 20
    endloop
  endfacet
  facet normal -0 0 1
    outer loop
      vertex -5.28012 -0.898285 20
      vertex -5.02162 -1.86206 20
      vertex -3.43327 -0.403412 20
    endloop
  endfacet
  facet normal 0 0 1
    outer loop
      vertex -6.01205 -2.36224 20
      vertex -5.02162 -1.86206 20
      vertex -5.28012 -0.898285 20
    endloop
  endfacet
  facet normal 0 0 1
    outer loop
      vertex -5.09506 0.0975342 20
      vertex -6.12033 0.260269 20
      vertex -6.08798 0 20
    endloop
  endfacet
  facet normal 0 0 1
    outer loop
      vertex -6.22078 -0.566818 20
      vertex -5.1694 -0.56044 20
      vertex -6.12033 -0.260269 20
    endloop
  endfacet
  facet normal -0 0 1
    outer loop
      vertex -6.23915 2.18829 20
      vertex -5.02162 1.86206 20
      vertex -6.01205 2.36224 20
    endloop
  endfacet
  facet normal 0 0 1
    outer loop
      vertex -5.01283 -1.86928 20
      vertex -5.43018 -2.83598 20
      vertex -5.27481 -3.0415 20
    endloop
  endfacet
  facet normal 0 0 1
    outer loop
      vertex -5.02162 1.86206 20
      vertex -6.23915 2.18829 20
      vertex -5.28012 0.898285 20
    endloop
  endfacet
  facet normal 0 0 1
    outer loop
      vertex -5.01283 -1.86928 20
      vertex -5.68358 -2.60896 20
      vertex -5.43018 -2.83598 20
    endloop
  endfacet
  facet normal 0 0 1
    outer loop
      vertex -5.02162 -1.86206 20
      vertex -6.01205 -2.36224 20
      vertex -5.68358 -2.60896 20
    endloop
  endfacet
  facet normal 0 0 1
    outer loop
      vertex -5.14096 -0.466629 20
      vertex -6.12033 -0.260269 20
      vertex -5.1694 -0.56044 20
    endloop
  endfacet
  facet normal 0 0 1
    outer loop
      vertex -5.1694 0.56044 20
      vertex -6.22078 0.566818 20
      vertex -6.12033 0.260269 20
    endloop
  endfacet
  facet normal -0 0 1
    outer loop
      vertex -6.49869 1.22479 20
      vertex -5.28012 0.898285 20
      vertex -6.23915 2.18829 20
    endloop
  endfacet
  facet normal 0 0 1
    outer loop
      vertex -5.28012 0.898285 20
      vertex -6.40121 0.990051 20
      vertex -6.22078 0.566818 20
    endloop
  endfacet
  facet normal 0 0 1
    outer loop
      vertex -5.28012 0.898285 20
      vertex -6.49869 1.22479 20
      vertex -6.40121 0.990051 20
    endloop
  endfacet
  facet normal 0 0 1
    outer loop
      vertex -8.08536 2.68298 20
      vertex -6.49869 1.22479 20
      vertex -6.23915 2.18829 20
    endloop
  endfacet
  facet normal 0 0 1
    outer loop
      vertex -6.49869 1.22479 20
      vertex -8.08536 2.68298 20
      vertex -8.34273 1.7189 20
    endloop
  endfacet
  facet normal 0 0 1
    outer loop
      vertex -2.83598 -5.43018 20
      vertex -2.14247 -4.70789 20
      vertex -2.21823 -4.64571 20
    endloop
  endfacet
  facet normal 0 0 1
    outer loop
      vertex -2.14247 -4.70789 20
      vertex -2.36224 -6.01205 20
      vertex -2.18829 -6.23915 20
    endloop
  endfacet
  facet normal 0 0 1
    outer loop
      vertex -3.0415 -5.27481 20
      vertex -2.21823 -4.64571 20
      vertex -2.51494 -4.4214 20
    endloop
  endfacet
  facet normal 0 0 1
    outer loop
      vertex -3.0415 -5.27481 20
      vertex -2.51494 -4.4214 20
      vertex -2.60138 -4.3752 20
    endloop
  endfacet
  facet normal 0 0 1
    outer loop
      vertex -2.14247 -4.70789 20
      vertex -2.60896 -5.68358 20
      vertex -2.36224 -6.01205 20
    endloop
  endfacet
  facet normal 0 0 1
    outer loop
      vertex -2.14247 -4.70789 20
      vertex -2.83598 -5.43018 20
      vertex -2.60896 -5.68358 20
    endloop
  endfacet
  facet normal 0 0 1
    outer loop
      vertex -3.0415 -5.27481 20
      vertex -2.60138 -4.3752 20
      vertex -2.94397 -4.23039 20
    endloop
  endfacet
  facet normal 0 0 1
    outer loop
      vertex -3.28546 -5.17169 20
      vertex -2.94397 -4.23039 20
      vertex -3.03777 -4.20195 20
    endloop
  endfacet
  facet normal 0 0 1
    outer loop
      vertex -2.21823 -4.64571 20
      vertex -3.0415 -5.27481 20
      vertex -2.83598 -5.43018 20
    endloop
  endfacet
  facet normal 0 0 1
    outer loop
      vertex -2.94397 -4.23039 20
      vertex -3.28546 -5.17169 20
      vertex -3.0415 -5.27481 20
    endloop
  endfacet
  facet normal 0 0 1
    outer loop
      vertex -3.41554 -4.12263 20
      vertex -3.28546 -5.17169 20
      vertex -3.03777 -4.20195 20
    endloop
  endfacet
  facet normal 0 0 1
    outer loop
      vertex -3.28546 -5.17169 20
      vertex -3.41554 -4.12263 20
      vertex -3.63356 -5.09862 20
    endloop
  endfacet
  facet normal 0 0 1
    outer loop
      vertex -1.86206 5.02162 20
      vertex -2.60896 5.68358 20
      vertex -1.86928 5.01283 20
    endloop
  endfacet
  facet normal -0 0 1
    outer loop
      vertex -2.83598 5.43018 20
      vertex -1.86928 5.01283 20
      vertex -2.60896 5.68358 20
    endloop
  endfacet
  facet normal 0 0 1
    outer loop
      vertex -1.86928 5.01283 20
      vertex -2.83598 5.43018 20
      vertex -2.14247 4.70789 20
    endloop
  endfacet
  facet normal 0 0 1
    outer loop
      vertex -2.14247 4.70789 20
      vertex -2.83598 5.43018 20
      vertex -2.21823 4.64571 20
    endloop
  endfacet
  facet normal -0 0 1
    outer loop
      vertex -3.0415 5.27481 20
      vertex -2.21823 4.64571 20
      vertex -2.83598 5.43018 20
    endloop
  endfacet
  facet normal 0 0 1
    outer loop
      vertex -2.21823 4.64571 20
      vertex -3.0415 5.27481 20
      vertex -2.51494 4.4214 20
    endloop
  endfacet
  facet normal 0 0 1
    outer loop
      vertex -2.51494 4.4214 20
      vertex -3.0415 5.27481 20
      vertex -2.60138 4.3752 20
    endloop
  endfacet
  facet normal 0 0 1
    outer loop
      vertex -2.60138 4.3752 20
      vertex -3.0415 5.27481 20
      vertex -2.94397 4.23039 20
    endloop
  endfacet
  facet normal -0 0 1
    outer loop
      vertex -3.28546 5.17169 20
      vertex -2.94397 4.23039 20
      vertex -3.0415 5.27481 20
    endloop
  endfacet
  facet normal 0 0 1
    outer loop
      vertex -2.94397 4.23039 20
      vertex -3.28546 5.17169 20
      vertex -3.03777 4.20195 20
    endloop
  endfacet
  facet normal 0 0 1
    outer loop
      vertex -3.28546 5.17169 20
      vertex -3.41554 4.12263 20
      vertex -3.03777 4.20195 20
    endloop
  endfacet
  facet normal 0 -0 1
    outer loop
      vertex -3.41554 4.12263 20
      vertex -3.28546 5.17169 20
      vertex -3.63356 5.09862 20
    endloop
  endfacet
  facet normal 0 0 1
    outer loop
      vertex -2.30232 0.0975342 20
      vertex -2.30232 -0.0975342 20
      vertex -2.29272 0 20
    endloop
  endfacet
  facet normal 0 0 1
    outer loop
      vertex -2.30269 0.100479 20
      vertex -2.30232 -0.0975342 20
      vertex -2.30232 0.0975342 20
    endloop
  endfacet
  facet normal 0 0 1
    outer loop
      vertex -2.30232 -0.0975342 20
      vertex -2.30269 0.100479 20
      vertex -2.30269 -0.100479 20
    endloop
  endfacet
  facet normal 0 0 1
    outer loop
      vertex -1.92769 0 20
      vertex -2.04395 -1.06419 20
      vertex -1.67149 -0.964401 20
    endloop
  endfacet
  facet normal -0 0 1
    outer loop
      vertex -2.30269 -0.100479 20
      vertex -2.04395 -1.06419 20
      vertex -1.92769 0 20
    endloop
  endfacet
  facet normal 0 0 1
    outer loop
      vertex -2.77051 -2.06342 20
      vertex -2.04395 -1.06419 20
      vertex -2.30269 -0.100479 20
    endloop
  endfacet
  facet normal 0 0 1
    outer loop
      vertex -1.95663 1.20502 20
      vertex -2.85622 1.64516 20
      vertex -2.04395 1.06419 20
    endloop
  endfacet
  facet normal 0 0 1
    outer loop
      vertex -2.04395 -1.06419 20
      vertex -2.77051 -2.06342 20
      vertex -2.06342 -2.77051 20
    endloop
  endfacet
  facet normal 0 0 1
    outer loop
      vertex -2.77051 -2.06342 20
      vertex -3.41554 -4.12263 20
      vertex -2.06342 -2.77051 20
    endloop
  endfacet
  facet normal 0 0 1
    outer loop
      vertex -3.41554 -4.12263 20
      vertex -4.0903 -5.04326 20
      vertex -3.63356 -5.09862 20
    endloop
  endfacet
  facet normal -0 0 1
    outer loop
      vertex -4.12263 -3.41554 20
      vertex -3.41554 -4.12263 20
      vertex -2.77051 -2.06342 20
    endloop
  endfacet
  facet normal 0 0 1
    outer loop
      vertex -4.30772 -5.01482 20
      vertex -3.41554 -4.12263 20
      vertex -4.12263 -3.41554 20
    endloop
  endfacet
  facet normal 0 0 1
    outer loop
      vertex -5.01482 -4.30772 20
      vertex -4.12263 -3.41554 20
      vertex -4.20195 -3.03777 20
    endloop
  endfacet
  facet normal 0 0 1
    outer loop
      vertex -5.01482 -4.30772 20
      vertex -4.20195 -3.03777 20
      vertex -4.23039 -2.94397 20
    endloop
  endfacet
  facet normal 0 -0 1
    outer loop
      vertex -4.30772 -5.01482 20
      vertex -4.12263 -3.41554 20
      vertex -5.01482 -4.30772 20
    endloop
  endfacet
  facet normal 0 0 1
    outer loop
      vertex -5.01482 -4.30772 20
      vertex -4.23039 -2.94397 20
      vertex -4.3752 -2.60138 20
    endloop
  endfacet
  facet normal 0 0 1
    outer loop
      vertex -5.01482 -4.30772 20
      vertex -4.3752 -2.60138 20
      vertex -4.4214 -2.51494 20
    endloop
  endfacet
  facet normal 0 0 1
    outer loop
      vertex -5.01482 -4.30772 20
      vertex -4.4214 -2.51494 20
      vertex -4.64571 -2.21823 20
    endloop
  endfacet
  facet normal 0 0 1
    outer loop
      vertex -5.01482 -4.30772 20
      vertex -4.64571 -2.21823 20
      vertex -4.70789 -2.14247 20
    endloop
  endfacet
  facet normal 0 0 1
    outer loop
      vertex -5.01482 -4.30772 20
      vertex -4.70789 -2.14247 20
      vertex -5.01283 -1.86928 20
    endloop
  endfacet
  facet normal 0 0 1
    outer loop
      vertex -3.41554 -4.12263 20
      vertex -4.30772 -5.01482 20
      vertex -4.0903 -5.04326 20
    endloop
  endfacet
  facet normal 0 0 1
    outer loop
      vertex -5.01482 -4.30772 20
      vertex -5.6599 -6.36699 20
      vertex -4.30772 -5.01482 20
    endloop
  endfacet
  facet normal -0 0 1
    outer loop
      vertex -6.36699 -5.6599 20
      vertex -5.6599 -6.36699 20
      vertex -5.01482 -4.30772 20
    endloop
  endfacet
  facet normal 0 0 1
    outer loop
      vertex -6.55176 -7.25887 20
      vertex -5.6599 -6.36699 20
      vertex -6.36699 -5.6599 20
    endloop
  endfacet
  facet normal 0 0 1
    outer loop
      vertex -7.31969 -6.08669 20
      vertex -6.42194 -5.20647 20
      vertex -6.54813 -4.60544 20
    endloop
  endfacet
  facet normal 0 0 1
    outer loop
      vertex -7.31969 -6.08669 20
      vertex -6.36699 -5.6599 20
      vertex -6.42194 -5.20647 20
    endloop
  endfacet
  facet normal 0 -0 1
    outer loop
      vertex -6.55176 -7.25887 20
      vertex -6.36699 -5.6599 20
      vertex -7.25887 -6.55176 20
    endloop
  endfacet
  facet normal 0 0 1
    outer loop
      vertex -7.31969 -6.08669 20
      vertex -6.54813 -4.60544 20
      vertex -6.57657 -4.51164 20
    endloop
  endfacet
  facet normal 0 0 1
    outer loop
      vertex -7.31969 -6.08669 20
      vertex -6.57657 -4.51164 20
      vertex -6.79378 -3.99774 20
    endloop
  endfacet
  facet normal 0 0 1
    outer loop
      vertex -7.31969 -6.08669 20
      vertex -6.79378 -3.99774 20
      vertex -6.83998 -3.9113 20
    endloop
  endfacet
  facet normal 0 0 1
    outer loop
      vertex -7.31969 -6.08669 20
      vertex -6.83998 -3.9113 20
      vertex -7.17642 -3.46625 20
    endloop
  endfacet
  facet normal 0 0 1
    outer loop
      vertex -7.96088 -4.084 20
      vertex -7.17642 -3.46625 20
      vertex -7.2386 -3.39049 20
    endloop
  endfacet
  facet normal 0 0 1
    outer loop
      vertex -5.6599 -6.36699 20
      vertex -6.55176 -7.25887 20
      vertex -6.08669 -7.31969 20
    endloop
  endfacet
  facet normal 0 0 1
    outer loop
      vertex -7.25887 -6.55176 20
      vertex -7.9059 -8.61299 20
      vertex -6.55176 -7.25887 20
    endloop
  endfacet
  facet normal -0 0 1
    outer loop
      vertex -8.61299 -7.9059 20
      vertex -7.9059 -8.61299 20
      vertex -7.25887 -6.55176 20
    endloop
  endfacet
  facet normal 0 0 1
    outer loop
      vertex -8.79581 -9.5029 20
      vertex -7.9059 -8.61299 20
      vertex -8.61299 -7.9059 20
    endloop
  endfacet
  facet normal 0 0 1
    outer loop
      vertex -7.9059 -8.61299 20
      vertex -8.79581 -9.5029 20
      vertex -8.08307 -9.59613 20
    endloop
  endfacet
  facet normal 0 0 1
    outer loop
      vertex -9.59613 -8.08307 20
      vertex -8.61299 -7.9059 20
      vertex -8.61534 -7.88797 20
    endloop
  endfacet
  facet normal 0 0 1
    outer loop
      vertex -9.59613 -8.08307 20
      vertex -8.61534 -7.88797 20
      vertex -8.72606 -6.97449 20
    endloop
  endfacet
  facet normal 0 0 1
    outer loop
      vertex -9.59613 -8.08307 20
      vertex -8.72606 -6.97449 20
      vertex -8.89429 -6.1731 20
    endloop
  endfacet
  facet normal 0 0 1
    outer loop
      vertex -9.59613 -8.08307 20
      vertex -8.89429 -6.1731 20
      vertex -8.92274 -6.0793 20
    endloop
  endfacet
  facet normal 0 0 1
    outer loop
      vertex -9.59613 -8.08307 20
      vertex -8.92274 -6.0793 20
      vertex -9.21236 -5.3941 20
    endloop
  endfacet
  facet normal 0 0 1
    outer loop
      vertex -10.112 -5.83423 20
      vertex -9.21236 -5.3941 20
      vertex -9.25856 -5.30766 20
    endloop
  endfacet
  facet normal 0 0 1
    outer loop
      vertex -8.61299 -7.9059 20
      vertex -9.5029 -8.79581 20
      vertex -8.79581 -9.5029 20
    endloop
  endfacet
  facet normal 0 0 1
    outer loop
      vertex -9.5029 -8.79581 20
      vertex -10.1499 -10.857 20
      vertex -8.79581 -9.5029 20
    endloop
  endfacet
  facet normal 0 -0 1
    outer loop
      vertex -10.1499 -10.857 20
      vertex -9.5029 -8.79581 20
      vertex -10.857 -10.1499 20
    endloop
  endfacet
  facet normal 0 0 1
    outer loop
      vertex -1.67149 0.964401 20
      vertex -1.92769 0 20
      vertex -1.67149 -0.964401 20
    endloop
  endfacet
  facet normal 0 0 1
    outer loop
      vertex -2.04395 1.06419 20
      vertex -1.92769 0 20
      vertex -1.67149 0.964401 20
    endloop
  endfacet
  facet normal 0 0 1
    outer loop
      vertex -2.04395 1.06419 20
      vertex -2.30269 0.100479 20
      vertex -1.92769 0 20
    endloop
  endfacet
  facet normal -0 0 1
    outer loop
      vertex -2.79449 1.86554 20
      vertex -1.94341 1.23631 20
      vertex -2.77051 2.06342 20
    endloop
  endfacet
  facet normal 0 0 1
    outer loop
      vertex -1.94341 1.23631 20
      vertex -2.85622 1.64516 20
      vertex -1.95663 1.20502 20
    endloop
  endfacet
  facet normal -0 0 1
    outer loop
      vertex -2.85622 1.64516 20
      vertex -1.94341 1.23631 20
      vertex -2.82552 1.7178 20
    endloop
  endfacet
  facet normal 0 0 1
    outer loop
      vertex -3.41554 4.12263 20
      vertex -2.77051 2.06342 20
      vertex -2.06342 2.77051 20
    endloop
  endfacet
  facet normal -0 0 1
    outer loop
      vertex -4.0903 5.04326 20
      vertex -3.41554 4.12263 20
      vertex -3.63356 5.09862 20
    endloop
  endfacet
  facet normal -0 0 1
    outer loop
      vertex -4.30772 5.01482 20
      vertex -3.41554 4.12263 20
      vertex -4.0903 5.04326 20
    endloop
  endfacet
  facet normal 0 0 1
    outer loop
      vertex -3.41554 4.12263 20
      vertex -4.12263 3.41554 20
      vertex -2.77051 2.06342 20
    endloop
  endfacet
  facet normal 0 0 1
    outer loop
      vertex -3.41554 4.12263 20
      vertex -4.30772 5.01482 20
      vertex -4.12263 3.41554 20
    endloop
  endfacet
  facet normal -0 0 1
    outer loop
      vertex -5.04326 4.0903 20
      vertex -4.12263 3.41554 20
      vertex -5.01482 4.30772 20
    endloop
  endfacet
  facet normal 0 0 1
    outer loop
      vertex -4.12263 3.41554 20
      vertex -4.30772 5.01482 20
      vertex -5.01482 4.30772 20
    endloop
  endfacet
  facet normal -0 0 1
    outer loop
      vertex -5.09862 3.63356 20
      vertex -4.12263 3.41554 20
      vertex -5.04326 4.0903 20
    endloop
  endfacet
  facet normal 0 0 1
    outer loop
      vertex -5.17169 3.28546 20
      vertex -4.12263 3.41554 20
      vertex -5.09862 3.63356 20
    endloop
  endfacet
  facet normal 0 0 1
    outer loop
      vertex -4.12263 3.41554 20
      vertex -5.17169 3.28546 20
      vertex -4.20195 3.03777 20
    endloop
  endfacet
  facet normal 0 0 1
    outer loop
      vertex -4.20195 3.03777 20
      vertex -5.17169 3.28546 20
      vertex -4.23039 2.94397 20
    endloop
  endfacet
  facet normal 0 0 1
    outer loop
      vertex -4.23039 2.94397 20
      vertex -5.17169 3.28546 20
      vertex -4.3752 2.60138 20
    endloop
  endfacet
  facet normal -0 0 1
    outer loop
      vertex -5.27481 3.0415 20
      vertex -4.3752 2.60138 20
      vertex -5.17169 3.28546 20
    endloop
  endfacet
  facet normal 0 0 1
    outer loop
      vertex -5.6599 6.36699 20
      vertex -5.01482 4.30772 20
      vertex -4.30772 5.01482 20
    endloop
  endfacet
  facet normal -0 0 1
    outer loop
      vertex -6.55176 7.25887 20
      vertex -5.6599 6.36699 20
      vertex -6.08669 7.31969 20
    endloop
  endfacet
  facet normal 0 0 1
    outer loop
      vertex -5.6599 6.36699 20
      vertex -6.36699 5.6599 20
      vertex -5.01482 4.30772 20
    endloop
  endfacet
  facet normal -0 0 1
    outer loop
      vertex -7.31969 6.08669 20
      vertex -6.36699 5.6599 20
      vertex -7.25887 6.55176 20
    endloop
  endfacet
  facet normal 0 0 1
    outer loop
      vertex -5.6599 6.36699 20
      vertex -6.55176 7.25887 20
      vertex -6.36699 5.6599 20
    endloop
  endfacet
  facet normal 0 0 1
    outer loop
      vertex -6.36699 5.6599 20
      vertex -6.55176 7.25887 20
      vertex -7.25887 6.55176 20
    endloop
  endfacet
  facet normal 0 0 1
    outer loop
      vertex -7.40273 5.40157 20
      vertex -6.36699 5.6599 20
      vertex -7.31969 6.08669 20
    endloop
  endfacet
  facet normal 0 0 1
    outer loop
      vertex -6.36699 5.6599 20
      vertex -7.40273 5.40157 20
      vertex -6.42194 5.20647 20
    endloop
  endfacet
  facet normal 0 0 1
    outer loop
      vertex -7.51785 4.85318 20
      vertex -6.42194 5.20647 20
      vertex -7.40273 5.40157 20
    endloop
  endfacet
  facet normal 0 0 1
    outer loop
      vertex -6.42194 5.20647 20
      vertex -7.51785 4.85318 20
      vertex -6.54813 4.60544 20
    endloop
  endfacet
  facet normal 0 0 1
    outer loop
      vertex -6.54813 4.60544 20
      vertex -7.51785 4.85318 20
      vertex -6.57657 4.51164 20
    endloop
  endfacet
  facet normal 0 0 1
    outer loop
      vertex -6.57657 4.51164 20
      vertex -7.51785 4.85318 20
      vertex -6.79378 3.99774 20
    endloop
  endfacet
  facet normal 0 0 1
    outer loop
      vertex -7.9059 8.61299 20
      vertex -7.25887 6.55176 20
      vertex -6.55176 7.25887 20
    endloop
  endfacet
  facet normal 0 0 1
    outer loop
      vertex -7.9059 8.61299 20
      vertex -8.61299 7.9059 20
      vertex -7.25887 6.55176 20
    endloop
  endfacet
  facet normal -0 0 1
    outer loop
      vertex -8.79581 9.5029 20
      vertex -7.9059 8.61299 20
      vertex -8.08307 9.59613 20
    endloop
  endfacet
  facet normal 0 0 1
    outer loop
      vertex -7.9059 8.61299 20
      vertex -8.79581 9.5029 20
      vertex -8.61299 7.9059 20
    endloop
  endfacet
  facet normal -0 0 1
    outer loop
      vertex -9.5029 8.79581 20
      vertex -8.61299 7.9059 20
      vertex -8.79581 9.5029 20
    endloop
  endfacet
  facet normal -0 0 1
    outer loop
      vertex -9.59613 8.08307 20
      vertex -8.61299 7.9059 20
      vertex -9.5029 8.79581 20
    endloop
  endfacet
  facet normal 0 0 1
    outer loop
      vertex -8.61299 7.9059 20
      vertex -9.59613 8.08307 20
      vertex -8.61534 7.88797 20
    endloop
  endfacet
  facet normal 0 0 1
    outer loop
      vertex -9.70683 7.16957 20
      vertex -8.61534 7.88797 20
      vertex -9.59613 8.08307 20
    endloop
  endfacet
  facet normal 0 0 1
    outer loop
      vertex -8.61534 7.88797 20
      vertex -9.70683 7.16957 20
      vertex -8.72606 6.97449 20
    endloop
  endfacet
  facet normal 0 0 1
    outer loop
      vertex -9.86403 6.42078 20
      vertex -8.72606 6.97449 20
      vertex -9.70683 7.16957 20
    endloop
  endfacet
  facet normal 0 0 1
    outer loop
      vertex -8.72606 6.97449 20
      vertex -9.86403 6.42078 20
      vertex -8.89429 6.1731 20
    endloop
  endfacet
  facet normal 0 0 1
    outer loop
      vertex -10.1499 10.857 20
      vertex -9.5029 8.79581 20
      vertex -8.79581 9.5029 20
    endloop
  endfacet
  facet normal 0 0 1
    outer loop
      vertex -9.5029 8.79581 20
      vertex -10.1499 10.857 20
      vertex -10.857 10.1499 20
    endloop
  endfacet
  facet normal 0 0 1
    outer loop
      vertex -1.06419 -2.04395 20
      vertex -1.38882 -3.14513 20
      vertex -1.36693 -3.17372 20
    endloop
  endfacet
  facet normal -0 0 1
    outer loop
      vertex -1.64516 2.85622 20
      vertex -1.06419 2.04395 20
      vertex -1.58792 2.89949 20
    endloop
  endfacet
  facet normal 0 0 1
    outer loop
      vertex -1.06419 2.04395 20
      vertex -1.64516 2.85622 20
      vertex -1.20502 1.95663 20
    endloop
  endfacet
  facet normal 0 0 1
    outer loop
      vertex -1.67149 -0.964401 20
      vertex -1.23631 1.94341 20
      vertex -1.67149 0.964401 20
    endloop
  endfacet
  facet normal 0 0 1
    outer loop
      vertex -1.20502 1.95663 20
      vertex -1.64516 2.85622 20
      vertex -1.23631 1.94341 20
    endloop
  endfacet
  facet normal 0 0 1
    outer loop
      vertex -1.23631 1.94341 20
      vertex -1.67149 -0.964401 20
      vertex -1.38882 -3.14513 20
    endloop
  endfacet
  facet normal -0 0 1
    outer loop
      vertex -1.7178 2.82552 20
      vertex -1.23631 1.94341 20
      vertex -1.64516 2.85622 20
    endloop
  endfacet
  facet normal 0 0 1
    outer loop
      vertex -1.38882 -3.14513 20
      vertex -1.67149 -0.964401 20
      vertex -1.49756 -3.00035 20
    endloop
  endfacet
  facet normal 0 0 1
    outer loop
      vertex -1.49756 -3.00035 20
      vertex -1.67149 -0.964401 20
      vertex -1.58792 -2.89949 20
    endloop
  endfacet
  facet normal -0 0 1
    outer loop
      vertex -1.86554 2.79449 20
      vertex -1.23631 1.94341 20
      vertex -1.7178 2.82552 20
    endloop
  endfacet
  facet normal -0 0 1
    outer loop
      vertex -2.06342 2.77051 20
      vertex -1.23631 1.94341 20
      vertex -1.86554 2.79449 20
    endloop
  endfacet
  facet normal 0 0 1
    outer loop
      vertex -1.23631 1.94341 20
      vertex -1.94341 1.23631 20
      vertex -1.67149 0.964401 20
    endloop
  endfacet
  facet normal 0 0 1
    outer loop
      vertex -1.23631 1.94341 20
      vertex -2.06342 2.77051 20
      vertex -1.94341 1.23631 20
    endloop
  endfacet
  facet normal -0 0 1
    outer loop
      vertex -2.77051 2.06342 20
      vertex -1.94341 1.23631 20
      vertex -2.06342 2.77051 20
    endloop
  endfacet
  facet normal -0 0 1
    outer loop
      vertex -2.82552 1.7178 20
      vertex -1.94341 1.23631 20
      vertex -2.79449 1.86554 20
    endloop
  endfacet
  facet normal 0 0 1
    outer loop
      vertex -1.95663 1.20502 20
      vertex -2.04395 1.06419 20
      vertex -2.00284 1.11858 20
    endloop
  endfacet
  facet normal 0 0 1
    outer loop
      vertex -1.23631 1.94341 20
      vertex -0.964401 -1.67149 20
      vertex -0.964401 1.67149 20
    endloop
  endfacet
  facet normal 0 0 1
    outer loop
      vertex -0.964401 -1.67149 20
      vertex -1.23631 1.94341 20
      vertex -1.23631 -1.94341 20
    endloop
  endfacet
  facet normal 0 0 1
    outer loop
      vertex -1.58792 -2.89949 20
      vertex -1.67149 -0.964401 20
      vertex -1.64516 -2.85622 20
    endloop
  endfacet
  facet normal -0 0 1
    outer loop
      vertex -1.94341 -1.23631 20
      vertex -1.64516 -2.85622 20
      vertex -1.67149 -0.964401 20
    endloop
  endfacet
  facet normal 0 0 1
    outer loop
      vertex -1.64516 -2.85622 20
      vertex -1.94341 -1.23631 20
      vertex -1.7178 -2.82552 20
    endloop
  endfacet
  facet normal 0 0 1
    outer loop
      vertex -1.7178 -2.82552 20
      vertex -1.94341 -1.23631 20
      vertex -1.86554 -2.79449 20
    endloop
  endfacet
  facet normal 0 0 1
    outer loop
      vertex -2.04395 -1.06419 20
      vertex -1.94341 -1.23631 20
      vertex -1.95663 -1.20502 20
    endloop
  endfacet
  facet normal 0 0 1
    outer loop
      vertex -2.04395 -1.06419 20
      vertex -1.95663 -1.20502 20
      vertex -2.00284 -1.11858 20
    endloop
  endfacet
  facet normal 0 0 1
    outer loop
      vertex -1.94341 -1.23631 20
      vertex -2.04395 -1.06419 20
      vertex -2.06342 -2.77051 20
    endloop
  endfacet
  facet normal 0 0 1
    outer loop
      vertex -1.94341 -1.23631 20
      vertex -2.06342 -2.77051 20
      vertex -1.86554 -2.79449 20
    endloop
  endfacet
  facet normal 0 0 1
    outer loop
      vertex 0 -1.92769 20
      vertex 0.964401 -1.67149 20
      vertex 0 1.92769 20
    endloop
  endfacet
  facet normal 0 0 1
    outer loop
      vertex 0.964401 -1.67149 20
      vertex 0 -1.92769 20
      vertex 0.100479 -2.30269 20
    endloop
  endfacet
  facet normal 0 0 1
    outer loop
      vertex -0.964401 1.67149 20
      vertex 0 1.92769 20
      vertex -0.100479 2.30269 20
    endloop
  endfacet
  facet normal 0 0 1
    outer loop
      vertex 0 1.92769 20
      vertex -0.964401 1.67149 20
      vertex 0 -1.92769 20
    endloop
  endfacet
  facet normal -0 0 1
    outer loop
      vertex 0 1.92769 20
      vertex 0.964401 1.67149 20
      vertex 0.100479 2.30269 20
    endloop
  endfacet
  facet normal 0 0 1
    outer loop
      vertex 0.964401 -1.67149 20
      vertex 0.403412 -3.43327 20
      vertex 0.898285 -5.28012 20
    endloop
  endfacet
  facet normal 0 0 1
    outer loop
      vertex 0.100479 2.30269 20
      vertex 0.403412 3.43327 20
      vertex 0.399353 3.43158 20
    endloop
  endfacet
  facet normal 0 0 1
    outer loop
      vertex 0.964401 1.67149 20
      vertex 0 1.92769 20
      vertex 0.964401 -1.67149 20
    endloop
  endfacet
  facet normal 0 0 1
    outer loop
      vertex 0.100479 2.30269 20
      vertex 0.399353 3.43158 20
      vertex 0.187729 3.34135 20
    endloop
  endfacet
  facet normal 0 0 1
    outer loop
      vertex 0.964401 -1.67149 20
      vertex 0.100479 -2.30269 20
      vertex 0.403412 -3.43327 20
    endloop
  endfacet
  facet normal 0 0 1
    outer loop
      vertex 0.403412 -3.43327 20
      vertex 0.100479 -2.30269 20
      vertex 0.399353 -3.43158 20
    endloop
  endfacet
  facet normal -0 0 1
    outer loop
      vertex 0.0757904 3.30467 20
      vertex 0.100479 2.30269 20
      vertex 0.187729 3.34135 20
    endloop
  endfacet
  facet normal -0 0 1
    outer loop
      vertex 0 3.29524 20
      vertex 0.100479 2.30269 20
      vertex 0.0757904 3.30467 20
    endloop
  endfacet
  facet normal 0 0 1
    outer loop
      vertex 0.100479 2.30269 20
      vertex 0 3.29524 20
      vertex 0.0975342 2.30232 20
    endloop
  endfacet
  facet normal 0 0 1
    outer loop
      vertex 0 3.29524 20
      vertex 0 2.29272 20
      vertex 0.0975342 2.30232 20
    endloop
  endfacet
  facet normal 0 0 1
    outer loop
      vertex -0.100479 2.30269 20
      vertex 0 3.29524 20
      vertex -0.0757904 3.30467 20
    endloop
  endfacet
  facet normal 0 0 1
    outer loop
      vertex 0 3.29524 20
      vertex -0.0975342 2.30232 20
      vertex 0 2.29272 20
    endloop
  endfacet
  facet normal 0 0 1
    outer loop
      vertex 0 3.29524 20
      vertex -0.100479 2.30269 20
      vertex -0.0975342 2.30232 20
    endloop
  endfacet
  facet normal 0 0 1
    outer loop
      vertex -0.399353 3.43158 20
      vertex -0.100479 2.30269 20
      vertex -0.187729 3.34135 20
    endloop
  endfacet
  facet normal 0 0 1
    outer loop
      vertex -0.187729 3.34135 20
      vertex -0.100479 2.30269 20
      vertex -0.0757904 3.30467 20
    endloop
  endfacet
  facet normal 0 0 1
    outer loop
      vertex 0.964401 -1.67149 20
      vertex 1.67149 -0.964401 20
      vertex 0.964401 1.67149 20
    endloop
  endfacet
  facet normal 0 0 1
    outer loop
      vertex 1.67149 -0.964401 20
      vertex 0.964401 -1.67149 20
      vertex 1.23631 -1.94341 20
    endloop
  endfacet
  facet normal 0 0 1
    outer loop
      vertex 0.399353 -3.43158 20
      vertex 0.100479 -2.30269 20
      vertex 0.187729 -3.34135 20
    endloop
  endfacet
  facet normal 0 0 1
    outer loop
      vertex 0 -3.29524 20
      vertex 0.100479 -2.30269 20
      vertex 0.0975342 -2.30232 20
    endloop
  endfacet
  facet normal 0 0 1
    outer loop
      vertex 0.100479 -2.30269 20
      vertex 0.0757904 -3.30467 20
      vertex 0.187729 -3.34135 20
    endloop
  endfacet
  facet normal 0 0 1
    outer loop
      vertex 0 -3.29524 20
      vertex 0.0975342 -2.30232 20
      vertex 0 -2.29272 20
    endloop
  endfacet
  facet normal 0 0 1
    outer loop
      vertex 0.100479 -2.30269 20
      vertex 0 -3.29524 20
      vertex 0.0757904 -3.30467 20
    endloop
  endfacet
  facet normal -0 0 1
    outer loop
      vertex -0.0975342 -2.30232 20
      vertex 0 -3.29524 20
      vertex 0 -2.29272 20
    endloop
  endfacet
  facet normal -0 0 1
    outer loop
      vertex -0.100479 -2.30269 20
      vertex 0 -3.29524 20
      vertex -0.0975342 -2.30232 20
    endloop
  endfacet
  facet normal 0 0 1
    outer loop
      vertex 0 -3.29524 20
      vertex -0.100479 -2.30269 20
      vertex -0.0757904 -3.30467 20
    endloop
  endfacet
  facet normal 0 0 1
    outer loop
      vertex -0.100479 -2.30269 20
      vertex -0.187729 -3.34135 20
      vertex -0.0757904 -3.30467 20
    endloop
  endfacet
  facet normal -0 0 1
    outer loop
      vertex -0.964401 -1.67149 20
      vertex 0 -1.92769 20
      vertex -0.964401 1.67149 20
    endloop
  endfacet
  facet normal 0 0 1
    outer loop
      vertex -0.403412 3.43327 20
      vertex -0.100479 2.30269 20
      vertex -0.399353 3.43158 20
    endloop
  endfacet
  facet normal 0 0 1
    outer loop
      vertex 0 -1.92769 20
      vertex -0.964401 -1.67149 20
      vertex -0.100479 -2.30269 20
    endloop
  endfacet
  facet normal 0 0 1
    outer loop
      vertex -0.100479 2.30269 20
      vertex -0.403412 3.43327 20
      vertex -1.06419 2.04395 20
    endloop
  endfacet
  facet normal -0 0 1
    outer loop
      vertex -1.06419 -2.04395 20
      vertex -0.100479 -2.30269 20
      vertex -0.964401 -1.67149 20
    endloop
  endfacet
  facet normal 0 0 1
    outer loop
      vertex -1.36693 3.17372 20
      vertex -0.403412 3.43327 20
      vertex -0.898285 5.28012 20
    endloop
  endfacet
  facet normal 0 -0 1
    outer loop
      vertex -0.403412 -3.43327 20
      vertex -0.100479 -2.30269 20
      vertex -1.06419 -2.04395 20
    endloop
  endfacet
  facet normal 0 0 1
    outer loop
      vertex 0.898285 -5.28012 20
      vertex 1.86206 -5.02162 20
      vertex 1.36693 -3.17372 20
    endloop
  endfacet
  facet normal 0 0 1
    outer loop
      vertex 1.49756 -3.00035 20
      vertex 1.06419 -2.04395 20
      vertex 1.38899 -3.14491 20
    endloop
  endfacet
  facet normal 0 0 1
    outer loop
      vertex 1.38899 -3.14491 20
      vertex 1.06419 -2.04395 20
      vertex 1.36693 -3.17372 20
    endloop
  endfacet
  facet normal 0 0 1
    outer loop
      vertex 1.86206 -5.02162 20
      vertex 1.22479 -6.49869 20
      vertex 1.7189 -8.34273 20
    endloop
  endfacet
  facet normal 0 0 1
    outer loop
      vertex 1.06419 -2.04395 20
      vertex 1.23631 -1.94341 20
      vertex 1.20502 -1.95663 20
    endloop
  endfacet
  facet normal 0 0 1
    outer loop
      vertex 1.06419 -2.04395 20
      vertex 1.20502 -1.95663 20
      vertex 1.11858 -2.00284 20
    endloop
  endfacet
  facet normal 0 0 1
    outer loop
      vertex 1.36693 -3.17372 20
      vertex 1.06419 -2.04395 20
      vertex 0.898285 -5.28012 20
    endloop
  endfacet
  facet normal 0 0 1
    outer loop
      vertex 1.86206 -5.02162 20
      vertex 0.898285 -5.28012 20
      vertex 1.22479 -6.49869 20
    endloop
  endfacet
  facet normal 0 0 1
    outer loop
      vertex 0.898285 -5.28012 20
      vertex 1.06419 -2.04395 20
      vertex 0.964401 -1.67149 20
    endloop
  endfacet
  facet normal 0 0 1
    outer loop
      vertex 1.06419 2.04395 20
      vertex 0.100479 2.30269 20
      vertex 0.964401 1.67149 20
    endloop
  endfacet
  facet normal 0 0 1
    outer loop
      vertex 1.22479 -6.49869 20
      vertex 0.898285 -5.28012 20
      vertex 0.990051 -6.40121 20
    endloop
  endfacet
  facet normal 0 0 1
    outer loop
      vertex 0.898285 -5.28012 20
      vertex 0.566818 -6.22078 20
      vertex 0.990051 -6.40121 20
    endloop
  endfacet
  facet normal 0 0 1
    outer loop
      vertex 0.56044 -5.1694 20
      vertex 0.566818 -6.22078 20
      vertex 0.898285 -5.28012 20
    endloop
  endfacet
  facet normal 0 0 1
    outer loop
      vertex 0.260269 -6.12033 20
      vertex 0.56044 -5.1694 20
      vertex 0.466629 -5.14096 20
    endloop
  endfacet
  facet normal 0 0 1
    outer loop
      vertex 0.56044 -5.1694 20
      vertex 0.260269 -6.12033 20
      vertex 0.566818 -6.22078 20
    endloop
  endfacet
  facet normal 0 0 1
    outer loop
      vertex 0.0975342 -5.09506 20
      vertex 0.260269 -6.12033 20
      vertex 0.466629 -5.14096 20
    endloop
  endfacet
  facet normal 0 0 1
    outer loop
      vertex 0 -6.08798 20
      vertex 0.0975342 -5.09506 20
      vertex 0 -5.08545 20
    endloop
  endfacet
  facet normal 0 0 1
    outer loop
      vertex 0.0975342 -5.09506 20
      vertex 0 -6.08798 20
      vertex 0.260269 -6.12033 20
    endloop
  endfacet
  facet normal -0 0 1
    outer loop
      vertex -0.0975342 -5.09506 20
      vertex 0 -6.08798 20
      vertex 0 -5.08545 20
    endloop
  endfacet
  facet normal 0 0 1
    outer loop
      vertex -0.0975342 -5.09506 20
      vertex -0.260269 -6.12033 20
      vertex 0 -6.08798 20
    endloop
  endfacet
  facet normal -0 0 1
    outer loop
      vertex -0.466629 -5.14096 20
      vertex -0.260269 -6.12033 20
      vertex -0.0975342 -5.09506 20
    endloop
  endfacet
  facet normal -0 0 1
    outer loop
      vertex -0.56044 -5.1694 20
      vertex -0.260269 -6.12033 20
      vertex -0.466629 -5.14096 20
    endloop
  endfacet
  facet normal 0 0 1
    outer loop
      vertex -0.56044 -5.1694 20
      vertex -0.566818 -6.22078 20
      vertex -0.260269 -6.12033 20
    endloop
  endfacet
  facet normal -0 0 1
    outer loop
      vertex -0.898285 -5.28012 20
      vertex -0.566818 -6.22078 20
      vertex -0.56044 -5.1694 20
    endloop
  endfacet
  facet normal 0 0 1
    outer loop
      vertex -0.100479 -2.30269 20
      vertex -0.403412 -3.43327 20
      vertex -0.399353 -3.43158 20
    endloop
  endfacet
  facet normal 0 0 1
    outer loop
      vertex -0.898285 -5.28012 20
      vertex -0.990051 -6.40121 20
      vertex -0.566818 -6.22078 20
    endloop
  endfacet
  facet normal -0 0 1
    outer loop
      vertex -1.36693 -3.17372 20
      vertex -0.403412 -3.43327 20
      vertex -1.06419 -2.04395 20
    endloop
  endfacet
  facet normal 0 0 1
    outer loop
      vertex -0.403412 -3.43327 20
      vertex -1.36693 -3.17372 20
      vertex -0.898285 -5.28012 20
    endloop
  endfacet
  facet normal 0 0 1
    outer loop
      vertex -1.20502 -1.95663 20
      vertex -1.06419 -2.04395 20
      vertex -1.11858 -2.00284 20
    endloop
  endfacet
  facet normal 0 0 1
    outer loop
      vertex -1.38882 -3.14513 20
      vertex -1.06419 -2.04395 20
      vertex -1.20502 -1.95663 20
    endloop
  endfacet
  facet normal -0 0 1
    outer loop
      vertex -1.86206 -5.02162 20
      vertex -0.898285 -5.28012 20
      vertex -1.36693 -3.17372 20
    endloop
  endfacet
  facet normal 0 0 1
    outer loop
      vertex -1.38882 -3.14513 20
      vertex -1.20502 -1.95663 20
      vertex -1.23631 -1.94341 20
    endloop
  endfacet
  facet normal 0 0 1
    outer loop
      vertex -1.23631 1.94341 20
      vertex -1.38882 -3.14513 20
      vertex -1.23631 -1.94341 20
    endloop
  endfacet
  facet normal 0 -0 1
    outer loop
      vertex -1.22479 -6.49869 20
      vertex -0.898285 -5.28012 20
      vertex -1.86206 -5.02162 20
    endloop
  endfacet
  facet normal 0 0 1
    outer loop
      vertex -0.898285 -5.28012 20
      vertex -1.22479 -6.49869 20
      vertex -0.990051 -6.40121 20
    endloop
  endfacet
  facet normal -0 0 1
    outer loop
      vertex -2.18829 -6.23915 20
      vertex -1.22479 -6.49869 20
      vertex -1.86206 -5.02162 20
    endloop
  endfacet
  facet normal 0 0 1
    outer loop
      vertex 2.18829 6.23915 20
      vertex 1.22479 6.49869 20
      vertex 1.86206 5.02162 20
    endloop
  endfacet
  facet normal 0 0 1
    outer loop
      vertex 1.67149 0.964401 20
      vertex 0.964401 1.67149 20
      vertex 1.67149 -0.964401 20
    endloop
  endfacet
  facet normal -0 0 1
    outer loop
      vertex 0.898285 5.28012 20
      vertex 1.86206 5.02162 20
      vertex 1.22479 6.49869 20
    endloop
  endfacet
  facet normal 0 0 1
    outer loop
      vertex 1.86206 5.02162 20
      vertex 0.898285 5.28012 20
      vertex 1.36693 3.17372 20
    endloop
  endfacet
  facet normal -0 0 1
    outer loop
      vertex 0.403412 3.43327 20
      vertex 1.36693 3.17372 20
      vertex 0.898285 5.28012 20
    endloop
  endfacet
  facet normal 0 0 1
    outer loop
      vertex 1.38899 3.14491 20
      vertex 1.06419 2.04395 20
      vertex 1.23631 1.94341 20
    endloop
  endfacet
  facet normal 0 0 1
    outer loop
      vertex 1.23631 1.94341 20
      vertex 1.06419 2.04395 20
      vertex 1.20502 1.95663 20
    endloop
  endfacet
  facet normal 0 0 1
    outer loop
      vertex 0.898285 5.28012 20
      vertex 1.22479 6.49869 20
      vertex 0.990051 6.40121 20
    endloop
  endfacet
  facet normal 0 0 1
    outer loop
      vertex 1.20502 1.95663 20
      vertex 1.06419 2.04395 20
      vertex 1.11858 2.00284 20
    endloop
  endfacet
  facet normal -0 0 1
    outer loop
      vertex 0.100479 2.30269 20
      vertex 1.06419 2.04395 20
      vertex 0.403412 3.43327 20
    endloop
  endfacet
  facet normal 0 0 1
    outer loop
      vertex 1.36693 3.17372 20
      vertex 0.403412 3.43327 20
      vertex 1.06419 2.04395 20
    endloop
  endfacet
  facet normal -0 0 1
    outer loop
      vertex 0.566818 6.22078 20
      vertex 0.898285 5.28012 20
      vertex 0.990051 6.40121 20
    endloop
  endfacet
  facet normal 0 0 1
    outer loop
      vertex 0.566818 6.22078 20
      vertex 0.56044 5.1694 20
      vertex 0.898285 5.28012 20
    endloop
  endfacet
  facet normal -0 0 1
    outer loop
      vertex 0.260269 6.12033 20
      vertex 0.56044 5.1694 20
      vertex 0.566818 6.22078 20
    endloop
  endfacet
  facet normal 0 0 1
    outer loop
      vertex 0.56044 5.1694 20
      vertex 0.260269 6.12033 20
      vertex 0.466629 5.14096 20
    endloop
  endfacet
  facet normal 0 0 1
    outer loop
      vertex 0.260269 6.12033 20
      vertex 0.0975342 5.09506 20
      vertex 0.466629 5.14096 20
    endloop
  endfacet
  facet normal -0 0 1
    outer loop
      vertex 0 6.08798 20
      vertex 0.0975342 5.09506 20
      vertex 0.260269 6.12033 20
    endloop
  endfacet
  facet normal 0 0 1
    outer loop
      vertex 0 6.08798 20
      vertex 0 5.08545 20
      vertex 0.0975342 5.09506 20
    endloop
  endfacet
  facet normal 0 0 1
    outer loop
      vertex 0 6.08798 20
      vertex -0.0975342 5.09506 20
      vertex 0 5.08545 20
    endloop
  endfacet
  facet normal 0 0 1
    outer loop
      vertex -0.260269 6.12033 20
      vertex -0.0975342 5.09506 20
      vertex 0 6.08798 20
    endloop
  endfacet
  facet normal 0 0 1
    outer loop
      vertex -0.260269 6.12033 20
      vertex -0.466629 5.14096 20
      vertex -0.0975342 5.09506 20
    endloop
  endfacet
  facet normal 0 0 1
    outer loop
      vertex -0.260269 6.12033 20
      vertex -0.56044 5.1694 20
      vertex -0.466629 5.14096 20
    endloop
  endfacet
  facet normal 0 0 1
    outer loop
      vertex -0.566818 6.22078 20
      vertex -0.56044 5.1694 20
      vertex -0.260269 6.12033 20
    endloop
  endfacet
  facet normal 0 0 1
    outer loop
      vertex -0.566818 6.22078 20
      vertex -0.898285 5.28012 20
      vertex -0.56044 5.1694 20
    endloop
  endfacet
  facet normal 0 0 1
    outer loop
      vertex -0.100479 -2.30269 20
      vertex -0.399353 -3.43158 20
      vertex -0.187729 -3.34135 20
    endloop
  endfacet
  facet normal 0 0 1
    outer loop
      vertex -0.990051 6.40121 20
      vertex -0.898285 5.28012 20
      vertex -0.566818 6.22078 20
    endloop
  endfacet
  facet normal 0 0 1
    outer loop
      vertex -1.22479 6.49869 20
      vertex -0.898285 5.28012 20
      vertex -0.990051 6.40121 20
    endloop
  endfacet
  facet normal 0 0 1
    outer loop
      vertex -0.100479 2.30269 20
      vertex -1.06419 2.04395 20
      vertex -0.964401 1.67149 20
    endloop
  endfacet
  facet normal 0 0 1
    outer loop
      vertex -0.403412 3.43327 20
      vertex -1.36693 3.17372 20
      vertex -1.06419 2.04395 20
    endloop
  endfacet
  facet normal -0 0 1
    outer loop
      vertex -1.38899 3.14491 20
      vertex -1.06419 2.04395 20
      vertex -1.36693 3.17372 20
    endloop
  endfacet
  facet normal 0 0 1
    outer loop
      vertex -0.898285 5.28012 20
      vertex -1.22479 6.49869 20
      vertex -1.86206 5.02162 20
    endloop
  endfacet
  facet normal 0 0 1
    outer loop
      vertex -1.06419 2.04395 20
      vertex -1.20502 1.95663 20
      vertex -1.11858 2.00284 20
    endloop
  endfacet
  facet normal -0 0 1
    outer loop
      vertex -1.58792 2.89949 20
      vertex -1.06419 2.04395 20
      vertex -1.49756 3.00035 20
    endloop
  endfacet
  facet normal -0 0 1
    outer loop
      vertex -1.49756 3.00035 20
      vertex -1.06419 2.04395 20
      vertex -1.38899 3.14491 20
    endloop
  endfacet
  facet normal 0 0 1
    outer loop
      vertex -2.18829 6.23915 20
      vertex -1.22479 6.49869 20
      vertex -1.7189 8.34273 20
    endloop
  endfacet
  facet normal 0 0 1
    outer loop
      vertex -0.898285 5.28012 20
      vertex -1.86206 5.02162 20
      vertex -1.36693 3.17372 20
    endloop
  endfacet
  facet normal 0 0 1
    outer loop
      vertex 2.85622 1.64516 20
      vertex 2.00284 1.11858 20
      vertex 2.04395 1.06419 20
    endloop
  endfacet
  facet normal 0 -0 1
    outer loop
      vertex 1.95663 1.20502 20
      vertex 2.77051 2.06342 20
      vertex 1.94341 1.23631 20
    endloop
  endfacet
  facet normal 0 0 1
    outer loop
      vertex 2.77051 2.06342 20
      vertex 1.95663 1.20502 20
      vertex 2.00284 1.11858 20
    endloop
  endfacet
  facet normal 0 0 1
    outer loop
      vertex 1.23631 1.94341 20
      vertex 2.06342 2.77051 20
      vertex 1.86554 2.79449 20
    endloop
  endfacet
  facet normal 0 0 1
    outer loop
      vertex 1.23631 1.94341 20
      vertex 1.86554 2.79449 20
      vertex 1.7178 2.82552 20
    endloop
  endfacet
  facet normal 0 0 1
    outer loop
      vertex 1.23631 1.94341 20
      vertex 1.7178 2.82552 20
      vertex 1.64516 2.85622 20
    endloop
  endfacet
  facet normal 0 0 1
    outer loop
      vertex 1.23631 1.94341 20
      vertex 1.64516 2.85622 20
      vertex 1.58792 2.89949 20
    endloop
  endfacet
  facet normal 0 0 1
    outer loop
      vertex 2.06342 2.77051 20
      vertex 1.23631 1.94341 20
      vertex 1.94341 1.23631 20
    endloop
  endfacet
  facet normal 0 0 1
    outer loop
      vertex 2.82552 -1.7178 20
      vertex 1.94341 -1.23631 20
      vertex 2.79449 -1.86554 20
    endloop
  endfacet
  facet normal 0 0 1
    outer loop
      vertex 2.79449 -1.86554 20
      vertex 1.94341 -1.23631 20
      vertex 2.77051 -2.06342 20
    endloop
  endfacet
  facet normal 0 0 1
    outer loop
      vertex 2.77051 -2.06342 20
      vertex 1.94341 -1.23631 20
      vertex 2.06342 -2.77051 20
    endloop
  endfacet
  facet normal -0 0 1
    outer loop
      vertex 1.23631 -1.94341 20
      vertex 2.06342 -2.77051 20
      vertex 1.94341 -1.23631 20
    endloop
  endfacet
  facet normal 0 0 1
    outer loop
      vertex 2.06342 -2.77051 20
      vertex 1.23631 -1.94341 20
      vertex 1.86554 -2.79449 20
    endloop
  endfacet
  facet normal 0 0 1
    outer loop
      vertex 1.23631 -1.94341 20
      vertex 1.94341 -1.23631 20
      vertex 1.67149 -0.964401 20
    endloop
  endfacet
  facet normal 0 0 1
    outer loop
      vertex 1.86554 -2.79449 20
      vertex 1.23631 -1.94341 20
      vertex 1.7178 -2.82552 20
    endloop
  endfacet
  facet normal 0 0 1
    outer loop
      vertex 1.23631 1.94341 20
      vertex 1.58792 2.89949 20
      vertex 1.49756 3.00035 20
    endloop
  endfacet
  facet normal 0 0 1
    outer loop
      vertex 1.23631 1.94341 20
      vertex 1.49756 3.00035 20
      vertex 1.38899 3.14491 20
    endloop
  endfacet
  facet normal 0 0 1
    outer loop
      vertex 1.7178 -2.82552 20
      vertex 1.23631 -1.94341 20
      vertex 1.64516 -2.85622 20
    endloop
  endfacet
  facet normal 0 0 1
    outer loop
      vertex 1.06419 2.04395 20
      vertex 1.38899 3.14491 20
      vertex 1.36693 3.17372 20
    endloop
  endfacet
  facet normal -0 0 1
    outer loop
      vertex 1.06419 -2.04395 20
      vertex 1.64516 -2.85622 20
      vertex 1.23631 -1.94341 20
    endloop
  endfacet
  facet normal 0 0 1
    outer loop
      vertex 1.94341 1.23631 20
      vertex 1.23631 1.94341 20
      vertex 1.67149 0.964401 20
    endloop
  endfacet
  facet normal 0 0 1
    outer loop
      vertex 1.64516 -2.85622 20
      vertex 1.06419 -2.04395 20
      vertex 1.58792 -2.89949 20
    endloop
  endfacet
  facet normal -0 0 1
    outer loop
      vertex 0.964401 1.67149 20
      vertex 1.67149 0.964401 20
      vertex 1.23631 1.94341 20
    endloop
  endfacet
  facet normal 0 0 1
    outer loop
      vertex 1.58792 -2.89949 20
      vertex 1.06419 -2.04395 20
      vertex 1.49756 -3.00035 20
    endloop
  endfacet
  facet normal 0 0 1
    outer loop
      vertex 2.30232 -0.0975342 20
      vertex 3.29524 0 20
      vertex 2.30232 0.0975342 20
    endloop
  endfacet
  facet normal 0 0 1
    outer loop
      vertex 3.29524 0 20
      vertex 2.30232 -0.0975342 20
      vertex 2.30269 -0.100479 20
    endloop
  endfacet
  facet normal 0 -0 1
    outer loop
      vertex 2.30232 -0.0975342 20
      vertex 2.30232 0.0975342 20
      vertex 2.29272 0 20
    endloop
  endfacet
  facet normal 0 0 1
    outer loop
      vertex 1.7189 -8.34273 20
      vertex 2.68298 -8.08536 20
      vertex 2.18829 -6.23915 20
    endloop
  endfacet
  facet normal 0 0 1
    outer loop
      vertex 2.68298 -8.08536 20
      vertex 2.04617 -9.5641 20
      vertex 2.54106 -11.4111 20
    endloop
  endfacet
  facet normal 0 0 1
    outer loop
      vertex 2.60896 -5.68358 20
      vertex 1.86206 -5.02162 20
      vertex 2.36224 -6.01205 20
    endloop
  endfacet
  facet normal 0 0 1
    outer loop
      vertex 2.36224 -6.01205 20
      vertex 1.86206 -5.02162 20
      vertex 2.18829 -6.23915 20
    endloop
  endfacet
  facet normal 0 0 1
    outer loop
      vertex 2.18829 -6.23915 20
      vertex 1.86206 -5.02162 20
      vertex 1.7189 -8.34273 20
    endloop
  endfacet
  facet normal 0 0 1
    outer loop
      vertex 2.68298 -8.08536 20
      vertex 1.7189 -8.34273 20
      vertex 2.04617 -9.5641 20
    endloop
  endfacet
  facet normal 0 0 1
    outer loop
      vertex 1.7189 -8.34273 20
      vertex 1.58075 -9.37086 20
      vertex 2.04617 -9.5641 20
    endloop
  endfacet
  facet normal 0 0 1
    outer loop
      vertex 0.945908 -9.1002 20
      vertex 1.7189 -8.34273 20
      vertex 1.32858 -8.17633 20
    endloop
  endfacet
  facet normal 0 0 1
    outer loop
      vertex 1.7189 -8.34273 20
      vertex 0.945908 -9.1002 20
      vertex 1.58075 -9.37086 20
    endloop
  endfacet
  facet normal 0 0 1
    outer loop
      vertex 0.74498 -7.98508 20
      vertex 0.945908 -9.1002 20
      vertex 1.32858 -8.17633 20
    endloop
  endfacet
  facet normal 0 0 1
    outer loop
      vertex 0.444901 -8.93604 20
      vertex 0.74498 -7.98508 20
      vertex 0.651184 -7.95663 20
    endloop
  endfacet
  facet normal 0 0 1
    outer loop
      vertex 0.74498 -7.98508 20
      vertex 0.444901 -8.93604 20
      vertex 0.945908 -9.1002 20
    endloop
  endfacet
  facet normal 0 0 1
    outer loop
      vertex 0.0975342 -7.88779 20
      vertex 0.444901 -8.93604 20
      vertex 0.651184 -7.95663 20
    endloop
  endfacet
  facet normal 0 0 1
    outer loop
      vertex 0 -8.88071 20
      vertex 0.0975342 -7.88779 20
      vertex 0 -7.87819 20
    endloop
  endfacet
  facet normal 0 0 1
    outer loop
      vertex 0.0975342 -7.88779 20
      vertex 0 -8.88071 20
      vertex 0.444901 -8.93604 20
    endloop
  endfacet
  facet normal -0 0 1
    outer loop
      vertex -0.0975342 -7.88779 20
      vertex 0 -8.88071 20
      vertex 0 -7.87819 20
    endloop
  endfacet
  facet normal 0 0 1
    outer loop
      vertex -0.0975342 -7.88779 20
      vertex -0.444901 -8.93604 20
      vertex 0 -8.88071 20
    endloop
  endfacet
  facet normal -0 0 1
    outer loop
      vertex -0.651184 -7.95663 20
      vertex -0.444901 -8.93604 20
      vertex -0.0975342 -7.88779 20
    endloop
  endfacet
  facet normal -0 0 1
    outer loop
      vertex -0.74498 -7.98508 20
      vertex -0.444901 -8.93604 20
      vertex -0.651184 -7.95663 20
    endloop
  endfacet
  facet normal 0 0 1
    outer loop
      vertex -0.74498 -7.98508 20
      vertex -0.945908 -9.1002 20
      vertex -0.444901 -8.93604 20
    endloop
  endfacet
  facet normal -0 0 1
    outer loop
      vertex -1.32858 -8.17633 20
      vertex -0.945908 -9.1002 20
      vertex -0.74498 -7.98508 20
    endloop
  endfacet
  facet normal -0 0 1
    outer loop
      vertex -1.7189 -8.34273 20
      vertex -0.945908 -9.1002 20
      vertex -1.32858 -8.17633 20
    endloop
  endfacet
  facet normal 0 0 1
    outer loop
      vertex -0.945908 -9.1002 20
      vertex -1.7189 -8.34273 20
      vertex -1.58075 -9.37086 20
    endloop
  endfacet
  facet normal 0 0 1
    outer loop
      vertex -2.18829 -6.23915 20
      vertex -1.86206 -5.02162 20
      vertex -1.86928 -5.01283 20
    endloop
  endfacet
  facet normal 0 0 1
    outer loop
      vertex -1.7189 -8.34273 20
      vertex -2.04617 -9.5641 20
      vertex -1.58075 -9.37086 20
    endloop
  endfacet
  facet normal 0 0 1
    outer loop
      vertex -1.22479 -6.49869 20
      vertex -2.18829 -6.23915 20
      vertex -1.7189 -8.34273 20
    endloop
  endfacet
  facet normal 0 0 1
    outer loop
      vertex -2.18829 -6.23915 20
      vertex -1.86928 -5.01283 20
      vertex -2.14247 -4.70789 20
    endloop
  endfacet
  facet normal -0 0 1
    outer loop
      vertex -2.68298 -8.08536 20
      vertex -1.7189 -8.34273 20
      vertex -2.18829 -6.23915 20
    endloop
  endfacet
  facet normal 0 0 1
    outer loop
      vertex -1.7189 -8.34273 20
      vertex -2.68298 -8.08536 20
      vertex -2.04617 -9.5641 20
    endloop
  endfacet
  facet normal -0 0 1
    outer loop
      vertex -3.00967 -9.30457 20
      vertex -2.04617 -9.5641 20
      vertex -2.68298 -8.08536 20
    endloop
  endfacet
  facet normal 0 0 1
    outer loop
      vertex 3.00967 9.30457 20
      vertex 2.04617 9.5641 20
      vertex 2.68298 8.08536 20
    endloop
  endfacet
  facet normal -0 0 1
    outer loop
      vertex 1.7189 8.34273 20
      vertex 2.68298 8.08536 20
      vertex 2.04617 9.5641 20
    endloop
  endfacet
  facet normal 0 0 1
    outer loop
      vertex 2.68298 8.08536 20
      vertex 1.7189 8.34273 20
      vertex 2.18829 6.23915 20
    endloop
  endfacet
  facet normal -0 0 1
    outer loop
      vertex 1.22479 6.49869 20
      vertex 2.18829 6.23915 20
      vertex 1.7189 8.34273 20
    endloop
  endfacet
  facet normal 0 0 1
    outer loop
      vertex 2.18829 6.23915 20
      vertex 1.86928 5.01283 20
      vertex 2.14247 4.70789 20
    endloop
  endfacet
  facet normal 0 0 1
    outer loop
      vertex 2.18829 6.23915 20
      vertex 1.86206 5.02162 20
      vertex 1.86928 5.01283 20
    endloop
  endfacet
  facet normal -0 0 1
    outer loop
      vertex 1.58075 9.37086 20
      vertex 1.7189 8.34273 20
      vertex 2.04617 9.5641 20
    endloop
  endfacet
  facet normal -0 0 1
    outer loop
      vertex 0.945908 9.1002 20
      vertex 1.7189 8.34273 20
      vertex 1.58075 9.37086 20
    endloop
  endfacet
  facet normal 0 0 1
    outer loop
      vertex 1.7189 8.34273 20
      vertex 0.945908 9.1002 20
      vertex 1.32858 8.17633 20
    endloop
  endfacet
  facet normal 0 0 1
    outer loop
      vertex 0.945908 9.1002 20
      vertex 0.74498 7.98508 20
      vertex 1.32858 8.17633 20
    endloop
  endfacet
  facet normal -0 0 1
    outer loop
      vertex 0.444901 8.93604 20
      vertex 0.74498 7.98508 20
      vertex 0.945908 9.1002 20
    endloop
  endfacet
  facet normal 0 0 1
    outer loop
      vertex 0.74498 7.98508 20
      vertex 0.444901 8.93604 20
      vertex 0.651184 7.95663 20
    endloop
  endfacet
  facet normal 0 0 1
    outer loop
      vertex 0.444901 8.93604 20
      vertex 0.0975342 7.88779 20
      vertex 0.651184 7.95663 20
    endloop
  endfacet
  facet normal -0 0 1
    outer loop
      vertex 0 8.88071 20
      vertex 0.0975342 7.88779 20
      vertex 0.444901 8.93604 20
    endloop
  endfacet
  facet normal 0 0 1
    outer loop
      vertex 0 8.88071 20
      vertex 0 7.87819 20
      vertex 0.0975342 7.88779 20
    endloop
  endfacet
  facet normal 0 0 1
    outer loop
      vertex 0 8.88071 20
      vertex -0.0975342 7.88779 20
      vertex 0 7.87819 20
    endloop
  endfacet
  facet normal 0 0 1
    outer loop
      vertex -0.444901 8.93604 20
      vertex -0.0975342 7.88779 20
      vertex 0 8.88071 20
    endloop
  endfacet
  facet normal 0 0 1
    outer loop
      vertex -0.444901 8.93604 20
      vertex -0.651184 7.95663 20
      vertex -0.0975342 7.88779 20
    endloop
  endfacet
  facet normal 0 0 1
    outer loop
      vertex -0.444901 8.93604 20
      vertex -0.74498 7.98508 20
      vertex -0.651184 7.95663 20
    endloop
  endfacet
  facet normal 0 0 1
    outer loop
      vertex -0.945908 9.1002 20
      vertex -0.74498 7.98508 20
      vertex -0.444901 8.93604 20
    endloop
  endfacet
  facet normal 0 0 1
    outer loop
      vertex -0.945908 9.1002 20
      vertex -1.32858 8.17633 20
      vertex -0.74498 7.98508 20
    endloop
  endfacet
  facet normal 0 0 1
    outer loop
      vertex -1.7189 8.34273 20
      vertex -0.945908 9.1002 20
      vertex -1.58075 9.37086 20
    endloop
  endfacet
  facet normal 0 0 1
    outer loop
      vertex -0.945908 9.1002 20
      vertex -1.7189 8.34273 20
      vertex -1.32858 8.17633 20
    endloop
  endfacet
  facet normal 0 0 1
    outer loop
      vertex -1.22479 6.49869 20
      vertex -2.18829 6.23915 20
      vertex -1.86206 5.02162 20
    endloop
  endfacet
  facet normal 0 0 1
    outer loop
      vertex -2.04617 9.5641 20
      vertex -1.7189 8.34273 20
      vertex -1.58075 9.37086 20
    endloop
  endfacet
  facet normal 0 0 1
    outer loop
      vertex -2.68298 8.08536 20
      vertex -1.7189 8.34273 20
      vertex -2.04617 9.5641 20
    endloop
  endfacet
  facet normal -0 0 1
    outer loop
      vertex -2.36224 6.01205 20
      vertex -1.86206 5.02162 20
      vertex -2.18829 6.23915 20
    endloop
  endfacet
  facet normal -0 0 1
    outer loop
      vertex -2.60896 5.68358 20
      vertex -1.86206 5.02162 20
      vertex -2.36224 6.01205 20
    endloop
  endfacet
  facet normal 0 0 1
    outer loop
      vertex -3.00967 9.30457 20
      vertex -2.04617 9.5641 20
      vertex -2.54106 11.4111 20
    endloop
  endfacet
  facet normal 0 0 1
    outer loop
      vertex -1.7189 8.34273 20
      vertex -2.68298 8.08536 20
      vertex -2.18829 6.23915 20
    endloop
  endfacet
  facet normal 0 0 1
    outer loop
      vertex 2.54106 -11.4111 20
      vertex 3.50514 -11.1537 20
      vertex 3.00967 -9.30457 20
    endloop
  endfacet
  facet normal 0 0 1
    outer loop
      vertex 3.72046 -8.36667 20
      vertex 2.68298 -8.08536 20
      vertex 3.33551 -8.87918 20
    endloop
  endfacet
  facet normal 0 0 1
    outer loop
      vertex 3.50514 -11.1537 20
      vertex 2.86754 -12.6295 20
      vertex 3.36247 -14.4766 20
    endloop
  endfacet
  facet normal 0 0 1
    outer loop
      vertex 3.33551 -8.87918 20
      vertex 2.68298 -8.08536 20
      vertex 3.00967 -9.30457 20
    endloop
  endfacet
  facet normal 0 0 1
    outer loop
      vertex 3.00967 -9.30457 20
      vertex 2.68298 -8.08536 20
      vertex 2.54106 -11.4111 20
    endloop
  endfacet
  facet normal 0 0 1
    outer loop
      vertex 3.50514 -11.1537 20
      vertex 2.54106 -11.4111 20
      vertex 2.86754 -12.6295 20
    endloop
  endfacet
  facet normal 0 0 1
    outer loop
      vertex 2.54106 -11.4111 20
      vertex 2.17145 -12.3405 20
      vertex 2.86754 -12.6295 20
    endloop
  endfacet
  facet normal 0 0 1
    outer loop
      vertex 1.32498 -11.9796 20
      vertex 2.54106 -11.4111 20
      vertex 1.70767 -11.0558 20
    endloop
  endfacet
  facet normal 0 0 1
    outer loop
      vertex 2.54106 -11.4111 20
      vertex 1.32498 -11.9796 20
      vertex 2.17145 -12.3405 20
    endloop
  endfacet
  facet normal 0 0 1
    outer loop
      vertex 0.929535 -10.8008 20
      vertex 1.32498 -11.9796 20
      vertex 1.70767 -11.0558 20
    endloop
  endfacet
  facet normal 0 0 1
    outer loop
      vertex 0.62944 -11.7517 20
      vertex 0.929535 -10.8008 20
      vertex 0.835739 -10.7723 20
    endloop
  endfacet
  facet normal 0 0 1
    outer loop
      vertex 0.929535 -10.8008 20
      vertex 0.62944 -11.7517 20
      vertex 1.32498 -11.9796 20
    endloop
  endfacet
  facet normal 0 0 1
    outer loop
      vertex 0.0975342 -10.6805 20
      vertex 0.62944 -11.7517 20
      vertex 0.835739 -10.7723 20
    endloop
  endfacet
  facet normal 0 0 1
    outer loop
      vertex 0 -11.6734 20
      vertex 0.0975342 -10.6805 20
      vertex 0 -10.6709 20
    endloop
  endfacet
  facet normal 0 0 1
    outer loop
      vertex 0.0975342 -10.6805 20
      vertex 0 -11.6734 20
      vertex 0.62944 -11.7517 20
    endloop
  endfacet
  facet normal -0 0 1
    outer loop
      vertex -0.0975342 -10.6805 20
      vertex 0 -11.6734 20
      vertex 0 -10.6709 20
    endloop
  endfacet
  facet normal 0 0 1
    outer loop
      vertex -0.0975342 -10.6805 20
      vertex -0.62944 -11.7517 20
      vertex 0 -11.6734 20
    endloop
  endfacet
  facet normal -0 0 1
    outer loop
      vertex -0.835739 -10.7723 20
      vertex -0.62944 -11.7517 20
      vertex -0.0975342 -10.6805 20
    endloop
  endfacet
  facet normal -0 0 1
    outer loop
      vertex -0.929535 -10.8008 20
      vertex -0.62944 -11.7517 20
      vertex -0.835739 -10.7723 20
    endloop
  endfacet
  facet normal 0 0 1
    outer loop
      vertex -0.929535 -10.8008 20
      vertex -1.32498 -11.9796 20
      vertex -0.62944 -11.7517 20
    endloop
  endfacet
  facet normal -0 0 1
    outer loop
      vertex -1.70767 -11.0558 20
      vertex -1.32498 -11.9796 20
      vertex -0.929535 -10.8008 20
    endloop
  endfacet
  facet normal -0 0 1
    outer loop
      vertex -2.54106 -11.4111 20
      vertex -1.32498 -11.9796 20
      vertex -1.70767 -11.0558 20
    endloop
  endfacet
  facet normal 0 0 1
    outer loop
      vertex -1.32498 -11.9796 20
      vertex -2.54106 -11.4111 20
      vertex -2.17145 -12.3405 20
    endloop
  endfacet
  facet normal 0 0 1
    outer loop
      vertex -2.54106 -11.4111 20
      vertex -2.86754 -12.6295 20
      vertex -2.17145 -12.3405 20
    endloop
  endfacet
  facet normal 0 0 1
    outer loop
      vertex -2.04617 -9.5641 20
      vertex -3.00967 -9.30457 20
      vertex -2.54106 -11.4111 20
    endloop
  endfacet
  facet normal 0 0 1
    outer loop
      vertex -3.33551 -8.87918 20
      vertex -2.68298 -8.08536 20
      vertex -2.9185 -7.7718 20
    endloop
  endfacet
  facet normal 0 0 1
    outer loop
      vertex -3.72046 -8.36667 20
      vertex -2.9185 -7.7718 20
      vertex -2.98068 -7.69603 20
    endloop
  endfacet
  facet normal -0 0 1
    outer loop
      vertex -3.50514 -11.1537 20
      vertex -2.54106 -11.4111 20
      vertex -3.00967 -9.30457 20
    endloop
  endfacet
  facet normal 0 0 1
    outer loop
      vertex -2.54106 -11.4111 20
      vertex -3.50514 -11.1537 20
      vertex -2.86754 -12.6295 20
    endloop
  endfacet
  facet normal -0 0 1
    outer loop
      vertex -3.83105 -12.37 20
      vertex -2.86754 -12.6295 20
      vertex -3.50514 -11.1537 20
    endloop
  endfacet
  facet normal 0 0 1
    outer loop
      vertex 3.28546 5.17169 20
      vertex 3.41554 4.12263 20
      vertex 3.63356 5.09862 20
    endloop
  endfacet
  facet normal 0 0 1
    outer loop
      vertex 2.94397 4.23039 20
      vertex 3.28546 5.17169 20
      vertex 3.0415 5.27481 20
    endloop
  endfacet
  facet normal 0 0 1
    outer loop
      vertex 3.28546 5.17169 20
      vertex 3.03777 4.20195 20
      vertex 3.41554 4.12263 20
    endloop
  endfacet
  facet normal 0 0 1
    outer loop
      vertex 3.28546 5.17169 20
      vertex 2.94397 4.23039 20
      vertex 3.03777 4.20195 20
    endloop
  endfacet
  facet normal 0 0 1
    outer loop
      vertex 2.21823 4.64571 20
      vertex 3.0415 5.27481 20
      vertex 2.83598 5.43018 20
    endloop
  endfacet
  facet normal 0 0 1
    outer loop
      vertex 2.14247 4.70789 20
      vertex 2.83598 5.43018 20
      vertex 2.60896 5.68358 20
    endloop
  endfacet
  facet normal 0 0 1
    outer loop
      vertex 3.0415 5.27481 20
      vertex 2.60138 4.3752 20
      vertex 2.94397 4.23039 20
    endloop
  endfacet
  facet normal 0 0 1
    outer loop
      vertex 3.0415 5.27481 20
      vertex 2.51494 4.4214 20
      vertex 2.60138 4.3752 20
    endloop
  endfacet
  facet normal 0 0 1
    outer loop
      vertex 2.14247 4.70789 20
      vertex 2.60896 5.68358 20
      vertex 2.36224 6.01205 20
    endloop
  endfacet
  facet normal 0 0 1
    outer loop
      vertex 3.0415 5.27481 20
      vertex 2.21823 4.64571 20
      vertex 2.51494 4.4214 20
    endloop
  endfacet
  facet normal 0 0 1
    outer loop
      vertex 2.14247 4.70789 20
      vertex 2.36224 6.01205 20
      vertex 2.18829 6.23915 20
    endloop
  endfacet
  facet normal 0 0 1
    outer loop
      vertex 2.83598 5.43018 20
      vertex 2.14247 4.70789 20
      vertex 2.21823 4.64571 20
    endloop
  endfacet
  facet normal 0 0 1
    outer loop
      vertex 3.41554 -4.12263 20
      vertex 3.28546 -5.17169 20
      vertex 3.63356 -5.09862 20
    endloop
  endfacet
  facet normal -0 0 1
    outer loop
      vertex 3.03777 -4.20195 20
      vertex 3.28546 -5.17169 20
      vertex 3.41554 -4.12263 20
    endloop
  endfacet
  facet normal -0 0 1
    outer loop
      vertex 2.94397 -4.23039 20
      vertex 3.28546 -5.17169 20
      vertex 3.03777 -4.20195 20
    endloop
  endfacet
  facet normal 0 0 1
    outer loop
      vertex 3.28546 -5.17169 20
      vertex 2.94397 -4.23039 20
      vertex 3.0415 -5.27481 20
    endloop
  endfacet
  facet normal -0 0 1
    outer loop
      vertex 2.60138 -4.3752 20
      vertex 3.0415 -5.27481 20
      vertex 2.94397 -4.23039 20
    endloop
  endfacet
  facet normal -0 0 1
    outer loop
      vertex 2.51494 -4.4214 20
      vertex 3.0415 -5.27481 20
      vertex 2.60138 -4.3752 20
    endloop
  endfacet
  facet normal -0 0 1
    outer loop
      vertex 2.21823 -4.64571 20
      vertex 3.0415 -5.27481 20
      vertex 2.51494 -4.4214 20
    endloop
  endfacet
  facet normal 0 0 1
    outer loop
      vertex 3.0415 -5.27481 20
      vertex 2.21823 -4.64571 20
      vertex 2.83598 -5.43018 20
    endloop
  endfacet
  facet normal -0 0 1
    outer loop
      vertex 2.14247 -4.70789 20
      vertex 2.83598 -5.43018 20
      vertex 2.21823 -4.64571 20
    endloop
  endfacet
  facet normal -0 0 1
    outer loop
      vertex 1.86928 -5.01283 20
      vertex 2.83598 -5.43018 20
      vertex 2.14247 -4.70789 20
    endloop
  endfacet
  facet normal 0 0 1
    outer loop
      vertex 2.83598 -5.43018 20
      vertex 1.86928 -5.01283 20
      vertex 2.60896 -5.68358 20
    endloop
  endfacet
  facet normal -0 0 1
    outer loop
      vertex 1.86206 -5.02162 20
      vertex 2.60896 -5.68358 20
      vertex 1.86928 -5.01283 20
    endloop
  endfacet
  facet normal 0 0 1
    outer loop
      vertex 3.83105 12.37 20
      vertex 2.86754 12.6295 20
      vertex 3.50514 11.1537 20
    endloop
  endfacet
  facet normal 0 0 1
    outer loop
      vertex 3.72046 8.36667 20
      vertex 2.9185 7.7718 20
      vertex 2.98068 7.69603 20
    endloop
  endfacet
  facet normal -0 0 1
    outer loop
      vertex 2.54106 11.4111 20
      vertex 3.50514 11.1537 20
      vertex 2.86754 12.6295 20
    endloop
  endfacet
  facet normal 0 0 1
    outer loop
      vertex 3.50514 11.1537 20
      vertex 2.54106 11.4111 20
      vertex 3.00967 9.30457 20
    endloop
  endfacet
  facet normal -0 0 1
    outer loop
      vertex 2.04617 9.5641 20
      vertex 3.00967 9.30457 20
      vertex 2.54106 11.4111 20
    endloop
  endfacet
  facet normal 0 0 1
    outer loop
      vertex 3.33551 8.87918 20
      vertex 2.68298 8.08536 20
      vertex 2.9185 7.7718 20
    endloop
  endfacet
  facet normal -0 0 1
    outer loop
      vertex 2.17145 12.3405 20
      vertex 2.54106 11.4111 20
      vertex 2.86754 12.6295 20
    endloop
  endfacet
  facet normal -0 0 1
    outer loop
      vertex 1.32498 11.9796 20
      vertex 2.54106 11.4111 20
      vertex 2.17145 12.3405 20
    endloop
  endfacet
  facet normal 0 0 1
    outer loop
      vertex 2.54106 11.4111 20
      vertex 1.32498 11.9796 20
      vertex 1.70767 11.0558 20
    endloop
  endfacet
  facet normal 0 0 1
    outer loop
      vertex 1.32498 11.9796 20
      vertex 0.929535 10.8008 20
      vertex 1.70767 11.0558 20
    endloop
  endfacet
  facet normal -0 0 1
    outer loop
      vertex 0.62944 11.7517 20
      vertex 0.929535 10.8008 20
      vertex 1.32498 11.9796 20
    endloop
  endfacet
  facet normal 0 0 1
    outer loop
      vertex 0.929535 10.8008 20
      vertex 0.62944 11.7517 20
      vertex 0.835739 10.7723 20
    endloop
  endfacet
  facet normal 0 0 1
    outer loop
      vertex 0.62944 11.7517 20
      vertex 0.0975342 10.6805 20
      vertex 0.835739 10.7723 20
    endloop
  endfacet
  facet normal -0 0 1
    outer loop
      vertex 0 11.6734 20
      vertex 0.0975342 10.6805 20
      vertex 0.62944 11.7517 20
    endloop
  endfacet
  facet normal 0 0 1
    outer loop
      vertex 0 11.6734 20
      vertex 0 10.6709 20
      vertex 0.0975342 10.6805 20
    endloop
  endfacet
  facet normal 0 0 1
    outer loop
      vertex 0 11.6734 20
      vertex -0.0975342 10.6805 20
      vertex 0 10.6709 20
    endloop
  endfacet
  facet normal 0 0 1
    outer loop
      vertex -0.62944 11.7517 20
      vertex -0.0975342 10.6805 20
      vertex 0 11.6734 20
    endloop
  endfacet
  facet normal 0 0 1
    outer loop
      vertex -0.62944 11.7517 20
      vertex -0.835739 10.7723 20
      vertex -0.0975342 10.6805 20
    endloop
  endfacet
  facet normal 0 0 1
    outer loop
      vertex -0.62944 11.7517 20
      vertex -0.929535 10.8008 20
      vertex -0.835739 10.7723 20
    endloop
  endfacet
  facet normal 0 0 1
    outer loop
      vertex -1.32498 11.9796 20
      vertex -0.929535 10.8008 20
      vertex -0.62944 11.7517 20
    endloop
  endfacet
  facet normal 0 0 1
    outer loop
      vertex -1.32498 11.9796 20
      vertex -1.70767 11.0558 20
      vertex -0.929535 10.8008 20
    endloop
  endfacet
  facet normal 0 0 1
    outer loop
      vertex -2.54106 11.4111 20
      vertex -1.32498 11.9796 20
      vertex -2.17145 12.3405 20
    endloop
  endfacet
  facet normal 0 0 1
    outer loop
      vertex -1.32498 11.9796 20
      vertex -2.54106 11.4111 20
      vertex -1.70767 11.0558 20
    endloop
  endfacet
  facet normal 0 0 1
    outer loop
      vertex -2.86754 12.6295 20
      vertex -2.54106 11.4111 20
      vertex -2.17145 12.3405 20
    endloop
  endfacet
  facet normal 0 0 1
    outer loop
      vertex -3.50514 11.1537 20
      vertex -2.54106 11.4111 20
      vertex -2.86754 12.6295 20
    endloop
  endfacet
  facet normal 0 0 1
    outer loop
      vertex -2.04617 9.5641 20
      vertex -3.00967 9.30457 20
      vertex -2.68298 8.08536 20
    endloop
  endfacet
  facet normal -0 0 1
    outer loop
      vertex -3.33551 8.87918 20
      vertex -2.68298 8.08536 20
      vertex -3.00967 9.30457 20
    endloop
  endfacet
  facet normal -0 0 1
    outer loop
      vertex -3.72046 8.36667 20
      vertex -2.68298 8.08536 20
      vertex -3.33551 8.87918 20
    endloop
  endfacet
  facet normal 0 0 1
    outer loop
      vertex -3.83105 12.37 20
      vertex -2.86754 12.6295 20
      vertex -3.36247 14.4766 20
    endloop
  endfacet
  facet normal 0 0 1
    outer loop
      vertex -2.54106 11.4111 20
      vertex -3.50514 11.1537 20
      vertex -3.00967 9.30457 20
    endloop
  endfacet
  facet normal 0 0 1
    outer loop
      vertex 3.36247 -14.4766 20
      vertex 4.32666 -14.2196 20
      vertex 3.83105 -12.37 20
    endloop
  endfacet
  facet normal 0 0 1
    outer loop
      vertex 4.32666 -14.2196 20
      vertex 3.68892 -15.6949 20
      vertex 3.87784 -16.4 20
    endloop
  endfacet
  facet normal 0 0 1
    outer loop
      vertex 4.65242 15.4354 20
      vertex 3.68892 15.6949 20
      vertex 4.32666 14.2196 20
    endloop
  endfacet
  facet normal -0 0 1
    outer loop
      vertex 3.36247 14.4766 20
      vertex 4.32666 14.2196 20
      vertex 3.68892 15.6949 20
    endloop
  endfacet
  facet normal 0 0 1
    outer loop
      vertex 4.12263 3.41554 20
      vertex 5.04326 4.0903 20
      vertex 5.01482 4.30772 20
    endloop
  endfacet
  facet normal 0 0 1
    outer loop
      vertex 5.04326 4.0903 20
      vertex 5.01283 1.86928 20
      vertex 5.02162 1.86206 20
    endloop
  endfacet
  facet normal 0 0 1
    outer loop
      vertex 5.09506 0.0975342 20
      vertex 6.12033 0.260269 20
      vertex 5.14096 0.466629 20
    endloop
  endfacet
  facet normal 0 0 1
    outer loop
      vertex 6.08798 0 20
      vertex 5.1694 -0.56044 20
      vertex 5.28012 -0.898285 20
    endloop
  endfacet
  facet normal 0 0 1
    outer loop
      vertex 6.12033 0.260269 20
      vertex 5.09506 0.0975342 20
      vertex 6.08798 0 20
    endloop
  endfacet
  facet normal 0 0 1
    outer loop
      vertex 5.09506 -0.0975342 20
      vertex 6.08798 0 20
      vertex 5.09506 0.0975342 20
    endloop
  endfacet
  facet normal 0 -0 1
    outer loop
      vertex 5.14096 -0.466629 20
      vertex 6.08798 0 20
      vertex 5.09506 -0.0975342 20
    endloop
  endfacet
  facet normal 0 0 1
    outer loop
      vertex 6.08798 0 20
      vertex 5.14096 -0.466629 20
      vertex 5.1694 -0.56044 20
    endloop
  endfacet
  facet normal 0 -0 1
    outer loop
      vertex 5.09506 -0.0975342 20
      vertex 5.09506 0.0975342 20
      vertex 5.08545 0 20
    endloop
  endfacet
  facet normal 0 0 1
    outer loop
      vertex 5.40157 7.40273 20
      vertex 5.6599 6.36699 20
      vertex 6.08669 7.31969 20
    endloop
  endfacet
  facet normal 0 0 1
    outer loop
      vertex 5.40157 7.40273 20
      vertex 5.20647 6.42194 20
      vertex 5.6599 6.36699 20
    endloop
  endfacet
  facet normal 0 0 1
    outer loop
      vertex 4.85318 7.51785 20
      vertex 5.20647 6.42194 20
      vertex 5.40157 7.40273 20
    endloop
  endfacet
  facet normal 0 0 1
    outer loop
      vertex 4.85318 7.51785 20
      vertex 4.60544 6.54813 20
      vertex 5.20647 6.42194 20
    endloop
  endfacet
  facet normal 0 0 1
    outer loop
      vertex 4.85318 7.51785 20
      vertex 4.51164 6.57657 20
      vertex 4.60544 6.54813 20
    endloop
  endfacet
  facet normal 0 0 1
    outer loop
      vertex 4.43787 7.69337 20
      vertex 4.51164 6.57657 20
      vertex 4.85318 7.51785 20
    endloop
  endfacet
  facet normal 0 0 1
    outer loop
      vertex 3.46625 7.17642 20
      vertex 4.43787 7.69337 20
      vertex 4.084 7.96088 20
    endloop
  endfacet
  facet normal 0 0 1
    outer loop
      vertex 4.43787 7.69337 20
      vertex 3.99774 6.79378 20
      vertex 4.51164 6.57657 20
    endloop
  endfacet
  facet normal 0 0 1
    outer loop
      vertex 4.43787 7.69337 20
      vertex 3.9113 6.83998 20
      vertex 3.99774 6.79378 20
    endloop
  endfacet
  facet normal 0 0 1
    outer loop
      vertex 2.98068 7.69603 20
      vertex 4.084 7.96088 20
      vertex 3.72046 8.36667 20
    endloop
  endfacet
  facet normal 0 0 1
    outer loop
      vertex 4.43787 7.69337 20
      vertex 3.46625 7.17642 20
      vertex 3.9113 6.83998 20
    endloop
  endfacet
  facet normal 0 0 1
    outer loop
      vertex 4.084 7.96088 20
      vertex 3.39049 7.2386 20
      vertex 3.46625 7.17642 20
    endloop
  endfacet
  facet normal 0 0 1
    outer loop
      vertex 2.9185 7.7718 20
      vertex 3.72046 8.36667 20
      vertex 3.33551 8.87918 20
    endloop
  endfacet
  facet normal 0 0 1
    outer loop
      vertex 2.68298 8.08536 20
      vertex 3.33551 8.87918 20
      vertex 3.00967 9.30457 20
    endloop
  endfacet
  facet normal 0 0 1
    outer loop
      vertex 4.084 7.96088 20
      vertex 2.98068 7.69603 20
      vertex 3.39049 7.2386 20
    endloop
  endfacet
  facet normal 0 0 1
    outer loop
      vertex 5.6599 -6.36699 20
      vertex 5.40157 -7.40273 20
      vertex 6.08669 -7.31969 20
    endloop
  endfacet
  facet normal -0 0 1
    outer loop
      vertex 5.20647 -6.42194 20
      vertex 5.40157 -7.40273 20
      vertex 5.6599 -6.36699 20
    endloop
  endfacet
  facet normal 0 0 1
    outer loop
      vertex 5.20647 -6.42194 20
      vertex 4.85318 -7.51785 20
      vertex 5.40157 -7.40273 20
    endloop
  endfacet
  facet normal -0 0 1
    outer loop
      vertex 4.60544 -6.54813 20
      vertex 4.85318 -7.51785 20
      vertex 5.20647 -6.42194 20
    endloop
  endfacet
  facet normal -0 0 1
    outer loop
      vertex 4.51164 -6.57657 20
      vertex 4.85318 -7.51785 20
      vertex 4.60544 -6.54813 20
    endloop
  endfacet
  facet normal 0 0 1
    outer loop
      vertex 4.51164 -6.57657 20
      vertex 4.43787 -7.69337 20
      vertex 4.85318 -7.51785 20
    endloop
  endfacet
  facet normal -0 0 1
    outer loop
      vertex 3.99774 -6.79378 20
      vertex 4.43787 -7.69337 20
      vertex 4.51164 -6.57657 20
    endloop
  endfacet
  facet normal -0 0 1
    outer loop
      vertex 3.9113 -6.83998 20
      vertex 4.43787 -7.69337 20
      vertex 3.99774 -6.79378 20
    endloop
  endfacet
  facet normal -0 0 1
    outer loop
      vertex 3.46625 -7.17642 20
      vertex 4.43787 -7.69337 20
      vertex 3.9113 -6.83998 20
    endloop
  endfacet
  facet normal 0 0 1
    outer loop
      vertex 4.43787 -7.69337 20
      vertex 3.46625 -7.17642 20
      vertex 4.084 -7.96088 20
    endloop
  endfacet
  facet normal -0 0 1
    outer loop
      vertex 3.39049 -7.2386 20
      vertex 4.084 -7.96088 20
      vertex 3.46625 -7.17642 20
    endloop
  endfacet
  facet normal -0 0 1
    outer loop
      vertex 2.98068 -7.69603 20
      vertex 4.084 -7.96088 20
      vertex 3.39049 -7.2386 20
    endloop
  endfacet
  facet normal 0 0 1
    outer loop
      vertex 4.084 -7.96088 20
      vertex 2.98068 -7.69603 20
      vertex 3.72046 -8.36667 20
    endloop
  endfacet
  facet normal -0 0 1
    outer loop
      vertex 2.9185 -7.7718 20
      vertex 3.72046 -8.36667 20
      vertex 2.98068 -7.69603 20
    endloop
  endfacet
  facet normal -0 0 1
    outer loop
      vertex 2.68298 -8.08536 20
      vertex 3.72046 -8.36667 20
      vertex 2.9185 -7.7718 20
    endloop
  endfacet
  facet normal 0 0 1
    outer loop
      vertex 6.01205 -2.36224 20
      vertex 5.02162 -1.86206 20
      vertex 5.68358 -2.60896 20
    endloop
  endfacet
  facet normal -0 0 1
    outer loop
      vertex 5.01283 -1.86928 20
      vertex 5.68358 -2.60896 20
      vertex 5.02162 -1.86206 20
    endloop
  endfacet
  facet normal 0 0 1
    outer loop
      vertex 5.68358 -2.60896 20
      vertex 5.01283 -1.86928 20
      vertex 5.43018 -2.83598 20
    endloop
  endfacet
  facet normal -0 0 1
    outer loop
      vertex 4.70789 -2.14247 20
      vertex 5.43018 -2.83598 20
      vertex 5.01283 -1.86928 20
    endloop
  endfacet
  facet normal -0 0 1
    outer loop
      vertex 4.64571 -2.21823 20
      vertex 5.43018 -2.83598 20
      vertex 4.70789 -2.14247 20
    endloop
  endfacet
  facet normal 0 0 1
    outer loop
      vertex 5.43018 -2.83598 20
      vertex 4.64571 -2.21823 20
      vertex 5.27481 -3.0415 20
    endloop
  endfacet
  facet normal 0 0 1
    outer loop
      vertex 3.43327 -0.403412 20
      vertex 5.02162 -1.86206 20
      vertex 5.28012 -0.898285 20
    endloop
  endfacet
  facet normal 0 0 1
    outer loop
      vertex 2.30269 -0.100479 20
      vertex 3.43158 -0.399353 20
      vertex 3.34135 -0.187729 20
    endloop
  endfacet
  facet normal 0 0 1
    outer loop
      vertex 3.43327 -0.403412 20
      vertex 3.17372 -1.36693 20
      vertex 5.02162 -1.86206 20
    endloop
  endfacet
  facet normal 0 0 1
    outer loop
      vertex 3.43158 -0.399353 20
      vertex 2.30269 -0.100479 20
      vertex 3.43327 -0.403412 20
    endloop
  endfacet
  facet normal -0 0 1
    outer loop
      vertex 2.30269 -0.100479 20
      vertex 3.34135 -0.187729 20
      vertex 3.30467 -0.0757904 20
    endloop
  endfacet
  facet normal 0 0 1
    outer loop
      vertex 2.30269 -0.100479 20
      vertex 3.30467 -0.0757904 20
      vertex 3.29524 0 20
    endloop
  endfacet
  facet normal 0 0 1
    outer loop
      vertex 3.30467 0.0757904 20
      vertex 2.30269 0.100479 20
      vertex 3.29524 0 20
    endloop
  endfacet
  facet normal 0 0 1
    outer loop
      vertex 2.04395 1.06419 20
      vertex 3.17372 1.36693 20
      vertex 3.14491 1.38899 20
    endloop
  endfacet
  facet normal -0 0 1
    outer loop
      vertex 2.30232 0.0975342 20
      vertex 3.29524 0 20
      vertex 2.30269 0.100479 20
    endloop
  endfacet
  facet normal 0 0 1
    outer loop
      vertex 2.04395 1.06419 20
      vertex 3.14491 1.38899 20
      vertex 3.00035 1.49756 20
    endloop
  endfacet
  facet normal 0 0 1
    outer loop
      vertex 3.43327 -0.403412 20
      vertex 2.30269 -0.100479 20
      vertex 3.17372 -1.36693 20
    endloop
  endfacet
  facet normal 0 0 1
    outer loop
      vertex 2.04395 1.06419 20
      vertex 3.00035 1.49756 20
      vertex 2.89949 1.58792 20
    endloop
  endfacet
  facet normal -0 0 1
    outer loop
      vertex 2.04395 -1.06419 20
      vertex 3.17372 -1.36693 20
      vertex 2.30269 -0.100479 20
    endloop
  endfacet
  facet normal 0 0 1
    outer loop
      vertex 2.04395 1.06419 20
      vertex 2.89949 1.58792 20
      vertex 2.85622 1.64516 20
    endloop
  endfacet
  facet normal 0 0 1
    outer loop
      vertex 3.17372 -1.36693 20
      vertex 2.04395 -1.06419 20
      vertex 3.14491 -1.38899 20
    endloop
  endfacet
  facet normal 0 0 1
    outer loop
      vertex 2.00284 1.11858 20
      vertex 2.85622 1.64516 20
      vertex 2.82552 1.7178 20
    endloop
  endfacet
  facet normal 0 0 1
    outer loop
      vertex 3.14491 -1.38899 20
      vertex 2.04395 -1.06419 20
      vertex 3.00035 -1.49756 20
    endloop
  endfacet
  facet normal 0 0 1
    outer loop
      vertex 2.00284 1.11858 20
      vertex 2.82552 1.7178 20
      vertex 2.79449 1.86554 20
    endloop
  endfacet
  facet normal 0 0 1
    outer loop
      vertex 3.00035 -1.49756 20
      vertex 2.04395 -1.06419 20
      vertex 2.89949 -1.58792 20
    endloop
  endfacet
  facet normal 0 0 1
    outer loop
      vertex 2.00284 1.11858 20
      vertex 2.79449 1.86554 20
      vertex 2.77051 2.06342 20
    endloop
  endfacet
  facet normal 0 0 1
    outer loop
      vertex 2.89949 -1.58792 20
      vertex 2.04395 -1.06419 20
      vertex 2.85622 -1.64516 20
    endloop
  endfacet
  facet normal -0 0 1
    outer loop
      vertex 4.4214 -2.51494 20
      vertex 5.27481 -3.0415 20
      vertex 4.64571 -2.21823 20
    endloop
  endfacet
  facet normal -0 0 1
    outer loop
      vertex 4.3752 -2.60138 20
      vertex 5.27481 -3.0415 20
      vertex 4.4214 -2.51494 20
    endloop
  endfacet
  facet normal 0 0 1
    outer loop
      vertex 8.08307 9.59613 20
      vertex 7.88797 8.61534 20
      vertex 7.9059 8.61299 20
    endloop
  endfacet
  facet normal 0 0 1
    outer loop
      vertex 7.16957 9.70683 20
      vertex 7.88797 8.61534 20
      vertex 8.08307 9.59613 20
    endloop
  endfacet
  facet normal 0 0 1
    outer loop
      vertex 7.16957 9.70683 20
      vertex 6.97449 8.72606 20
      vertex 7.88797 8.61534 20
    endloop
  endfacet
  facet normal 0 0 1
    outer loop
      vertex 6.42078 9.86403 20
      vertex 6.97449 8.72606 20
      vertex 7.16957 9.70683 20
    endloop
  endfacet
  facet normal 0 0 1
    outer loop
      vertex 6.42078 9.86403 20
      vertex 6.1731 8.89429 20
      vertex 6.97449 8.72606 20
    endloop
  endfacet
  facet normal 0 0 1
    outer loop
      vertex 6.42078 9.86403 20
      vertex 6.0793 8.92274 20
      vertex 6.1731 8.89429 20
    endloop
  endfacet
  facet normal 0 0 1
    outer loop
      vertex 5.83423 10.112 20
      vertex 6.0793 8.92274 20
      vertex 6.42078 9.86403 20
    endloop
  endfacet
  facet normal 0 0 1
    outer loop
      vertex 5.83423 10.112 20
      vertex 5.3941 9.21236 20
      vertex 6.0793 8.92274 20
    endloop
  endfacet
  facet normal 0 0 1
    outer loop
      vertex 4.71426 9.70715 20
      vertex 5.83423 10.112 20
      vertex 5.33197 10.4916 20
    endloop
  endfacet
  facet normal 0 0 1
    outer loop
      vertex 5.83423 10.112 20
      vertex 5.30766 9.25856 20
      vertex 5.3941 9.21236 20
    endloop
  endfacet
  facet normal 0 0 1
    outer loop
      vertex 4.0921 10.3792 20
      vertex 5.33197 10.4916 20
      vertex 4.8318 11.05 20
    endloop
  endfacet
  facet normal 0 0 1
    outer loop
      vertex 5.83423 10.112 20
      vertex 4.71426 9.70715 20
      vertex 5.30766 9.25856 20
    endloop
  endfacet
  facet normal 0 0 1
    outer loop
      vertex 5.33197 10.4916 20
      vertex 4.63849 9.76933 20
      vertex 4.71426 9.70715 20
    endloop
  endfacet
  facet normal 0 0 1
    outer loop
      vertex 4.02992 10.455 20
      vertex 4.8318 11.05 20
      vertex 4.30878 11.7463 20
    endloop
  endfacet
  facet normal 0 0 1
    outer loop
      vertex 5.33197 10.4916 20
      vertex 4.0921 10.3792 20
      vertex 4.63849 9.76933 20
    endloop
  endfacet
  facet normal 0 0 1
    outer loop
      vertex 4.8318 11.05 20
      vertex 4.02992 10.455 20
      vertex 4.0921 10.3792 20
    endloop
  endfacet
  facet normal 0 0 1
    outer loop
      vertex 3.50514 11.1537 20
      vertex 4.30878 11.7463 20
      vertex 3.83105 12.37 20
    endloop
  endfacet
  facet normal 0 0 1
    outer loop
      vertex 4.30878 11.7463 20
      vertex 3.50514 11.1537 20
      vertex 4.02992 10.455 20
    endloop
  endfacet
  facet normal 0 0 1
    outer loop
      vertex 4.32666 14.2196 20
      vertex 3.36247 14.4766 20
      vertex 3.83105 12.37 20
    endloop
  endfacet
  facet normal -0 0 1
    outer loop
      vertex 2.86754 12.6295 20
      vertex 3.83105 12.37 20
      vertex 3.36247 14.4766 20
    endloop
  endfacet
  facet normal -0 0 1
    outer loop
      vertex 2.76215 15.3101 20
      vertex 3.36247 14.4766 20
      vertex 3.68892 15.6949 20
    endloop
  endfacet
  facet normal 0 0 1
    outer loop
      vertex 3.36247 14.4766 20
      vertex 2.76215 15.3101 20
      vertex 3.14482 14.3863 20
    endloop
  endfacet
  facet normal -0 0 1
    outer loop
      vertex 1.70407 14.8591 20
      vertex 3.14482 14.3863 20
      vertex 2.76215 15.3101 20
    endloop
  endfacet
  facet normal 0 0 1
    outer loop
      vertex 3.14482 14.3863 20
      vertex 1.70407 14.8591 20
      vertex 2.08675 13.9352 20
    endloop
  endfacet
  facet normal 0 0 1
    outer loop
      vertex 1.70407 14.8591 20
      vertex 1.11407 13.6164 20
      vertex 2.08675 13.9352 20
    endloop
  endfacet
  facet normal -0 0 1
    outer loop
      vertex 0.813995 14.5674 20
      vertex 1.11407 13.6164 20
      vertex 1.70407 14.8591 20
    endloop
  endfacet
  facet normal 0 0 1
    outer loop
      vertex 1.11407 13.6164 20
      vertex 0.813995 14.5674 20
      vertex 1.02028 13.588 20
    endloop
  endfacet
  facet normal 0 0 1
    outer loop
      vertex 0.813995 14.5674 20
      vertex 0.0975342 13.4733 20
      vertex 1.02028 13.588 20
    endloop
  endfacet
  facet normal -0 0 1
    outer loop
      vertex 0 14.4662 20
      vertex 0.0975342 13.4733 20
      vertex 0.813995 14.5674 20
    endloop
  endfacet
  facet normal 0 0 1
    outer loop
      vertex 0 14.4662 20
      vertex 0 13.4636 20
      vertex 0.0975342 13.4733 20
    endloop
  endfacet
  facet normal 0 0 1
    outer loop
      vertex 0 14.4662 20
      vertex -0.0975342 13.4733 20
      vertex 0 13.4636 20
    endloop
  endfacet
  facet normal 0 0 1
    outer loop
      vertex -0.813995 14.5674 20
      vertex -0.0975342 13.4733 20
      vertex 0 14.4662 20
    endloop
  endfacet
  facet normal 0 0 1
    outer loop
      vertex -0.813995 14.5674 20
      vertex -1.02028 13.588 20
      vertex -0.0975342 13.4733 20
    endloop
  endfacet
  facet normal 0 0 1
    outer loop
      vertex -0.813995 14.5674 20
      vertex -1.11407 13.6164 20
      vertex -1.02028 13.588 20
    endloop
  endfacet
  facet normal 0 0 1
    outer loop
      vertex -1.70407 14.8591 20
      vertex -1.11407 13.6164 20
      vertex -0.813995 14.5674 20
    endloop
  endfacet
  facet normal 0 0 1
    outer loop
      vertex -1.70407 14.8591 20
      vertex -2.08675 13.9352 20
      vertex -1.11407 13.6164 20
    endloop
  endfacet
  facet normal 0 0 1
    outer loop
      vertex -3.14482 14.3863 20
      vertex -1.70407 14.8591 20
      vertex -2.76215 15.3101 20
    endloop
  endfacet
  facet normal 0 0 1
    outer loop
      vertex -1.70407 14.8591 20
      vertex -3.14482 14.3863 20
      vertex -2.08675 13.9352 20
    endloop
  endfacet
  facet normal 0 0 1
    outer loop
      vertex -2.76215 15.3101 20
      vertex -3.36247 14.4766 20
      vertex -3.14482 14.3863 20
    endloop
  endfacet
  facet normal 0 0 1
    outer loop
      vertex -3.68892 15.6949 20
      vertex -3.36247 14.4766 20
      vertex -2.76215 15.3101 20
    endloop
  endfacet
  facet normal 0 0 1
    outer loop
      vertex -3.83105 12.37 20
      vertex -3.36247 14.4766 20
      vertex -3.68892 15.6949 20
    endloop
  endfacet
  facet normal 0 0 1
    outer loop
      vertex -2.86754 12.6295 20
      vertex -3.83105 12.37 20
      vertex -3.50514 11.1537 20
    endloop
  endfacet
  facet normal -0 0 1
    outer loop
      vertex -4.30878 11.7463 20
      vertex -3.50514 11.1537 20
      vertex -3.83105 12.37 20
    endloop
  endfacet
  facet normal 0 0 1
    outer loop
      vertex -3.50514 11.1537 20
      vertex -4.30878 11.7463 20
      vertex -4.02992 10.455 20
    endloop
  endfacet
  facet normal -0 0 1
    outer loop
      vertex -4.8318 11.05 20
      vertex -4.02992 10.455 20
      vertex -4.30878 11.7463 20
    endloop
  endfacet
  facet normal 0 0 1
    outer loop
      vertex -4.02992 10.455 20
      vertex -4.8318 11.05 20
      vertex -4.0921 10.3792 20
    endloop
  endfacet
  facet normal -0 0 1
    outer loop
      vertex -5.33197 10.4916 20
      vertex -4.0921 10.3792 20
      vertex -4.8318 11.05 20
    endloop
  endfacet
  facet normal 0 0 1
    outer loop
      vertex -4.0921 10.3792 20
      vertex -5.33197 10.4916 20
      vertex -4.63849 9.76933 20
    endloop
  endfacet
  facet normal 0 0 1
    outer loop
      vertex -4.63849 9.76933 20
      vertex -5.33197 10.4916 20
      vertex -4.71426 9.70715 20
    endloop
  endfacet
  facet normal -0 0 1
    outer loop
      vertex -5.83423 10.112 20
      vertex -4.71426 9.70715 20
      vertex -5.33197 10.4916 20
    endloop
  endfacet
  facet normal 0 0 1
    outer loop
      vertex -4.71426 9.70715 20
      vertex -5.83423 10.112 20
      vertex -5.30766 9.25856 20
    endloop
  endfacet
  facet normal 0 0 1
    outer loop
      vertex -5.30766 9.25856 20
      vertex -5.83423 10.112 20
      vertex -5.3941 9.21236 20
    endloop
  endfacet
  facet normal 0 0 1
    outer loop
      vertex -5.83423 10.112 20
      vertex -6.0793 8.92274 20
      vertex -5.3941 9.21236 20
    endloop
  endfacet
  facet normal -0 0 1
    outer loop
      vertex -6.42078 9.86403 20
      vertex -6.0793 8.92274 20
      vertex -5.83423 10.112 20
    endloop
  endfacet
  facet normal 0 0 1
    outer loop
      vertex -6.0793 8.92274 20
      vertex -6.42078 9.86403 20
      vertex -6.1731 8.89429 20
    endloop
  endfacet
  facet normal 0 0 1
    outer loop
      vertex -6.42078 9.86403 20
      vertex -6.97449 8.72606 20
      vertex -6.1731 8.89429 20
    endloop
  endfacet
  facet normal -0 0 1
    outer loop
      vertex -7.16957 9.70683 20
      vertex -6.97449 8.72606 20
      vertex -6.42078 9.86403 20
    endloop
  endfacet
  facet normal 0 0 1
    outer loop
      vertex -7.16957 9.70683 20
      vertex -7.88797 8.61534 20
      vertex -6.97449 8.72606 20
    endloop
  endfacet
  facet normal -0 0 1
    outer loop
      vertex -8.08307 9.59613 20
      vertex -7.88797 8.61534 20
      vertex -7.16957 9.70683 20
    endloop
  endfacet
  facet normal 0 0 1
    outer loop
      vertex -7.88797 8.61534 20
      vertex -8.08307 9.59613 20
      vertex -7.9059 8.61299 20
    endloop
  endfacet
  facet normal 0 0 1
    outer loop
      vertex 6.49869 -1.22479 20
      vertex 8.08536 -2.68298 20
      vertex 8.34273 -1.7189 20
    endloop
  endfacet
  facet normal 0 0 1
    outer loop
      vertex 6.49869 -1.22479 20
      vertex 6.23915 -2.18829 20
      vertex 8.08536 -2.68298 20
    endloop
  endfacet
  facet normal 0 0 1
    outer loop
      vertex 5.28012 -0.898285 20
      vertex 6.49869 -1.22479 20
      vertex 6.40121 -0.990051 20
    endloop
  endfacet
  facet normal -0 0 1
    outer loop
      vertex 5.28012 -0.898285 20
      vertex 6.40121 -0.990051 20
      vertex 6.22078 -0.566818 20
    endloop
  endfacet
  facet normal 0 0 1
    outer loop
      vertex 5.28012 -0.898285 20
      vertex 6.22078 -0.566818 20
      vertex 6.12033 -0.260269 20
    endloop
  endfacet
  facet normal -0 0 1
    outer loop
      vertex 5.14096 0.466629 20
      vertex 6.12033 0.260269 20
      vertex 5.1694 0.56044 20
    endloop
  endfacet
  facet normal 0 0 1
    outer loop
      vertex 6.49869 -1.22479 20
      vertex 5.28012 -0.898285 20
      vertex 6.23915 -2.18829 20
    endloop
  endfacet
  facet normal 0 0 1
    outer loop
      vertex 6.22078 0.566818 20
      vertex 5.1694 0.56044 20
      vertex 6.12033 0.260269 20
    endloop
  endfacet
  facet normal 0 0 1
    outer loop
      vertex 5.02162 1.86206 20
      vertex 6.01205 2.36224 20
      vertex 5.68358 2.60896 20
    endloop
  endfacet
  facet normal 0 0 1
    outer loop
      vertex 6.08798 0 20
      vertex 5.28012 -0.898285 20
      vertex 6.12033 -0.260269 20
    endloop
  endfacet
  facet normal 0 0 1
    outer loop
      vertex 5.02162 1.86206 20
      vertex 5.68358 2.60896 20
      vertex 5.43018 2.83598 20
    endloop
  endfacet
  facet normal -0 0 1
    outer loop
      vertex 5.02162 -1.86206 20
      vertex 6.23915 -2.18829 20
      vertex 5.28012 -0.898285 20
    endloop
  endfacet
  facet normal 0 0 1
    outer loop
      vertex 6.23915 -2.18829 20
      vertex 5.02162 -1.86206 20
      vertex 6.01205 -2.36224 20
    endloop
  endfacet
  facet normal 0 0 1
    outer loop
      vertex 5.02162 1.86206 20
      vertex 5.43018 2.83598 20
      vertex 5.27481 3.0415 20
    endloop
  endfacet
  facet normal 0 0 1
    outer loop
      vertex 5.02162 1.86206 20
      vertex 5.27481 3.0415 20
      vertex 5.17169 3.28546 20
    endloop
  endfacet
  facet normal 0 0 1
    outer loop
      vertex 5.02162 1.86206 20
      vertex 5.17169 3.28546 20
      vertex 5.09862 3.63356 20
    endloop
  endfacet
  facet normal 0 0 1
    outer loop
      vertex 5.02162 1.86206 20
      vertex 5.09862 3.63356 20
      vertex 5.04326 4.0903 20
    endloop
  endfacet
  facet normal 0 0 1
    outer loop
      vertex 6.01205 2.36224 20
      vertex 5.02162 1.86206 20
      vertex 5.28012 0.898285 20
    endloop
  endfacet
  facet normal 0 0 1
    outer loop
      vertex 5.02162 1.86206 20
      vertex 3.43327 0.403412 20
      vertex 5.28012 0.898285 20
    endloop
  endfacet
  facet normal 0 0 1
    outer loop
      vertex 2.30269 0.100479 20
      vertex 3.43327 0.403412 20
      vertex 3.17372 1.36693 20
    endloop
  endfacet
  facet normal 0 0 1
    outer loop
      vertex 3.34135 0.187729 20
      vertex 2.30269 0.100479 20
      vertex 3.30467 0.0757904 20
    endloop
  endfacet
  facet normal 0 0 1
    outer loop
      vertex 3.43158 0.399353 20
      vertex 2.30269 0.100479 20
      vertex 3.34135 0.187729 20
    endloop
  endfacet
  facet normal 0 0 1
    outer loop
      vertex 3.43327 0.403412 20
      vertex 2.30269 0.100479 20
      vertex 3.43158 0.399353 20
    endloop
  endfacet
  facet normal -0 0 1
    outer loop
      vertex 3.17372 1.36693 20
      vertex 3.43327 0.403412 20
      vertex 5.02162 1.86206 20
    endloop
  endfacet
  facet normal -0 0 1
    outer loop
      vertex 7.95663 0.651184 20
      vertex 8.93604 0.444901 20
      vertex 7.98508 0.74498 20
    endloop
  endfacet
  facet normal 0 0 1
    outer loop
      vertex 8.88071 0 20
      vertex 8.17633 -1.32858 20
      vertex 8.34273 -1.7189 20
    endloop
  endfacet
  facet normal 0 0 1
    outer loop
      vertex 7.88779 0.0975342 20
      vertex 8.93604 0.444901 20
      vertex 7.95663 0.651184 20
    endloop
  endfacet
  facet normal 0 0 1
    outer loop
      vertex 8.88071 0 20
      vertex 7.98508 -0.74498 20
      vertex 8.17633 -1.32858 20
    endloop
  endfacet
  facet normal 0 0 1
    outer loop
      vertex 8.93604 0.444901 20
      vertex 7.88779 0.0975342 20
      vertex 8.88071 0 20
    endloop
  endfacet
  facet normal 0 0 1
    outer loop
      vertex 7.88779 -0.0975342 20
      vertex 8.88071 0 20
      vertex 7.88779 0.0975342 20
    endloop
  endfacet
  facet normal 0 -0 1
    outer loop
      vertex 7.95663 -0.651184 20
      vertex 8.88071 0 20
      vertex 7.88779 -0.0975342 20
    endloop
  endfacet
  facet normal 0 0 1
    outer loop
      vertex 8.88071 0 20
      vertex 7.95663 -0.651184 20
      vertex 7.98508 -0.74498 20
    endloop
  endfacet
  facet normal 0 -0 1
    outer loop
      vertex 7.88779 -0.0975342 20
      vertex 7.88779 0.0975342 20
      vertex 7.87819 0 20
    endloop
  endfacet
  facet normal 0 0 1
    outer loop
      vertex 9.30457 -3.00967 20
      vertex 8.08536 -2.68298 20
      vertex 8.87918 -3.33551 20
    endloop
  endfacet
  facet normal 0 0 1
    outer loop
      vertex 8.87918 -3.33551 20
      vertex 8.08536 -2.68298 20
      vertex 8.36667 -3.72046 20
    endloop
  endfacet
  facet normal -0 0 1
    outer loop
      vertex 7.7718 -2.9185 20
      vertex 8.36667 -3.72046 20
      vertex 8.08536 -2.68298 20
    endloop
  endfacet
  facet normal -0 0 1
    outer loop
      vertex 7.69603 -2.98068 20
      vertex 8.36667 -3.72046 20
      vertex 7.7718 -2.9185 20
    endloop
  endfacet
  facet normal 0 0 1
    outer loop
      vertex 8.36667 -3.72046 20
      vertex 7.69603 -2.98068 20
      vertex 7.96088 -4.084 20
    endloop
  endfacet
  facet normal -0 0 1
    outer loop
      vertex 7.2386 -3.39049 20
      vertex 7.96088 -4.084 20
      vertex 7.69603 -2.98068 20
    endloop
  endfacet
  facet normal -0 0 1
    outer loop
      vertex 7.17642 -3.46625 20
      vertex 7.96088 -4.084 20
      vertex 7.2386 -3.39049 20
    endloop
  endfacet
  facet normal 0 0 1
    outer loop
      vertex 7.96088 -4.084 20
      vertex 7.17642 -3.46625 20
      vertex 7.69337 -4.43787 20
    endloop
  endfacet
  facet normal -0 0 1
    outer loop
      vertex 6.83998 -3.9113 20
      vertex 7.69337 -4.43787 20
      vertex 7.17642 -3.46625 20
    endloop
  endfacet
  facet normal -0 0 1
    outer loop
      vertex 6.79378 -3.99774 20
      vertex 7.69337 -4.43787 20
      vertex 6.83998 -3.9113 20
    endloop
  endfacet
  facet normal 0 0 1
    outer loop
      vertex 7.69337 -4.43787 20
      vertex 6.79378 -3.99774 20
      vertex 7.51785 -4.85318 20
    endloop
  endfacet
  facet normal 0 0 1
    outer loop
      vertex 8.08536 2.68298 20
      vertex 6.49869 1.22479 20
      vertex 8.34273 1.7189 20
    endloop
  endfacet
  facet normal -0 0 1
    outer loop
      vertex 6.23915 2.18829 20
      vertex 6.49869 1.22479 20
      vertex 8.08536 2.68298 20
    endloop
  endfacet
  facet normal 0 0 1
    outer loop
      vertex 5.28012 0.898285 20
      vertex 6.49869 1.22479 20
      vertex 6.23915 2.18829 20
    endloop
  endfacet
  facet normal 0 0 1
    outer loop
      vertex 5.28012 0.898285 20
      vertex 6.23915 2.18829 20
      vertex 6.01205 2.36224 20
    endloop
  endfacet
  facet normal 0 0 1
    outer loop
      vertex 6.49869 1.22479 20
      vertex 5.28012 0.898285 20
      vertex 6.40121 0.990051 20
    endloop
  endfacet
  facet normal 0 0 1
    outer loop
      vertex 6.40121 0.990051 20
      vertex 5.28012 0.898285 20
      vertex 6.22078 0.566818 20
    endloop
  endfacet
  facet normal 0 0 1
    outer loop
      vertex 5.1694 0.56044 20
      vertex 6.22078 0.566818 20
      vertex 5.28012 0.898285 20
    endloop
  endfacet
  facet normal -0 0 1
    outer loop
      vertex 7.88797 -8.61534 20
      vertex 8.08307 -9.59613 20
      vertex 7.9059 -8.61299 20
    endloop
  endfacet
  facet normal 0 0 1
    outer loop
      vertex 7.88797 -8.61534 20
      vertex 7.16957 -9.70683 20
      vertex 8.08307 -9.59613 20
    endloop
  endfacet
  facet normal -0 0 1
    outer loop
      vertex 6.97449 -8.72606 20
      vertex 7.16957 -9.70683 20
      vertex 7.88797 -8.61534 20
    endloop
  endfacet
  facet normal 0 0 1
    outer loop
      vertex 6.97449 -8.72606 20
      vertex 6.42078 -9.86403 20
      vertex 7.16957 -9.70683 20
    endloop
  endfacet
  facet normal -0 0 1
    outer loop
      vertex 6.1731 -8.89429 20
      vertex 6.42078 -9.86403 20
      vertex 6.97449 -8.72606 20
    endloop
  endfacet
  facet normal -0 0 1
    outer loop
      vertex 6.0793 -8.92274 20
      vertex 6.42078 -9.86403 20
      vertex 6.1731 -8.89429 20
    endloop
  endfacet
  facet normal 0 0 1
    outer loop
      vertex 6.0793 -8.92274 20
      vertex 5.83423 -10.112 20
      vertex 6.42078 -9.86403 20
    endloop
  endfacet
  facet normal -0 0 1
    outer loop
      vertex 5.3941 -9.21236 20
      vertex 5.83423 -10.112 20
      vertex 6.0793 -8.92274 20
    endloop
  endfacet
  facet normal -0 0 1
    outer loop
      vertex 5.30766 -9.25856 20
      vertex 5.83423 -10.112 20
      vertex 5.3941 -9.21236 20
    endloop
  endfacet
  facet normal -0 0 1
    outer loop
      vertex 4.71426 -9.70715 20
      vertex 5.83423 -10.112 20
      vertex 5.30766 -9.25856 20
    endloop
  endfacet
  facet normal 0 0 1
    outer loop
      vertex 5.83423 -10.112 20
      vertex 4.71426 -9.70715 20
      vertex 5.33197 -10.4916 20
    endloop
  endfacet
  facet normal -0 0 1
    outer loop
      vertex 4.63849 -9.76933 20
      vertex 5.33197 -10.4916 20
      vertex 4.71426 -9.70715 20
    endloop
  endfacet
  facet normal -0 0 1
    outer loop
      vertex 4.0921 -10.3792 20
      vertex 5.33197 -10.4916 20
      vertex 4.63849 -9.76933 20
    endloop
  endfacet
  facet normal 0 0 1
    outer loop
      vertex 5.33197 -10.4916 20
      vertex 4.0921 -10.3792 20
      vertex 4.8318 -11.05 20
    endloop
  endfacet
  facet normal -0 0 1
    outer loop
      vertex 4.02992 -10.455 20
      vertex 4.8318 -11.05 20
      vertex 4.0921 -10.3792 20
    endloop
  endfacet
  facet normal 0 0 1
    outer loop
      vertex 4.8318 -11.05 20
      vertex 4.02992 -10.455 20
      vertex 4.30878 -11.7463 20
    endloop
  endfacet
  facet normal -0 0 1
    outer loop
      vertex 3.50514 -11.1537 20
      vertex 4.30878 -11.7463 20
      vertex 4.02992 -10.455 20
    endloop
  endfacet
  facet normal 0 0 1
    outer loop
      vertex 4.30878 -11.7463 20
      vertex 3.50514 -11.1537 20
      vertex 3.83105 -12.37 20
    endloop
  endfacet
  facet normal 0 0 1
    outer loop
      vertex 3.36247 -14.4766 20
      vertex 3.83105 -12.37 20
      vertex 3.50514 -11.1537 20
    endloop
  endfacet
  facet normal 0 0 1
    outer loop
      vertex 4.32666 -14.2196 20
      vertex 3.36247 -14.4766 20
      vertex 3.68892 -15.6949 20
    endloop
  endfacet
  facet normal 0 0 1
    outer loop
      vertex 2.76215 -15.3101 20
      vertex 3.36247 -14.4766 20
      vertex 3.14482 -14.3863 20
    endloop
  endfacet
  facet normal 0 0 1
    outer loop
      vertex 3.36247 -14.4766 20
      vertex 2.76215 -15.3101 20
      vertex 3.68892 -15.6949 20
    endloop
  endfacet
  facet normal 0 0 1
    outer loop
      vertex 1.70407 -14.8591 20
      vertex 3.14482 -14.3863 20
      vertex 2.08675 -13.9352 20
    endloop
  endfacet
  facet normal 0 0 1
    outer loop
      vertex 3.14482 -14.3863 20
      vertex 1.70407 -14.8591 20
      vertex 2.76215 -15.3101 20
    endloop
  endfacet
  facet normal 0 0 1
    outer loop
      vertex 1.11407 -13.6164 20
      vertex 1.70407 -14.8591 20
      vertex 2.08675 -13.9352 20
    endloop
  endfacet
  facet normal 0 0 1
    outer loop
      vertex 0.813995 -14.5674 20
      vertex 1.11407 -13.6164 20
      vertex 1.02028 -13.588 20
    endloop
  endfacet
  facet normal 0 0 1
    outer loop
      vertex 1.11407 -13.6164 20
      vertex 0.813995 -14.5674 20
      vertex 1.70407 -14.8591 20
    endloop
  endfacet
  facet normal 0 0 1
    outer loop
      vertex 0.0975342 -13.4733 20
      vertex 0.813995 -14.5674 20
      vertex 1.02028 -13.588 20
    endloop
  endfacet
  facet normal 0 0 1
    outer loop
      vertex 0 -14.4662 20
      vertex 0.0975342 -13.4733 20
      vertex 0 -13.4636 20
    endloop
  endfacet
  facet normal 0 0 1
    outer loop
      vertex 0.0975342 -13.4733 20
      vertex 0 -14.4662 20
      vertex 0.813995 -14.5674 20
    endloop
  endfacet
  facet normal -0 0 1
    outer loop
      vertex -0.0975342 -13.4733 20
      vertex 0 -14.4662 20
      vertex 0 -13.4636 20
    endloop
  endfacet
  facet normal 0 0 1
    outer loop
      vertex -0.0975342 -13.4733 20
      vertex -0.813995 -14.5674 20
      vertex 0 -14.4662 20
    endloop
  endfacet
  facet normal -0 0 1
    outer loop
      vertex -1.02028 -13.588 20
      vertex -0.813995 -14.5674 20
      vertex -0.0975342 -13.4733 20
    endloop
  endfacet
  facet normal -0 0 1
    outer loop
      vertex -1.11407 -13.6164 20
      vertex -0.813995 -14.5674 20
      vertex -1.02028 -13.588 20
    endloop
  endfacet
  facet normal 0 0 1
    outer loop
      vertex -1.11407 -13.6164 20
      vertex -1.70407 -14.8591 20
      vertex -0.813995 -14.5674 20
    endloop
  endfacet
  facet normal -0 0 1
    outer loop
      vertex -2.08675 -13.9352 20
      vertex -1.70407 -14.8591 20
      vertex -1.11407 -13.6164 20
    endloop
  endfacet
  facet normal -0 0 1
    outer loop
      vertex -3.14482 -14.3863 20
      vertex -1.70407 -14.8591 20
      vertex -2.08675 -13.9352 20
    endloop
  endfacet
  facet normal 0 0 1
    outer loop
      vertex -1.70407 -14.8591 20
      vertex -3.14482 -14.3863 20
      vertex -2.76215 -15.3101 20
    endloop
  endfacet
  facet normal -0 0 1
    outer loop
      vertex -3.36247 -14.4766 20
      vertex -2.76215 -15.3101 20
      vertex -3.14482 -14.3863 20
    endloop
  endfacet
  facet normal 0 0 1
    outer loop
      vertex -3.36247 -14.4766 20
      vertex -3.68892 -15.6949 20
      vertex -2.76215 -15.3101 20
    endloop
  endfacet
  facet normal 0 0 1
    outer loop
      vertex -2.86754 -12.6295 20
      vertex -3.83105 -12.37 20
      vertex -3.36247 -14.4766 20
    endloop
  endfacet
  facet normal -0 0 1
    outer loop
      vertex -4.32666 -14.2196 20
      vertex -3.36247 -14.4766 20
      vertex -3.83105 -12.37 20
    endloop
  endfacet
  facet normal 0 0 1
    outer loop
      vertex -4.30878 -11.7463 20
      vertex -3.50514 -11.1537 20
      vertex -4.02992 -10.455 20
    endloop
  endfacet
  facet normal 0 0 1
    outer loop
      vertex -4.8318 -11.05 20
      vertex -4.02992 -10.455 20
      vertex -4.0921 -10.3792 20
    endloop
  endfacet
  facet normal 0 0 1
    outer loop
      vertex -3.50514 -11.1537 20
      vertex -4.30878 -11.7463 20
      vertex -3.83105 -12.37 20
    endloop
  endfacet
  facet normal 0 0 1
    outer loop
      vertex -5.33197 -10.4916 20
      vertex -4.0921 -10.3792 20
      vertex -4.63849 -9.76933 20
    endloop
  endfacet
  facet normal 0 0 1
    outer loop
      vertex -5.33197 -10.4916 20
      vertex -4.63849 -9.76933 20
      vertex -4.71426 -9.70715 20
    endloop
  endfacet
  facet normal 0 0 1
    outer loop
      vertex -4.02992 -10.455 20
      vertex -4.8318 -11.05 20
      vertex -4.30878 -11.7463 20
    endloop
  endfacet
  facet normal 0 0 1
    outer loop
      vertex -5.83423 -10.112 20
      vertex -4.71426 -9.70715 20
      vertex -5.30766 -9.25856 20
    endloop
  endfacet
  facet normal 0 0 1
    outer loop
      vertex -4.0921 -10.3792 20
      vertex -5.33197 -10.4916 20
      vertex -4.8318 -11.05 20
    endloop
  endfacet
  facet normal 0 0 1
    outer loop
      vertex -5.83423 -10.112 20
      vertex -5.30766 -9.25856 20
      vertex -5.3941 -9.21236 20
    endloop
  endfacet
  facet normal 0 0 1
    outer loop
      vertex -4.71426 -9.70715 20
      vertex -5.83423 -10.112 20
      vertex -5.33197 -10.4916 20
    endloop
  endfacet
  facet normal 0 0 1
    outer loop
      vertex -6.0793 -8.92274 20
      vertex -5.83423 -10.112 20
      vertex -5.3941 -9.21236 20
    endloop
  endfacet
  facet normal 0 0 1
    outer loop
      vertex -6.42078 -9.86403 20
      vertex -6.0793 -8.92274 20
      vertex -6.1731 -8.89429 20
    endloop
  endfacet
  facet normal 0 0 1
    outer loop
      vertex -6.0793 -8.92274 20
      vertex -6.42078 -9.86403 20
      vertex -5.83423 -10.112 20
    endloop
  endfacet
  facet normal 0 0 1
    outer loop
      vertex -6.97449 -8.72606 20
      vertex -6.42078 -9.86403 20
      vertex -6.1731 -8.89429 20
    endloop
  endfacet
  facet normal 0 0 1
    outer loop
      vertex -6.97449 -8.72606 20
      vertex -7.16957 -9.70683 20
      vertex -6.42078 -9.86403 20
    endloop
  endfacet
  facet normal 0 0 1
    outer loop
      vertex -7.88797 -8.61534 20
      vertex -7.16957 -9.70683 20
      vertex -6.97449 -8.72606 20
    endloop
  endfacet
  facet normal 0 0 1
    outer loop
      vertex -8.08307 -9.59613 20
      vertex -7.88797 -8.61534 20
      vertex -7.9059 -8.61299 20
    endloop
  endfacet
  facet normal 0 0 1
    outer loop
      vertex -7.88797 -8.61534 20
      vertex -8.08307 -9.59613 20
      vertex -7.16957 -9.70683 20
    endloop
  endfacet
  facet normal 0 0 1
    outer loop
      vertex 9.5029 -8.79581 20
      vertex 10.1499 -10.857 20
      vertex 10.857 -10.1499 20
    endloop
  endfacet
  facet normal 0 0 1
    outer loop
      vertex 8.72606 -6.97449 20
      vertex 9.86403 -6.42078 20
      vertex 8.89429 -6.1731 20
    endloop
  endfacet
  facet normal 0 0 1
    outer loop
      vertex 9.86403 -6.42078 20
      vertex 8.72606 -6.97449 20
      vertex 9.70683 -7.16957 20
    endloop
  endfacet
  facet normal 0 0 1
    outer loop
      vertex 8.61534 -7.88797 20
      vertex 9.70683 -7.16957 20
      vertex 8.72606 -6.97449 20
    endloop
  endfacet
  facet normal 0 0 1
    outer loop
      vertex 9.5029 -8.79581 20
      vertex 8.79581 -9.5029 20
      vertex 10.1499 -10.857 20
    endloop
  endfacet
  facet normal 0 0 1
    outer loop
      vertex 9.70683 -7.16957 20
      vertex 8.61534 -7.88797 20
      vertex 9.59613 -8.08307 20
    endloop
  endfacet
  facet normal -0 0 1
    outer loop
      vertex 8.61299 -7.9059 20
      vertex 9.59613 -8.08307 20
      vertex 8.61534 -7.88797 20
    endloop
  endfacet
  facet normal 0 0 1
    outer loop
      vertex 9.59613 -8.08307 20
      vertex 8.61299 -7.9059 20
      vertex 9.5029 -8.79581 20
    endloop
  endfacet
  facet normal 0 0 1
    outer loop
      vertex 9.5029 -8.79581 20
      vertex 8.61299 -7.9059 20
      vertex 8.79581 -9.5029 20
    endloop
  endfacet
  facet normal -0 0 1
    outer loop
      vertex 7.9059 -8.61299 20
      vertex 8.79581 -9.5029 20
      vertex 8.61299 -7.9059 20
    endloop
  endfacet
  facet normal 0 0 1
    outer loop
      vertex 8.79581 -9.5029 20
      vertex 7.9059 -8.61299 20
      vertex 8.08307 -9.59613 20
    endloop
  endfacet
  facet normal 0 0 1
    outer loop
      vertex 7.25887 -6.55176 20
      vertex 7.9059 -8.61299 20
      vertex 8.61299 -7.9059 20
    endloop
  endfacet
  facet normal -0 0 1
    outer loop
      vertex 6.57657 -4.51164 20
      vertex 7.51785 -4.85318 20
      vertex 6.79378 -3.99774 20
    endloop
  endfacet
  facet normal -0 0 1
    outer loop
      vertex 6.54813 -4.60544 20
      vertex 7.51785 -4.85318 20
      vertex 6.57657 -4.51164 20
    endloop
  endfacet
  facet normal 0 0 1
    outer loop
      vertex 6.42194 -5.20647 20
      vertex 7.51785 -4.85318 20
      vertex 6.54813 -4.60544 20
    endloop
  endfacet
  facet normal 0 0 1
    outer loop
      vertex 7.51785 -4.85318 20
      vertex 6.42194 -5.20647 20
      vertex 7.40273 -5.40157 20
    endloop
  endfacet
  facet normal 0 0 1
    outer loop
      vertex 6.36699 -5.6599 20
      vertex 7.40273 -5.40157 20
      vertex 6.42194 -5.20647 20
    endloop
  endfacet
  facet normal 0 0 1
    outer loop
      vertex 7.31969 -6.08669 20
      vertex 6.36699 -5.6599 20
      vertex 7.25887 -6.55176 20
    endloop
  endfacet
  facet normal 0 0 1
    outer loop
      vertex 7.40273 -5.40157 20
      vertex 6.36699 -5.6599 20
      vertex 7.31969 -6.08669 20
    endloop
  endfacet
  facet normal 0 -0 1
    outer loop
      vertex 6.55176 -7.25887 20
      vertex 7.25887 -6.55176 20
      vertex 6.36699 -5.6599 20
    endloop
  endfacet
  facet normal 0 0 1
    outer loop
      vertex 7.25887 -6.55176 20
      vertex 6.55176 -7.25887 20
      vertex 7.9059 -8.61299 20
    endloop
  endfacet
  facet normal -0 0 1
    outer loop
      vertex 5.6599 -6.36699 20
      vertex 6.55176 -7.25887 20
      vertex 6.36699 -5.6599 20
    endloop
  endfacet
  facet normal 0 0 1
    outer loop
      vertex 6.55176 -7.25887 20
      vertex 5.6599 -6.36699 20
      vertex 6.08669 -7.31969 20
    endloop
  endfacet
  facet normal 0 0 1
    outer loop
      vertex 5.01482 -4.30772 20
      vertex 5.6599 -6.36699 20
      vertex 6.36699 -5.6599 20
    endloop
  endfacet
  facet normal 0 0 1
    outer loop
      vertex 5.27481 -3.0415 20
      vertex 4.3752 -2.60138 20
      vertex 5.17169 -3.28546 20
    endloop
  endfacet
  facet normal -0 0 1
    outer loop
      vertex 4.23039 -2.94397 20
      vertex 5.17169 -3.28546 20
      vertex 4.3752 -2.60138 20
    endloop
  endfacet
  facet normal -0 0 1
    outer loop
      vertex 4.20195 -3.03777 20
      vertex 5.17169 -3.28546 20
      vertex 4.23039 -2.94397 20
    endloop
  endfacet
  facet normal 0 0 1
    outer loop
      vertex 4.12263 -3.41554 20
      vertex 5.17169 -3.28546 20
      vertex 4.20195 -3.03777 20
    endloop
  endfacet
  facet normal 0 0 1
    outer loop
      vertex 5.17169 -3.28546 20
      vertex 4.12263 -3.41554 20
      vertex 5.09862 -3.63356 20
    endloop
  endfacet
  facet normal 0 -0 1
    outer loop
      vertex 4.30772 -5.01482 20
      vertex 5.01482 -4.30772 20
      vertex 4.12263 -3.41554 20
    endloop
  endfacet
  facet normal 0 0 1
    outer loop
      vertex 5.09862 -3.63356 20
      vertex 4.12263 -3.41554 20
      vertex 5.04326 -4.0903 20
    endloop
  endfacet
  facet normal 0 0 1
    outer loop
      vertex 5.04326 -4.0903 20
      vertex 4.12263 -3.41554 20
      vertex 5.01482 -4.30772 20
    endloop
  endfacet
  facet normal 0 0 1
    outer loop
      vertex 5.01482 -4.30772 20
      vertex 4.30772 -5.01482 20
      vertex 5.6599 -6.36699 20
    endloop
  endfacet
  facet normal -0 0 1
    outer loop
      vertex 3.41554 -4.12263 20
      vertex 4.30772 -5.01482 20
      vertex 4.12263 -3.41554 20
    endloop
  endfacet
  facet normal 0 0 1
    outer loop
      vertex 4.30772 -5.01482 20
      vertex 3.41554 -4.12263 20
      vertex 4.0903 -5.04326 20
    endloop
  endfacet
  facet normal 0 0 1
    outer loop
      vertex 4.0903 -5.04326 20
      vertex 3.41554 -4.12263 20
      vertex 3.63356 -5.09862 20
    endloop
  endfacet
  facet normal 0 0 1
    outer loop
      vertex 2.77051 -2.06342 20
      vertex 3.41554 -4.12263 20
      vertex 4.12263 -3.41554 20
    endloop
  endfacet
  facet normal -0 0 1
    outer loop
      vertex 1.95663 -1.20502 20
      vertex 2.85622 -1.64516 20
      vertex 2.00284 -1.11858 20
    endloop
  endfacet
  facet normal 0 0 1
    outer loop
      vertex 2.77051 -2.06342 20
      vertex 2.06342 -2.77051 20
      vertex 3.41554 -4.12263 20
    endloop
  endfacet
  facet normal -0 0 1
    outer loop
      vertex 1.94341 -1.23631 20
      vertex 2.85622 -1.64516 20
      vertex 1.95663 -1.20502 20
    endloop
  endfacet
  facet normal 0 0 1
    outer loop
      vertex 2.85622 -1.64516 20
      vertex 1.94341 -1.23631 20
      vertex 2.82552 -1.7178 20
    endloop
  endfacet
  facet normal 0 0 1
    outer loop
      vertex 1.92769 0 20
      vertex 2.04395 -1.06419 20
      vertex 2.30269 -0.100479 20
    endloop
  endfacet
  facet normal 0 0 1
    outer loop
      vertex 1.67149 -0.964401 20
      vertex 1.92769 0 20
      vertex 1.67149 0.964401 20
    endloop
  endfacet
  facet normal 0 0 1
    outer loop
      vertex 1.92769 0 20
      vertex 1.67149 -0.964401 20
      vertex 2.04395 -1.06419 20
    endloop
  endfacet
  facet normal 0 0 1
    outer loop
      vertex 9.5641 -2.04617 20
      vertex 11.1537 -3.50514 20
      vertex 11.4111 -2.54106 20
    endloop
  endfacet
  facet normal 0 0 1
    outer loop
      vertex 9.5641 -2.04617 20
      vertex 9.30457 -3.00967 20
      vertex 11.1537 -3.50514 20
    endloop
  endfacet
  facet normal -0 0 1
    outer loop
      vertex 8.34273 -1.7189 20
      vertex 9.5641 -2.04617 20
      vertex 9.37086 -1.58075 20
    endloop
  endfacet
  facet normal 0 0 1
    outer loop
      vertex 8.34273 -1.7189 20
      vertex 9.37086 -1.58075 20
      vertex 9.1002 -0.945908 20
    endloop
  endfacet
  facet normal 0 0 1
    outer loop
      vertex 8.34273 -1.7189 20
      vertex 9.1002 -0.945908 20
      vertex 8.93604 -0.444901 20
    endloop
  endfacet
  facet normal 0 0 1
    outer loop
      vertex 9.5641 -2.04617 20
      vertex 8.34273 -1.7189 20
      vertex 9.30457 -3.00967 20
    endloop
  endfacet
  facet normal 0 0 1
    outer loop
      vertex 8.34273 -1.7189 20
      vertex 8.93604 -0.444901 20
      vertex 8.88071 0 20
    endloop
  endfacet
  facet normal 0 0 1
    outer loop
      vertex 7.98508 0.74498 20
      vertex 9.1002 0.945908 20
      vertex 8.17633 1.32858 20
    endloop
  endfacet
  facet normal 0 0 1
    outer loop
      vertex 8.08536 2.68298 20
      vertex 8.87918 3.33551 20
      vertex 8.36667 3.72046 20
    endloop
  endfacet
  facet normal 0 0 1
    outer loop
      vertex 9.1002 0.945908 20
      vertex 7.98508 0.74498 20
      vertex 8.93604 0.444901 20
    endloop
  endfacet
  facet normal -0 0 1
    outer loop
      vertex 8.08536 -2.68298 20
      vertex 9.30457 -3.00967 20
      vertex 8.34273 -1.7189 20
    endloop
  endfacet
  facet normal 0 0 1
    outer loop
      vertex 8.87918 3.33551 20
      vertex 8.08536 2.68298 20
      vertex 8.34273 1.7189 20
    endloop
  endfacet
  facet normal 0 0 1
    outer loop
      vertex 7.69603 2.98068 20
      vertex 8.36667 3.72046 20
      vertex 7.96088 4.084 20
    endloop
  endfacet
  facet normal 0 0 1
    outer loop
      vertex 8.36667 3.72046 20
      vertex 7.7718 2.9185 20
      vertex 8.08536 2.68298 20
    endloop
  endfacet
  facet normal 0 0 1
    outer loop
      vertex 8.36667 3.72046 20
      vertex 7.69603 2.98068 20
      vertex 7.7718 2.9185 20
    endloop
  endfacet
  facet normal 0 0 1
    outer loop
      vertex 7.17642 3.46625 20
      vertex 7.96088 4.084 20
      vertex 7.69337 4.43787 20
    endloop
  endfacet
  facet normal 0 0 1
    outer loop
      vertex 6.79378 3.99774 20
      vertex 7.69337 4.43787 20
      vertex 7.51785 4.85318 20
    endloop
  endfacet
  facet normal -0 0 1
    outer loop
      vertex 6.42194 5.20647 20
      vertex 7.51785 4.85318 20
      vertex 7.40273 5.40157 20
    endloop
  endfacet
  facet normal -0 0 1
    outer loop
      vertex 6.36699 5.6599 20
      vertex 7.40273 5.40157 20
      vertex 7.31969 6.08669 20
    endloop
  endfacet
  facet normal 0 0 1
    outer loop
      vertex 6.36699 5.6599 20
      vertex 7.31969 6.08669 20
      vertex 7.25887 6.55176 20
    endloop
  endfacet
  facet normal 0 0 1
    outer loop
      vertex 7.96088 4.084 20
      vertex 7.2386 3.39049 20
      vertex 7.69603 2.98068 20
    endloop
  endfacet
  facet normal -0 0 1
    outer loop
      vertex 10.7723 0.835739 20
      vertex 11.7517 0.62944 20
      vertex 10.8008 0.929535 20
    endloop
  endfacet
  facet normal 0 0 1
    outer loop
      vertex 11.6734 0 20
      vertex 11.0558 -1.70767 20
      vertex 11.4111 -2.54106 20
    endloop
  endfacet
  facet normal 0 0 1
    outer loop
      vertex 10.6805 0.0975342 20
      vertex 11.7517 0.62944 20
      vertex 10.7723 0.835739 20
    endloop
  endfacet
  facet normal 0 0 1
    outer loop
      vertex 11.6734 0 20
      vertex 10.8008 -0.929535 20
      vertex 11.0558 -1.70767 20
    endloop
  endfacet
  facet normal 0 0 1
    outer loop
      vertex 11.7517 0.62944 20
      vertex 10.6805 0.0975342 20
      vertex 11.6734 0 20
    endloop
  endfacet
  facet normal 0 0 1
    outer loop
      vertex 10.6805 -0.0975342 20
      vertex 11.6734 0 20
      vertex 10.6805 0.0975342 20
    endloop
  endfacet
  facet normal 0 -0 1
    outer loop
      vertex 10.7723 -0.835739 20
      vertex 11.6734 0 20
      vertex 10.6805 -0.0975342 20
    endloop
  endfacet
  facet normal 0 0 1
    outer loop
      vertex 11.6734 0 20
      vertex 10.7723 -0.835739 20
      vertex 10.8008 -0.929535 20
    endloop
  endfacet
  facet normal 0 -0 1
    outer loop
      vertex 10.6805 -0.0975342 20
      vertex 10.6805 0.0975342 20
      vertex 10.6709 0 20
    endloop
  endfacet
  facet normal 0 0 1
    outer loop
      vertex 10.8918 -9.88435 20
      vertex 12.011 -8.93758 20
      vertex 11.0302 -8.74249 20
    endloop
  endfacet
  facet normal 0 0 1
    outer loop
      vertex 12.011 -8.93758 20
      vertex 10.8918 -9.88435 20
      vertex 11.8726 -10.0794 20
    endloop
  endfacet
  facet normal 0 0 1
    outer loop
      vertex 10.857 -10.1499 20
      vertex 11.8726 -10.0794 20
      vertex 10.8918 -9.88435 20
    endloop
  endfacet
  facet normal 0 0 1
    outer loop
      vertex 11.8726 -10.0794 20
      vertex 10.857 -10.1499 20
      vertex 11.7469 -11.0398 20
    endloop
  endfacet
  facet normal 0 -0 1
    outer loop
      vertex 11.0398 -11.7469 20
      vertex 11.7469 -11.0398 20
      vertex 10.857 -10.1499 20
    endloop
  endfacet
  facet normal 0 0 1
    outer loop
      vertex 11.7469 -11.0398 20
      vertex 11.0398 -11.7469 20
      vertex 11.5573 -12.2645 20
    endloop
  endfacet
  facet normal -0 0 1
    outer loop
      vertex 10.1499 -10.857 20
      vertex 11.0398 -11.7469 20
      vertex 10.857 -10.1499 20
    endloop
  endfacet
  facet normal 0 0 1
    outer loop
      vertex 10.1499 -10.857 20
      vertex 10.0794 -11.8726 20
      vertex 11.0398 -11.7469 20
    endloop
  endfacet
  facet normal -0 0 1
    outer loop
      vertex 9.88435 -10.8918 20
      vertex 10.0794 -11.8726 20
      vertex 10.1499 -10.857 20
    endloop
  endfacet
  facet normal 0 0 1
    outer loop
      vertex 9.88435 -10.8918 20
      vertex 8.93758 -12.011 20
      vertex 10.0794 -11.8726 20
    endloop
  endfacet
  facet normal -0 0 1
    outer loop
      vertex 8.74249 -11.0302 20
      vertex 8.93758 -12.011 20
      vertex 9.88435 -10.8918 20
    endloop
  endfacet
  facet normal 0 0 1
    outer loop
      vertex 8.74249 -11.0302 20
      vertex 7.98843 -12.2102 20
      vertex 8.93758 -12.011 20
    endloop
  endfacet
  facet normal -0 0 1
    outer loop
      vertex 7.74077 -11.2405 20
      vertex 7.98843 -12.2102 20
      vertex 8.74249 -11.0302 20
    endloop
  endfacet
  facet normal -0 0 1
    outer loop
      vertex 7.64697 -11.2689 20
      vertex 7.98843 -12.2102 20
      vertex 7.74077 -11.2405 20
    endloop
  endfacet
  facet normal 0 0 1
    outer loop
      vertex 7.64697 -11.2689 20
      vertex 7.23059 -12.5305 20
      vertex 7.98843 -12.2102 20
    endloop
  endfacet
  facet normal -0 0 1
    outer loop
      vertex 6.79048 -11.6309 20
      vertex 7.23059 -12.5305 20
      vertex 7.64697 -11.2689 20
    endloop
  endfacet
  facet normal -0 0 1
    outer loop
      vertex 6.70403 -11.6771 20
      vertex 7.23059 -12.5305 20
      vertex 6.79048 -11.6309 20
    endloop
  endfacet
  facet normal -0 0 1
    outer loop
      vertex 5.96228 -12.2379 20
      vertex 7.23059 -12.5305 20
      vertex 6.70403 -11.6771 20
    endloop
  endfacet
  facet normal 0 0 1
    outer loop
      vertex 7.23059 -12.5305 20
      vertex 5.96228 -12.2379 20
      vertex 6.57999 -13.0224 20
    endloop
  endfacet
  facet normal -0 0 1
    outer loop
      vertex 5.88651 -12.3 20
      vertex 6.57999 -13.0224 20
      vertex 5.96228 -12.2379 20
    endloop
  endfacet
  facet normal 0 0 1
    outer loop
      vertex 5.20352 -13.0624 20
      vertex 6.57999 -13.0224 20
      vertex 5.88651 -12.3 20
    endloop
  endfacet
  facet normal 0 0 1
    outer loop
      vertex 6.57999 -13.0224 20
      vertex 5.20352 -13.0624 20
      vertex 5.94321 -13.7332 20
    endloop
  endfacet
  facet normal -0 0 1
    outer loop
      vertex 5.14134 -13.1382 20
      vertex 5.94321 -13.7332 20
      vertex 5.20352 -13.0624 20
    endloop
  endfacet
  facet normal 0 0 1
    outer loop
      vertex 5.94321 -13.7332 20
      vertex 5.14134 -13.1382 20
      vertex 5.28203 -14.6134 20
    endloop
  endfacet
  facet normal -0 0 1
    outer loop
      vertex 4.45056 -14.0579 20
      vertex 5.28203 -14.6134 20
      vertex 5.14134 -13.1382 20
    endloop
  endfacet
  facet normal -0 0 1
    outer loop
      vertex 4.32666 -14.2196 20
      vertex 5.28203 -14.6134 20
      vertex 4.45056 -14.0579 20
    endloop
  endfacet
  facet normal 0 0 1
    outer loop
      vertex 12.2102 7.98843 20
      vertex 11.2689 7.64697 20
      vertex 11.6309 6.79048 20
    endloop
  endfacet
  facet normal 0 0 1
    outer loop
      vertex 11.7469 11.0398 20
      vertex 11.2405 7.74077 20
      vertex 11.2689 7.64697 20
    endloop
  endfacet
  facet normal 0 0 1
    outer loop
      vertex 11.7469 11.0398 20
      vertex 11.0398 11.7469 20
      vertex 10.857 10.1499 20
    endloop
  endfacet
  facet normal 0 0 1
    outer loop
      vertex 11.7469 11.0398 20
      vertex 11.0302 8.74249 20
      vertex 11.2405 7.74077 20
    endloop
  endfacet
  facet normal 0 0 1
    outer loop
      vertex 11.7469 11.0398 20
      vertex 10.8918 9.88435 20
      vertex 11.0302 8.74249 20
    endloop
  endfacet
  facet normal 0 0 1
    outer loop
      vertex 11.7469 11.0398 20
      vertex 10.857 10.1499 20
      vertex 10.8918 9.88435 20
    endloop
  endfacet
  facet normal 0 0 1
    outer loop
      vertex 11.0398 11.7469 20
      vertex 10.1499 10.857 20
      vertex 10.857 10.1499 20
    endloop
  endfacet
  facet normal 0 0 1
    outer loop
      vertex 10.0794 11.8726 20
      vertex 10.1499 10.857 20
      vertex 11.0398 11.7469 20
    endloop
  endfacet
  facet normal 0 0 1
    outer loop
      vertex 10.0794 11.8726 20
      vertex 9.88435 10.8918 20
      vertex 10.1499 10.857 20
    endloop
  endfacet
  facet normal 0 0 1
    outer loop
      vertex 8.93758 12.011 20
      vertex 9.88435 10.8918 20
      vertex 10.0794 11.8726 20
    endloop
  endfacet
  facet normal 0 0 1
    outer loop
      vertex 8.93758 12.011 20
      vertex 8.74249 11.0302 20
      vertex 9.88435 10.8918 20
    endloop
  endfacet
  facet normal 0 0 1
    outer loop
      vertex 7.98843 12.2102 20
      vertex 8.74249 11.0302 20
      vertex 8.93758 12.011 20
    endloop
  endfacet
  facet normal 0 0 1
    outer loop
      vertex 7.98843 12.2102 20
      vertex 7.74077 11.2405 20
      vertex 8.74249 11.0302 20
    endloop
  endfacet
  facet normal 0 0 1
    outer loop
      vertex 7.98843 12.2102 20
      vertex 7.64697 11.2689 20
      vertex 7.74077 11.2405 20
    endloop
  endfacet
  facet normal 0 0 1
    outer loop
      vertex 7.23059 12.5305 20
      vertex 7.64697 11.2689 20
      vertex 7.98843 12.2102 20
    endloop
  endfacet
  facet normal 0 0 1
    outer loop
      vertex 7.23059 12.5305 20
      vertex 6.79048 11.6309 20
      vertex 7.64697 11.2689 20
    endloop
  endfacet
  facet normal 0 0 1
    outer loop
      vertex 7.23059 12.5305 20
      vertex 6.70403 11.6771 20
      vertex 6.79048 11.6309 20
    endloop
  endfacet
  facet normal 0 0 1
    outer loop
      vertex 5.96228 12.2379 20
      vertex 7.23059 12.5305 20
      vertex 6.57999 13.0224 20
    endloop
  endfacet
  facet normal 0 0 1
    outer loop
      vertex 7.23059 12.5305 20
      vertex 5.96228 12.2379 20
      vertex 6.70403 11.6771 20
    endloop
  endfacet
  facet normal -0 0 1
    outer loop
      vertex 5.20352 13.0624 20
      vertex 6.57999 13.0224 20
      vertex 5.94321 13.7332 20
    endloop
  endfacet
  facet normal 0 0 1
    outer loop
      vertex 6.57999 13.0224 20
      vertex 5.88651 12.3 20
      vertex 5.96228 12.2379 20
    endloop
  endfacet
  facet normal 0 0 1
    outer loop
      vertex 5.14134 13.1382 20
      vertex 5.94321 13.7332 20
      vertex 5.28203 14.6134 20
    endloop
  endfacet
  facet normal 0 0 1
    outer loop
      vertex 6.57999 13.0224 20
      vertex 5.20352 13.0624 20
      vertex 5.88651 12.3 20
    endloop
  endfacet
  facet normal 0 0 1
    outer loop
      vertex 5.94321 13.7332 20
      vertex 5.14134 13.1382 20
      vertex 5.20352 13.0624 20
    endloop
  endfacet
  facet normal 0 0 1
    outer loop
      vertex 4.32666 14.2196 20
      vertex 5.28203 14.6134 20
      vertex 4.65242 15.4354 20
    endloop
  endfacet
  facet normal 0 0 1
    outer loop
      vertex 5.28203 14.6134 20
      vertex 4.45056 14.0579 20
      vertex 5.14134 13.1382 20
    endloop
  endfacet
  facet normal 0 0 1
    outer loop
      vertex 11.1537 3.50514 20
      vertex 9.5641 2.04617 20
      vertex 11.4111 2.54106 20
    endloop
  endfacet
  facet normal -0 0 1
    outer loop
      vertex 9.30457 3.00967 20
      vertex 9.5641 2.04617 20
      vertex 11.1537 3.50514 20
    endloop
  endfacet
  facet normal 0 0 1
    outer loop
      vertex 8.34273 1.7189 20
      vertex 9.5641 2.04617 20
      vertex 9.30457 3.00967 20
    endloop
  endfacet
  facet normal 0 0 1
    outer loop
      vertex 8.34273 1.7189 20
      vertex 9.30457 3.00967 20
      vertex 8.87918 3.33551 20
    endloop
  endfacet
  facet normal 0 0 1
    outer loop
      vertex 9.5641 2.04617 20
      vertex 8.34273 1.7189 20
      vertex 9.37086 1.58075 20
    endloop
  endfacet
  facet normal -0 0 1
    outer loop
      vertex 8.17633 1.32858 20
      vertex 9.1002 0.945908 20
      vertex 8.34273 1.7189 20
    endloop
  endfacet
  facet normal 0 0 1
    outer loop
      vertex 9.37086 1.58075 20
      vertex 8.34273 1.7189 20
      vertex 9.1002 0.945908 20
    endloop
  endfacet
  facet normal 0 0 1
    outer loop
      vertex 10.1499 10.857 20
      vertex 9.5029 8.79581 20
      vertex 10.857 10.1499 20
    endloop
  endfacet
  facet normal 0 0 1
    outer loop
      vertex 10.112 5.83423 20
      vertex 9.21236 5.3941 20
      vertex 9.25856 5.30766 20
    endloop
  endfacet
  facet normal 0 0 1
    outer loop
      vertex 9.59613 8.08307 20
      vertex 8.92274 6.0793 20
      vertex 9.21236 5.3941 20
    endloop
  endfacet
  facet normal 0 0 1
    outer loop
      vertex 9.59613 8.08307 20
      vertex 8.89429 6.1731 20
      vertex 8.92274 6.0793 20
    endloop
  endfacet
  facet normal -0 0 1
    outer loop
      vertex 8.79581 9.5029 20
      vertex 9.5029 8.79581 20
      vertex 10.1499 10.857 20
    endloop
  endfacet
  facet normal 0 0 1
    outer loop
      vertex 8.61299 7.9059 20
      vertex 9.5029 8.79581 20
      vertex 8.79581 9.5029 20
    endloop
  endfacet
  facet normal 0 0 1
    outer loop
      vertex 9.59613 8.08307 20
      vertex 8.72606 6.97449 20
      vertex 8.89429 6.1731 20
    endloop
  endfacet
  facet normal 0 0 1
    outer loop
      vertex 9.59613 8.08307 20
      vertex 8.61534 7.88797 20
      vertex 8.72606 6.97449 20
    endloop
  endfacet
  facet normal 0 0 1
    outer loop
      vertex 9.59613 8.08307 20
      vertex 8.61299 7.9059 20
      vertex 8.61534 7.88797 20
    endloop
  endfacet
  facet normal 0 0 1
    outer loop
      vertex 7.9059 8.61299 20
      vertex 8.79581 9.5029 20
      vertex 8.08307 9.59613 20
    endloop
  endfacet
  facet normal 0 0 1
    outer loop
      vertex 8.79581 9.5029 20
      vertex 7.9059 8.61299 20
      vertex 8.61299 7.9059 20
    endloop
  endfacet
  facet normal 0 0 1
    outer loop
      vertex 7.9059 8.61299 20
      vertex 7.25887 6.55176 20
      vertex 8.61299 7.9059 20
    endloop
  endfacet
  facet normal 0 0 1
    outer loop
      vertex 7.96088 4.084 20
      vertex 7.17642 3.46625 20
      vertex 7.2386 3.39049 20
    endloop
  endfacet
  facet normal 0 0 1
    outer loop
      vertex 7.69337 4.43787 20
      vertex 6.83998 3.9113 20
      vertex 7.17642 3.46625 20
    endloop
  endfacet
  facet normal 0 0 1
    outer loop
      vertex 7.69337 4.43787 20
      vertex 6.79378 3.99774 20
      vertex 6.83998 3.9113 20
    endloop
  endfacet
  facet normal 0 0 1
    outer loop
      vertex 7.51785 4.85318 20
      vertex 6.57657 4.51164 20
      vertex 6.79378 3.99774 20
    endloop
  endfacet
  facet normal -0 0 1
    outer loop
      vertex 6.55176 7.25887 20
      vertex 7.25887 6.55176 20
      vertex 7.9059 8.61299 20
    endloop
  endfacet
  facet normal 0 0 1
    outer loop
      vertex 7.25887 6.55176 20
      vertex 6.55176 7.25887 20
      vertex 6.36699 5.6599 20
    endloop
  endfacet
  facet normal 0 0 1
    outer loop
      vertex 7.51785 4.85318 20
      vertex 6.42194 5.20647 20
      vertex 6.54813 4.60544 20
    endloop
  endfacet
  facet normal 0 0 1
    outer loop
      vertex 7.51785 4.85318 20
      vertex 6.54813 4.60544 20
      vertex 6.57657 4.51164 20
    endloop
  endfacet
  facet normal 0 0 1
    outer loop
      vertex 7.40273 5.40157 20
      vertex 6.36699 5.6599 20
      vertex 6.42194 5.20647 20
    endloop
  endfacet
  facet normal 0 0 1
    outer loop
      vertex 5.6599 6.36699 20
      vertex 6.55176 7.25887 20
      vertex 6.08669 7.31969 20
    endloop
  endfacet
  facet normal 0 0 1
    outer loop
      vertex 6.55176 7.25887 20
      vertex 5.6599 6.36699 20
      vertex 6.36699 5.6599 20
    endloop
  endfacet
  facet normal 0 0 1
    outer loop
      vertex 5.6599 6.36699 20
      vertex 5.01482 4.30772 20
      vertex 6.36699 5.6599 20
    endloop
  endfacet
  facet normal 0 0 1
    outer loop
      vertex 5.04326 4.0903 20
      vertex 4.70789 2.14247 20
      vertex 5.01283 1.86928 20
    endloop
  endfacet
  facet normal 0 0 1
    outer loop
      vertex 5.04326 4.0903 20
      vertex 4.64571 2.21823 20
      vertex 4.70789 2.14247 20
    endloop
  endfacet
  facet normal 0 0 1
    outer loop
      vertex 5.04326 4.0903 20
      vertex 4.4214 2.51494 20
      vertex 4.64571 2.21823 20
    endloop
  endfacet
  facet normal -0 0 1
    outer loop
      vertex 4.30772 5.01482 20
      vertex 5.01482 4.30772 20
      vertex 5.6599 6.36699 20
    endloop
  endfacet
  facet normal 0 0 1
    outer loop
      vertex 5.04326 4.0903 20
      vertex 4.12263 3.41554 20
      vertex 4.20195 3.03777 20
    endloop
  endfacet
  facet normal 0 0 1
    outer loop
      vertex 5.01482 4.30772 20
      vertex 4.30772 5.01482 20
      vertex 4.12263 3.41554 20
    endloop
  endfacet
  facet normal 0 0 1
    outer loop
      vertex 5.04326 4.0903 20
      vertex 4.3752 2.60138 20
      vertex 4.4214 2.51494 20
    endloop
  endfacet
  facet normal 0 0 1
    outer loop
      vertex 5.04326 4.0903 20
      vertex 4.23039 2.94397 20
      vertex 4.3752 2.60138 20
    endloop
  endfacet
  facet normal 0 0 1
    outer loop
      vertex 5.04326 4.0903 20
      vertex 4.20195 3.03777 20
      vertex 4.23039 2.94397 20
    endloop
  endfacet
  facet normal 0 0 1
    outer loop
      vertex 3.41554 4.12263 20
      vertex 4.30772 5.01482 20
      vertex 4.0903 5.04326 20
    endloop
  endfacet
  facet normal 0 0 1
    outer loop
      vertex 3.41554 4.12263 20
      vertex 4.0903 5.04326 20
      vertex 3.63356 5.09862 20
    endloop
  endfacet
  facet normal 0 0 1
    outer loop
      vertex 4.30772 5.01482 20
      vertex 3.41554 4.12263 20
      vertex 4.12263 3.41554 20
    endloop
  endfacet
  facet normal 0 0 1
    outer loop
      vertex 3.41554 4.12263 20
      vertex 2.77051 2.06342 20
      vertex 4.12263 3.41554 20
    endloop
  endfacet
  facet normal -0 0 1
    outer loop
      vertex 2.00284 -1.11858 20
      vertex 2.85622 -1.64516 20
      vertex 2.04395 -1.06419 20
    endloop
  endfacet
  facet normal -0 0 1
    outer loop
      vertex 2.06342 2.77051 20
      vertex 2.77051 2.06342 20
      vertex 3.41554 4.12263 20
    endloop
  endfacet
  facet normal 0 0 1
    outer loop
      vertex 1.94341 1.23631 20
      vertex 2.77051 2.06342 20
      vertex 2.06342 2.77051 20
    endloop
  endfacet
  facet normal 0 0 1
    outer loop
      vertex 3.17372 1.36693 20
      vertex 2.04395 1.06419 20
      vertex 2.30269 0.100479 20
    endloop
  endfacet
  facet normal 0 0 1
    outer loop
      vertex 2.04395 1.06419 20
      vertex 1.92769 0 20
      vertex 2.30269 0.100479 20
    endloop
  endfacet
  facet normal 0 -0 1
    outer loop
      vertex 1.92769 0 20
      vertex 2.04395 1.06419 20
      vertex 1.67149 0.964401 20
    endloop
  endfacet
  facet normal 0 0 1
    outer loop
      vertex 12.6295 -2.86754 20
      vertex 14.2196 -4.32666 20
      vertex 14.4766 -3.36247 20
    endloop
  endfacet
  facet normal 0 0 1
    outer loop
      vertex 12.6295 -2.86754 20
      vertex 12.37 -3.83105 20
      vertex 14.2196 -4.32666 20
    endloop
  endfacet
  facet normal -0 0 1
    outer loop
      vertex 11.4111 -2.54106 20
      vertex 12.6295 -2.86754 20
      vertex 12.3405 -2.17145 20
    endloop
  endfacet
  facet normal 0 0 1
    outer loop
      vertex 11.4111 -2.54106 20
      vertex 12.3405 -2.17145 20
      vertex 11.9796 -1.32498 20
    endloop
  endfacet
  facet normal 0 0 1
    outer loop
      vertex 11.4111 -2.54106 20
      vertex 11.9796 -1.32498 20
      vertex 11.7517 -0.62944 20
    endloop
  endfacet
  facet normal 0 0 1
    outer loop
      vertex 12.6295 -2.86754 20
      vertex 11.4111 -2.54106 20
      vertex 12.37 -3.83105 20
    endloop
  endfacet
  facet normal 0 0 1
    outer loop
      vertex 11.4111 -2.54106 20
      vertex 11.7517 -0.62944 20
      vertex 11.6734 0 20
    endloop
  endfacet
  facet normal 0 0 1
    outer loop
      vertex 11.9796 1.32498 20
      vertex 10.8008 0.929535 20
      vertex 11.7517 0.62944 20
    endloop
  endfacet
  facet normal -0 0 1
    outer loop
      vertex 11.1537 -3.50514 20
      vertex 12.37 -3.83105 20
      vertex 11.4111 -2.54106 20
    endloop
  endfacet
  facet normal 0 0 1
    outer loop
      vertex 12.37 -3.83105 20
      vertex 11.1537 -3.50514 20
      vertex 11.7463 -4.30878 20
    endloop
  endfacet
  facet normal -0 0 1
    outer loop
      vertex 10.455 -4.02992 20
      vertex 11.7463 -4.30878 20
      vertex 11.1537 -3.50514 20
    endloop
  endfacet
  facet normal 0 0 1
    outer loop
      vertex 11.7463 -4.30878 20
      vertex 10.455 -4.02992 20
      vertex 11.05 -4.8318 20
    endloop
  endfacet
  facet normal -0 0 1
    outer loop
      vertex 10.3792 -4.0921 20
      vertex 11.05 -4.8318 20
      vertex 10.455 -4.02992 20
    endloop
  endfacet
  facet normal 0 0 1
    outer loop
      vertex 11.05 -4.8318 20
      vertex 10.3792 -4.0921 20
      vertex 10.4916 -5.33197 20
    endloop
  endfacet
  facet normal -0 0 1
    outer loop
      vertex 9.76933 -4.63849 20
      vertex 10.4916 -5.33197 20
      vertex 10.3792 -4.0921 20
    endloop
  endfacet
  facet normal -0 0 1
    outer loop
      vertex 9.70715 -4.71426 20
      vertex 10.4916 -5.33197 20
      vertex 9.76933 -4.63849 20
    endloop
  endfacet
  facet normal 0 0 1
    outer loop
      vertex 10.4916 -5.33197 20
      vertex 9.70715 -4.71426 20
      vertex 10.112 -5.83423 20
    endloop
  endfacet
  facet normal -0 0 1
    outer loop
      vertex 9.25856 -5.30766 20
      vertex 10.112 -5.83423 20
      vertex 9.70715 -4.71426 20
    endloop
  endfacet
  facet normal -0 0 1
    outer loop
      vertex 9.21236 -5.3941 20
      vertex 10.112 -5.83423 20
      vertex 9.25856 -5.30766 20
    endloop
  endfacet
  facet normal 0 0 1
    outer loop
      vertex 10.112 -5.83423 20
      vertex 9.21236 -5.3941 20
      vertex 9.86403 -6.42078 20
    endloop
  endfacet
  facet normal -0 0 1
    outer loop
      vertex 8.92274 -6.0793 20
      vertex 9.86403 -6.42078 20
      vertex 9.21236 -5.3941 20
    endloop
  endfacet
  facet normal -0 0 1
    outer loop
      vertex 8.89429 -6.1731 20
      vertex 9.86403 -6.42078 20
      vertex 8.92274 -6.0793 20
    endloop
  endfacet
  facet normal 0 0 1
    outer loop
      vertex 14.2196 4.32666 20
      vertex 12.6295 2.86754 20
      vertex 14.4766 3.36247 20
    endloop
  endfacet
  facet normal -0 0 1
    outer loop
      vertex 12.37 3.83105 20
      vertex 12.6295 2.86754 20
      vertex 14.2196 4.32666 20
    endloop
  endfacet
  facet normal 0 0 1
    outer loop
      vertex 11.4111 2.54106 20
      vertex 12.6295 2.86754 20
      vertex 12.37 3.83105 20
    endloop
  endfacet
  facet normal 0 0 1
    outer loop
      vertex 12.6295 2.86754 20
      vertex 11.4111 2.54106 20
      vertex 12.3405 2.17145 20
    endloop
  endfacet
  facet normal 0 0 1
    outer loop
      vertex 12.3405 2.17145 20
      vertex 11.4111 2.54106 20
      vertex 11.9796 1.32498 20
    endloop
  endfacet
  facet normal 0 0 1
    outer loop
      vertex 11.1537 3.50514 20
      vertex 12.37 3.83105 20
      vertex 11.7463 4.30878 20
    endloop
  endfacet
  facet normal -0 0 1
    outer loop
      vertex 11.0558 1.70767 20
      vertex 11.9796 1.32498 20
      vertex 11.4111 2.54106 20
    endloop
  endfacet
  facet normal 0 0 1
    outer loop
      vertex 10.8008 0.929535 20
      vertex 11.9796 1.32498 20
      vertex 11.0558 1.70767 20
    endloop
  endfacet
  facet normal 0 0 1
    outer loop
      vertex 12.37 3.83105 20
      vertex 11.1537 3.50514 20
      vertex 11.4111 2.54106 20
    endloop
  endfacet
  facet normal 0 0 1
    outer loop
      vertex 10.455 4.02992 20
      vertex 11.7463 4.30878 20
      vertex 11.05 4.8318 20
    endloop
  endfacet
  facet normal 0 0 1
    outer loop
      vertex 10.3792 4.0921 20
      vertex 11.05 4.8318 20
      vertex 10.4916 5.33197 20
    endloop
  endfacet
  facet normal 0 0 1
    outer loop
      vertex 11.7463 4.30878 20
      vertex 10.455 4.02992 20
      vertex 11.1537 3.50514 20
    endloop
  endfacet
  facet normal 0 0 1
    outer loop
      vertex 11.05 4.8318 20
      vertex 10.3792 4.0921 20
      vertex 10.455 4.02992 20
    endloop
  endfacet
  facet normal 0 0 1
    outer loop
      vertex 9.70715 4.71426 20
      vertex 10.4916 5.33197 20
      vertex 10.112 5.83423 20
    endloop
  endfacet
  facet normal 0 0 1
    outer loop
      vertex 9.21236 5.3941 20
      vertex 10.112 5.83423 20
      vertex 9.86403 6.42078 20
    endloop
  endfacet
  facet normal 0 0 1
    outer loop
      vertex 10.4916 5.33197 20
      vertex 9.76933 4.63849 20
      vertex 10.3792 4.0921 20
    endloop
  endfacet
  facet normal 0 0 1
    outer loop
      vertex 10.4916 5.33197 20
      vertex 9.70715 4.71426 20
      vertex 9.76933 4.63849 20
    endloop
  endfacet
  facet normal 0 0 1
    outer loop
      vertex 9.21236 5.3941 20
      vertex 9.86403 6.42078 20
      vertex 9.70683 7.16957 20
    endloop
  endfacet
  facet normal 0 0 1
    outer loop
      vertex 9.21236 5.3941 20
      vertex 9.70683 7.16957 20
      vertex 9.59613 8.08307 20
    endloop
  endfacet
  facet normal 0 0 1
    outer loop
      vertex 8.61299 7.9059 20
      vertex 9.59613 8.08307 20
      vertex 9.5029 8.79581 20
    endloop
  endfacet
  facet normal 0 0 1
    outer loop
      vertex 10.112 5.83423 20
      vertex 9.25856 5.30766 20
      vertex 9.70715 4.71426 20
    endloop
  endfacet
  facet normal -0 0 1
    outer loop
      vertex 13.4733 -0.0975342 20
      vertex 14.5674 -0.813995 20
      vertex 14.4662 0 20
    endloop
  endfacet
  facet normal 0 0 1
    outer loop
      vertex 14.8591 1.70407 20
      vertex 13.6164 1.11407 20
      vertex 14.5674 0.813995 20
    endloop
  endfacet
  facet normal 0 0 1
    outer loop
      vertex 14.5674 -0.813995 20
      vertex 14.3863 -3.14482 20
      vertex 14.4766 -3.36247 20
    endloop
  endfacet
  facet normal -0 0 1
    outer loop
      vertex 13.588 1.02028 20
      vertex 14.5674 0.813995 20
      vertex 13.6164 1.11407 20
    endloop
  endfacet
  facet normal 0 0 1
    outer loop
      vertex 14.5674 -0.813995 20
      vertex 13.9352 -2.08675 20
      vertex 14.3863 -3.14482 20
    endloop
  endfacet
  facet normal 0 0 1
    outer loop
      vertex 13.4733 0.0975342 20
      vertex 14.5674 0.813995 20
      vertex 13.588 1.02028 20
    endloop
  endfacet
  facet normal 0 0 1
    outer loop
      vertex 14.5674 -0.813995 20
      vertex 13.6164 -1.11407 20
      vertex 13.9352 -2.08675 20
    endloop
  endfacet
  facet normal 0 0 1
    outer loop
      vertex 14.5674 0.813995 20
      vertex 13.4733 0.0975342 20
      vertex 14.4662 0 20
    endloop
  endfacet
  facet normal 0 0 1
    outer loop
      vertex 13.4733 -0.0975342 20
      vertex 14.4662 0 20
      vertex 13.4733 0.0975342 20
    endloop
  endfacet
  facet normal 0 0 1
    outer loop
      vertex 14.5674 -0.813995 20
      vertex 13.4733 -0.0975342 20
      vertex 13.588 -1.02028 20
    endloop
  endfacet
  facet normal 0 0 1
    outer loop
      vertex 14.5674 -0.813995 20
      vertex 13.588 -1.02028 20
      vertex 13.6164 -1.11407 20
    endloop
  endfacet
  facet normal 0 -0 1
    outer loop
      vertex 13.4733 -0.0975342 20
      vertex 13.4733 0.0975342 20
      vertex 13.4636 0 20
    endloop
  endfacet
  facet normal 0 0 1
    outer loop
      vertex 15.6949 -3.68892 20
      vertex 16.1417 -4.84168 20
      vertex 16.4 -3.87784 20
    endloop
  endfacet
  facet normal 0 0 1
    outer loop
      vertex 15.6949 -3.68892 20
      vertex 15.4354 -4.65242 20
      vertex 16.1417 -4.84168 20
    endloop
  endfacet
  facet normal -0 0 1
    outer loop
      vertex 14.4766 -3.36247 20
      vertex 15.6949 -3.68892 20
      vertex 15.3101 -2.76215 20
    endloop
  endfacet
  facet normal 0 0 1
    outer loop
      vertex 14.4766 -3.36247 20
      vertex 15.3101 -2.76215 20
      vertex 14.8591 -1.70407 20
    endloop
  endfacet
  facet normal 0 0 1
    outer loop
      vertex 15.6949 -3.68892 20
      vertex 14.4766 -3.36247 20
      vertex 15.4354 -4.65242 20
    endloop
  endfacet
  facet normal 0 0 1
    outer loop
      vertex 14.4766 -3.36247 20
      vertex 14.8591 -1.70407 20
      vertex 14.5674 -0.813995 20
    endloop
  endfacet
  facet normal -0 0 1
    outer loop
      vertex 14.2196 -4.32666 20
      vertex 15.4354 -4.65242 20
      vertex 14.4766 -3.36247 20
    endloop
  endfacet
  facet normal 0 0 1
    outer loop
      vertex 15.4354 -4.65242 20
      vertex 14.2196 -4.32666 20
      vertex 14.6134 -5.28203 20
    endloop
  endfacet
  facet normal -0 0 1
    outer loop
      vertex 14.0579 -4.45056 20
      vertex 14.6134 -5.28203 20
      vertex 14.2196 -4.32666 20
    endloop
  endfacet
  facet normal -0 0 1
    outer loop
      vertex 13.1382 -5.14134 20
      vertex 14.6134 -5.28203 20
      vertex 14.0579 -4.45056 20
    endloop
  endfacet
  facet normal 0 0 1
    outer loop
      vertex 14.6134 -5.28203 20
      vertex 13.1382 -5.14134 20
      vertex 13.7332 -5.94321 20
    endloop
  endfacet
  facet normal -0 0 1
    outer loop
      vertex 13.0624 -5.20352 20
      vertex 13.7332 -5.94321 20
      vertex 13.1382 -5.14134 20
    endloop
  endfacet
  facet normal 0 0 1
    outer loop
      vertex 13.0624 -5.20352 20
      vertex 13.0224 -6.57999 20
      vertex 13.7332 -5.94321 20
    endloop
  endfacet
  facet normal -0 0 1
    outer loop
      vertex 12.3 -5.88651 20
      vertex 13.0224 -6.57999 20
      vertex 13.0624 -5.20352 20
    endloop
  endfacet
  facet normal -0 0 1
    outer loop
      vertex 12.2379 -5.96228 20
      vertex 13.0224 -6.57999 20
      vertex 12.3 -5.88651 20
    endloop
  endfacet
  facet normal 0 0 1
    outer loop
      vertex 13.0224 -6.57999 20
      vertex 12.2379 -5.96228 20
      vertex 12.5305 -7.23059 20
    endloop
  endfacet
  facet normal -0 0 1
    outer loop
      vertex 11.6771 -6.70403 20
      vertex 12.5305 -7.23059 20
      vertex 12.2379 -5.96228 20
    endloop
  endfacet
  facet normal -0 0 1
    outer loop
      vertex 11.6309 -6.79048 20
      vertex 12.5305 -7.23059 20
      vertex 11.6771 -6.70403 20
    endloop
  endfacet
  facet normal 0 0 1
    outer loop
      vertex 12.5305 -7.23059 20
      vertex 11.6309 -6.79048 20
      vertex 12.2102 -7.98843 20
    endloop
  endfacet
  facet normal -0 0 1
    outer loop
      vertex 11.2405 -7.74077 20
      vertex 12.2102 -7.98843 20
      vertex 11.2689 -7.64697 20
    endloop
  endfacet
  facet normal -0 0 1
    outer loop
      vertex 11.2689 -7.64697 20
      vertex 12.2102 -7.98843 20
      vertex 11.6309 -6.79048 20
    endloop
  endfacet
  facet normal 0 0 1
    outer loop
      vertex 18 4.82308 20
      vertex 16.4 3.87784 20
      vertex 18 -4.82308 20
    endloop
  endfacet
  facet normal 0 0 1
    outer loop
      vertex 18 4.82308 20
      vertex 16.1417 4.84168 20
      vertex 16.4 3.87784 20
    endloop
  endfacet
  facet normal 0 0 1
    outer loop
      vertex 13.1769 13.1769 20
      vertex 16.1417 4.84168 20
      vertex 18 4.82308 20
    endloop
  endfacet
  facet normal 0 0 1
    outer loop
      vertex 13.1769 13.1769 20
      vertex 12.2645 11.5573 20
      vertex 16.1417 4.84168 20
    endloop
  endfacet
  facet normal -0 0 1
    outer loop
      vertex 11.5573 12.2645 20
      vertex 12.2645 11.5573 20
      vertex 13.1769 13.1769 20
    endloop
  endfacet
  facet normal 0 0 1
    outer loop
      vertex 12.5305 7.23059 20
      vertex 11.6309 6.79048 20
      vertex 11.6771 6.70403 20
    endloop
  endfacet
  facet normal -0 0 1
    outer loop
      vertex 11.0398 11.7469 20
      vertex 11.7469 11.0398 20
      vertex 11.5573 12.2645 20
    endloop
  endfacet
  facet normal 0 0 1
    outer loop
      vertex 12.2645 11.5573 20
      vertex 11.5573 12.2645 20
      vertex 11.7469 11.0398 20
    endloop
  endfacet
  facet normal 0 0 1
    outer loop
      vertex 13.1769 13.1769 20
      vertex 4.84168 16.1417 20
      vertex 11.5573 12.2645 20
    endloop
  endfacet
  facet normal 0 0 1
    outer loop
      vertex 4.82308 18 20
      vertex 4.84168 16.1417 20
      vertex 13.1769 13.1769 20
    endloop
  endfacet
  facet normal -0 0 1
    outer loop
      vertex 3.87784 16.4 20
      vertex 4.84168 16.1417 20
      vertex 4.82308 18 20
    endloop
  endfacet
  facet normal 0 0 1
    outer loop
      vertex 4.84168 16.1417 20
      vertex 3.87784 16.4 20
      vertex 4.65242 15.4354 20
    endloop
  endfacet
  facet normal -0 0 1
    outer loop
      vertex 3.68892 15.6949 20
      vertex 4.65242 15.4354 20
      vertex 3.87784 16.4 20
    endloop
  endfacet
  facet normal 0 0 1
    outer loop
      vertex 5.28203 14.6134 20
      vertex 4.32666 14.2196 20
      vertex 4.45056 14.0579 20
    endloop
  endfacet
  facet normal 0 0 1
    outer loop
      vertex 4.82308 18 20
      vertex -3.87784 16.4 20
      vertex 3.87784 16.4 20
    endloop
  endfacet
  facet normal 0 0 1
    outer loop
      vertex -3.68892 15.6949 20
      vertex -4.65242 15.4354 20
      vertex -4.32666 14.2196 20
    endloop
  endfacet
  facet normal -0 0 1
    outer loop
      vertex -5.28203 14.6134 20
      vertex -4.32666 14.2196 20
      vertex -4.65242 15.4354 20
    endloop
  endfacet
  facet normal -0 0 1
    outer loop
      vertex -4.82308 18 20
      vertex -3.87784 16.4 20
      vertex 4.82308 18 20
    endloop
  endfacet
  facet normal 0 0 1
    outer loop
      vertex -4.84168 16.1417 20
      vertex -3.87784 16.4 20
      vertex -4.82308 18 20
    endloop
  endfacet
  facet normal 0 0 1
    outer loop
      vertex -3.87784 16.4 20
      vertex -4.84168 16.1417 20
      vertex -4.65242 15.4354 20
    endloop
  endfacet
  facet normal 0 0 1
    outer loop
      vertex -4.82308 18 20
      vertex -11.5573 12.2645 20
      vertex -4.84168 16.1417 20
    endloop
  endfacet
  facet normal 0 0 1
    outer loop
      vertex -12.2102 7.98843 20
      vertex -11.0302 8.74249 20
      vertex -12.011 8.93758 20
    endloop
  endfacet
  facet normal 0 0 1
    outer loop
      vertex -11.0302 8.74249 20
      vertex -12.2102 7.98843 20
      vertex -11.2405 7.74077 20
    endloop
  endfacet
  facet normal 0 0 1
    outer loop
      vertex -11.5573 12.2645 20
      vertex -12.2645 11.5573 20
      vertex -11.7469 11.0398 20
    endloop
  endfacet
  facet normal -0 0 1
    outer loop
      vertex -13.1769 13.1769 20
      vertex -11.5573 12.2645 20
      vertex -4.82308 18 20
    endloop
  endfacet
  facet normal 0 0 1
    outer loop
      vertex -13.1769 13.1769 20
      vertex -12.2645 11.5573 20
      vertex -11.5573 12.2645 20
    endloop
  endfacet
  facet normal 0 0 1
    outer loop
      vertex -13.1769 13.1769 20
      vertex -16.1417 4.84168 20
      vertex -12.2645 11.5573 20
    endloop
  endfacet
  facet normal 0 0 1
    outer loop
      vertex -16.4 3.87784 20
      vertex -18 4.82308 20
      vertex -16.4 -3.87784 20
    endloop
  endfacet
  facet normal 0 0 1
    outer loop
      vertex -16.1417 4.84168 20
      vertex -18 4.82308 20
      vertex -16.4 3.87784 20
    endloop
  endfacet
  facet normal 0 0 1
    outer loop
      vertex -18 4.82308 20
      vertex -16.1417 4.84168 20
      vertex -13.1769 13.1769 20
    endloop
  endfacet
  facet normal -0 0 1
    outer loop
      vertex 16.4 -3.87784 20
      vertex 18 -4.82308 20
      vertex 16.4 3.87784 20
    endloop
  endfacet
  facet normal 0 0 1
    outer loop
      vertex 16.1417 -4.84168 20
      vertex 18 -4.82308 20
      vertex 16.4 -3.87784 20
    endloop
  endfacet
  facet normal -0 0 1
    outer loop
      vertex 16.1417 -4.84168 20
      vertex 13.1769 -13.1769 20
      vertex 18 -4.82308 20
    endloop
  endfacet
  facet normal -0 0 1
    outer loop
      vertex 12.2645 -11.5573 20
      vertex 13.1769 -13.1769 20
      vertex 16.1417 -4.84168 20
    endloop
  endfacet
  facet normal 0 0 1
    outer loop
      vertex 11.5573 -12.2645 20
      vertex 12.2645 -11.5573 20
      vertex 11.7469 -11.0398 20
    endloop
  endfacet
  facet normal 0 0 1
    outer loop
      vertex 11.0302 -8.74249 20
      vertex 12.2102 -7.98843 20
      vertex 11.2405 -7.74077 20
    endloop
  endfacet
  facet normal 0 0 1
    outer loop
      vertex 12.2102 -7.98843 20
      vertex 11.0302 -8.74249 20
      vertex 12.011 -8.93758 20
    endloop
  endfacet
  facet normal 0 0 1
    outer loop
      vertex 12.2645 -11.5573 20
      vertex 11.5573 -12.2645 20
      vertex 13.1769 -13.1769 20
    endloop
  endfacet
  facet normal 0 0 1
    outer loop
      vertex 4.84168 -16.1417 20
      vertex 13.1769 -13.1769 20
      vertex 11.5573 -12.2645 20
    endloop
  endfacet
  facet normal -0 0 1
    outer loop
      vertex 4.84168 -16.1417 20
      vertex 4.82308 -18 20
      vertex 13.1769 -13.1769 20
    endloop
  endfacet
  facet normal 0 0 1
    outer loop
      vertex 3.87784 -16.4 20
      vertex 4.84168 -16.1417 20
      vertex 4.65242 -15.4354 20
    endloop
  endfacet
  facet normal 0 0 1
    outer loop
      vertex 5.28203 -14.6134 20
      vertex 4.32666 -14.2196 20
      vertex 4.65242 -15.4354 20
    endloop
  endfacet
  facet normal 0 0 1
    outer loop
      vertex 4.65242 -15.4354 20
      vertex 4.32666 -14.2196 20
      vertex 3.87784 -16.4 20
    endloop
  endfacet
  facet normal 0 0 1
    outer loop
      vertex 4.84168 -16.1417 20
      vertex 3.87784 -16.4 20
      vertex 4.82308 -18 20
    endloop
  endfacet
  facet normal -0 0 1
    outer loop
      vertex -3.87784 -16.4 20
      vertex 4.82308 -18 20
      vertex 3.87784 -16.4 20
    endloop
  endfacet
  facet normal 0 0 1
    outer loop
      vertex -4.65242 -15.4354 20
      vertex -4.32666 -14.2196 20
      vertex -4.45056 -14.0579 20
    endloop
  endfacet
  facet normal 0 0 1
    outer loop
      vertex -3.68892 -15.6949 20
      vertex -4.65242 -15.4354 20
      vertex -3.87784 -16.4 20
    endloop
  endfacet
  facet normal 0 0 1
    outer loop
      vertex -3.87784 -16.4 20
      vertex -4.82308 -18 20
      vertex 4.82308 -18 20
    endloop
  endfacet
  facet normal -0 0 1
    outer loop
      vertex -4.84168 -16.1417 20
      vertex -3.87784 -16.4 20
      vertex -4.65242 -15.4354 20
    endloop
  endfacet
  facet normal 0 0 1
    outer loop
      vertex -3.87784 -16.4 20
      vertex -4.84168 -16.1417 20
      vertex -4.82308 -18 20
    endloop
  endfacet
  facet normal 0 0 1
    outer loop
      vertex -11.5573 -12.2645 20
      vertex -4.82308 -18 20
      vertex -4.84168 -16.1417 20
    endloop
  endfacet
  facet normal 0 0 1
    outer loop
      vertex -12.5305 -7.23059 20
      vertex -11.6309 -6.79048 20
      vertex -11.6771 -6.70403 20
    endloop
  endfacet
  facet normal 0 0 1
    outer loop
      vertex -11.0398 -11.7469 20
      vertex -11.7469 -11.0398 20
      vertex -11.5573 -12.2645 20
    endloop
  endfacet
  facet normal -0 0 1
    outer loop
      vertex -12.2645 -11.5573 20
      vertex -11.5573 -12.2645 20
      vertex -11.7469 -11.0398 20
    endloop
  endfacet
  facet normal 0 0 1
    outer loop
      vertex -11.5573 -12.2645 20
      vertex -13.1769 -13.1769 20
      vertex -4.82308 -18 20
    endloop
  endfacet
  facet normal 0 0 1
    outer loop
      vertex -12.2645 -11.5573 20
      vertex -13.1769 -13.1769 20
      vertex -11.5573 -12.2645 20
    endloop
  endfacet
  facet normal 0 0 1
    outer loop
      vertex -16.1417 -4.84168 20
      vertex -13.1769 -13.1769 20
      vertex -12.2645 -11.5573 20
    endloop
  endfacet
  facet normal 0 0 1
    outer loop
      vertex -16.1417 -4.84168 20
      vertex -18 -4.82308 20
      vertex -13.1769 -13.1769 20
    endloop
  endfacet
  facet normal 0 0 1
    outer loop
      vertex -16.4 -3.87784 20
      vertex -18 -4.82308 20
      vertex -16.1417 -4.84168 20
    endloop
  endfacet
  facet normal 0 0 1
    outer loop
      vertex -18 -4.82308 20
      vertex -16.4 -3.87784 20
      vertex -18 4.82308 20
    endloop
  endfacet
  facet normal 0 0 1
    outer loop
      vertex 16.1417 4.84168 20
      vertex 15.6949 3.68892 20
      vertex 16.4 3.87784 20
    endloop
  endfacet
  facet normal -0 0 1
    outer loop
      vertex 15.4354 4.65242 20
      vertex 15.6949 3.68892 20
      vertex 16.1417 4.84168 20
    endloop
  endfacet
  facet normal 0 0 1
    outer loop
      vertex 14.4766 3.36247 20
      vertex 15.6949 3.68892 20
      vertex 15.4354 4.65242 20
    endloop
  endfacet
  facet normal 0 0 1
    outer loop
      vertex 15.6949 3.68892 20
      vertex 14.4766 3.36247 20
      vertex 15.3101 2.76215 20
    endloop
  endfacet
  facet normal 0 0 1
    outer loop
      vertex 14.2196 4.32666 20
      vertex 15.4354 4.65242 20
      vertex 14.6134 5.28203 20
    endloop
  endfacet
  facet normal -0 0 1
    outer loop
      vertex 14.3863 3.14482 20
      vertex 15.3101 2.76215 20
      vertex 14.4766 3.36247 20
    endloop
  endfacet
  facet normal 0 0 1
    outer loop
      vertex 15.3101 2.76215 20
      vertex 14.3863 3.14482 20
      vertex 14.8591 1.70407 20
    endloop
  endfacet
  facet normal 0 0 1
    outer loop
      vertex 15.4354 4.65242 20
      vertex 14.2196 4.32666 20
      vertex 14.4766 3.36247 20
    endloop
  endfacet
  facet normal 0 0 1
    outer loop
      vertex 14.6134 5.28203 20
      vertex 14.0579 4.45056 20
      vertex 14.2196 4.32666 20
    endloop
  endfacet
  facet normal 0 0 1
    outer loop
      vertex 13.1382 5.14134 20
      vertex 14.6134 5.28203 20
      vertex 13.7332 5.94321 20
    endloop
  endfacet
  facet normal 0 0 1
    outer loop
      vertex 14.6134 5.28203 20
      vertex 13.1382 5.14134 20
      vertex 14.0579 4.45056 20
    endloop
  endfacet
  facet normal 0 0 1
    outer loop
      vertex 13.7332 5.94321 20
      vertex 13.0624 5.20352 20
      vertex 13.1382 5.14134 20
    endloop
  endfacet
  facet normal 0 0 1
    outer loop
      vertex 13.0224 6.57999 20
      vertex 13.0624 5.20352 20
      vertex 13.7332 5.94321 20
    endloop
  endfacet
  facet normal 0 0 1
    outer loop
      vertex 12.2379 5.96228 20
      vertex 13.0224 6.57999 20
      vertex 12.5305 7.23059 20
    endloop
  endfacet
  facet normal 0 0 1
    outer loop
      vertex 13.0224 6.57999 20
      vertex 12.3 5.88651 20
      vertex 13.0624 5.20352 20
    endloop
  endfacet
  facet normal 0 0 1
    outer loop
      vertex 13.0224 6.57999 20
      vertex 12.2379 5.96228 20
      vertex 12.3 5.88651 20
    endloop
  endfacet
  facet normal 0 0 1
    outer loop
      vertex 11.6309 6.79048 20
      vertex 12.5305 7.23059 20
      vertex 12.2102 7.98843 20
    endloop
  endfacet
  facet normal 0 0 1
    outer loop
      vertex 11.2689 7.64697 20
      vertex 12.2102 7.98843 20
      vertex 12.011 8.93758 20
    endloop
  endfacet
  facet normal 0 0 1
    outer loop
      vertex 11.2689 7.64697 20
      vertex 12.011 8.93758 20
      vertex 11.8726 10.0794 20
    endloop
  endfacet
  facet normal 0 0 1
    outer loop
      vertex 11.2689 7.64697 20
      vertex 11.8726 10.0794 20
      vertex 11.7469 11.0398 20
    endloop
  endfacet
  facet normal 0 0 1
    outer loop
      vertex 12.5305 7.23059 20
      vertex 11.6771 6.70403 20
      vertex 12.2379 5.96228 20
    endloop
  endfacet
  facet normal -0 0 1
    outer loop
      vertex 13.9352 2.08675 20
      vertex 14.8591 1.70407 20
      vertex 14.3863 3.14482 20
    endloop
  endfacet
  facet normal 0 0 1
    outer loop
      vertex 13.6164 1.11407 20
      vertex 14.8591 1.70407 20
      vertex 13.9352 2.08675 20
    endloop
  endfacet
  facet normal 0 1 -0
    outer loop
      vertex 4.82308 18 0.5
      vertex -4.82308 18 20
      vertex 4.82308 18 20
    endloop
  endfacet
  facet normal 0 1 0
    outer loop
      vertex -4.82308 18 20
      vertex 4.82308 18 0.5
      vertex -4.82308 18 0.5
    endloop
  endfacet
  facet normal 0 -1 0
    outer loop
      vertex -4.82308 -18 0.5
      vertex 4.82308 -18 20
      vertex -4.82308 -18 20
    endloop
  endfacet
  facet normal 0 -1 -0
    outer loop
      vertex 4.82308 -18 20
      vertex -4.82308 -18 0.5
      vertex 4.82308 -18 0.5
    endloop
  endfacet
  facet normal -0.866025 0.500002 0
    outer loop
      vertex -18 4.82308 0.5
      vertex -13.1769 13.1769 20
      vertex -13.1769 13.1769 0.5
    endloop
  endfacet
  facet normal -0.866025 0.500002 0
    outer loop
      vertex -13.1769 13.1769 20
      vertex -18 4.82308 0.5
      vertex -18 4.82308 20
    endloop
  endfacet
  facet normal 0.500002 0.866025 -0
    outer loop
      vertex 13.1769 13.1769 0.5
      vertex 4.82308 18 20
      vertex 13.1769 13.1769 20
    endloop
  endfacet
  facet normal 0.500002 0.866025 0
    outer loop
      vertex 4.82308 18 20
      vertex 13.1769 13.1769 0.5
      vertex 4.82308 18 0.5
    endloop
  endfacet
  facet normal -0.353565 0.612394 -0.707082
    outer loop
      vertex -12.8109 12.8109 0
      vertex -13.1769 13.1769 0.5
      vertex -4.68911 17.5 0
    endloop
  endfacet
  facet normal 0.612394 -0.353565 -0.707082
    outer loop
      vertex 13.1769 -13.1769 0.5
      vertex 12.8109 -12.8109 0
      vertex 17.5 -4.68911 0
    endloop
  endfacet
  facet normal 0.612373 0.353555 -0.707105
    outer loop
      vertex 17.5 4.68911 0
      vertex 13.1769 13.1769 0.5
      vertex 18 4.82308 0.5
    endloop
  endfacet
  facet normal -0.500002 0.866025 0
    outer loop
      vertex -4.82308 18 0.5
      vertex -13.1769 13.1769 20
      vertex -4.82308 18 20
    endloop
  endfacet
  facet normal -0.500002 0.866025 0
    outer loop
      vertex -13.1769 13.1769 20
      vertex -4.82308 18 0.5
      vertex -13.1769 13.1769 0.5
    endloop
  endfacet
  facet normal 0 -0.707107 -0.707107
    outer loop
      vertex 4.82308 -18 0.5
      vertex -4.68911 -17.5 0
      vertex 4.68911 -17.5 0
    endloop
  endfacet
  facet normal 0 0 -1
    outer loop
      vertex 12.8109 -12.8109 0
      vertex 17.5 4.68911 0
      vertex 17.5 -4.68911 0
    endloop
  endfacet
  facet normal 0 0 -1
    outer loop
      vertex 12.8109 -12.8109 0
      vertex 12.8109 12.8109 0
      vertex 17.5 4.68911 0
    endloop
  endfacet
  facet normal 0 0 -1
    outer loop
      vertex 4.68911 -17.5 0
      vertex 12.8109 12.8109 0
      vertex 12.8109 -12.8109 0
    endloop
  endfacet
  facet normal 0 0 -1
    outer loop
      vertex 4.68911 -17.5 0
      vertex 4.68911 17.5 0
      vertex 12.8109 12.8109 0
    endloop
  endfacet
  facet normal 0 0 -1
    outer loop
      vertex -4.68911 -17.5 0
      vertex 4.68911 17.5 0
      vertex 4.68911 -17.5 0
    endloop
  endfacet
  facet normal 0 0 -1
    outer loop
      vertex -4.68911 -17.5 0
      vertex -4.68911 17.5 0
      vertex 4.68911 17.5 0
    endloop
  endfacet
  facet normal 0 0 -1
    outer loop
      vertex -12.8109 -12.8109 0
      vertex -4.68911 17.5 0
      vertex -4.68911 -17.5 0
    endloop
  endfacet
  facet normal 0 0 -1
    outer loop
      vertex -12.8109 -12.8109 0
      vertex -12.8109 12.8109 0
      vertex -4.68911 17.5 0
    endloop
  endfacet
  facet normal 0 0 -1
    outer loop
      vertex -17.5 -4.68911 0
      vertex -12.8109 12.8109 0
      vertex -12.8109 -12.8109 0
    endloop
  endfacet
  facet normal 0 0 -1
    outer loop
      vertex -12.8109 12.8109 0
      vertex -17.5 -4.68911 0
      vertex -17.5 4.68911 0
    endloop
  endfacet
  facet normal 0.866025 0.500002 0
    outer loop
      vertex 18 4.82308 20
      vertex 13.1769 13.1769 0.5
      vertex 13.1769 13.1769 20
    endloop
  endfacet
  facet normal 0.866025 0.500002 0
    outer loop
      vertex 13.1769 13.1769 0.5
      vertex 18 4.82308 20
      vertex 18 4.82308 0.5
    endloop
  endfacet
  facet normal 0.612394 0.353565 -0.707082
    outer loop
      vertex 17.5 4.68911 0
      vertex 12.8109 12.8109 0
      vertex 13.1769 13.1769 0.5
    endloop
  endfacet
  facet normal 0.353565 -0.612394 -0.707082
    outer loop
      vertex 13.1769 -13.1769 0.5
      vertex 4.68911 -17.5 0
      vertex 12.8109 -12.8109 0
    endloop
  endfacet
  facet normal 1 -0 0
    outer loop
      vertex 18 -4.82308 20
      vertex 18 4.82308 0.5
      vertex 18 4.82308 20
    endloop
  endfacet
  facet normal 1 0 0
    outer loop
      vertex 18 4.82308 0.5
      vertex 18 -4.82308 20
      vertex 18 -4.82308 0.5
    endloop
  endfacet
  facet normal 0.707107 0 -0.707107
    outer loop
      vertex 18 -4.82308 0.5
      vertex 17.5 -4.68911 0
      vertex 18 4.82308 0.5
    endloop
  endfacet
  facet normal -0.866029 0.499994 0
    outer loop
      vertex 12.2645 -11.5573 18.8
      vertex 16.1417 -4.84168 20
      vertex 16.1417 -4.84168 18.8
    endloop
  endfacet
  facet normal -0.866029 0.499994 0
    outer loop
      vertex 16.1417 -4.84168 20
      vertex 12.2645 -11.5573 18.8
      vertex 12.2645 -11.5573 20
    endloop
  endfacet
  facet normal 0 -1 0
    outer loop
      vertex -3.87784 16.4 18.8
      vertex 3.87784 16.4 20
      vertex -3.87784 16.4 20
    endloop
  endfacet
  facet normal 0 -1 -0
    outer loop
      vertex 3.87784 16.4 20
      vertex -3.87784 16.4 18.8
      vertex 3.87784 16.4 18.8
    endloop
  endfacet
  facet normal 0.499994 0.866029 -0
    outer loop
      vertex -4.84168 -16.1417 18.8
      vertex -11.5573 -12.2645 20
      vertex -4.84168 -16.1417 20
    endloop
  endfacet
  facet normal 0.499994 0.866029 0
    outer loop
      vertex -11.5573 -12.2645 20
      vertex -4.84168 -16.1417 18.8
      vertex -11.5573 -12.2645 18.8
    endloop
  endfacet
  facet normal -1 0 0
    outer loop
      vertex 16.4 -3.87784 18.8
      vertex 16.4 3.87784 20
      vertex 16.4 3.87784 18.8
    endloop
  endfacet
  facet normal -1 -0 0
    outer loop
      vertex 16.4 3.87784 20
      vertex 16.4 -3.87784 18.8
      vertex 16.4 -3.87784 20
    endloop
  endfacet
  facet normal 0.866029 -0.499994 0
    outer loop
      vertex -16.1417 4.84168 20
      vertex -12.2645 11.5573 18.8
      vertex -12.2645 11.5573 20
    endloop
  endfacet
  facet normal 0.866029 -0.499994 0
    outer loop
      vertex -12.2645 11.5573 18.8
      vertex -16.1417 4.84168 20
      vertex -16.1417 4.84168 18.8
    endloop
  endfacet
  facet normal 0.866029 0.499994 0
    outer loop
      vertex -12.2645 -11.5573 20
      vertex -16.1417 -4.84168 18.8
      vertex -16.1417 -4.84168 20
    endloop
  endfacet
  facet normal 0.866029 0.499994 0
    outer loop
      vertex -16.1417 -4.84168 18.8
      vertex -12.2645 -11.5573 20
      vertex -12.2645 -11.5573 18.8
    endloop
  endfacet
  facet normal 0.499994 -0.866029 0
    outer loop
      vertex -11.5573 12.2645 18.8
      vertex -4.84168 16.1417 20
      vertex -11.5573 12.2645 20
    endloop
  endfacet
  facet normal 0.499994 -0.866029 0
    outer loop
      vertex -4.84168 16.1417 20
      vertex -11.5573 12.2645 18.8
      vertex -4.84168 16.1417 18.8
    endloop
  endfacet
  facet normal 1 -0 0
    outer loop
      vertex -16.4 -3.87784 20
      vertex -16.4 3.87784 18.8
      vertex -16.4 3.87784 20
    endloop
  endfacet
  facet normal 1 0 0
    outer loop
      vertex -16.4 3.87784 18.8
      vertex -16.4 -3.87784 20
      vertex -16.4 -3.87784 18.8
    endloop
  endfacet
  facet normal 0 0 1
    outer loop
      vertex -14.5674 0.813995 18.8
      vertex -14.5674 -0.813995 18.8
      vertex -14.4662 0 18.8
    endloop
  endfacet
  facet normal 0 0 1
    outer loop
      vertex -14.8591 1.70407 18.8
      vertex -14.5674 -0.813995 18.8
      vertex -14.5674 0.813995 18.8
    endloop
  endfacet
  facet normal 0 0 1
    outer loop
      vertex -14.8591 1.70407 18.8
      vertex -14.8591 -1.70407 18.8
      vertex -14.5674 -0.813995 18.8
    endloop
  endfacet
  facet normal 0 0 1
    outer loop
      vertex -16.4 3.87784 18.8
      vertex -14.8591 1.70407 18.8
      vertex -15.3101 2.76215 18.8
    endloop
  endfacet
  facet normal 0 0 1
    outer loop
      vertex -14.8591 1.70407 18.8
      vertex -16.4 3.87784 18.8
      vertex -14.8591 -1.70407 18.8
    endloop
  endfacet
  facet normal 0 0 1
    outer loop
      vertex -16.4 3.87784 18.8
      vertex -15.3101 2.76215 18.8
      vertex -15.6949 3.68892 18.8
    endloop
  endfacet
  facet normal 0 0 1
    outer loop
      vertex -16.4 -3.87784 18.8
      vertex -14.8591 -1.70407 18.8
      vertex -16.4 3.87784 18.8
    endloop
  endfacet
  facet normal 0 0 1
    outer loop
      vertex -14.8591 -1.70407 18.8
      vertex -16.4 -3.87784 18.8
      vertex -15.3101 -2.76215 18.8
    endloop
  endfacet
  facet normal 0 0 1
    outer loop
      vertex -15.3101 -2.76215 18.8
      vertex -16.4 -3.87784 18.8
      vertex -15.6949 -3.68892 18.8
    endloop
  endfacet
  facet normal 0 0 1
    outer loop
      vertex -12.2645 11.5573 18.8
      vertex -12.011 8.93758 18.8
      vertex -11.8726 10.0794 18.8
    endloop
  endfacet
  facet normal 0 0 1
    outer loop
      vertex -12.2645 11.5573 18.8
      vertex -11.8726 10.0794 18.8
      vertex -11.7469 11.0398 18.8
    endloop
  endfacet
  facet normal 0 0 1
    outer loop
      vertex -13.7332 5.94321 18.8
      vertex -12.011 8.93758 18.8
      vertex -12.2645 11.5573 18.8
    endloop
  endfacet
  facet normal 0 0 1
    outer loop
      vertex -12.011 8.93758 18.8
      vertex -13.7332 5.94321 18.8
      vertex -12.2102 7.98843 18.8
    endloop
  endfacet
  facet normal 0 0 1
    outer loop
      vertex -12.2102 7.98843 18.8
      vertex -13.0224 6.57999 18.8
      vertex -12.5305 7.23059 18.8
    endloop
  endfacet
  facet normal 0 0 1
    outer loop
      vertex -12.2102 7.98843 18.8
      vertex -13.7332 5.94321 18.8
      vertex -13.0224 6.57999 18.8
    endloop
  endfacet
  facet normal 0 0 1
    outer loop
      vertex -16.1417 4.84168 18.8
      vertex -13.7332 5.94321 18.8
      vertex -12.2645 11.5573 18.8
    endloop
  endfacet
  facet normal 0 0 1
    outer loop
      vertex -13.7332 5.94321 18.8
      vertex -16.1417 4.84168 18.8
      vertex -14.6134 5.28203 18.8
    endloop
  endfacet
  facet normal 0 0 1
    outer loop
      vertex -14.6134 5.28203 18.8
      vertex -16.1417 4.84168 18.8
      vertex -15.4354 4.65242 18.8
    endloop
  endfacet
  facet normal 0 0 1
    outer loop
      vertex -13.7332 -5.94321 18.8
      vertex -12.011 -8.93758 18.8
      vertex -12.2102 -7.98843 18.8
    endloop
  endfacet
  facet normal 0 0 1
    outer loop
      vertex -12.011 -8.93758 18.8
      vertex -12.2645 -11.5573 18.8
      vertex -11.8726 -10.0794 18.8
    endloop
  endfacet
  facet normal 0 0 1
    outer loop
      vertex -11.8726 -10.0794 18.8
      vertex -12.2645 -11.5573 18.8
      vertex -11.7469 -11.0398 18.8
    endloop
  endfacet
  facet normal 0 0 1
    outer loop
      vertex -13.0224 -6.57999 18.8
      vertex -12.2102 -7.98843 18.8
      vertex -12.5305 -7.23059 18.8
    endloop
  endfacet
  facet normal 0 0 1
    outer loop
      vertex -13.7332 -5.94321 18.8
      vertex -12.2102 -7.98843 18.8
      vertex -13.0224 -6.57999 18.8
    endloop
  endfacet
  facet normal 0 0 1
    outer loop
      vertex -12.011 -8.93758 18.8
      vertex -13.7332 -5.94321 18.8
      vertex -12.2645 -11.5573 18.8
    endloop
  endfacet
  facet normal 0 0 1
    outer loop
      vertex -16.1417 -4.84168 18.8
      vertex -13.7332 -5.94321 18.8
      vertex -14.6134 -5.28203 18.8
    endloop
  endfacet
  facet normal -0 0 1
    outer loop
      vertex -16.1417 -4.84168 18.8
      vertex -14.6134 -5.28203 18.8
      vertex -15.4354 -4.65242 18.8
    endloop
  endfacet
  facet normal 0 0 1
    outer loop
      vertex -13.7332 -5.94321 18.8
      vertex -16.1417 -4.84168 18.8
      vertex -12.2645 -11.5573 18.8
    endloop
  endfacet
  facet normal 0 0 1
    outer loop
      vertex -5.28203 -14.6134 18.8
      vertex -4.84168 -16.1417 18.8
      vertex -4.65242 -15.4354 18.8
    endloop
  endfacet
  facet normal 0 0 1
    outer loop
      vertex -5.94321 -13.7332 18.8
      vertex -4.84168 -16.1417 18.8
      vertex -5.28203 -14.6134 18.8
    endloop
  endfacet
  facet normal 0 0 1
    outer loop
      vertex -8.93758 -12.011 18.8
      vertex -5.94321 -13.7332 18.8
      vertex -6.57999 -13.0224 18.8
    endloop
  endfacet
  facet normal 0 0 1
    outer loop
      vertex -7.98843 -12.2102 18.8
      vertex -6.57999 -13.0224 18.8
      vertex -7.23059 -12.5305 18.8
    endloop
  endfacet
  facet normal 0 0 1
    outer loop
      vertex -8.93758 -12.011 18.8
      vertex -6.57999 -13.0224 18.8
      vertex -7.98843 -12.2102 18.8
    endloop
  endfacet
  facet normal 0 0 1
    outer loop
      vertex -5.94321 -13.7332 18.8
      vertex -8.93758 -12.011 18.8
      vertex -4.84168 -16.1417 18.8
    endloop
  endfacet
  facet normal 0 0 1
    outer loop
      vertex -11.5573 -12.2645 18.8
      vertex -8.93758 -12.011 18.8
      vertex -10.0794 -11.8726 18.8
    endloop
  endfacet
  facet normal 0 0 1
    outer loop
      vertex -11.5573 -12.2645 18.8
      vertex -10.0794 -11.8726 18.8
      vertex -11.0398 -11.7469 18.8
    endloop
  endfacet
  facet normal 0 0 1
    outer loop
      vertex -8.93758 -12.011 18.8
      vertex -11.5573 -12.2645 18.8
      vertex -4.84168 -16.1417 18.8
    endloop
  endfacet
  facet normal 0 0 1
    outer loop
      vertex -4.84168 16.1417 18.8
      vertex -5.28203 14.6134 18.8
      vertex -4.65242 15.4354 18.8
    endloop
  endfacet
  facet normal 0 0 1
    outer loop
      vertex -4.84168 16.1417 18.8
      vertex -5.94321 13.7332 18.8
      vertex -5.28203 14.6134 18.8
    endloop
  endfacet
  facet normal 0 0 1
    outer loop
      vertex -8.93758 12.011 18.8
      vertex -5.94321 13.7332 18.8
      vertex -4.84168 16.1417 18.8
    endloop
  endfacet
  facet normal 0 0 1
    outer loop
      vertex -5.94321 13.7332 18.8
      vertex -8.93758 12.011 18.8
      vertex -6.57999 13.0224 18.8
    endloop
  endfacet
  facet normal 0 0 1
    outer loop
      vertex -6.57999 13.0224 18.8
      vertex -7.98843 12.2102 18.8
      vertex -7.23059 12.5305 18.8
    endloop
  endfacet
  facet normal 0 0 1
    outer loop
      vertex -6.57999 13.0224 18.8
      vertex -8.93758 12.011 18.8
      vertex -7.98843 12.2102 18.8
    endloop
  endfacet
  facet normal -0 0 1
    outer loop
      vertex -11.5573 12.2645 18.8
      vertex -8.93758 12.011 18.8
      vertex -4.84168 16.1417 18.8
    endloop
  endfacet
  facet normal 0 0 1
    outer loop
      vertex -8.93758 12.011 18.8
      vertex -11.5573 12.2645 18.8
      vertex -10.0794 11.8726 18.8
    endloop
  endfacet
  facet normal 0 0 1
    outer loop
      vertex -10.0794 11.8726 18.8
      vertex -11.5573 12.2645 18.8
      vertex -11.0398 11.7469 18.8
    endloop
  endfacet
  facet normal 0 0 1
    outer loop
      vertex 2.76215 -15.3101 18.8
      vertex 3.87784 -16.4 18.8
      vertex 3.68892 -15.6949 18.8
    endloop
  endfacet
  facet normal 0 0 1
    outer loop
      vertex 1.70407 -14.8591 18.8
      vertex 3.87784 -16.4 18.8
      vertex 2.76215 -15.3101 18.8
    endloop
  endfacet
  facet normal 0 0 1
    outer loop
      vertex -1.70407 -14.8591 18.8
      vertex 1.70407 -14.8591 18.8
      vertex 0.813995 -14.5674 18.8
    endloop
  endfacet
  facet normal 0 0 1
    outer loop
      vertex -0.813995 -14.5674 18.8
      vertex 0.813995 -14.5674 18.8
      vertex 0 -14.4662 18.8
    endloop
  endfacet
  facet normal 0 0 1
    outer loop
      vertex -1.70407 -14.8591 18.8
      vertex 0.813995 -14.5674 18.8
      vertex -0.813995 -14.5674 18.8
    endloop
  endfacet
  facet normal 0 0 1
    outer loop
      vertex 1.70407 -14.8591 18.8
      vertex -1.70407 -14.8591 18.8
      vertex 3.87784 -16.4 18.8
    endloop
  endfacet
  facet normal 0 0 1
    outer loop
      vertex -3.87784 -16.4 18.8
      vertex -1.70407 -14.8591 18.8
      vertex -2.76215 -15.3101 18.8
    endloop
  endfacet
  facet normal 0 0 1
    outer loop
      vertex -3.87784 -16.4 18.8
      vertex -2.76215 -15.3101 18.8
      vertex -3.68892 -15.6949 18.8
    endloop
  endfacet
  facet normal 0 0 1
    outer loop
      vertex -1.70407 -14.8591 18.8
      vertex -3.87784 -16.4 18.8
      vertex 3.87784 -16.4 18.8
    endloop
  endfacet
  facet normal 0 0 1
    outer loop
      vertex 3.87784 16.4 18.8
      vertex 2.76215 15.3101 18.8
      vertex 3.68892 15.6949 18.8
    endloop
  endfacet
  facet normal 0 0 1
    outer loop
      vertex 3.87784 16.4 18.8
      vertex 1.70407 14.8591 18.8
      vertex 2.76215 15.3101 18.8
    endloop
  endfacet
  facet normal 0 0 1
    outer loop
      vertex -1.70407 14.8591 18.8
      vertex 1.70407 14.8591 18.8
      vertex 3.87784 16.4 18.8
    endloop
  endfacet
  facet normal 0 0 1
    outer loop
      vertex 1.70407 14.8591 18.8
      vertex -1.70407 14.8591 18.8
      vertex 0.813995 14.5674 18.8
    endloop
  endfacet
  facet normal 0 0 1
    outer loop
      vertex 0.813995 14.5674 18.8
      vertex -0.813995 14.5674 18.8
      vertex 0 14.4662 18.8
    endloop
  endfacet
  facet normal 0 0 1
    outer loop
      vertex 0.813995 14.5674 18.8
      vertex -1.70407 14.8591 18.8
      vertex -0.813995 14.5674 18.8
    endloop
  endfacet
  facet normal -0 0 1
    outer loop
      vertex -3.87784 16.4 18.8
      vertex -1.70407 14.8591 18.8
      vertex 3.87784 16.4 18.8
    endloop
  endfacet
  facet normal 0 0 1
    outer loop
      vertex -1.70407 14.8591 18.8
      vertex -3.87784 16.4 18.8
      vertex -2.76215 15.3101 18.8
    endloop
  endfacet
  facet normal 0 0 1
    outer loop
      vertex -2.76215 15.3101 18.8
      vertex -3.87784 16.4 18.8
      vertex -3.68892 15.6949 18.8
    endloop
  endfacet
  facet normal -0 0 1
    outer loop
      vertex 10.0794 -11.8726 18.8
      vertex 11.5573 -12.2645 18.8
      vertex 11.0398 -11.7469 18.8
    endloop
  endfacet
  facet normal -0 0 1
    outer loop
      vertex 8.93758 -12.011 18.8
      vertex 11.5573 -12.2645 18.8
      vertex 10.0794 -11.8726 18.8
    endloop
  endfacet
  facet normal 0 0 1
    outer loop
      vertex 5.94321 -13.7332 18.8
      vertex 8.93758 -12.011 18.8
      vertex 7.98843 -12.2102 18.8
    endloop
  endfacet
  facet normal 0 0 1
    outer loop
      vertex 6.57999 -13.0224 18.8
      vertex 7.98843 -12.2102 18.8
      vertex 7.23059 -12.5305 18.8
    endloop
  endfacet
  facet normal 0 0 1
    outer loop
      vertex 5.94321 -13.7332 18.8
      vertex 7.98843 -12.2102 18.8
      vertex 6.57999 -13.0224 18.8
    endloop
  endfacet
  facet normal 0 0 1
    outer loop
      vertex 8.93758 -12.011 18.8
      vertex 5.94321 -13.7332 18.8
      vertex 11.5573 -12.2645 18.8
    endloop
  endfacet
  facet normal 0 0 1
    outer loop
      vertex 4.84168 -16.1417 18.8
      vertex 5.94321 -13.7332 18.8
      vertex 5.28203 -14.6134 18.8
    endloop
  endfacet
  facet normal -0 0 1
    outer loop
      vertex 5.94321 -13.7332 18.8
      vertex 4.84168 -16.1417 18.8
      vertex 11.5573 -12.2645 18.8
    endloop
  endfacet
  facet normal 0 -0 1
    outer loop
      vertex 4.84168 -16.1417 18.8
      vertex 5.28203 -14.6134 18.8
      vertex 4.65242 -15.4354 18.8
    endloop
  endfacet
  facet normal 0 0 1
    outer loop
      vertex 11.5573 12.2645 18.8
      vertex 10.0794 11.8726 18.8
      vertex 11.0398 11.7469 18.8
    endloop
  endfacet
  facet normal 0 0 1
    outer loop
      vertex 11.5573 12.2645 18.8
      vertex 8.93758 12.011 18.8
      vertex 10.0794 11.8726 18.8
    endloop
  endfacet
  facet normal 0 0 1
    outer loop
      vertex 5.94321 13.7332 18.8
      vertex 8.93758 12.011 18.8
      vertex 11.5573 12.2645 18.8
    endloop
  endfacet
  facet normal 0 0 1
    outer loop
      vertex 8.93758 12.011 18.8
      vertex 5.94321 13.7332 18.8
      vertex 7.98843 12.2102 18.8
    endloop
  endfacet
  facet normal 0 0 1
    outer loop
      vertex 7.98843 12.2102 18.8
      vertex 6.57999 13.0224 18.8
      vertex 7.23059 12.5305 18.8
    endloop
  endfacet
  facet normal 0 0 1
    outer loop
      vertex 7.98843 12.2102 18.8
      vertex 5.94321 13.7332 18.8
      vertex 6.57999 13.0224 18.8
    endloop
  endfacet
  facet normal 0 0 1
    outer loop
      vertex 4.84168 16.1417 18.8
      vertex 5.94321 13.7332 18.8
      vertex 11.5573 12.2645 18.8
    endloop
  endfacet
  facet normal 0 0 1
    outer loop
      vertex 5.94321 13.7332 18.8
      vertex 4.84168 16.1417 18.8
      vertex 5.28203 14.6134 18.8
    endloop
  endfacet
  facet normal 0 0 1
    outer loop
      vertex 5.28203 14.6134 18.8
      vertex 4.84168 16.1417 18.8
      vertex 4.65242 15.4354 18.8
    endloop
  endfacet
  facet normal 0 0 1
    outer loop
      vertex 14.6134 -5.28203 18.8
      vertex 16.1417 -4.84168 18.8
      vertex 15.4354 -4.65242 18.8
    endloop
  endfacet
  facet normal 0 0 1
    outer loop
      vertex 13.7332 -5.94321 18.8
      vertex 16.1417 -4.84168 18.8
      vertex 14.6134 -5.28203 18.8
    endloop
  endfacet
  facet normal 0 0 1
    outer loop
      vertex 12.011 -8.93758 18.8
      vertex 13.7332 -5.94321 18.8
      vertex 13.0224 -6.57999 18.8
    endloop
  endfacet
  facet normal 0 0 1
    outer loop
      vertex 12.2102 -7.98843 18.8
      vertex 13.0224 -6.57999 18.8
      vertex 12.5305 -7.23059 18.8
    endloop
  endfacet
  facet normal -0 0 1
    outer loop
      vertex 13.7332 -5.94321 18.8
      vertex 12.011 -8.93758 18.8
      vertex 16.1417 -4.84168 18.8
    endloop
  endfacet
  facet normal 0 0 1
    outer loop
      vertex 13.0224 -6.57999 18.8
      vertex 12.2102 -7.98843 18.8
      vertex 12.011 -8.93758 18.8
    endloop
  endfacet
  facet normal 0 0 1
    outer loop
      vertex 16.1417 -4.84168 18.8
      vertex 12.011 -8.93758 18.8
      vertex 12.2645 -11.5573 18.8
    endloop
  endfacet
  facet normal -0 0 1
    outer loop
      vertex 11.8726 -10.0794 18.8
      vertex 12.2645 -11.5573 18.8
      vertex 12.011 -8.93758 18.8
    endloop
  endfacet
  facet normal 0 0 1
    outer loop
      vertex 12.2645 -11.5573 18.8
      vertex 11.8726 -10.0794 18.8
      vertex 11.7469 -11.0398 18.8
    endloop
  endfacet
  facet normal 0 0 1
    outer loop
      vertex 16.1417 4.84168 18.8
      vertex 14.6134 5.28203 18.8
      vertex 15.4354 4.65242 18.8
    endloop
  endfacet
  facet normal 0 0 1
    outer loop
      vertex 16.1417 4.84168 18.8
      vertex 13.7332 5.94321 18.8
      vertex 14.6134 5.28203 18.8
    endloop
  endfacet
  facet normal 0 0 1
    outer loop
      vertex 12.011 8.93758 18.8
      vertex 13.7332 5.94321 18.8
      vertex 16.1417 4.84168 18.8
    endloop
  endfacet
  facet normal 0 0 1
    outer loop
      vertex 13.7332 5.94321 18.8
      vertex 12.011 8.93758 18.8
      vertex 13.0224 6.57999 18.8
    endloop
  endfacet
  facet normal -0 0 1
    outer loop
      vertex 12.011 8.93758 18.8
      vertex 16.1417 4.84168 18.8
      vertex 12.2645 11.5573 18.8
    endloop
  endfacet
  facet normal -0 -0 1
    outer loop
      vertex 12.2102 7.98843 18.8
      vertex 13.0224 6.57999 18.8
      vertex 12.011 8.93758 18.8
    endloop
  endfacet
  facet normal 0 0 1
    outer loop
      vertex 13.0224 6.57999 18.8
      vertex 12.2102 7.98843 18.8
      vertex 12.5305 7.23059 18.8
    endloop
  endfacet
  facet normal 0 0 1
    outer loop
      vertex 12.2645 11.5573 18.8
      vertex 11.8726 10.0794 18.8
      vertex 12.011 8.93758 18.8
    endloop
  endfacet
  facet normal 0 -0 1
    outer loop
      vertex 11.8726 10.0794 18.8
      vertex 12.2645 11.5573 18.8
      vertex 11.7469 11.0398 18.8
    endloop
  endfacet
  facet normal 0 0 1
    outer loop
      vertex 15.3101 2.76215 18.8
      vertex 16.4 3.87784 18.8
      vertex 15.6949 3.68892 18.8
    endloop
  endfacet
  facet normal 0 0 1
    outer loop
      vertex 14.8591 1.70407 18.8
      vertex 16.4 3.87784 18.8
      vertex 15.3101 2.76215 18.8
    endloop
  endfacet
  facet normal 0 0 1
    outer loop
      vertex 16.4 3.87784 18.8
      vertex 14.8591 1.70407 18.8
      vertex 16.4 -3.87784 18.8
    endloop
  endfacet
  facet normal 0 0 1
    outer loop
      vertex 16.4 -3.87784 18.8
      vertex 15.3101 -2.76215 18.8
      vertex 15.6949 -3.68892 18.8
    endloop
  endfacet
  facet normal -0 0 1
    outer loop
      vertex 14.8591 -1.70407 18.8
      vertex 16.4 -3.87784 18.8
      vertex 14.8591 1.70407 18.8
    endloop
  endfacet
  facet normal 0 0 1
    outer loop
      vertex 16.4 -3.87784 18.8
      vertex 14.8591 -1.70407 18.8
      vertex 15.3101 -2.76215 18.8
    endloop
  endfacet
  facet normal -0 0 1
    outer loop
      vertex 14.5674 0.813995 18.8
      vertex 14.8591 -1.70407 18.8
      vertex 14.8591 1.70407 18.8
    endloop
  endfacet
  facet normal 0 0 1
    outer loop
      vertex 14.5674 0.813995 18.8
      vertex 14.5674 -0.813995 18.8
      vertex 14.8591 -1.70407 18.8
    endloop
  endfacet
  facet normal 0 -0 1
    outer loop
      vertex 14.5674 -0.813995 18.8
      vertex 14.5674 0.813995 18.8
      vertex 14.4662 0 18.8
    endloop
  endfacet
  facet normal -0 0 1
    outer loop
      vertex -13.4733 0.0975342 18.8
      vertex -11.6734 0 18.8
      vertex -11.7517 0.62944 18.8
    endloop
  endfacet
  facet normal -0 0 1
    outer loop
      vertex -13.588 1.02028 18.8
      vertex -11.7517 0.62944 18.8
      vertex -11.9796 1.32498 18.8
    endloop
  endfacet
  facet normal 0 0 1
    outer loop
      vertex -11.6734 0 18.8
      vertex -13.4733 0.0975342 18.8
      vertex -13.4636 0 18.8
    endloop
  endfacet
  facet normal 0 0 1
    outer loop
      vertex -13.6164 1.11407 18.8
      vertex -11.9796 1.32498 18.8
      vertex -12.3405 2.17145 18.8
    endloop
  endfacet
  facet normal 0 0 1
    outer loop
      vertex -13.4733 -0.0975342 18.8
      vertex -11.6734 0 18.8
      vertex -13.4636 0 18.8
    endloop
  endfacet
  facet normal 0 0 1
    outer loop
      vertex -13.9352 2.08675 18.8
      vertex -12.3405 2.17145 18.8
      vertex -12.6295 2.86754 18.8
    endloop
  endfacet
  facet normal 0 0 1
    outer loop
      vertex -11.6734 0 18.8
      vertex -13.4733 -0.0975342 18.8
      vertex -11.7517 -0.62944 18.8
    endloop
  endfacet
  facet normal 0 0 1
    outer loop
      vertex -11.7517 -0.62944 18.8
      vertex -13.588 -1.02028 18.8
      vertex -11.9796 -1.32498 18.8
    endloop
  endfacet
  facet normal 0 0 1
    outer loop
      vertex -13.588 -1.02028 18.8
      vertex -11.7517 -0.62944 18.8
      vertex -13.4733 -0.0975342 18.8
    endloop
  endfacet
  facet normal 0 0 1
    outer loop
      vertex -11.7517 0.62944 18.8
      vertex -13.588 1.02028 18.8
      vertex -13.4733 0.0975342 18.8
    endloop
  endfacet
  facet normal 0 0 1
    outer loop
      vertex -11.9796 1.32498 18.8
      vertex -13.6164 1.11407 18.8
      vertex -13.588 1.02028 18.8
    endloop
  endfacet
  facet normal 0 0 1
    outer loop
      vertex -12.3405 2.17145 18.8
      vertex -13.9352 2.08675 18.8
      vertex -13.6164 1.11407 18.8
    endloop
  endfacet
  facet normal 0 0 1
    outer loop
      vertex -12.6295 2.86754 18.8
      vertex -14.3863 3.14482 18.8
      vertex -13.9352 2.08675 18.8
    endloop
  endfacet
  facet normal -0 -0 1
    outer loop
      vertex -14.3863 3.14482 18.8
      vertex -12.6295 2.86754 18.8
      vertex -14.4766 3.36247 18.8
    endloop
  endfacet
  facet normal -0 0 1
    outer loop
      vertex -13.6164 -1.11407 18.8
      vertex -11.9796 -1.32498 18.8
      vertex -13.588 -1.02028 18.8
    endloop
  endfacet
  facet normal 0 0 1
    outer loop
      vertex -11.9796 -1.32498 18.8
      vertex -13.6164 -1.11407 18.8
      vertex -12.3405 -2.17145 18.8
    endloop
  endfacet
  facet normal -0 0 1
    outer loop
      vertex -13.9352 -2.08675 18.8
      vertex -12.3405 -2.17145 18.8
      vertex -13.6164 -1.11407 18.8
    endloop
  endfacet
  facet normal 0 0 1
    outer loop
      vertex -12.3405 -2.17145 18.8
      vertex -13.9352 -2.08675 18.8
      vertex -12.6295 -2.86754 18.8
    endloop
  endfacet
  facet normal 0 0 1
    outer loop
      vertex -14.3863 -3.14482 18.8
      vertex -12.6295 -2.86754 18.8
      vertex -13.9352 -2.08675 18.8
    endloop
  endfacet
  facet normal 0 0 1
    outer loop
      vertex -12.6295 -2.86754 18.8
      vertex -14.3863 -3.14482 18.8
      vertex -14.4766 -3.36247 18.8
    endloop
  endfacet
  facet normal -0 0 1
    outer loop
      vertex -11.2405 7.74077 18.8
      vertex -9.70683 7.16957 18.8
      vertex -9.59613 8.08307 18.8
    endloop
  endfacet
  facet normal -0 0 1
    outer loop
      vertex -11.0302 8.74249 18.8
      vertex -9.59613 8.08307 18.8
      vertex -9.5029 8.79581 18.8
    endloop
  endfacet
  facet normal 0 0 1
    outer loop
      vertex -9.70683 7.16957 18.8
      vertex -11.2405 7.74077 18.8
      vertex -11.2689 7.64697 18.8
    endloop
  endfacet
  facet normal 0 0 1
    outer loop
      vertex -9.70683 7.16957 18.8
      vertex -11.2689 7.64697 18.8
      vertex -9.86403 6.42078 18.8
    endloop
  endfacet
  facet normal -0 0 1
    outer loop
      vertex -10.8918 9.88435 18.8
      vertex -9.5029 8.79581 18.8
      vertex -10.857 10.1499 18.8
    endloop
  endfacet
  facet normal 0 0 1
    outer loop
      vertex -11.0302 8.74249 18.8
      vertex -9.5029 8.79581 18.8
      vertex -10.8918 9.88435 18.8
    endloop
  endfacet
  facet normal 0 0 1
    outer loop
      vertex -9.59613 8.08307 18.8
      vertex -11.0302 8.74249 18.8
      vertex -11.2405 7.74077 18.8
    endloop
  endfacet
  facet normal -0 0 1
    outer loop
      vertex -11.6309 6.79048 18.8
      vertex -9.86403 6.42078 18.8
      vertex -11.2689 7.64697 18.8
    endloop
  endfacet
  facet normal 0 0 1
    outer loop
      vertex -9.86403 6.42078 18.8
      vertex -11.6309 6.79048 18.8
      vertex -10.112 5.83423 18.8
    endloop
  endfacet
  facet normal -0 0 1
    outer loop
      vertex -11.6771 6.70403 18.8
      vertex -10.112 5.83423 18.8
      vertex -11.6309 6.79048 18.8
    endloop
  endfacet
  facet normal 0 0 1
    outer loop
      vertex -10.112 5.83423 18.8
      vertex -11.6771 6.70403 18.8
      vertex -10.4916 5.33197 18.8
    endloop
  endfacet
  facet normal -0 0 1
    outer loop
      vertex -12.2379 5.96228 18.8
      vertex -10.4916 5.33197 18.8
      vertex -11.6771 6.70403 18.8
    endloop
  endfacet
  facet normal 0 0 1
    outer loop
      vertex -10.4916 5.33197 18.8
      vertex -12.2379 5.96228 18.8
      vertex -11.05 4.8318 18.8
    endloop
  endfacet
  facet normal -0 0 1
    outer loop
      vertex -12.3 5.88651 18.8
      vertex -11.05 4.8318 18.8
      vertex -12.2379 5.96228 18.8
    endloop
  endfacet
  facet normal 0 0 1
    outer loop
      vertex -11.05 4.8318 18.8
      vertex -12.3 5.88651 18.8
      vertex -11.7463 4.30878 18.8
    endloop
  endfacet
  facet normal -0 0 1
    outer loop
      vertex -13.0624 5.20352 18.8
      vertex -11.7463 4.30878 18.8
      vertex -12.3 5.88651 18.8
    endloop
  endfacet
  facet normal 0 0 1
    outer loop
      vertex -11.7463 4.30878 18.8
      vertex -13.0624 5.20352 18.8
      vertex -12.37 3.83105 18.8
    endloop
  endfacet
  facet normal -0 0 1
    outer loop
      vertex -13.1382 5.14134 18.8
      vertex -12.37 3.83105 18.8
      vertex -13.0624 5.20352 18.8
    endloop
  endfacet
  facet normal -0 0 1
    outer loop
      vertex -14.0579 4.45056 18.8
      vertex -12.37 3.83105 18.8
      vertex -13.1382 5.14134 18.8
    endloop
  endfacet
  facet normal 0 0 1
    outer loop
      vertex -12.37 3.83105 18.8
      vertex -14.0579 4.45056 18.8
      vertex -14.2196 4.32666 18.8
    endloop
  endfacet
  facet normal 0 0 1
    outer loop
      vertex -11.2689 -7.64697 18.8
      vertex -9.70683 -7.16957 18.8
      vertex -9.86403 -6.42078 18.8
    endloop
  endfacet
  facet normal 0 -0 1
    outer loop
      vertex -11.2405 -7.74077 18.8
      vertex -9.70683 -7.16957 18.8
      vertex -11.2689 -7.64697 18.8
    endloop
  endfacet
  facet normal 0 0 1
    outer loop
      vertex -11.6309 -6.79048 18.8
      vertex -9.86403 -6.42078 18.8
      vertex -10.112 -5.83423 18.8
    endloop
  endfacet
  facet normal 0 0 1
    outer loop
      vertex -11.6771 -6.70403 18.8
      vertex -10.112 -5.83423 18.8
      vertex -10.4916 -5.33197 18.8
    endloop
  endfacet
  facet normal 0 0 1
    outer loop
      vertex -9.70683 -7.16957 18.8
      vertex -11.2405 -7.74077 18.8
      vertex -9.59613 -8.08307 18.8
    endloop
  endfacet
  facet normal 0 0 1
    outer loop
      vertex -9.5029 -8.79581 18.8
      vertex -10.8918 -9.88435 18.8
      vertex -10.857 -10.1499 18.8
    endloop
  endfacet
  facet normal 0 0 1
    outer loop
      vertex -9.5029 -8.79581 18.8
      vertex -11.0302 -8.74249 18.8
      vertex -10.8918 -9.88435 18.8
    endloop
  endfacet
  facet normal 0 0 1
    outer loop
      vertex -12.2379 -5.96228 18.8
      vertex -10.4916 -5.33197 18.8
      vertex -11.05 -4.8318 18.8
    endloop
  endfacet
  facet normal 0 0 1
    outer loop
      vertex -9.59613 -8.08307 18.8
      vertex -11.0302 -8.74249 18.8
      vertex -9.5029 -8.79581 18.8
    endloop
  endfacet
  facet normal 0 -0 1
    outer loop
      vertex -11.0302 -8.74249 18.8
      vertex -9.59613 -8.08307 18.8
      vertex -11.2405 -7.74077 18.8
    endloop
  endfacet
  facet normal 0 0 1
    outer loop
      vertex -9.86403 -6.42078 18.8
      vertex -11.6309 -6.79048 18.8
      vertex -11.2689 -7.64697 18.8
    endloop
  endfacet
  facet normal 0 0 1
    outer loop
      vertex -10.112 -5.83423 18.8
      vertex -11.6771 -6.70403 18.8
      vertex -11.6309 -6.79048 18.8
    endloop
  endfacet
  facet normal 0 0 1
    outer loop
      vertex -12.3 -5.88651 18.8
      vertex -11.05 -4.8318 18.8
      vertex -11.7463 -4.30878 18.8
    endloop
  endfacet
  facet normal 0 0 1
    outer loop
      vertex -10.4916 -5.33197 18.8
      vertex -12.2379 -5.96228 18.8
      vertex -11.6771 -6.70403 18.8
    endloop
  endfacet
  facet normal 0 0 1
    outer loop
      vertex -11.05 -4.8318 18.8
      vertex -12.3 -5.88651 18.8
      vertex -12.2379 -5.96228 18.8
    endloop
  endfacet
  facet normal 0 0 1
    outer loop
      vertex -13.0624 -5.20352 18.8
      vertex -11.7463 -4.30878 18.8
      vertex -12.37 -3.83105 18.8
    endloop
  endfacet
  facet normal 0 0 1
    outer loop
      vertex -11.7463 -4.30878 18.8
      vertex -13.0624 -5.20352 18.8
      vertex -12.3 -5.88651 18.8
    endloop
  endfacet
  facet normal 0 0 1
    outer loop
      vertex -12.37 -3.83105 18.8
      vertex -13.1382 -5.14134 18.8
      vertex -13.0624 -5.20352 18.8
    endloop
  endfacet
  facet normal 0 0 1
    outer loop
      vertex -12.37 -3.83105 18.8
      vertex -14.0579 -4.45056 18.8
      vertex -13.1382 -5.14134 18.8
    endloop
  endfacet
  facet normal 0 -0 1
    outer loop
      vertex -14.0579 -4.45056 18.8
      vertex -12.37 -3.83105 18.8
      vertex -14.2196 -4.32666 18.8
    endloop
  endfacet
  facet normal 0 0 1
    outer loop
      vertex -10.6709 0 18.8
      vertex -8.88071 0 18.8
      vertex -8.93604 0.444901 18.8
    endloop
  endfacet
  facet normal 0 0 1
    outer loop
      vertex -10.6805 0.0975342 18.8
      vertex -8.93604 0.444901 18.8
      vertex -9.1002 0.945908 18.8
    endloop
  endfacet
  facet normal 0 -0 1
    outer loop
      vertex -10.6709 0 18.8
      vertex -8.93604 0.444901 18.8
      vertex -10.6805 0.0975342 18.8
    endloop
  endfacet
  facet normal 0 0 1
    outer loop
      vertex -10.7723 0.835739 18.8
      vertex -9.1002 0.945908 18.8
      vertex -9.37086 1.58075 18.8
    endloop
  endfacet
  facet normal 0 0 1
    outer loop
      vertex -8.88071 0 18.8
      vertex -10.6709 0 18.8
      vertex -8.93604 -0.444901 18.8
    endloop
  endfacet
  facet normal 0 0 1
    outer loop
      vertex -10.8008 0.929535 18.8
      vertex -9.37086 1.58075 18.8
      vertex -9.5641 2.04617 18.8
    endloop
  endfacet
  facet normal -0 0 1
    outer loop
      vertex -10.6805 -0.0975342 18.8
      vertex -8.93604 -0.444901 18.8
      vertex -10.6709 0 18.8
    endloop
  endfacet
  facet normal -0 0 1
    outer loop
      vertex -10.7723 -0.835739 18.8
      vertex -9.1002 -0.945908 18.8
      vertex -10.6805 -0.0975342 18.8
    endloop
  endfacet
  facet normal 0 0 1
    outer loop
      vertex -8.93604 -0.444901 18.8
      vertex -10.6805 -0.0975342 18.8
      vertex -9.1002 -0.945908 18.8
    endloop
  endfacet
  facet normal 0 0 1
    outer loop
      vertex -9.1002 0.945908 18.8
      vertex -10.7723 0.835739 18.8
      vertex -10.6805 0.0975342 18.8
    endloop
  endfacet
  facet normal 0 0 1
    outer loop
      vertex -9.37086 1.58075 18.8
      vertex -10.8008 0.929535 18.8
      vertex -10.7723 0.835739 18.8
    endloop
  endfacet
  facet normal 0 0 1
    outer loop
      vertex -9.5641 2.04617 18.8
      vertex -11.0558 1.70767 18.8
      vertex -10.8008 0.929535 18.8
    endloop
  endfacet
  facet normal 0 -0 1
    outer loop
      vertex -11.0558 1.70767 18.8
      vertex -9.5641 2.04617 18.8
      vertex -11.4111 2.54106 18.8
    endloop
  endfacet
  facet normal 0 0 1
    outer loop
      vertex -9.1002 -0.945908 18.8
      vertex -10.7723 -0.835739 18.8
      vertex -9.37086 -1.58075 18.8
    endloop
  endfacet
  facet normal -0 0 1
    outer loop
      vertex -10.8008 -0.929535 18.8
      vertex -9.37086 -1.58075 18.8
      vertex -10.7723 -0.835739 18.8
    endloop
  endfacet
  facet normal 0 0 1
    outer loop
      vertex -9.37086 -1.58075 18.8
      vertex -10.8008 -0.929535 18.8
      vertex -9.5641 -2.04617 18.8
    endloop
  endfacet
  facet normal -0 0 1
    outer loop
      vertex -11.0558 -1.70767 18.8
      vertex -9.5641 -2.04617 18.8
      vertex -10.8008 -0.929535 18.8
    endloop
  endfacet
  facet normal 0 0 1
    outer loop
      vertex -9.5641 -2.04617 18.8
      vertex -11.0558 -1.70767 18.8
      vertex -11.4111 -2.54106 18.8
    endloop
  endfacet
  facet normal -0 0 1
    outer loop
      vertex -8.92274 6.0793 18.8
      vertex -7.40273 5.40157 18.8
      vertex -7.31969 6.08669 18.8
    endloop
  endfacet
  facet normal -0 0 1
    outer loop
      vertex -8.89429 6.1731 18.8
      vertex -7.31969 6.08669 18.8
      vertex -7.25887 6.55176 18.8
    endloop
  endfacet
  facet normal 0 0 1
    outer loop
      vertex -9.21236 5.3941 18.8
      vertex -7.40273 5.40157 18.8
      vertex -8.92274 6.0793 18.8
    endloop
  endfacet
  facet normal 0 0 1
    outer loop
      vertex -7.40273 5.40157 18.8
      vertex -9.21236 5.3941 18.8
      vertex -7.51785 4.85318 18.8
    endloop
  endfacet
  facet normal 0 0 1
    outer loop
      vertex -7.51785 4.85318 18.8
      vertex -9.21236 5.3941 18.8
      vertex -7.69337 4.43787 18.8
    endloop
  endfacet
  facet normal -0 0 1
    outer loop
      vertex -8.61534 7.88797 18.8
      vertex -7.25887 6.55176 18.8
      vertex -8.61299 7.9059 18.8
    endloop
  endfacet
  facet normal -0 0 1
    outer loop
      vertex -8.72606 6.97449 18.8
      vertex -7.25887 6.55176 18.8
      vertex -8.61534 7.88797 18.8
    endloop
  endfacet
  facet normal 0 0 1
    outer loop
      vertex -8.89429 6.1731 18.8
      vertex -7.25887 6.55176 18.8
      vertex -8.72606 6.97449 18.8
    endloop
  endfacet
  facet normal 0 0 1
    outer loop
      vertex -7.31969 6.08669 18.8
      vertex -8.89429 6.1731 18.8
      vertex -8.92274 6.0793 18.8
    endloop
  endfacet
  facet normal -0 0 1
    outer loop
      vertex -9.25856 5.30766 18.8
      vertex -7.69337 4.43787 18.8
      vertex -9.21236 5.3941 18.8
    endloop
  endfacet
  facet normal 0 0 1
    outer loop
      vertex -7.69337 4.43787 18.8
      vertex -9.25856 5.30766 18.8
      vertex -7.96088 4.084 18.8
    endloop
  endfacet
  facet normal 0 0 1
    outer loop
      vertex -7.96088 4.084 18.8
      vertex -9.25856 5.30766 18.8
      vertex -8.36667 3.72046 18.8
    endloop
  endfacet
  facet normal -0 0 1
    outer loop
      vertex -9.70715 4.71426 18.8
      vertex -8.36667 3.72046 18.8
      vertex -9.25856 5.30766 18.8
    endloop
  endfacet
  facet normal 0 0 1
    outer loop
      vertex -8.36667 3.72046 18.8
      vertex -9.70715 4.71426 18.8
      vertex -8.87918 3.33551 18.8
    endloop
  endfacet
  facet normal -0 0 1
    outer loop
      vertex -9.76933 4.63849 18.8
      vertex -8.87918 3.33551 18.8
      vertex -9.70715 4.71426 18.8
    endloop
  endfacet
  facet normal 0 0 1
    outer loop
      vertex -8.87918 3.33551 18.8
      vertex -9.76933 4.63849 18.8
      vertex -9.30457 3.00967 18.8
    endloop
  endfacet
  facet normal -0 0 1
    outer loop
      vertex -10.3792 4.0921 18.8
      vertex -9.30457 3.00967 18.8
      vertex -9.76933 4.63849 18.8
    endloop
  endfacet
  facet normal -0 0 1
    outer loop
      vertex -10.455 4.02992 18.8
      vertex -9.30457 3.00967 18.8
      vertex -10.3792 4.0921 18.8
    endloop
  endfacet
  facet normal 0 0 1
    outer loop
      vertex -9.30457 3.00967 18.8
      vertex -10.455 4.02992 18.8
      vertex -11.1537 3.50514 18.8
    endloop
  endfacet
  facet normal -0 0 1
    outer loop
      vertex -9.21236 -5.3941 18.8
      vertex -7.40273 -5.40157 18.8
      vertex -7.51785 -4.85318 18.8
    endloop
  endfacet
  facet normal 0 0 1
    outer loop
      vertex -7.40273 -5.40157 18.8
      vertex -8.92274 -6.0793 18.8
      vertex -7.31969 -6.08669 18.8
    endloop
  endfacet
  facet normal 0 0 1
    outer loop
      vertex -9.21236 -5.3941 18.8
      vertex -7.51785 -4.85318 18.8
      vertex -7.69337 -4.43787 18.8
    endloop
  endfacet
  facet normal 0 0 1
    outer loop
      vertex -9.25856 -5.30766 18.8
      vertex -7.69337 -4.43787 18.8
      vertex -7.96088 -4.084 18.8
    endloop
  endfacet
  facet normal 0 0 1
    outer loop
      vertex -9.25856 -5.30766 18.8
      vertex -7.96088 -4.084 18.8
      vertex -8.36667 -3.72046 18.8
    endloop
  endfacet
  facet normal 0 0 1
    outer loop
      vertex -7.40273 -5.40157 18.8
      vertex -9.21236 -5.3941 18.8
      vertex -8.92274 -6.0793 18.8
    endloop
  endfacet
  facet normal 0 0 1
    outer loop
      vertex -7.25887 -6.55176 18.8
      vertex -8.61534 -7.88797 18.8
      vertex -8.61299 -7.9059 18.8
    endloop
  endfacet
  facet normal 0 0 1
    outer loop
      vertex -7.25887 -6.55176 18.8
      vertex -8.72606 -6.97449 18.8
      vertex -8.61534 -7.88797 18.8
    endloop
  endfacet
  facet normal 0 0 1
    outer loop
      vertex -9.70715 -4.71426 18.8
      vertex -8.36667 -3.72046 18.8
      vertex -8.87918 -3.33551 18.8
    endloop
  endfacet
  facet normal 0 0 1
    outer loop
      vertex -7.25887 -6.55176 18.8
      vertex -8.89429 -6.1731 18.8
      vertex -8.72606 -6.97449 18.8
    endloop
  endfacet
  facet normal 0 0 1
    outer loop
      vertex -7.31969 -6.08669 18.8
      vertex -8.89429 -6.1731 18.8
      vertex -7.25887 -6.55176 18.8
    endloop
  endfacet
  facet normal 0 -0 1
    outer loop
      vertex -8.89429 -6.1731 18.8
      vertex -7.31969 -6.08669 18.8
      vertex -8.92274 -6.0793 18.8
    endloop
  endfacet
  facet normal 0 0 1
    outer loop
      vertex -7.69337 -4.43787 18.8
      vertex -9.25856 -5.30766 18.8
      vertex -9.21236 -5.3941 18.8
    endloop
  endfacet
  facet normal 0 0 1
    outer loop
      vertex -9.76933 -4.63849 18.8
      vertex -8.87918 -3.33551 18.8
      vertex -9.30457 -3.00967 18.8
    endloop
  endfacet
  facet normal 0 0 1
    outer loop
      vertex -8.36667 -3.72046 18.8
      vertex -9.70715 -4.71426 18.8
      vertex -9.25856 -5.30766 18.8
    endloop
  endfacet
  facet normal 0 0 1
    outer loop
      vertex -8.87918 -3.33551 18.8
      vertex -9.76933 -4.63849 18.8
      vertex -9.70715 -4.71426 18.8
    endloop
  endfacet
  facet normal 0 0 1
    outer loop
      vertex -9.30457 -3.00967 18.8
      vertex -10.3792 -4.0921 18.8
      vertex -9.76933 -4.63849 18.8
    endloop
  endfacet
  facet normal 0 0 1
    outer loop
      vertex -9.30457 -3.00967 18.8
      vertex -10.455 -4.02992 18.8
      vertex -10.3792 -4.0921 18.8
    endloop
  endfacet
  facet normal 0 -0 1
    outer loop
      vertex -10.455 -4.02992 18.8
      vertex -9.30457 -3.00967 18.8
      vertex -11.1537 -3.50514 18.8
    endloop
  endfacet
  facet normal -0 0 1
    outer loop
      vertex -4.45056 14.0579 18.8
      vertex -3.83105 12.37 18.8
      vertex -4.32666 14.2196 18.8
    endloop
  endfacet
  facet normal -0 0 1
    outer loop
      vertex -5.14134 13.1382 18.8
      vertex -3.83105 12.37 18.8
      vertex -4.45056 14.0579 18.8
    endloop
  endfacet
  facet normal -0 0 1
    outer loop
      vertex -5.20352 13.0624 18.8
      vertex -3.83105 12.37 18.8
      vertex -5.14134 13.1382 18.8
    endloop
  endfacet
  facet normal 0 0 1
    outer loop
      vertex -3.83105 12.37 18.8
      vertex -5.20352 13.0624 18.8
      vertex -4.30878 11.7463 18.8
    endloop
  endfacet
  facet normal -0 0 1
    outer loop
      vertex -5.88651 12.3 18.8
      vertex -4.30878 11.7463 18.8
      vertex -5.20352 13.0624 18.8
    endloop
  endfacet
  facet normal 0 0 1
    outer loop
      vertex -4.30878 11.7463 18.8
      vertex -5.88651 12.3 18.8
      vertex -4.8318 11.05 18.8
    endloop
  endfacet
  facet normal -0 0 1
    outer loop
      vertex -5.96228 12.2379 18.8
      vertex -4.8318 11.05 18.8
      vertex -5.88651 12.3 18.8
    endloop
  endfacet
  facet normal 0 0 1
    outer loop
      vertex -4.8318 11.05 18.8
      vertex -5.96228 12.2379 18.8
      vertex -5.33197 10.4916 18.8
    endloop
  endfacet
  facet normal -0 0 1
    outer loop
      vertex -6.70403 11.6771 18.8
      vertex -5.33197 10.4916 18.8
      vertex -5.96228 12.2379 18.8
    endloop
  endfacet
  facet normal 0 0 1
    outer loop
      vertex -5.33197 10.4916 18.8
      vertex -6.70403 11.6771 18.8
      vertex -5.83423 10.112 18.8
    endloop
  endfacet
  facet normal -0 0 1
    outer loop
      vertex -6.79048 11.6309 18.8
      vertex -5.83423 10.112 18.8
      vertex -6.70403 11.6771 18.8
    endloop
  endfacet
  facet normal 0 0 1
    outer loop
      vertex -5.83423 10.112 18.8
      vertex -6.79048 11.6309 18.8
      vertex -6.42078 9.86403 18.8
    endloop
  endfacet
  facet normal -0 0 1
    outer loop
      vertex -7.64697 11.2689 18.8
      vertex -6.42078 9.86403 18.8
      vertex -6.79048 11.6309 18.8
    endloop
  endfacet
  facet normal 0 0 1
    outer loop
      vertex -6.42078 9.86403 18.8
      vertex -7.64697 11.2689 18.8
      vertex -7.16957 9.70683 18.8
    endloop
  endfacet
  facet normal -0 0 1
    outer loop
      vertex -7.74077 11.2405 18.8
      vertex -7.16957 9.70683 18.8
      vertex -7.64697 11.2689 18.8
    endloop
  endfacet
  facet normal 0 0 1
    outer loop
      vertex -7.74077 11.2405 18.8
      vertex -8.08307 9.59613 18.8
      vertex -7.16957 9.70683 18.8
    endloop
  endfacet
  facet normal -0 0 1
    outer loop
      vertex -8.74249 11.0302 18.8
      vertex -8.08307 9.59613 18.8
      vertex -7.74077 11.2405 18.8
    endloop
  endfacet
  facet normal 0 0 1
    outer loop
      vertex -8.74249 11.0302 18.8
      vertex -8.79581 9.5029 18.8
      vertex -8.08307 9.59613 18.8
    endloop
  endfacet
  facet normal -0 0 1
    outer loop
      vertex -9.88435 10.8918 18.8
      vertex -8.79581 9.5029 18.8
      vertex -8.74249 11.0302 18.8
    endloop
  endfacet
  facet normal 0 0 1
    outer loop
      vertex -8.79581 9.5029 18.8
      vertex -9.88435 10.8918 18.8
      vertex -10.1499 10.857 18.8
    endloop
  endfacet
  facet normal 0 0 1
    outer loop
      vertex -5.20352 -13.0624 18.8
      vertex -3.83105 -12.37 18.8
      vertex -4.30878 -11.7463 18.8
    endloop
  endfacet
  facet normal 0 0 1
    outer loop
      vertex -3.83105 -12.37 18.8
      vertex -4.45056 -14.0579 18.8
      vertex -4.32666 -14.2196 18.8
    endloop
  endfacet
  facet normal 0 0 1
    outer loop
      vertex -5.88651 -12.3 18.8
      vertex -4.30878 -11.7463 18.8
      vertex -4.8318 -11.05 18.8
    endloop
  endfacet
  facet normal 0 0 1
    outer loop
      vertex -3.83105 -12.37 18.8
      vertex -5.14134 -13.1382 18.8
      vertex -4.45056 -14.0579 18.8
    endloop
  endfacet
  facet normal 0 0 1
    outer loop
      vertex -3.83105 -12.37 18.8
      vertex -5.20352 -13.0624 18.8
      vertex -5.14134 -13.1382 18.8
    endloop
  endfacet
  facet normal 0 0 1
    outer loop
      vertex -5.96228 -12.2379 18.8
      vertex -4.8318 -11.05 18.8
      vertex -5.33197 -10.4916 18.8
    endloop
  endfacet
  facet normal 0 0 1
    outer loop
      vertex -6.70403 -11.6771 18.8
      vertex -5.33197 -10.4916 18.8
      vertex -5.83423 -10.112 18.8
    endloop
  endfacet
  facet normal 0 0 1
    outer loop
      vertex -4.30878 -11.7463 18.8
      vertex -5.88651 -12.3 18.8
      vertex -5.20352 -13.0624 18.8
    endloop
  endfacet
  facet normal 0 0 1
    outer loop
      vertex -4.8318 -11.05 18.8
      vertex -5.96228 -12.2379 18.8
      vertex -5.88651 -12.3 18.8
    endloop
  endfacet
  facet normal 0 0 1
    outer loop
      vertex -6.79048 -11.6309 18.8
      vertex -5.83423 -10.112 18.8
      vertex -6.42078 -9.86403 18.8
    endloop
  endfacet
  facet normal 0 0 1
    outer loop
      vertex -5.33197 -10.4916 18.8
      vertex -6.70403 -11.6771 18.8
      vertex -5.96228 -12.2379 18.8
    endloop
  endfacet
  facet normal 0 0 1
    outer loop
      vertex -5.83423 -10.112 18.8
      vertex -6.79048 -11.6309 18.8
      vertex -6.70403 -11.6771 18.8
    endloop
  endfacet
  facet normal 0 0 1
    outer loop
      vertex -7.64697 -11.2689 18.8
      vertex -6.42078 -9.86403 18.8
      vertex -7.16957 -9.70683 18.8
    endloop
  endfacet
  facet normal 0 0 1
    outer loop
      vertex -6.42078 -9.86403 18.8
      vertex -7.64697 -11.2689 18.8
      vertex -6.79048 -11.6309 18.8
    endloop
  endfacet
  facet normal 0 0 1
    outer loop
      vertex -7.16957 -9.70683 18.8
      vertex -7.74077 -11.2405 18.8
      vertex -7.64697 -11.2689 18.8
    endloop
  endfacet
  facet normal 0 0 1
    outer loop
      vertex -8.08307 -9.59613 18.8
      vertex -7.74077 -11.2405 18.8
      vertex -7.16957 -9.70683 18.8
    endloop
  endfacet
  facet normal 0 0 1
    outer loop
      vertex -8.08307 -9.59613 18.8
      vertex -8.74249 -11.0302 18.8
      vertex -7.74077 -11.2405 18.8
    endloop
  endfacet
  facet normal 0 0 1
    outer loop
      vertex -8.79581 -9.5029 18.8
      vertex -8.74249 -11.0302 18.8
      vertex -8.08307 -9.59613 18.8
    endloop
  endfacet
  facet normal 0 0 1
    outer loop
      vertex -8.79581 -9.5029 18.8
      vertex -9.88435 -10.8918 18.8
      vertex -8.74249 -11.0302 18.8
    endloop
  endfacet
  facet normal 0 -0 1
    outer loop
      vertex -9.88435 -10.8918 18.8
      vertex -8.79581 -9.5029 18.8
      vertex -10.1499 -10.857 18.8
    endloop
  endfacet
  facet normal 0 0 1
    outer loop
      vertex -7.87819 0 18.8
      vertex -6.08798 0 18.8
      vertex -6.12033 0.260269 18.8
    endloop
  endfacet
  facet normal 0 0 1
    outer loop
      vertex -7.87819 0 18.8
      vertex -6.12033 0.260269 18.8
      vertex -6.22078 0.566818 18.8
    endloop
  endfacet
  facet normal 0 0 1
    outer loop
      vertex -6.08798 0 18.8
      vertex -7.87819 0 18.8
      vertex -6.12033 -0.260269 18.8
    endloop
  endfacet
  facet normal 0 0 1
    outer loop
      vertex -7.88779 0.0975342 18.8
      vertex -6.22078 0.566818 18.8
      vertex -6.40121 0.990051 18.8
    endloop
  endfacet
  facet normal 0 0 1
    outer loop
      vertex -6.12033 -0.260269 18.8
      vertex -7.87819 0 18.8
      vertex -6.22078 -0.566818 18.8
    endloop
  endfacet
  facet normal 0 0 1
    outer loop
      vertex -7.95663 0.651184 18.8
      vertex -6.40121 0.990051 18.8
      vertex -6.49869 1.22479 18.8
    endloop
  endfacet
  facet normal -0 0 1
    outer loop
      vertex -7.88779 -0.0975342 18.8
      vertex -6.22078 -0.566818 18.8
      vertex -7.87819 0 18.8
    endloop
  endfacet
  facet normal 0 0 1
    outer loop
      vertex -6.22078 -0.566818 18.8
      vertex -7.88779 -0.0975342 18.8
      vertex -6.40121 -0.990051 18.8
    endloop
  endfacet
  facet normal 0 0 1
    outer loop
      vertex -6.22078 0.566818 18.8
      vertex -7.88779 0.0975342 18.8
      vertex -7.87819 0 18.8
    endloop
  endfacet
  facet normal 0 0 1
    outer loop
      vertex -6.40121 0.990051 18.8
      vertex -7.95663 0.651184 18.8
      vertex -7.88779 0.0975342 18.8
    endloop
  endfacet
  facet normal 0 0 1
    outer loop
      vertex -6.49869 1.22479 18.8
      vertex -7.98508 0.74498 18.8
      vertex -7.95663 0.651184 18.8
    endloop
  endfacet
  facet normal 0 0 1
    outer loop
      vertex -6.49869 1.22479 18.8
      vertex -8.17633 1.32858 18.8
      vertex -7.98508 0.74498 18.8
    endloop
  endfacet
  facet normal -0 -0 1
    outer loop
      vertex -8.17633 1.32858 18.8
      vertex -6.49869 1.22479 18.8
      vertex -8.34273 1.7189 18.8
    endloop
  endfacet
  facet normal -0 0 1
    outer loop
      vertex -7.95663 -0.651184 18.8
      vertex -6.40121 -0.990051 18.8
      vertex -7.88779 -0.0975342 18.8
    endloop
  endfacet
  facet normal 0 0 1
    outer loop
      vertex -6.40121 -0.990051 18.8
      vertex -7.95663 -0.651184 18.8
      vertex -6.49869 -1.22479 18.8
    endloop
  endfacet
  facet normal -0 0 1
    outer loop
      vertex -7.98508 -0.74498 18.8
      vertex -6.49869 -1.22479 18.8
      vertex -7.95663 -0.651184 18.8
    endloop
  endfacet
  facet normal 0 0 1
    outer loop
      vertex -8.17633 -1.32858 18.8
      vertex -6.49869 -1.22479 18.8
      vertex -7.98508 -0.74498 18.8
    endloop
  endfacet
  facet normal 0 0 1
    outer loop
      vertex -6.49869 -1.22479 18.8
      vertex -8.17633 -1.32858 18.8
      vertex -8.34273 -1.7189 18.8
    endloop
  endfacet
  facet normal 0 0 1
    outer loop
      vertex -6.57657 4.51164 18.8
      vertex -5.09862 3.63356 18.8
      vertex -5.04326 4.0903 18.8
    endloop
  endfacet
  facet normal 0 0 1
    outer loop
      vertex -6.57657 4.51164 18.8
      vertex -5.04326 4.0903 18.8
      vertex -5.01482 4.30772 18.8
    endloop
  endfacet
  facet normal 0 0 1
    outer loop
      vertex -5.09862 3.63356 18.8
      vertex -6.79378 3.99774 18.8
      vertex -5.17169 3.28546 18.8
    endloop
  endfacet
  facet normal -0 0 1
    outer loop
      vertex -6.83998 3.9113 18.8
      vertex -5.17169 3.28546 18.8
      vertex -6.79378 3.99774 18.8
    endloop
  endfacet
  facet normal 0 0 1
    outer loop
      vertex -5.17169 3.28546 18.8
      vertex -6.83998 3.9113 18.8
      vertex -5.27481 3.0415 18.8
    endloop
  endfacet
  facet normal 0 0 1
    outer loop
      vertex -5.27481 3.0415 18.8
      vertex -6.83998 3.9113 18.8
      vertex -5.43018 2.83598 18.8
    endloop
  endfacet
  facet normal 0 0 1
    outer loop
      vertex -5.43018 2.83598 18.8
      vertex -6.83998 3.9113 18.8
      vertex -5.68358 2.60896 18.8
    endloop
  endfacet
  facet normal -0 0 1
    outer loop
      vertex -6.42194 5.20647 18.8
      vertex -5.01482 4.30772 18.8
      vertex -6.36699 5.6599 18.8
    endloop
  endfacet
  facet normal -0 0 1
    outer loop
      vertex -6.54813 4.60544 18.8
      vertex -5.01482 4.30772 18.8
      vertex -6.42194 5.20647 18.8
    endloop
  endfacet
  facet normal -0 0 1
    outer loop
      vertex -6.57657 4.51164 18.8
      vertex -5.01482 4.30772 18.8
      vertex -6.54813 4.60544 18.8
    endloop
  endfacet
  facet normal 0 0 1
    outer loop
      vertex -5.09862 3.63356 18.8
      vertex -6.57657 4.51164 18.8
      vertex -6.79378 3.99774 18.8
    endloop
  endfacet
  facet normal -0 0 1
    outer loop
      vertex -7.17642 3.46625 18.8
      vertex -5.68358 2.60896 18.8
      vertex -6.83998 3.9113 18.8
    endloop
  endfacet
  facet normal 0 0 1
    outer loop
      vertex -5.68358 2.60896 18.8
      vertex -7.17642 3.46625 18.8
      vertex -6.01205 2.36224 18.8
    endloop
  endfacet
  facet normal -0 0 1
    outer loop
      vertex -7.2386 3.39049 18.8
      vertex -6.01205 2.36224 18.8
      vertex -7.17642 3.46625 18.8
    endloop
  endfacet
  facet normal 0 0 1
    outer loop
      vertex -6.01205 2.36224 18.8
      vertex -7.2386 3.39049 18.8
      vertex -6.23915 2.18829 18.8
    endloop
  endfacet
  facet normal -0 0 1
    outer loop
      vertex -7.69603 2.98068 18.8
      vertex -6.23915 2.18829 18.8
      vertex -7.2386 3.39049 18.8
    endloop
  endfacet
  facet normal -0 0 1
    outer loop
      vertex -7.7718 2.9185 18.8
      vertex -6.23915 2.18829 18.8
      vertex -7.69603 2.98068 18.8
    endloop
  endfacet
  facet normal 0 0 1
    outer loop
      vertex -6.23915 2.18829 18.8
      vertex -7.7718 2.9185 18.8
      vertex -8.08536 2.68298 18.8
    endloop
  endfacet
  facet normal 0 0 1
    outer loop
      vertex -6.79378 -3.99774 18.8
      vertex -5.09862 -3.63356 18.8
      vertex -5.17169 -3.28546 18.8
    endloop
  endfacet
  facet normal 0 -0 1
    outer loop
      vertex -6.57657 -4.51164 18.8
      vertex -5.09862 -3.63356 18.8
      vertex -6.79378 -3.99774 18.8
    endloop
  endfacet
  facet normal 0 0 1
    outer loop
      vertex -6.83998 -3.9113 18.8
      vertex -5.17169 -3.28546 18.8
      vertex -5.27481 -3.0415 18.8
    endloop
  endfacet
  facet normal 0 0 1
    outer loop
      vertex -6.83998 -3.9113 18.8
      vertex -5.27481 -3.0415 18.8
      vertex -5.43018 -2.83598 18.8
    endloop
  endfacet
  facet normal 0 0 1
    outer loop
      vertex -6.83998 -3.9113 18.8
      vertex -5.43018 -2.83598 18.8
      vertex -5.68358 -2.60896 18.8
    endloop
  endfacet
  facet normal 0 0 1
    outer loop
      vertex -7.17642 -3.46625 18.8
      vertex -5.68358 -2.60896 18.8
      vertex -6.01205 -2.36224 18.8
    endloop
  endfacet
  facet normal 0 0 1
    outer loop
      vertex -7.2386 -3.39049 18.8
      vertex -6.01205 -2.36224 18.8
      vertex -6.23915 -2.18829 18.8
    endloop
  endfacet
  facet normal 0 0 1
    outer loop
      vertex -5.17169 -3.28546 18.8
      vertex -6.83998 -3.9113 18.8
      vertex -6.79378 -3.99774 18.8
    endloop
  endfacet
  facet normal 0 0 1
    outer loop
      vertex -5.01482 -4.30772 18.8
      vertex -6.42194 -5.20647 18.8
      vertex -6.36699 -5.6599 18.8
    endloop
  endfacet
  facet normal 0 0 1
    outer loop
      vertex -5.01482 -4.30772 18.8
      vertex -6.54813 -4.60544 18.8
      vertex -6.42194 -5.20647 18.8
    endloop
  endfacet
  facet normal 0 0 1
    outer loop
      vertex -5.01482 -4.30772 18.8
      vertex -6.57657 -4.51164 18.8
      vertex -6.54813 -4.60544 18.8
    endloop
  endfacet
  facet normal 0 0 1
    outer loop
      vertex -5.04326 -4.0903 18.8
      vertex -6.57657 -4.51164 18.8
      vertex -5.01482 -4.30772 18.8
    endloop
  endfacet
  facet normal 0 0 1
    outer loop
      vertex -5.09862 -3.63356 18.8
      vertex -6.57657 -4.51164 18.8
      vertex -5.04326 -4.0903 18.8
    endloop
  endfacet
  facet normal 0 0 1
    outer loop
      vertex -5.68358 -2.60896 18.8
      vertex -7.17642 -3.46625 18.8
      vertex -6.83998 -3.9113 18.8
    endloop
  endfacet
  facet normal 0 0 1
    outer loop
      vertex -6.01205 -2.36224 18.8
      vertex -7.2386 -3.39049 18.8
      vertex -7.17642 -3.46625 18.8
    endloop
  endfacet
  facet normal 0 0 1
    outer loop
      vertex -6.23915 -2.18829 18.8
      vertex -7.69603 -2.98068 18.8
      vertex -7.2386 -3.39049 18.8
    endloop
  endfacet
  facet normal 0 0 1
    outer loop
      vertex -6.23915 -2.18829 18.8
      vertex -7.7718 -2.9185 18.8
      vertex -7.69603 -2.98068 18.8
    endloop
  endfacet
  facet normal 0 -0 1
    outer loop
      vertex -7.7718 -2.9185 18.8
      vertex -6.23915 -2.18829 18.8
      vertex -8.08536 -2.68298 18.8
    endloop
  endfacet
  facet normal -0 0 1
    outer loop
      vertex -4.02992 10.455 18.8
      vertex -3.00967 9.30457 18.8
      vertex -3.50514 11.1537 18.8
    endloop
  endfacet
  facet normal -0 0 1
    outer loop
      vertex -4.0921 10.3792 18.8
      vertex -3.00967 9.30457 18.8
      vertex -4.02992 10.455 18.8
    endloop
  endfacet
  facet normal 0 0 1
    outer loop
      vertex -3.00967 9.30457 18.8
      vertex -4.0921 10.3792 18.8
      vertex -3.33551 8.87918 18.8
    endloop
  endfacet
  facet normal -0 0 1
    outer loop
      vertex -4.63849 9.76933 18.8
      vertex -3.33551 8.87918 18.8
      vertex -4.0921 10.3792 18.8
    endloop
  endfacet
  facet normal 0 0 1
    outer loop
      vertex -3.33551 8.87918 18.8
      vertex -4.63849 9.76933 18.8
      vertex -3.72046 8.36667 18.8
    endloop
  endfacet
  facet normal -0 0 1
    outer loop
      vertex -4.71426 9.70715 18.8
      vertex -3.72046 8.36667 18.8
      vertex -4.63849 9.76933 18.8
    endloop
  endfacet
  facet normal -0 0 1
    outer loop
      vertex -5.30766 9.25856 18.8
      vertex -3.72046 8.36667 18.8
      vertex -4.71426 9.70715 18.8
    endloop
  endfacet
  facet normal 0 0 1
    outer loop
      vertex -3.72046 8.36667 18.8
      vertex -5.30766 9.25856 18.8
      vertex -4.084 7.96088 18.8
    endloop
  endfacet
  facet normal 0 0 1
    outer loop
      vertex -4.084 7.96088 18.8
      vertex -5.30766 9.25856 18.8
      vertex -4.43787 7.69337 18.8
    endloop
  endfacet
  facet normal -0 0 1
    outer loop
      vertex -5.3941 9.21236 18.8
      vertex -4.43787 7.69337 18.8
      vertex -5.30766 9.25856 18.8
    endloop
  endfacet
  facet normal 0 0 1
    outer loop
      vertex -4.43787 7.69337 18.8
      vertex -5.3941 9.21236 18.8
      vertex -4.85318 7.51785 18.8
    endloop
  endfacet
  facet normal 0 0 1
    outer loop
      vertex -5.3941 9.21236 18.8
      vertex -5.40157 7.40273 18.8
      vertex -4.85318 7.51785 18.8
    endloop
  endfacet
  facet normal -0 0 1
    outer loop
      vertex -6.0793 8.92274 18.8
      vertex -5.40157 7.40273 18.8
      vertex -5.3941 9.21236 18.8
    endloop
  endfacet
  facet normal 0 0 1
    outer loop
      vertex -6.0793 8.92274 18.8
      vertex -6.08669 7.31969 18.8
      vertex -5.40157 7.40273 18.8
    endloop
  endfacet
  facet normal -0 0 1
    outer loop
      vertex -6.1731 8.89429 18.8
      vertex -6.08669 7.31969 18.8
      vertex -6.0793 8.92274 18.8
    endloop
  endfacet
  facet normal 0 0 1
    outer loop
      vertex -6.1731 8.89429 18.8
      vertex -6.55176 7.25887 18.8
      vertex -6.08669 7.31969 18.8
    endloop
  endfacet
  facet normal -0 0 1
    outer loop
      vertex -6.97449 8.72606 18.8
      vertex -6.55176 7.25887 18.8
      vertex -6.1731 8.89429 18.8
    endloop
  endfacet
  facet normal -0 0 1
    outer loop
      vertex -7.88797 8.61534 18.8
      vertex -6.55176 7.25887 18.8
      vertex -6.97449 8.72606 18.8
    endloop
  endfacet
  facet normal 0 0 1
    outer loop
      vertex -6.55176 7.25887 18.8
      vertex -7.88797 8.61534 18.8
      vertex -7.9059 8.61299 18.8
    endloop
  endfacet
  facet normal 0 0 1
    outer loop
      vertex -4.0921 -10.3792 18.8
      vertex -3.00967 -9.30457 18.8
      vertex -3.33551 -8.87918 18.8
    endloop
  endfacet
  facet normal 0 0 1
    outer loop
      vertex -4.63849 -9.76933 18.8
      vertex -3.33551 -8.87918 18.8
      vertex -3.72046 -8.36667 18.8
    endloop
  endfacet
  facet normal 0 0 1
    outer loop
      vertex -3.00967 -9.30457 18.8
      vertex -4.02992 -10.455 18.8
      vertex -3.50514 -11.1537 18.8
    endloop
  endfacet
  facet normal 0 0 1
    outer loop
      vertex -5.30766 -9.25856 18.8
      vertex -3.72046 -8.36667 18.8
      vertex -4.084 -7.96088 18.8
    endloop
  endfacet
  facet normal 0 0 1
    outer loop
      vertex -3.00967 -9.30457 18.8
      vertex -4.0921 -10.3792 18.8
      vertex -4.02992 -10.455 18.8
    endloop
  endfacet
  facet normal 0 0 1
    outer loop
      vertex -5.30766 -9.25856 18.8
      vertex -4.084 -7.96088 18.8
      vertex -4.43787 -7.69337 18.8
    endloop
  endfacet
  facet normal 0 0 1
    outer loop
      vertex -3.33551 -8.87918 18.8
      vertex -4.63849 -9.76933 18.8
      vertex -4.0921 -10.3792 18.8
    endloop
  endfacet
  facet normal 0 0 1
    outer loop
      vertex -3.72046 -8.36667 18.8
      vertex -4.71426 -9.70715 18.8
      vertex -4.63849 -9.76933 18.8
    endloop
  endfacet
  facet normal 0 0 1
    outer loop
      vertex -5.3941 -9.21236 18.8
      vertex -4.43787 -7.69337 18.8
      vertex -4.85318 -7.51785 18.8
    endloop
  endfacet
  facet normal 0 0 1
    outer loop
      vertex -3.72046 -8.36667 18.8
      vertex -5.30766 -9.25856 18.8
      vertex -4.71426 -9.70715 18.8
    endloop
  endfacet
  facet normal 0 0 1
    outer loop
      vertex -4.43787 -7.69337 18.8
      vertex -5.3941 -9.21236 18.8
      vertex -5.30766 -9.25856 18.8
    endloop
  endfacet
  facet normal 0 0 1
    outer loop
      vertex -5.40157 -7.40273 18.8
      vertex -5.3941 -9.21236 18.8
      vertex -4.85318 -7.51785 18.8
    endloop
  endfacet
  facet normal 0 0 1
    outer loop
      vertex -5.40157 -7.40273 18.8
      vertex -6.0793 -8.92274 18.8
      vertex -5.3941 -9.21236 18.8
    endloop
  endfacet
  facet normal 0 0 1
    outer loop
      vertex -6.08669 -7.31969 18.8
      vertex -6.0793 -8.92274 18.8
      vertex -5.40157 -7.40273 18.8
    endloop
  endfacet
  facet normal 0 0 1
    outer loop
      vertex -6.08669 -7.31969 18.8
      vertex -6.1731 -8.89429 18.8
      vertex -6.0793 -8.92274 18.8
    endloop
  endfacet
  facet normal 0 0 1
    outer loop
      vertex -6.55176 -7.25887 18.8
      vertex -6.1731 -8.89429 18.8
      vertex -6.08669 -7.31969 18.8
    endloop
  endfacet
  facet normal 0 0 1
    outer loop
      vertex -6.55176 -7.25887 18.8
      vertex -6.97449 -8.72606 18.8
      vertex -6.1731 -8.89429 18.8
    endloop
  endfacet
  facet normal 0 0 1
    outer loop
      vertex -6.55176 -7.25887 18.8
      vertex -7.88797 -8.61534 18.8
      vertex -6.97449 -8.72606 18.8
    endloop
  endfacet
  facet normal 0 -0 1
    outer loop
      vertex -7.88797 -8.61534 18.8
      vertex -6.55176 -7.25887 18.8
      vertex -7.9059 -8.61299 18.8
    endloop
  endfacet
  facet normal -0 0 1
    outer loop
      vertex -2.9185 7.7718 18.8
      vertex -2.18829 6.23915 18.8
      vertex -2.68298 8.08536 18.8
    endloop
  endfacet
  facet normal -0 0 1
    outer loop
      vertex -2.98068 7.69603 18.8
      vertex -2.18829 6.23915 18.8
      vertex -2.9185 7.7718 18.8
    endloop
  endfacet
  facet normal -0 0 1
    outer loop
      vertex -3.39049 7.2386 18.8
      vertex -2.18829 6.23915 18.8
      vertex -2.98068 7.69603 18.8
    endloop
  endfacet
  facet normal 0 0 1
    outer loop
      vertex -2.18829 6.23915 18.8
      vertex -3.39049 7.2386 18.8
      vertex -2.36224 6.01205 18.8
    endloop
  endfacet
  facet normal -0 0 1
    outer loop
      vertex -3.46625 7.17642 18.8
      vertex -2.36224 6.01205 18.8
      vertex -3.39049 7.2386 18.8
    endloop
  endfacet
  facet normal 0 0 1
    outer loop
      vertex -2.36224 6.01205 18.8
      vertex -3.46625 7.17642 18.8
      vertex -2.60896 5.68358 18.8
    endloop
  endfacet
  facet normal -0 0 1
    outer loop
      vertex -3.9113 6.83998 18.8
      vertex -2.60896 5.68358 18.8
      vertex -3.46625 7.17642 18.8
    endloop
  endfacet
  facet normal 0 0 1
    outer loop
      vertex -2.60896 5.68358 18.8
      vertex -3.9113 6.83998 18.8
      vertex -2.83598 5.43018 18.8
    endloop
  endfacet
  facet normal 0 0 1
    outer loop
      vertex -2.83598 5.43018 18.8
      vertex -3.9113 6.83998 18.8
      vertex -3.0415 5.27481 18.8
    endloop
  endfacet
  facet normal 0 0 1
    outer loop
      vertex -3.0415 5.27481 18.8
      vertex -3.9113 6.83998 18.8
      vertex -3.28546 5.17169 18.8
    endloop
  endfacet
  facet normal -0 0 1
    outer loop
      vertex -3.99774 6.79378 18.8
      vertex -3.28546 5.17169 18.8
      vertex -3.9113 6.83998 18.8
    endloop
  endfacet
  facet normal 0 0 1
    outer loop
      vertex -3.28546 5.17169 18.8
      vertex -3.99774 6.79378 18.8
      vertex -3.63356 5.09862 18.8
    endloop
  endfacet
  facet normal -0 0 1
    outer loop
      vertex -4.51164 6.57657 18.8
      vertex -3.63356 5.09862 18.8
      vertex -3.99774 6.79378 18.8
    endloop
  endfacet
  facet normal 0 0 1
    outer loop
      vertex -3.63356 5.09862 18.8
      vertex -4.51164 6.57657 18.8
      vertex -4.0903 5.04326 18.8
    endloop
  endfacet
  facet normal 0 0 1
    outer loop
      vertex -4.0903 5.04326 18.8
      vertex -4.51164 6.57657 18.8
      vertex -4.30772 5.01482 18.8
    endloop
  endfacet
  facet normal -0 0 1
    outer loop
      vertex -4.60544 6.54813 18.8
      vertex -4.30772 5.01482 18.8
      vertex -4.51164 6.57657 18.8
    endloop
  endfacet
  facet normal -0 0 1
    outer loop
      vertex -5.20647 6.42194 18.8
      vertex -4.30772 5.01482 18.8
      vertex -4.60544 6.54813 18.8
    endloop
  endfacet
  facet normal 0 0 1
    outer loop
      vertex -4.30772 5.01482 18.8
      vertex -5.20647 6.42194 18.8
      vertex -5.6599 6.36699 18.8
    endloop
  endfacet
  facet normal 0 0 1
    outer loop
      vertex -3.39049 -7.2386 18.8
      vertex -2.18829 -6.23915 18.8
      vertex -2.36224 -6.01205 18.8
    endloop
  endfacet
  facet normal 0 0 1
    outer loop
      vertex -3.46625 -7.17642 18.8
      vertex -2.36224 -6.01205 18.8
      vertex -2.60896 -5.68358 18.8
    endloop
  endfacet
  facet normal 0 0 1
    outer loop
      vertex -3.9113 -6.83998 18.8
      vertex -2.60896 -5.68358 18.8
      vertex -2.83598 -5.43018 18.8
    endloop
  endfacet
  facet normal 0 0 1
    outer loop
      vertex -2.18829 -6.23915 18.8
      vertex -2.9185 -7.7718 18.8
      vertex -2.68298 -8.08536 18.8
    endloop
  endfacet
  facet normal 0 0 1
    outer loop
      vertex -2.18829 -6.23915 18.8
      vertex -2.98068 -7.69603 18.8
      vertex -2.9185 -7.7718 18.8
    endloop
  endfacet
  facet normal 0 0 1
    outer loop
      vertex -3.9113 -6.83998 18.8
      vertex -2.83598 -5.43018 18.8
      vertex -3.0415 -5.27481 18.8
    endloop
  endfacet
  facet normal 0 0 1
    outer loop
      vertex -3.9113 -6.83998 18.8
      vertex -3.0415 -5.27481 18.8
      vertex -3.28546 -5.17169 18.8
    endloop
  endfacet
  facet normal 0 0 1
    outer loop
      vertex -2.18829 -6.23915 18.8
      vertex -3.39049 -7.2386 18.8
      vertex -2.98068 -7.69603 18.8
    endloop
  endfacet
  facet normal 0 0 1
    outer loop
      vertex -2.36224 -6.01205 18.8
      vertex -3.46625 -7.17642 18.8
      vertex -3.39049 -7.2386 18.8
    endloop
  endfacet
  facet normal 0 0 1
    outer loop
      vertex -3.99774 -6.79378 18.8
      vertex -3.28546 -5.17169 18.8
      vertex -3.63356 -5.09862 18.8
    endloop
  endfacet
  facet normal 0 0 1
    outer loop
      vertex -2.60896 -5.68358 18.8
      vertex -3.9113 -6.83998 18.8
      vertex -3.46625 -7.17642 18.8
    endloop
  endfacet
  facet normal 0 0 1
    outer loop
      vertex -3.28546 -5.17169 18.8
      vertex -3.99774 -6.79378 18.8
      vertex -3.9113 -6.83998 18.8
    endloop
  endfacet
  facet normal 0 0 1
    outer loop
      vertex -4.51164 -6.57657 18.8
      vertex -3.63356 -5.09862 18.8
      vertex -4.0903 -5.04326 18.8
    endloop
  endfacet
  facet normal 0 0 1
    outer loop
      vertex -4.51164 -6.57657 18.8
      vertex -4.0903 -5.04326 18.8
      vertex -4.30772 -5.01482 18.8
    endloop
  endfacet
  facet normal 0 0 1
    outer loop
      vertex -3.63356 -5.09862 18.8
      vertex -4.51164 -6.57657 18.8
      vertex -3.99774 -6.79378 18.8
    endloop
  endfacet
  facet normal 0 0 1
    outer loop
      vertex -4.30772 -5.01482 18.8
      vertex -4.60544 -6.54813 18.8
      vertex -4.51164 -6.57657 18.8
    endloop
  endfacet
  facet normal 0 0 1
    outer loop
      vertex -4.30772 -5.01482 18.8
      vertex -5.20647 -6.42194 18.8
      vertex -4.60544 -6.54813 18.8
    endloop
  endfacet
  facet normal 0 -0 1
    outer loop
      vertex -5.20647 -6.42194 18.8
      vertex -4.30772 -5.01482 18.8
      vertex -5.6599 -6.36699 18.8
    endloop
  endfacet
  facet normal 0 0 1
    outer loop
      vertex -3.30467 0.0757904 18.8
      vertex -3.30467 -0.0757904 18.8
      vertex -3.29524 0 18.8
    endloop
  endfacet
  facet normal 0 0 1
    outer loop
      vertex -3.34135 0.187729 18.8
      vertex -3.30467 -0.0757904 18.8
      vertex -3.30467 0.0757904 18.8
    endloop
  endfacet
  facet normal 0 0 1
    outer loop
      vertex -3.34135 0.187729 18.8
      vertex -3.34135 -0.187729 18.8
      vertex -3.30467 -0.0757904 18.8
    endloop
  endfacet
  facet normal 0 0 1
    outer loop
      vertex -3.43158 0.399353 18.8
      vertex -3.34135 -0.187729 18.8
      vertex -3.34135 0.187729 18.8
    endloop
  endfacet
  facet normal 0 0 1
    outer loop
      vertex -3.43158 0.399353 18.8
      vertex -3.43158 -0.399353 18.8
      vertex -3.34135 -0.187729 18.8
    endloop
  endfacet
  facet normal 0 0 1
    outer loop
      vertex -5.08545 0 18.8
      vertex -3.43158 0.399353 18.8
      vertex -3.43327 0.403412 18.8
    endloop
  endfacet
  facet normal 0 0 1
    outer loop
      vertex -3.43158 0.399353 18.8
      vertex -5.08545 0 18.8
      vertex -3.43158 -0.399353 18.8
    endloop
  endfacet
  facet normal 0 0 1
    outer loop
      vertex -3.43158 -0.399353 18.8
      vertex -5.08545 0 18.8
      vertex -3.43327 -0.403412 18.8
    endloop
  endfacet
  facet normal 0 0 1
    outer loop
      vertex -3.43327 0.403412 18.8
      vertex -5.09506 0.0975342 18.8
      vertex -5.08545 0 18.8
    endloop
  endfacet
  facet normal 0 0 1
    outer loop
      vertex -3.43327 0.403412 18.8
      vertex -5.14096 0.466629 18.8
      vertex -5.09506 0.0975342 18.8
    endloop
  endfacet
  facet normal 0 0 1
    outer loop
      vertex -3.43327 0.403412 18.8
      vertex -5.1694 0.56044 18.8
      vertex -5.14096 0.466629 18.8
    endloop
  endfacet
  facet normal -0 -0 1
    outer loop
      vertex -5.1694 0.56044 18.8
      vertex -3.43327 0.403412 18.8
      vertex -5.28012 0.898285 18.8
    endloop
  endfacet
  facet normal -0 0 1
    outer loop
      vertex -5.09506 -0.0975342 18.8
      vertex -3.43327 -0.403412 18.8
      vertex -5.08545 0 18.8
    endloop
  endfacet
  facet normal 0 0 1
    outer loop
      vertex -5.14096 -0.466629 18.8
      vertex -3.43327 -0.403412 18.8
      vertex -5.09506 -0.0975342 18.8
    endloop
  endfacet
  facet normal 0 0 1
    outer loop
      vertex -5.1694 -0.56044 18.8
      vertex -3.43327 -0.403412 18.8
      vertex -5.14096 -0.466629 18.8
    endloop
  endfacet
  facet normal 0 0 1
    outer loop
      vertex -3.43327 -0.403412 18.8
      vertex -5.1694 -0.56044 18.8
      vertex -5.28012 -0.898285 18.8
    endloop
  endfacet
  facet normal 0 0 1
    outer loop
      vertex -3.14491 1.38899 18.8
      vertex -2.79449 1.86554 18.8
      vertex -2.77051 2.06342 18.8
    endloop
  endfacet
  facet normal 0 0 1
    outer loop
      vertex -2.79449 1.86554 18.8
      vertex -3.00035 1.49756 18.8
      vertex -2.82552 1.7178 18.8
    endloop
  endfacet
  facet normal 0 0 1
    outer loop
      vertex -2.82552 1.7178 18.8
      vertex -2.89949 1.58792 18.8
      vertex -2.85622 1.64516 18.8
    endloop
  endfacet
  facet normal 0 0 1
    outer loop
      vertex -2.82552 1.7178 18.8
      vertex -3.00035 1.49756 18.8
      vertex -2.89949 1.58792 18.8
    endloop
  endfacet
  facet normal 0 0 1
    outer loop
      vertex -2.79449 1.86554 18.8
      vertex -3.14491 1.38899 18.8
      vertex -3.00035 1.49756 18.8
    endloop
  endfacet
  facet normal 0 0 1
    outer loop
      vertex -4.4214 2.51494 18.8
      vertex -3.14491 1.38899 18.8
      vertex -2.77051 2.06342 18.8
    endloop
  endfacet
  facet normal -0 0 1
    outer loop
      vertex -4.20195 3.03777 18.8
      vertex -2.77051 2.06342 18.8
      vertex -4.12263 3.41554 18.8
    endloop
  endfacet
  facet normal -0 0 1
    outer loop
      vertex -4.23039 2.94397 18.8
      vertex -2.77051 2.06342 18.8
      vertex -4.20195 3.03777 18.8
    endloop
  endfacet
  facet normal -0 0 1
    outer loop
      vertex -4.3752 2.60138 18.8
      vertex -2.77051 2.06342 18.8
      vertex -4.23039 2.94397 18.8
    endloop
  endfacet
  facet normal -0 0 1
    outer loop
      vertex -4.4214 2.51494 18.8
      vertex -2.77051 2.06342 18.8
      vertex -4.3752 2.60138 18.8
    endloop
  endfacet
  facet normal 0 0 1
    outer loop
      vertex -3.14491 1.38899 18.8
      vertex -4.4214 2.51494 18.8
      vertex -3.17372 1.36693 18.8
    endloop
  endfacet
  facet normal -0 0 1
    outer loop
      vertex -4.64571 2.21823 18.8
      vertex -3.17372 1.36693 18.8
      vertex -4.4214 2.51494 18.8
    endloop
  endfacet
  facet normal -0 0 1
    outer loop
      vertex -4.70789 2.14247 18.8
      vertex -3.17372 1.36693 18.8
      vertex -4.64571 2.21823 18.8
    endloop
  endfacet
  facet normal -0 0 1
    outer loop
      vertex -5.01283 1.86928 18.8
      vertex -3.17372 1.36693 18.8
      vertex -4.70789 2.14247 18.8
    endloop
  endfacet
  facet normal 0 0 1
    outer loop
      vertex -3.17372 1.36693 18.8
      vertex -5.01283 1.86928 18.8
      vertex -5.02162 1.86206 18.8
    endloop
  endfacet
  facet normal 0 0 1
    outer loop
      vertex -3.00035 -1.49756 18.8
      vertex -2.79449 -1.86554 18.8
      vertex -2.82552 -1.7178 18.8
    endloop
  endfacet
  facet normal 0 0 1
    outer loop
      vertex -2.89949 -1.58792 18.8
      vertex -2.82552 -1.7178 18.8
      vertex -2.85622 -1.64516 18.8
    endloop
  endfacet
  facet normal 0 0 1
    outer loop
      vertex -3.00035 -1.49756 18.8
      vertex -2.82552 -1.7178 18.8
      vertex -2.89949 -1.58792 18.8
    endloop
  endfacet
  facet normal 0 0 1
    outer loop
      vertex -3.14491 -1.38899 18.8
      vertex -2.79449 -1.86554 18.8
      vertex -3.00035 -1.49756 18.8
    endloop
  endfacet
  facet normal 0 0 1
    outer loop
      vertex -2.79449 -1.86554 18.8
      vertex -3.14491 -1.38899 18.8
      vertex -2.77051 -2.06342 18.8
    endloop
  endfacet
  facet normal 0 0 1
    outer loop
      vertex -4.4214 -2.51494 18.8
      vertex -3.14491 -1.38899 18.8
      vertex -3.17372 -1.36693 18.8
    endloop
  endfacet
  facet normal 0 0 1
    outer loop
      vertex -3.14491 -1.38899 18.8
      vertex -4.4214 -2.51494 18.8
      vertex -2.77051 -2.06342 18.8
    endloop
  endfacet
  facet normal 0 0 1
    outer loop
      vertex -2.77051 -2.06342 18.8
      vertex -4.20195 -3.03777 18.8
      vertex -4.12263 -3.41554 18.8
    endloop
  endfacet
  facet normal 0 0 1
    outer loop
      vertex -2.77051 -2.06342 18.8
      vertex -4.23039 -2.94397 18.8
      vertex -4.20195 -3.03777 18.8
    endloop
  endfacet
  facet normal 0 0 1
    outer loop
      vertex -2.77051 -2.06342 18.8
      vertex -4.3752 -2.60138 18.8
      vertex -4.23039 -2.94397 18.8
    endloop
  endfacet
  facet normal 0 0 1
    outer loop
      vertex -2.77051 -2.06342 18.8
      vertex -4.4214 -2.51494 18.8
      vertex -4.3752 -2.60138 18.8
    endloop
  endfacet
  facet normal 0 0 1
    outer loop
      vertex -3.17372 -1.36693 18.8
      vertex -4.64571 -2.21823 18.8
      vertex -4.4214 -2.51494 18.8
    endloop
  endfacet
  facet normal 0 0 1
    outer loop
      vertex -3.17372 -1.36693 18.8
      vertex -4.70789 -2.14247 18.8
      vertex -4.64571 -2.21823 18.8
    endloop
  endfacet
  facet normal 0 0 1
    outer loop
      vertex -3.17372 -1.36693 18.8
      vertex -5.01283 -1.86928 18.8
      vertex -4.70789 -2.14247 18.8
    endloop
  endfacet
  facet normal 0 -0 1
    outer loop
      vertex -5.01283 -1.86928 18.8
      vertex -3.17372 -1.36693 18.8
      vertex -5.02162 -1.86206 18.8
    endloop
  endfacet
  facet normal 0 0 1
    outer loop
      vertex -1.86554 2.79449 18.8
      vertex -1.49756 3.00035 18.8
      vertex -1.38899 3.14491 18.8
    endloop
  endfacet
  facet normal 0 0 1
    outer loop
      vertex -2.51494 4.4214 18.8
      vertex -1.38899 3.14491 18.8
      vertex -1.36693 3.17372 18.8
    endloop
  endfacet
  facet normal 0 -0 1
    outer loop
      vertex -1.7178 2.82552 18.8
      vertex -1.49756 3.00035 18.8
      vertex -1.86554 2.79449 18.8
    endloop
  endfacet
  facet normal 0 0 1
    outer loop
      vertex -1.58792 2.89949 18.8
      vertex -1.7178 2.82552 18.8
      vertex -1.64516 2.85622 18.8
    endloop
  endfacet
  facet normal -0 0 1
    outer loop
      vertex -1.86928 5.01283 18.8
      vertex -1.36693 3.17372 18.8
      vertex -1.86206 5.02162 18.8
    endloop
  endfacet
  facet normal -0 0 1
    outer loop
      vertex -2.14247 4.70789 18.8
      vertex -1.36693 3.17372 18.8
      vertex -1.86928 5.01283 18.8
    endloop
  endfacet
  facet normal -0 0 1
    outer loop
      vertex -2.21823 4.64571 18.8
      vertex -1.36693 3.17372 18.8
      vertex -2.14247 4.70789 18.8
    endloop
  endfacet
  facet normal -0 0 1
    outer loop
      vertex -2.51494 4.4214 18.8
      vertex -1.36693 3.17372 18.8
      vertex -2.21823 4.64571 18.8
    endloop
  endfacet
  facet normal 0 0 1
    outer loop
      vertex -1.38899 3.14491 18.8
      vertex -2.51494 4.4214 18.8
      vertex -2.06342 2.77051 18.8
    endloop
  endfacet
  facet normal 0 0 1
    outer loop
      vertex -1.49756 3.00035 18.8
      vertex -1.7178 2.82552 18.8
      vertex -1.58792 2.89949 18.8
    endloop
  endfacet
  facet normal 0 0 1
    outer loop
      vertex -1.38899 3.14491 18.8
      vertex -2.06342 2.77051 18.8
      vertex -1.86554 2.79449 18.8
    endloop
  endfacet
  facet normal -0 0 1
    outer loop
      vertex -2.60138 4.3752 18.8
      vertex -2.06342 2.77051 18.8
      vertex -2.51494 4.4214 18.8
    endloop
  endfacet
  facet normal -0 0 1
    outer loop
      vertex -2.94397 4.23039 18.8
      vertex -2.06342 2.77051 18.8
      vertex -2.60138 4.3752 18.8
    endloop
  endfacet
  facet normal -0 0 1
    outer loop
      vertex -3.03777 4.20195 18.8
      vertex -2.06342 2.77051 18.8
      vertex -2.94397 4.23039 18.8
    endloop
  endfacet
  facet normal 0 0 1
    outer loop
      vertex -2.06342 2.77051 18.8
      vertex -3.03777 4.20195 18.8
      vertex -3.41554 4.12263 18.8
    endloop
  endfacet
  facet normal 0 0 1
    outer loop
      vertex -1.7178 -2.82552 18.8
      vertex -1.49756 -3.00035 18.8
      vertex -1.58792 -2.89949 18.8
    endloop
  endfacet
  facet normal 0 0 1
    outer loop
      vertex -1.49756 -3.00035 18.8
      vertex -1.86554 -2.79449 18.8
      vertex -1.38882 -3.14513 18.8
    endloop
  endfacet
  facet normal 0 0 1
    outer loop
      vertex -1.7178 -2.82552 18.8
      vertex -1.58792 -2.89949 18.8
      vertex -1.64516 -2.85622 18.8
    endloop
  endfacet
  facet normal 0 0 1
    outer loop
      vertex -1.49756 -3.00035 18.8
      vertex -1.7178 -2.82552 18.8
      vertex -1.86554 -2.79449 18.8
    endloop
  endfacet
  facet normal 0 0 1
    outer loop
      vertex -2.06342 -2.77051 18.8
      vertex -1.38882 -3.14513 18.8
      vertex -1.86554 -2.79449 18.8
    endloop
  endfacet
  facet normal 0 0 1
    outer loop
      vertex -2.51494 -4.4214 18.8
      vertex -1.38882 -3.14513 18.8
      vertex -2.06342 -2.77051 18.8
    endloop
  endfacet
  facet normal 0 0 1
    outer loop
      vertex -1.36693 -3.17372 18.8
      vertex -1.86928 -5.01283 18.8
      vertex -1.86206 -5.02162 18.8
    endloop
  endfacet
  facet normal 0 0 1
    outer loop
      vertex -1.38882 -3.14513 18.8
      vertex -2.51494 -4.4214 18.8
      vertex -1.36693 -3.17372 18.8
    endloop
  endfacet
  facet normal 0 0 1
    outer loop
      vertex -1.36693 -3.17372 18.8
      vertex -2.14247 -4.70789 18.8
      vertex -1.86928 -5.01283 18.8
    endloop
  endfacet
  facet normal 0 0 1
    outer loop
      vertex -1.36693 -3.17372 18.8
      vertex -2.21823 -4.64571 18.8
      vertex -2.14247 -4.70789 18.8
    endloop
  endfacet
  facet normal 0 0 1
    outer loop
      vertex -1.36693 -3.17372 18.8
      vertex -2.51494 -4.4214 18.8
      vertex -2.21823 -4.64571 18.8
    endloop
  endfacet
  facet normal 0 0 1
    outer loop
      vertex -2.06342 -2.77051 18.8
      vertex -2.60138 -4.3752 18.8
      vertex -2.51494 -4.4214 18.8
    endloop
  endfacet
  facet normal 0 0 1
    outer loop
      vertex -2.06342 -2.77051 18.8
      vertex -2.94397 -4.23039 18.8
      vertex -2.60138 -4.3752 18.8
    endloop
  endfacet
  facet normal 0 0 1
    outer loop
      vertex -2.06342 -2.77051 18.8
      vertex -3.03777 -4.20195 18.8
      vertex -2.94397 -4.23039 18.8
    endloop
  endfacet
  facet normal 0 -0 1
    outer loop
      vertex -3.03777 -4.20195 18.8
      vertex -2.06342 -2.77051 18.8
      vertex -3.41554 -4.12263 18.8
    endloop
  endfacet
  facet normal -0 0 1
    outer loop
      vertex 3.14482 14.3863 18.8
      vertex 2.86754 12.6295 18.8
      vertex 3.36247 14.4766 18.8
    endloop
  endfacet
  facet normal -0 0 1
    outer loop
      vertex 2.08675 13.9352 18.8
      vertex 2.86754 12.6295 18.8
      vertex 3.14482 14.3863 18.8
    endloop
  endfacet
  facet normal 0 0 1
    outer loop
      vertex 2.86754 12.6295 18.8
      vertex 2.08675 13.9352 18.8
      vertex 2.17145 12.3405 18.8
    endloop
  endfacet
  facet normal -0 0 1
    outer loop
      vertex 1.11407 13.6164 18.8
      vertex 2.17145 12.3405 18.8
      vertex 2.08675 13.9352 18.8
    endloop
  endfacet
  facet normal 0 0 1
    outer loop
      vertex 2.17145 12.3405 18.8
      vertex 1.11407 13.6164 18.8
      vertex 1.32498 11.9796 18.8
    endloop
  endfacet
  facet normal -0 0 1
    outer loop
      vertex 1.02028 13.588 18.8
      vertex 1.32498 11.9796 18.8
      vertex 1.11407 13.6164 18.8
    endloop
  endfacet
  facet normal 0 0 1
    outer loop
      vertex 1.02028 13.588 18.8
      vertex 0.62944 11.7517 18.8
      vertex 1.32498 11.9796 18.8
    endloop
  endfacet
  facet normal -0 0 1
    outer loop
      vertex 0.0975342 13.4733 18.8
      vertex 0.62944 11.7517 18.8
      vertex 1.02028 13.588 18.8
    endloop
  endfacet
  facet normal 0 0 1
    outer loop
      vertex 0 11.6734 18.8
      vertex 0.0975342 13.4733 18.8
      vertex 0 13.4636 18.8
    endloop
  endfacet
  facet normal 0 0 1
    outer loop
      vertex 0.0975342 13.4733 18.8
      vertex 0 11.6734 18.8
      vertex 0.62944 11.7517 18.8
    endloop
  endfacet
  facet normal 0 0 1
    outer loop
      vertex -0.0975342 13.4733 18.8
      vertex 0 11.6734 18.8
      vertex 0 13.4636 18.8
    endloop
  endfacet
  facet normal 0 0 1
    outer loop
      vertex -0.0975342 13.4733 18.8
      vertex -0.62944 11.7517 18.8
      vertex 0 11.6734 18.8
    endloop
  endfacet
  facet normal 0 0 1
    outer loop
      vertex -1.02028 13.588 18.8
      vertex -0.62944 11.7517 18.8
      vertex -0.0975342 13.4733 18.8
    endloop
  endfacet
  facet normal 0 0 1
    outer loop
      vertex -1.32498 11.9796 18.8
      vertex -1.02028 13.588 18.8
      vertex -1.11407 13.6164 18.8
    endloop
  endfacet
  facet normal 0 0 1
    outer loop
      vertex -1.02028 13.588 18.8
      vertex -1.32498 11.9796 18.8
      vertex -0.62944 11.7517 18.8
    endloop
  endfacet
  facet normal 0 0 1
    outer loop
      vertex -2.17145 12.3405 18.8
      vertex -1.11407 13.6164 18.8
      vertex -2.08675 13.9352 18.8
    endloop
  endfacet
  facet normal 0 0 1
    outer loop
      vertex -1.11407 13.6164 18.8
      vertex -2.17145 12.3405 18.8
      vertex -1.32498 11.9796 18.8
    endloop
  endfacet
  facet normal 0 0 1
    outer loop
      vertex -2.08675 13.9352 18.8
      vertex -2.86754 12.6295 18.8
      vertex -2.17145 12.3405 18.8
    endloop
  endfacet
  facet normal 0 0 1
    outer loop
      vertex -3.14482 14.3863 18.8
      vertex -2.86754 12.6295 18.8
      vertex -2.08675 13.9352 18.8
    endloop
  endfacet
  facet normal 0 0 1
    outer loop
      vertex -2.86754 12.6295 18.8
      vertex -3.14482 14.3863 18.8
      vertex -3.36247 14.4766 18.8
    endloop
  endfacet
  facet normal 0 0 1
    outer loop
      vertex 2.86754 -12.6295 18.8
      vertex 3.14482 -14.3863 18.8
      vertex 3.36247 -14.4766 18.8
    endloop
  endfacet
  facet normal 0 0 1
    outer loop
      vertex 2.08675 -13.9352 18.8
      vertex 2.86754 -12.6295 18.8
      vertex 2.17145 -12.3405 18.8
    endloop
  endfacet
  facet normal 0 0 1
    outer loop
      vertex 2.86754 -12.6295 18.8
      vertex 2.08675 -13.9352 18.8
      vertex 3.14482 -14.3863 18.8
    endloop
  endfacet
  facet normal 0 0 1
    outer loop
      vertex 1.11407 -13.6164 18.8
      vertex 2.17145 -12.3405 18.8
      vertex 1.32498 -11.9796 18.8
    endloop
  endfacet
  facet normal 0 0 1
    outer loop
      vertex 2.17145 -12.3405 18.8
      vertex 1.11407 -13.6164 18.8
      vertex 2.08675 -13.9352 18.8
    endloop
  endfacet
  facet normal 0 0 1
    outer loop
      vertex 1.32498 -11.9796 18.8
      vertex 1.02028 -13.588 18.8
      vertex 1.11407 -13.6164 18.8
    endloop
  endfacet
  facet normal 0 0 1
    outer loop
      vertex 0.62944 -11.7517 18.8
      vertex 1.02028 -13.588 18.8
      vertex 1.32498 -11.9796 18.8
    endloop
  endfacet
  facet normal 0 0 1
    outer loop
      vertex 0.62944 -11.7517 18.8
      vertex 0.0975342 -13.4733 18.8
      vertex 1.02028 -13.588 18.8
    endloop
  endfacet
  facet normal 0 0 1
    outer loop
      vertex 0 -11.6734 18.8
      vertex 0.0975342 -13.4733 18.8
      vertex 0.62944 -11.7517 18.8
    endloop
  endfacet
  facet normal 0 0 1
    outer loop
      vertex 0 -11.6734 18.8
      vertex 0 -13.4636 18.8
      vertex 0.0975342 -13.4733 18.8
    endloop
  endfacet
  facet normal 0 0 1
    outer loop
      vertex 0 -11.6734 18.8
      vertex -0.0975342 -13.4733 18.8
      vertex 0 -13.4636 18.8
    endloop
  endfacet
  facet normal -0 0 1
    outer loop
      vertex -0.62944 -11.7517 18.8
      vertex -0.0975342 -13.4733 18.8
      vertex 0 -11.6734 18.8
    endloop
  endfacet
  facet normal 0 0 1
    outer loop
      vertex -0.62944 -11.7517 18.8
      vertex -1.02028 -13.588 18.8
      vertex -0.0975342 -13.4733 18.8
    endloop
  endfacet
  facet normal -0 0 1
    outer loop
      vertex -1.32498 -11.9796 18.8
      vertex -1.02028 -13.588 18.8
      vertex -0.62944 -11.7517 18.8
    endloop
  endfacet
  facet normal 0 0 1
    outer loop
      vertex -1.02028 -13.588 18.8
      vertex -1.32498 -11.9796 18.8
      vertex -1.11407 -13.6164 18.8
    endloop
  endfacet
  facet normal -0 0 1
    outer loop
      vertex -2.17145 -12.3405 18.8
      vertex -1.11407 -13.6164 18.8
      vertex -1.32498 -11.9796 18.8
    endloop
  endfacet
  facet normal 0 0 1
    outer loop
      vertex -1.11407 -13.6164 18.8
      vertex -2.17145 -12.3405 18.8
      vertex -2.08675 -13.9352 18.8
    endloop
  endfacet
  facet normal -0 0 1
    outer loop
      vertex -2.86754 -12.6295 18.8
      vertex -2.08675 -13.9352 18.8
      vertex -2.17145 -12.3405 18.8
    endloop
  endfacet
  facet normal 0 0 1
    outer loop
      vertex -2.86754 -12.6295 18.8
      vertex -3.14482 -14.3863 18.8
      vertex -2.08675 -13.9352 18.8
    endloop
  endfacet
  facet normal 0 -0 1
    outer loop
      vertex -3.14482 -14.3863 18.8
      vertex -2.86754 -12.6295 18.8
      vertex -3.36247 -14.4766 18.8
    endloop
  endfacet
  facet normal -0 0 1
    outer loop
      vertex 1.70767 11.0558 18.8
      vertex 2.04617 9.5641 18.8
      vertex 2.54106 11.4111 18.8
    endloop
  endfacet
  facet normal -0 0 1
    outer loop
      vertex 0.929535 10.8008 18.8
      vertex 2.04617 9.5641 18.8
      vertex 1.70767 11.0558 18.8
    endloop
  endfacet
  facet normal 0 0 1
    outer loop
      vertex 2.04617 9.5641 18.8
      vertex 0.929535 10.8008 18.8
      vertex 1.58075 9.37086 18.8
    endloop
  endfacet
  facet normal -0 0 1
    outer loop
      vertex 0.835739 10.7723 18.8
      vertex 1.58075 9.37086 18.8
      vertex 0.929535 10.8008 18.8
    endloop
  endfacet
  facet normal 0 0 1
    outer loop
      vertex 1.58075 9.37086 18.8
      vertex 0.835739 10.7723 18.8
      vertex 0.945908 9.1002 18.8
    endloop
  endfacet
  facet normal -0 0 1
    outer loop
      vertex 0.0975342 10.6805 18.8
      vertex 0.945908 9.1002 18.8
      vertex 0.835739 10.7723 18.8
    endloop
  endfacet
  facet normal 0 0 1
    outer loop
      vertex 0.945908 9.1002 18.8
      vertex 0.0975342 10.6805 18.8
      vertex 0.444901 8.93604 18.8
    endloop
  endfacet
  facet normal -0 0 1
    outer loop
      vertex 0 10.6709 18.8
      vertex 0.444901 8.93604 18.8
      vertex 0.0975342 10.6805 18.8
    endloop
  endfacet
  facet normal 0 0 1
    outer loop
      vertex 0 10.6709 18.8
      vertex 0 8.88071 18.8
      vertex 0.444901 8.93604 18.8
    endloop
  endfacet
  facet normal 0 0 1
    outer loop
      vertex -0.444901 8.93604 18.8
      vertex 0 10.6709 18.8
      vertex -0.0975342 10.6805 18.8
    endloop
  endfacet
  facet normal 0 0 1
    outer loop
      vertex 0 10.6709 18.8
      vertex -0.444901 8.93604 18.8
      vertex 0 8.88071 18.8
    endloop
  endfacet
  facet normal 0 0 1
    outer loop
      vertex -0.945908 9.1002 18.8
      vertex -0.0975342 10.6805 18.8
      vertex -0.835739 10.7723 18.8
    endloop
  endfacet
  facet normal 0 0 1
    outer loop
      vertex -1.58075 9.37086 18.8
      vertex -0.835739 10.7723 18.8
      vertex -0.929535 10.8008 18.8
    endloop
  endfacet
  facet normal 0 0 1
    outer loop
      vertex -0.0975342 10.6805 18.8
      vertex -0.945908 9.1002 18.8
      vertex -0.444901 8.93604 18.8
    endloop
  endfacet
  facet normal 0 0 1
    outer loop
      vertex -0.835739 10.7723 18.8
      vertex -1.58075 9.37086 18.8
      vertex -0.945908 9.1002 18.8
    endloop
  endfacet
  facet normal 0 0 1
    outer loop
      vertex -2.04617 9.5641 18.8
      vertex -0.929535 10.8008 18.8
      vertex -1.70767 11.0558 18.8
    endloop
  endfacet
  facet normal 0 0 1
    outer loop
      vertex -0.929535 10.8008 18.8
      vertex -2.04617 9.5641 18.8
      vertex -1.58075 9.37086 18.8
    endloop
  endfacet
  facet normal 0 -0 1
    outer loop
      vertex -2.04617 9.5641 18.8
      vertex -1.70767 11.0558 18.8
      vertex -2.54106 11.4111 18.8
    endloop
  endfacet
  facet normal 0 0 1
    outer loop
      vertex 2.04617 -9.5641 18.8
      vertex 1.70767 -11.0558 18.8
      vertex 2.54106 -11.4111 18.8
    endloop
  endfacet
  facet normal 0 0 1
    outer loop
      vertex 0.929535 -10.8008 18.8
      vertex 2.04617 -9.5641 18.8
      vertex 1.58075 -9.37086 18.8
    endloop
  endfacet
  facet normal 0 0 1
    outer loop
      vertex 0.835739 -10.7723 18.8
      vertex 1.58075 -9.37086 18.8
      vertex 0.945908 -9.1002 18.8
    endloop
  endfacet
  facet normal 0 0 1
    outer loop
      vertex 2.04617 -9.5641 18.8
      vertex 0.929535 -10.8008 18.8
      vertex 1.70767 -11.0558 18.8
    endloop
  endfacet
  facet normal 0 0 1
    outer loop
      vertex 1.58075 -9.37086 18.8
      vertex 0.835739 -10.7723 18.8
      vertex 0.929535 -10.8008 18.8
    endloop
  endfacet
  facet normal 0 0 1
    outer loop
      vertex 0.0975342 -10.6805 18.8
      vertex 0.945908 -9.1002 18.8
      vertex 0.444901 -8.93604 18.8
    endloop
  endfacet
  facet normal 0 0 1
    outer loop
      vertex 0.945908 -9.1002 18.8
      vertex 0.0975342 -10.6805 18.8
      vertex 0.835739 -10.7723 18.8
    endloop
  endfacet
  facet normal 0 0 1
    outer loop
      vertex 0 -10.6709 18.8
      vertex 0.444901 -8.93604 18.8
      vertex 0 -8.88071 18.8
    endloop
  endfacet
  facet normal 0 0 1
    outer loop
      vertex 0.444901 -8.93604 18.8
      vertex 0 -10.6709 18.8
      vertex 0.0975342 -10.6805 18.8
    endloop
  endfacet
  facet normal -0 0 1
    outer loop
      vertex -0.444901 -8.93604 18.8
      vertex 0 -10.6709 18.8
      vertex 0 -8.88071 18.8
    endloop
  endfacet
  facet normal 0 0 1
    outer loop
      vertex 0 -10.6709 18.8
      vertex -0.444901 -8.93604 18.8
      vertex -0.0975342 -10.6805 18.8
    endloop
  endfacet
  facet normal -0 0 1
    outer loop
      vertex -0.945908 -9.1002 18.8
      vertex -0.0975342 -10.6805 18.8
      vertex -0.444901 -8.93604 18.8
    endloop
  endfacet
  facet normal 0 0 1
    outer loop
      vertex -0.0975342 -10.6805 18.8
      vertex -0.945908 -9.1002 18.8
      vertex -0.835739 -10.7723 18.8
    endloop
  endfacet
  facet normal -0 0 1
    outer loop
      vertex -1.58075 -9.37086 18.8
      vertex -0.835739 -10.7723 18.8
      vertex -0.945908 -9.1002 18.8
    endloop
  endfacet
  facet normal 0 0 1
    outer loop
      vertex -0.835739 -10.7723 18.8
      vertex -1.58075 -9.37086 18.8
      vertex -0.929535 -10.8008 18.8
    endloop
  endfacet
  facet normal -0 0 1
    outer loop
      vertex -2.04617 -9.5641 18.8
      vertex -0.929535 -10.8008 18.8
      vertex -1.58075 -9.37086 18.8
    endloop
  endfacet
  facet normal 0 0 1
    outer loop
      vertex -0.929535 -10.8008 18.8
      vertex -2.04617 -9.5641 18.8
      vertex -1.70767 -11.0558 18.8
    endloop
  endfacet
  facet normal 0 0 1
    outer loop
      vertex -1.70767 -11.0558 18.8
      vertex -2.04617 -9.5641 18.8
      vertex -2.54106 -11.4111 18.8
    endloop
  endfacet
  facet normal 0 0 1
    outer loop
      vertex -1.92769 0 18.8
      vertex -2.30232 0.0975342 18.8
      vertex -2.29272 0 18.8
    endloop
  endfacet
  facet normal -0 -0 1
    outer loop
      vertex -2.30232 0.0975342 18.8
      vertex -1.92769 0 18.8
      vertex -2.30269 0.100479 18.8
    endloop
  endfacet
  facet normal 0 0 1
    outer loop
      vertex -2.30232 -0.0975342 18.8
      vertex -1.92769 0 18.8
      vertex -2.29272 0 18.8
    endloop
  endfacet
  facet normal 0 0 1
    outer loop
      vertex -1.92769 0 18.8
      vertex -2.30232 -0.0975342 18.8
      vertex -2.30269 -0.100479 18.8
    endloop
  endfacet
  facet normal -0 0 1
    outer loop
      vertex -1.95663 1.20502 18.8
      vertex -1.67149 0.964401 18.8
      vertex -1.94341 1.23631 18.8
    endloop
  endfacet
  facet normal -0 0 1
    outer loop
      vertex -2.00284 1.11858 18.8
      vertex -1.67149 0.964401 18.8
      vertex -1.95663 1.20502 18.8
    endloop
  endfacet
  facet normal 0 0 1
    outer loop
      vertex -1.67149 0.964401 18.8
      vertex -2.00284 1.11858 18.8
      vertex -2.04395 1.06419 18.8
    endloop
  endfacet
  facet normal 0 0 1
    outer loop
      vertex -1.67149 -0.964401 18.8
      vertex -1.95663 -1.20502 18.8
      vertex -1.94341 -1.23631 18.8
    endloop
  endfacet
  facet normal 0 0 1
    outer loop
      vertex -1.67149 -0.964401 18.8
      vertex -2.00284 -1.11858 18.8
      vertex -1.95663 -1.20502 18.8
    endloop
  endfacet
  facet normal 0 -0 1
    outer loop
      vertex -2.00284 -1.11858 18.8
      vertex -1.67149 -0.964401 18.8
      vertex -2.04395 -1.06419 18.8
    endloop
  endfacet
  facet normal -0 0 1
    outer loop
      vertex 1.32858 8.17633 18.8
      vertex 1.22479 6.49869 18.8
      vertex 1.7189 8.34273 18.8
    endloop
  endfacet
  facet normal -0 0 1
    outer loop
      vertex 0.74498 7.98508 18.8
      vertex 1.22479 6.49869 18.8
      vertex 1.32858 8.17633 18.8
    endloop
  endfacet
  facet normal -0 0 1
    outer loop
      vertex 0.651184 7.95663 18.8
      vertex 1.22479 6.49869 18.8
      vertex 0.74498 7.98508 18.8
    endloop
  endfacet
  facet normal 0 0 1
    outer loop
      vertex 1.22479 6.49869 18.8
      vertex 0.651184 7.95663 18.8
      vertex 0.990051 6.40121 18.8
    endloop
  endfacet
  facet normal -0 0 1
    outer loop
      vertex 0.0975342 7.88779 18.8
      vertex 0.990051 6.40121 18.8
      vertex 0.651184 7.95663 18.8
    endloop
  endfacet
  facet normal 0 0 1
    outer loop
      vertex 0.990051 6.40121 18.8
      vertex 0.0975342 7.88779 18.8
      vertex 0.566818 6.22078 18.8
    endloop
  endfacet
  facet normal 0 0 1
    outer loop
      vertex 0.566818 6.22078 18.8
      vertex 0.0975342 7.88779 18.8
      vertex 0.260269 6.12033 18.8
    endloop
  endfacet
  facet normal -0 0 1
    outer loop
      vertex 0 7.87819 18.8
      vertex 0.260269 6.12033 18.8
      vertex 0.0975342 7.88779 18.8
    endloop
  endfacet
  facet normal 0 0 1
    outer loop
      vertex 0 7.87819 18.8
      vertex 0 6.08798 18.8
      vertex 0.260269 6.12033 18.8
    endloop
  endfacet
  facet normal 0 0 1
    outer loop
      vertex -0.260269 6.12033 18.8
      vertex 0 7.87819 18.8
      vertex -0.0975342 7.88779 18.8
    endloop
  endfacet
  facet normal 0 0 1
    outer loop
      vertex 0 7.87819 18.8
      vertex -0.260269 6.12033 18.8
      vertex 0 6.08798 18.8
    endloop
  endfacet
  facet normal 0 0 1
    outer loop
      vertex -0.0975342 7.88779 18.8
      vertex -0.566818 6.22078 18.8
      vertex -0.260269 6.12033 18.8
    endloop
  endfacet
  facet normal 0 0 1
    outer loop
      vertex -0.990051 6.40121 18.8
      vertex -0.0975342 7.88779 18.8
      vertex -0.651184 7.95663 18.8
    endloop
  endfacet
  facet normal 0 0 1
    outer loop
      vertex -1.22479 6.49869 18.8
      vertex -0.651184 7.95663 18.8
      vertex -0.74498 7.98508 18.8
    endloop
  endfacet
  facet normal 0 0 1
    outer loop
      vertex -0.0975342 7.88779 18.8
      vertex -0.990051 6.40121 18.8
      vertex -0.566818 6.22078 18.8
    endloop
  endfacet
  facet normal 0 0 1
    outer loop
      vertex -0.651184 7.95663 18.8
      vertex -1.22479 6.49869 18.8
      vertex -0.990051 6.40121 18.8
    endloop
  endfacet
  facet normal 0 0 1
    outer loop
      vertex -1.32858 8.17633 18.8
      vertex -1.22479 6.49869 18.8
      vertex -0.74498 7.98508 18.8
    endloop
  endfacet
  facet normal 0 0 1
    outer loop
      vertex -1.22479 6.49869 18.8
      vertex -1.32858 8.17633 18.8
      vertex -1.7189 8.34273 18.8
    endloop
  endfacet
  facet normal 0 0 1
    outer loop
      vertex 1.22479 -6.49869 18.8
      vertex 1.32858 -8.17633 18.8
      vertex 1.7189 -8.34273 18.8
    endloop
  endfacet
  facet normal 0 0 1
    outer loop
      vertex 0.651184 -7.95663 18.8
      vertex 1.22479 -6.49869 18.8
      vertex 0.990051 -6.40121 18.8
    endloop
  endfacet
  facet normal 0 0 1
    outer loop
      vertex 1.22479 -6.49869 18.8
      vertex 0.74498 -7.98508 18.8
      vertex 1.32858 -8.17633 18.8
    endloop
  endfacet
  facet normal 0 0 1
    outer loop
      vertex 1.22479 -6.49869 18.8
      vertex 0.651184 -7.95663 18.8
      vertex 0.74498 -7.98508 18.8
    endloop
  endfacet
  facet normal 0 0 1
    outer loop
      vertex 0.0975342 -7.88779 18.8
      vertex 0.990051 -6.40121 18.8
      vertex 0.566818 -6.22078 18.8
    endloop
  endfacet
  facet normal 0 0 1
    outer loop
      vertex 0.0975342 -7.88779 18.8
      vertex 0.566818 -6.22078 18.8
      vertex 0.260269 -6.12033 18.8
    endloop
  endfacet
  facet normal 0 0 1
    outer loop
      vertex 0.990051 -6.40121 18.8
      vertex 0.0975342 -7.88779 18.8
      vertex 0.651184 -7.95663 18.8
    endloop
  endfacet
  facet normal 0 0 1
    outer loop
      vertex 0 -7.87819 18.8
      vertex 0.260269 -6.12033 18.8
      vertex 0 -6.08798 18.8
    endloop
  endfacet
  facet normal 0 0 1
    outer loop
      vertex 0.260269 -6.12033 18.8
      vertex 0 -7.87819 18.8
      vertex 0.0975342 -7.88779 18.8
    endloop
  endfacet
  facet normal -0 0 1
    outer loop
      vertex -0.260269 -6.12033 18.8
      vertex 0 -7.87819 18.8
      vertex 0 -6.08798 18.8
    endloop
  endfacet
  facet normal 0 0 1
    outer loop
      vertex 0 -7.87819 18.8
      vertex -0.260269 -6.12033 18.8
      vertex -0.0975342 -7.88779 18.8
    endloop
  endfacet
  facet normal -0 0 1
    outer loop
      vertex -0.566818 -6.22078 18.8
      vertex -0.0975342 -7.88779 18.8
      vertex -0.260269 -6.12033 18.8
    endloop
  endfacet
  facet normal -0 0 1
    outer loop
      vertex -0.990051 -6.40121 18.8
      vertex -0.0975342 -7.88779 18.8
      vertex -0.566818 -6.22078 18.8
    endloop
  endfacet
  facet normal 0 0 1
    outer loop
      vertex -0.0975342 -7.88779 18.8
      vertex -0.990051 -6.40121 18.8
      vertex -0.651184 -7.95663 18.8
    endloop
  endfacet
  facet normal -0 0 1
    outer loop
      vertex -1.22479 -6.49869 18.8
      vertex -0.651184 -7.95663 18.8
      vertex -0.990051 -6.40121 18.8
    endloop
  endfacet
  facet normal 0 0 1
    outer loop
      vertex -0.651184 -7.95663 18.8
      vertex -1.22479 -6.49869 18.8
      vertex -0.74498 -7.98508 18.8
    endloop
  endfacet
  facet normal 0 0 1
    outer loop
      vertex -1.22479 -6.49869 18.8
      vertex -1.32858 -8.17633 18.8
      vertex -0.74498 -7.98508 18.8
    endloop
  endfacet
  facet normal 0 -0 1
    outer loop
      vertex -1.32858 -8.17633 18.8
      vertex -1.22479 -6.49869 18.8
      vertex -1.7189 -8.34273 18.8
    endloop
  endfacet
  facet normal -0 0 1
    outer loop
      vertex -1.11858 2.00284 18.8
      vertex -0.964401 1.67149 18.8
      vertex -1.06419 2.04395 18.8
    endloop
  endfacet
  facet normal -0 0 1
    outer loop
      vertex -1.20502 1.95663 18.8
      vertex -0.964401 1.67149 18.8
      vertex -1.11858 2.00284 18.8
    endloop
  endfacet
  facet normal 0 0 1
    outer loop
      vertex -0.964401 1.67149 18.8
      vertex -1.20502 1.95663 18.8
      vertex -1.23631 1.94341 18.8
    endloop
  endfacet
  facet normal 0 0 1
    outer loop
      vertex -0.964401 -1.67149 18.8
      vertex -1.11858 -2.00284 18.8
      vertex -1.06419 -2.04395 18.8
    endloop
  endfacet
  facet normal 0 0 1
    outer loop
      vertex -0.964401 -1.67149 18.8
      vertex -1.20502 -1.95663 18.8
      vertex -1.11858 -2.00284 18.8
    endloop
  endfacet
  facet normal 0 -0 1
    outer loop
      vertex -1.20502 -1.95663 18.8
      vertex -0.964401 -1.67149 18.8
      vertex -1.23631 -1.94341 18.8
    endloop
  endfacet
  facet normal -0 0 1
    outer loop
      vertex 0.56044 5.1694 18.8
      vertex 0.403412 3.43327 18.8
      vertex 0.898285 5.28012 18.8
    endloop
  endfacet
  facet normal -0 0 1
    outer loop
      vertex 0.466629 5.14096 18.8
      vertex 0.403412 3.43327 18.8
      vertex 0.56044 5.1694 18.8
    endloop
  endfacet
  facet normal -0 0 1
    outer loop
      vertex 0.0975342 5.09506 18.8
      vertex 0.403412 3.43327 18.8
      vertex 0.466629 5.14096 18.8
    endloop
  endfacet
  facet normal -0 0 1
    outer loop
      vertex 0 5.08545 18.8
      vertex 0.403412 3.43327 18.8
      vertex 0.0975342 5.09506 18.8
    endloop
  endfacet
  facet normal 0 0 1
    outer loop
      vertex 0.403412 3.43327 18.8
      vertex 0 5.08545 18.8
      vertex 0.399353 3.43158 18.8
    endloop
  endfacet
  facet normal 0 0 1
    outer loop
      vertex -0.399353 3.43158 18.8
      vertex 0.399353 3.43158 18.8
      vertex 0 5.08545 18.8
    endloop
  endfacet
  facet normal 0 0 1
    outer loop
      vertex 0.399353 3.43158 18.8
      vertex -0.399353 3.43158 18.8
      vertex 0.187729 3.34135 18.8
    endloop
  endfacet
  facet normal 0 0 1
    outer loop
      vertex 0.187729 3.34135 18.8
      vertex -0.187729 3.34135 18.8
      vertex 0.0757904 3.30467 18.8
    endloop
  endfacet
  facet normal 0 -0 1
    outer loop
      vertex -0.0757904 3.30467 18.8
      vertex 0.0757904 3.30467 18.8
      vertex -0.187729 3.34135 18.8
    endloop
  endfacet
  facet normal 0 0 1
    outer loop
      vertex -0.403412 3.43327 18.8
      vertex 0 5.08545 18.8
      vertex -0.0975342 5.09506 18.8
    endloop
  endfacet
  facet normal 0 0 1
    outer loop
      vertex 0.0757904 3.30467 18.8
      vertex -0.0757904 3.30467 18.8
      vertex 0 3.29524 18.8
    endloop
  endfacet
  facet normal 0 0 1
    outer loop
      vertex 0.187729 3.34135 18.8
      vertex -0.399353 3.43158 18.8
      vertex -0.187729 3.34135 18.8
    endloop
  endfacet
  facet normal 0 0 1
    outer loop
      vertex 0 5.08545 18.8
      vertex -0.403412 3.43327 18.8
      vertex -0.399353 3.43158 18.8
    endloop
  endfacet
  facet normal 0 0 1
    outer loop
      vertex -0.466629 5.14096 18.8
      vertex -0.403412 3.43327 18.8
      vertex -0.0975342 5.09506 18.8
    endloop
  endfacet
  facet normal 0 0 1
    outer loop
      vertex -0.56044 5.1694 18.8
      vertex -0.403412 3.43327 18.8
      vertex -0.466629 5.14096 18.8
    endloop
  endfacet
  facet normal 0 0 1
    outer loop
      vertex -0.403412 3.43327 18.8
      vertex -0.56044 5.1694 18.8
      vertex -0.898285 5.28012 18.8
    endloop
  endfacet
  facet normal 0 0 1
    outer loop
      vertex 0.403412 -3.43327 18.8
      vertex 0.56044 -5.1694 18.8
      vertex 0.898285 -5.28012 18.8
    endloop
  endfacet
  facet normal 0 0 1
    outer loop
      vertex 0.403412 -3.43327 18.8
      vertex 0.466629 -5.14096 18.8
      vertex 0.56044 -5.1694 18.8
    endloop
  endfacet
  facet normal 0 0 1
    outer loop
      vertex 0 -5.08545 18.8
      vertex 0.403412 -3.43327 18.8
      vertex 0.399353 -3.43158 18.8
    endloop
  endfacet
  facet normal 0 0 1
    outer loop
      vertex -0.399353 -3.43158 18.8
      vertex 0.399353 -3.43158 18.8
      vertex 0.187729 -3.34135 18.8
    endloop
  endfacet
  facet normal 0 0 1
    outer loop
      vertex 0.403412 -3.43327 18.8
      vertex 0.0975342 -5.09506 18.8
      vertex 0.466629 -5.14096 18.8
    endloop
  endfacet
  facet normal 0 0 1
    outer loop
      vertex -0.187729 -3.34135 18.8
      vertex 0.187729 -3.34135 18.8
      vertex 0.0757904 -3.30467 18.8
    endloop
  endfacet
  facet normal 0 0 1
    outer loop
      vertex -0.0757904 -3.30467 18.8
      vertex 0.0757904 -3.30467 18.8
      vertex 0 -3.29524 18.8
    endloop
  endfacet
  facet normal 0 0 1
    outer loop
      vertex 0.403412 -3.43327 18.8
      vertex 0 -5.08545 18.8
      vertex 0.0975342 -5.09506 18.8
    endloop
  endfacet
  facet normal 0 0 1
    outer loop
      vertex 0.0757904 -3.30467 18.8
      vertex -0.0757904 -3.30467 18.8
      vertex -0.187729 -3.34135 18.8
    endloop
  endfacet
  facet normal 0 0 1
    outer loop
      vertex -0.399353 -3.43158 18.8
      vertex 0.187729 -3.34135 18.8
      vertex -0.187729 -3.34135 18.8
    endloop
  endfacet
  facet normal 0 0 1
    outer loop
      vertex 0.399353 -3.43158 18.8
      vertex -0.399353 -3.43158 18.8
      vertex 0 -5.08545 18.8
    endloop
  endfacet
  facet normal -0 0 1
    outer loop
      vertex -0.403412 -3.43327 18.8
      vertex 0 -5.08545 18.8
      vertex -0.399353 -3.43158 18.8
    endloop
  endfacet
  facet normal 0 0 1
    outer loop
      vertex 0 -5.08545 18.8
      vertex -0.403412 -3.43327 18.8
      vertex -0.0975342 -5.09506 18.8
    endloop
  endfacet
  facet normal 0 0 1
    outer loop
      vertex -0.403412 -3.43327 18.8
      vertex -0.466629 -5.14096 18.8
      vertex -0.0975342 -5.09506 18.8
    endloop
  endfacet
  facet normal 0 0 1
    outer loop
      vertex -0.403412 -3.43327 18.8
      vertex -0.56044 -5.1694 18.8
      vertex -0.466629 -5.14096 18.8
    endloop
  endfacet
  facet normal 0 -0 1
    outer loop
      vertex -0.56044 -5.1694 18.8
      vertex -0.403412 -3.43327 18.8
      vertex -0.898285 -5.28012 18.8
    endloop
  endfacet
  facet normal -0 0 1
    outer loop
      vertex 0.0975342 2.30232 18.8
      vertex 0 1.92769 18.8
      vertex 0.100479 2.30269 18.8
    endloop
  endfacet
  facet normal -0 0 1
    outer loop
      vertex 0 2.29272 18.8
      vertex 0 1.92769 18.8
      vertex 0.0975342 2.30232 18.8
    endloop
  endfacet
  facet normal 0 0 1
    outer loop
      vertex -0.0975342 2.30232 18.8
      vertex 0 1.92769 18.8
      vertex 0 2.29272 18.8
    endloop
  endfacet
  facet normal 0 0 1
    outer loop
      vertex 0 1.92769 18.8
      vertex -0.0975342 2.30232 18.8
      vertex -0.100479 2.30269 18.8
    endloop
  endfacet
  facet normal 0 0 1
    outer loop
      vertex 0 -1.92769 18.8
      vertex 0.0975342 -2.30232 18.8
      vertex 0.100479 -2.30269 18.8
    endloop
  endfacet
  facet normal 0 0 1
    outer loop
      vertex 0 -1.92769 18.8
      vertex 0 -2.29272 18.8
      vertex 0.0975342 -2.30232 18.8
    endloop
  endfacet
  facet normal 0 0 1
    outer loop
      vertex 0 -1.92769 18.8
      vertex -0.0975342 -2.30232 18.8
      vertex 0 -2.29272 18.8
    endloop
  endfacet
  facet normal 0 -0 1
    outer loop
      vertex -0.0975342 -2.30232 18.8
      vertex 0 -1.92769 18.8
      vertex -0.100479 -2.30269 18.8
    endloop
  endfacet
  facet normal 0 0 1
    outer loop
      vertex 1.20502 1.95663 18.8
      vertex 0.964401 1.67149 18.8
      vertex 1.23631 1.94341 18.8
    endloop
  endfacet
  facet normal 0 0 1
    outer loop
      vertex 1.11858 2.00284 18.8
      vertex 0.964401 1.67149 18.8
      vertex 1.20502 1.95663 18.8
    endloop
  endfacet
  facet normal 0 0 1
    outer loop
      vertex 0.964401 1.67149 18.8
      vertex 1.11858 2.00284 18.8
      vertex 1.06419 2.04395 18.8
    endloop
  endfacet
  facet normal 0 0 1
    outer loop
      vertex 1.11858 -2.00284 18.8
      vertex 0.964401 -1.67149 18.8
      vertex 1.06419 -2.04395 18.8
    endloop
  endfacet
  facet normal 0 0 1
    outer loop
      vertex 1.20502 -1.95663 18.8
      vertex 0.964401 -1.67149 18.8
      vertex 1.11858 -2.00284 18.8
    endloop
  endfacet
  facet normal 0 0 1
    outer loop
      vertex 0.964401 -1.67149 18.8
      vertex 1.20502 -1.95663 18.8
      vertex 1.23631 -1.94341 18.8
    endloop
  endfacet
  facet normal 0 0 1
    outer loop
      vertex 3.03777 4.20195 18.8
      vertex 2.06342 2.77051 18.8
      vertex 3.41554 4.12263 18.8
    endloop
  endfacet
  facet normal 0 0 1
    outer loop
      vertex 2.94397 4.23039 18.8
      vertex 2.06342 2.77051 18.8
      vertex 3.03777 4.20195 18.8
    endloop
  endfacet
  facet normal 0 0 1
    outer loop
      vertex 2.60138 4.3752 18.8
      vertex 2.06342 2.77051 18.8
      vertex 2.94397 4.23039 18.8
    endloop
  endfacet
  facet normal 0 0 1
    outer loop
      vertex 2.51494 4.4214 18.8
      vertex 2.06342 2.77051 18.8
      vertex 2.60138 4.3752 18.8
    endloop
  endfacet
  facet normal 0 0 1
    outer loop
      vertex 1.36693 3.17372 18.8
      vertex 2.51494 4.4214 18.8
      vertex 2.21823 4.64571 18.8
    endloop
  endfacet
  facet normal 0 0 1
    outer loop
      vertex 1.36693 3.17372 18.8
      vertex 2.21823 4.64571 18.8
      vertex 2.14247 4.70789 18.8
    endloop
  endfacet
  facet normal 0 0 1
    outer loop
      vertex 1.36693 3.17372 18.8
      vertex 2.14247 4.70789 18.8
      vertex 1.86928 5.01283 18.8
    endloop
  endfacet
  facet normal 0 0 1
    outer loop
      vertex 2.51494 4.4214 18.8
      vertex 1.36693 3.17372 18.8
      vertex 1.38899 3.14491 18.8
    endloop
  endfacet
  facet normal 0 0 1
    outer loop
      vertex 1.36693 3.17372 18.8
      vertex 1.86928 5.01283 18.8
      vertex 1.86206 5.02162 18.8
    endloop
  endfacet
  facet normal 0 0 1
    outer loop
      vertex 2.51494 4.4214 18.8
      vertex 1.38899 3.14491 18.8
      vertex 2.06342 2.77051 18.8
    endloop
  endfacet
  facet normal -0 -0 1
    outer loop
      vertex 1.49756 3.00035 18.8
      vertex 1.86554 2.79449 18.8
      vertex 1.38899 3.14491 18.8
    endloop
  endfacet
  facet normal -0 -0 1
    outer loop
      vertex 1.58792 2.89949 18.8
      vertex 1.7178 2.82552 18.8
      vertex 1.49756 3.00035 18.8
    endloop
  endfacet
  facet normal 0 0 1
    outer loop
      vertex 1.7178 2.82552 18.8
      vertex 1.58792 2.89949 18.8
      vertex 1.64516 2.85622 18.8
    endloop
  endfacet
  facet normal 0 0 1
    outer loop
      vertex 1.86554 2.79449 18.8
      vertex 1.49756 3.00035 18.8
      vertex 1.7178 2.82552 18.8
    endloop
  endfacet
  facet normal 0 0 1
    outer loop
      vertex 2.06342 2.77051 18.8
      vertex 1.38899 3.14491 18.8
      vertex 1.86554 2.79449 18.8
    endloop
  endfacet
  facet normal 0 0 1
    outer loop
      vertex 2.06342 -2.77051 18.8
      vertex 3.03777 -4.20195 18.8
      vertex 3.41554 -4.12263 18.8
    endloop
  endfacet
  facet normal 0 0 1
    outer loop
      vertex 2.06342 -2.77051 18.8
      vertex 2.94397 -4.23039 18.8
      vertex 3.03777 -4.20195 18.8
    endloop
  endfacet
  facet normal 0 0 1
    outer loop
      vertex 2.06342 -2.77051 18.8
      vertex 2.60138 -4.3752 18.8
      vertex 2.94397 -4.23039 18.8
    endloop
  endfacet
  facet normal 0 0 1
    outer loop
      vertex 2.06342 -2.77051 18.8
      vertex 2.51494 -4.4214 18.8
      vertex 2.60138 -4.3752 18.8
    endloop
  endfacet
  facet normal -0 0 1
    outer loop
      vertex 1.38899 -3.14491 18.8
      vertex 2.51494 -4.4214 18.8
      vertex 2.06342 -2.77051 18.8
    endloop
  endfacet
  facet normal -0 0 1
    outer loop
      vertex 1.36693 -3.17372 18.8
      vertex 2.51494 -4.4214 18.8
      vertex 1.38899 -3.14491 18.8
    endloop
  endfacet
  facet normal 0 0 1
    outer loop
      vertex 2.51494 -4.4214 18.8
      vertex 1.36693 -3.17372 18.8
      vertex 2.21823 -4.64571 18.8
    endloop
  endfacet
  facet normal 0 0 1
    outer loop
      vertex 1.38899 -3.14491 18.8
      vertex 2.06342 -2.77051 18.8
      vertex 1.86554 -2.79449 18.8
    endloop
  endfacet
  facet normal 0 0 1
    outer loop
      vertex 2.14247 -4.70789 18.8
      vertex 1.36693 -3.17372 18.8
      vertex 1.86928 -5.01283 18.8
    endloop
  endfacet
  facet normal 0 0 1
    outer loop
      vertex 1.49756 -3.00035 18.8
      vertex 1.86554 -2.79449 18.8
      vertex 1.7178 -2.82552 18.8
    endloop
  endfacet
  facet normal 0 0 1
    outer loop
      vertex 1.58792 -2.89949 18.8
      vertex 1.7178 -2.82552 18.8
      vertex 1.64516 -2.85622 18.8
    endloop
  endfacet
  facet normal 0 0 1
    outer loop
      vertex 1.7178 -2.82552 18.8
      vertex 1.58792 -2.89949 18.8
      vertex 1.49756 -3.00035 18.8
    endloop
  endfacet
  facet normal 0 0 1
    outer loop
      vertex 1.86554 -2.79449 18.8
      vertex 1.49756 -3.00035 18.8
      vertex 1.38899 -3.14491 18.8
    endloop
  endfacet
  facet normal 0 0 1
    outer loop
      vertex 2.21823 -4.64571 18.8
      vertex 1.36693 -3.17372 18.8
      vertex 2.14247 -4.70789 18.8
    endloop
  endfacet
  facet normal 0 0 1
    outer loop
      vertex 1.86928 -5.01283 18.8
      vertex 1.36693 -3.17372 18.8
      vertex 1.86206 -5.02162 18.8
    endloop
  endfacet
  facet normal 0 0 1
    outer loop
      vertex 2.00284 1.11858 18.8
      vertex 1.67149 0.964401 18.8
      vertex 2.04395 1.06419 18.8
    endloop
  endfacet
  facet normal 0 0 1
    outer loop
      vertex 1.95663 1.20502 18.8
      vertex 1.67149 0.964401 18.8
      vertex 2.00284 1.11858 18.8
    endloop
  endfacet
  facet normal 0 0 1
    outer loop
      vertex 1.67149 0.964401 18.8
      vertex 1.95663 1.20502 18.8
      vertex 1.94341 1.23631 18.8
    endloop
  endfacet
  facet normal 0 0 1
    outer loop
      vertex 1.95663 -1.20502 18.8
      vertex 1.67149 -0.964401 18.8
      vertex 1.94341 -1.23631 18.8
    endloop
  endfacet
  facet normal 0 0 1
    outer loop
      vertex 2.00284 -1.11858 18.8
      vertex 1.67149 -0.964401 18.8
      vertex 1.95663 -1.20502 18.8
    endloop
  endfacet
  facet normal 0 0 1
    outer loop
      vertex 1.67149 -0.964401 18.8
      vertex 2.00284 -1.11858 18.8
      vertex 2.04395 -1.06419 18.8
    endloop
  endfacet
  facet normal 0 0 1
    outer loop
      vertex 2.30232 0.0975342 18.8
      vertex 1.92769 0 18.8
      vertex 2.29272 0 18.8
    endloop
  endfacet
  facet normal 0 0 1
    outer loop
      vertex 1.92769 0 18.8
      vertex 2.30232 0.0975342 18.8
      vertex 2.30269 0.100479 18.8
    endloop
  endfacet
  facet normal 0 0 1
    outer loop
      vertex 2.30232 -0.0975342 18.8
      vertex 1.92769 0 18.8
      vertex 2.30269 -0.100479 18.8
    endloop
  endfacet
  facet normal -0 0 1
    outer loop
      vertex 1.92769 0 18.8
      vertex 2.30232 -0.0975342 18.8
      vertex 2.29272 0 18.8
    endloop
  endfacet
  facet normal 0 0 1
    outer loop
      vertex 5.20647 6.42194 18.8
      vertex 4.30772 5.01482 18.8
      vertex 5.6599 6.36699 18.8
    endloop
  endfacet
  facet normal 0 0 1
    outer loop
      vertex 4.60544 6.54813 18.8
      vertex 4.30772 5.01482 18.8
      vertex 5.20647 6.42194 18.8
    endloop
  endfacet
  facet normal 0 0 1
    outer loop
      vertex 4.51164 6.57657 18.8
      vertex 4.30772 5.01482 18.8
      vertex 4.60544 6.54813 18.8
    endloop
  endfacet
  facet normal 0 0 1
    outer loop
      vertex 4.51164 6.57657 18.8
      vertex 4.0903 5.04326 18.8
      vertex 4.30772 5.01482 18.8
    endloop
  endfacet
  facet normal 0 0 1
    outer loop
      vertex 3.63356 5.09862 18.8
      vertex 4.51164 6.57657 18.8
      vertex 3.99774 6.79378 18.8
    endloop
  endfacet
  facet normal 0 0 1
    outer loop
      vertex 3.28546 5.17169 18.8
      vertex 3.99774 6.79378 18.8
      vertex 3.9113 6.83998 18.8
    endloop
  endfacet
  facet normal 0 0 1
    outer loop
      vertex 4.51164 6.57657 18.8
      vertex 3.63356 5.09862 18.8
      vertex 4.0903 5.04326 18.8
    endloop
  endfacet
  facet normal 0 0 1
    outer loop
      vertex 2.60896 5.68358 18.8
      vertex 3.9113 6.83998 18.8
      vertex 3.46625 7.17642 18.8
    endloop
  endfacet
  facet normal 0 0 1
    outer loop
      vertex 2.36224 6.01205 18.8
      vertex 3.46625 7.17642 18.8
      vertex 3.39049 7.2386 18.8
    endloop
  endfacet
  facet normal 0 0 1
    outer loop
      vertex 3.99774 6.79378 18.8
      vertex 3.28546 5.17169 18.8
      vertex 3.63356 5.09862 18.8
    endloop
  endfacet
  facet normal 0 0 1
    outer loop
      vertex 3.9113 6.83998 18.8
      vertex 3.0415 5.27481 18.8
      vertex 3.28546 5.17169 18.8
    endloop
  endfacet
  facet normal 0 0 1
    outer loop
      vertex 2.18829 6.23915 18.8
      vertex 3.39049 7.2386 18.8
      vertex 2.98068 7.69603 18.8
    endloop
  endfacet
  facet normal 0 0 1
    outer loop
      vertex 2.18829 6.23915 18.8
      vertex 2.98068 7.69603 18.8
      vertex 2.9185 7.7718 18.8
    endloop
  endfacet
  facet normal 0 0 1
    outer loop
      vertex 3.9113 6.83998 18.8
      vertex 2.83598 5.43018 18.8
      vertex 3.0415 5.27481 18.8
    endloop
  endfacet
  facet normal 0 0 1
    outer loop
      vertex 2.18829 6.23915 18.8
      vertex 2.9185 7.7718 18.8
      vertex 2.68298 8.08536 18.8
    endloop
  endfacet
  facet normal 0 0 1
    outer loop
      vertex 3.9113 6.83998 18.8
      vertex 2.60896 5.68358 18.8
      vertex 2.83598 5.43018 18.8
    endloop
  endfacet
  facet normal 0 0 1
    outer loop
      vertex 3.46625 7.17642 18.8
      vertex 2.36224 6.01205 18.8
      vertex 2.60896 5.68358 18.8
    endloop
  endfacet
  facet normal 0 0 1
    outer loop
      vertex 3.39049 7.2386 18.8
      vertex 2.18829 6.23915 18.8
      vertex 2.36224 6.01205 18.8
    endloop
  endfacet
  facet normal 0 0 1
    outer loop
      vertex 4.30772 -5.01482 18.8
      vertex 5.20647 -6.42194 18.8
      vertex 5.6599 -6.36699 18.8
    endloop
  endfacet
  facet normal 0 0 1
    outer loop
      vertex 4.30772 -5.01482 18.8
      vertex 4.60544 -6.54813 18.8
      vertex 5.20647 -6.42194 18.8
    endloop
  endfacet
  facet normal 0 0 1
    outer loop
      vertex 4.30772 -5.01482 18.8
      vertex 4.51164 -6.57657 18.8
      vertex 4.60544 -6.54813 18.8
    endloop
  endfacet
  facet normal -0 0 1
    outer loop
      vertex 4.0903 -5.04326 18.8
      vertex 4.51164 -6.57657 18.8
      vertex 4.30772 -5.01482 18.8
    endloop
  endfacet
  facet normal -0 0 1
    outer loop
      vertex 3.63356 -5.09862 18.8
      vertex 4.51164 -6.57657 18.8
      vertex 4.0903 -5.04326 18.8
    endloop
  endfacet
  facet normal 0 0 1
    outer loop
      vertex 4.51164 -6.57657 18.8
      vertex 3.63356 -5.09862 18.8
      vertex 3.99774 -6.79378 18.8
    endloop
  endfacet
  facet normal -0 0 1
    outer loop
      vertex 3.28546 -5.17169 18.8
      vertex 3.99774 -6.79378 18.8
      vertex 3.63356 -5.09862 18.8
    endloop
  endfacet
  facet normal 0 0 1
    outer loop
      vertex 3.99774 -6.79378 18.8
      vertex 3.28546 -5.17169 18.8
      vertex 3.9113 -6.83998 18.8
    endloop
  endfacet
  facet normal -0 0 1
    outer loop
      vertex 3.0415 -5.27481 18.8
      vertex 3.9113 -6.83998 18.8
      vertex 3.28546 -5.17169 18.8
    endloop
  endfacet
  facet normal -0 0 1
    outer loop
      vertex 2.83598 -5.43018 18.8
      vertex 3.9113 -6.83998 18.8
      vertex 3.0415 -5.27481 18.8
    endloop
  endfacet
  facet normal -0 0 1
    outer loop
      vertex 2.60896 -5.68358 18.8
      vertex 3.9113 -6.83998 18.8
      vertex 2.83598 -5.43018 18.8
    endloop
  endfacet
  facet normal 0 0 1
    outer loop
      vertex 3.9113 -6.83998 18.8
      vertex 2.60896 -5.68358 18.8
      vertex 3.46625 -7.17642 18.8
    endloop
  endfacet
  facet normal -0 0 1
    outer loop
      vertex 2.36224 -6.01205 18.8
      vertex 3.46625 -7.17642 18.8
      vertex 2.60896 -5.68358 18.8
    endloop
  endfacet
  facet normal 0 0 1
    outer loop
      vertex 3.46625 -7.17642 18.8
      vertex 2.36224 -6.01205 18.8
      vertex 3.39049 -7.2386 18.8
    endloop
  endfacet
  facet normal -0 0 1
    outer loop
      vertex 2.18829 -6.23915 18.8
      vertex 3.39049 -7.2386 18.8
      vertex 2.36224 -6.01205 18.8
    endloop
  endfacet
  facet normal 0 0 1
    outer loop
      vertex 3.39049 -7.2386 18.8
      vertex 2.18829 -6.23915 18.8
      vertex 2.98068 -7.69603 18.8
    endloop
  endfacet
  facet normal 0 0 1
    outer loop
      vertex 2.98068 -7.69603 18.8
      vertex 2.18829 -6.23915 18.8
      vertex 2.9185 -7.7718 18.8
    endloop
  endfacet
  facet normal 0 0 1
    outer loop
      vertex 2.9185 -7.7718 18.8
      vertex 2.18829 -6.23915 18.8
      vertex 2.68298 -8.08536 18.8
    endloop
  endfacet
  facet normal 0 0 1
    outer loop
      vertex 5.01283 1.86928 18.8
      vertex 3.17372 1.36693 18.8
      vertex 5.02162 1.86206 18.8
    endloop
  endfacet
  facet normal 0 0 1
    outer loop
      vertex 4.70789 2.14247 18.8
      vertex 3.17372 1.36693 18.8
      vertex 5.01283 1.86928 18.8
    endloop
  endfacet
  facet normal 0 0 1
    outer loop
      vertex 4.64571 2.21823 18.8
      vertex 3.17372 1.36693 18.8
      vertex 4.70789 2.14247 18.8
    endloop
  endfacet
  facet normal 0 0 1
    outer loop
      vertex 4.4214 2.51494 18.8
      vertex 3.17372 1.36693 18.8
      vertex 4.64571 2.21823 18.8
    endloop
  endfacet
  facet normal 0 0 1
    outer loop
      vertex 2.77051 2.06342 18.8
      vertex 4.4214 2.51494 18.8
      vertex 4.3752 2.60138 18.8
    endloop
  endfacet
  facet normal 0 0 1
    outer loop
      vertex 2.77051 2.06342 18.8
      vertex 4.3752 2.60138 18.8
      vertex 4.23039 2.94397 18.8
    endloop
  endfacet
  facet normal 0 0 1
    outer loop
      vertex 2.77051 2.06342 18.8
      vertex 4.23039 2.94397 18.8
      vertex 4.20195 3.03777 18.8
    endloop
  endfacet
  facet normal 0 0 1
    outer loop
      vertex 2.77051 2.06342 18.8
      vertex 4.20195 3.03777 18.8
      vertex 4.12263 3.41554 18.8
    endloop
  endfacet
  facet normal 0 0 1
    outer loop
      vertex 4.4214 2.51494 18.8
      vertex 2.77051 2.06342 18.8
      vertex 3.14491 1.38899 18.8
    endloop
  endfacet
  facet normal 0 0 1
    outer loop
      vertex 4.4214 2.51494 18.8
      vertex 3.14491 1.38899 18.8
      vertex 3.17372 1.36693 18.8
    endloop
  endfacet
  facet normal -0 -0 1
    outer loop
      vertex 2.79449 1.86554 18.8
      vertex 3.14491 1.38899 18.8
      vertex 2.77051 2.06342 18.8
    endloop
  endfacet
  facet normal 0 0 1
    outer loop
      vertex 3.14491 1.38899 18.8
      vertex 2.79449 1.86554 18.8
      vertex 3.00035 1.49756 18.8
    endloop
  endfacet
  facet normal 0 0 1
    outer loop
      vertex 3.00035 1.49756 18.8
      vertex 2.82552 1.7178 18.8
      vertex 2.89949 1.58792 18.8
    endloop
  endfacet
  facet normal 0 0 1
    outer loop
      vertex 2.89949 1.58792 18.8
      vertex 2.82552 1.7178 18.8
      vertex 2.85622 1.64516 18.8
    endloop
  endfacet
  facet normal -0 -0 1
    outer loop
      vertex 2.82552 1.7178 18.8
      vertex 3.00035 1.49756 18.8
      vertex 2.79449 1.86554 18.8
    endloop
  endfacet
  facet normal 0 0 1
    outer loop
      vertex 3.17372 -1.36693 18.8
      vertex 5.01283 -1.86928 18.8
      vertex 5.02162 -1.86206 18.8
    endloop
  endfacet
  facet normal 0 0 1
    outer loop
      vertex 3.17372 -1.36693 18.8
      vertex 4.70789 -2.14247 18.8
      vertex 5.01283 -1.86928 18.8
    endloop
  endfacet
  facet normal 0 0 1
    outer loop
      vertex 3.17372 -1.36693 18.8
      vertex 4.64571 -2.21823 18.8
      vertex 4.70789 -2.14247 18.8
    endloop
  endfacet
  facet normal 0 0 1
    outer loop
      vertex 3.17372 -1.36693 18.8
      vertex 4.4214 -2.51494 18.8
      vertex 4.64571 -2.21823 18.8
    endloop
  endfacet
  facet normal -0 0 1
    outer loop
      vertex 3.14491 -1.38899 18.8
      vertex 4.4214 -2.51494 18.8
      vertex 3.17372 -1.36693 18.8
    endloop
  endfacet
  facet normal -0 0 1
    outer loop
      vertex 2.77051 -2.06342 18.8
      vertex 4.4214 -2.51494 18.8
      vertex 3.14491 -1.38899 18.8
    endloop
  endfacet
  facet normal 0 0 1
    outer loop
      vertex 4.4214 -2.51494 18.8
      vertex 2.77051 -2.06342 18.8
      vertex 4.3752 -2.60138 18.8
    endloop
  endfacet
  facet normal 0 0 1
    outer loop
      vertex 4.3752 -2.60138 18.8
      vertex 2.77051 -2.06342 18.8
      vertex 4.23039 -2.94397 18.8
    endloop
  endfacet
  facet normal 0 0 1
    outer loop
      vertex 4.23039 -2.94397 18.8
      vertex 2.77051 -2.06342 18.8
      vertex 4.20195 -3.03777 18.8
    endloop
  endfacet
  facet normal 0 0 1
    outer loop
      vertex 2.79449 -1.86554 18.8
      vertex 3.14491 -1.38899 18.8
      vertex 3.00035 -1.49756 18.8
    endloop
  endfacet
  facet normal 0 0 1
    outer loop
      vertex 2.82552 -1.7178 18.8
      vertex 3.00035 -1.49756 18.8
      vertex 2.89949 -1.58792 18.8
    endloop
  endfacet
  facet normal 0 0 1
    outer loop
      vertex 2.82552 -1.7178 18.8
      vertex 2.89949 -1.58792 18.8
      vertex 2.85622 -1.64516 18.8
    endloop
  endfacet
  facet normal 0 0 1
    outer loop
      vertex 3.00035 -1.49756 18.8
      vertex 2.82552 -1.7178 18.8
      vertex 2.79449 -1.86554 18.8
    endloop
  endfacet
  facet normal 0 0 1
    outer loop
      vertex 3.14491 -1.38899 18.8
      vertex 2.79449 -1.86554 18.8
      vertex 2.77051 -2.06342 18.8
    endloop
  endfacet
  facet normal 0 0 1
    outer loop
      vertex 4.20195 -3.03777 18.8
      vertex 2.77051 -2.06342 18.8
      vertex 4.12263 -3.41554 18.8
    endloop
  endfacet
  facet normal 0 0 1
    outer loop
      vertex 6.55176 7.25887 18.8
      vertex 7.88797 8.61534 18.8
      vertex 6.97449 8.72606 18.8
    endloop
  endfacet
  facet normal 0 0 1
    outer loop
      vertex 7.88797 8.61534 18.8
      vertex 6.55176 7.25887 18.8
      vertex 7.9059 8.61299 18.8
    endloop
  endfacet
  facet normal 0 0 1
    outer loop
      vertex 6.1731 8.89429 18.8
      vertex 6.55176 7.25887 18.8
      vertex 6.97449 8.72606 18.8
    endloop
  endfacet
  facet normal 0 0 1
    outer loop
      vertex 6.1731 8.89429 18.8
      vertex 6.08669 7.31969 18.8
      vertex 6.55176 7.25887 18.8
    endloop
  endfacet
  facet normal 0 0 1
    outer loop
      vertex 6.0793 8.92274 18.8
      vertex 6.08669 7.31969 18.8
      vertex 6.1731 8.89429 18.8
    endloop
  endfacet
  facet normal 0 0 1
    outer loop
      vertex 6.0793 8.92274 18.8
      vertex 5.40157 7.40273 18.8
      vertex 6.08669 7.31969 18.8
    endloop
  endfacet
  facet normal 0 0 1
    outer loop
      vertex 5.3941 9.21236 18.8
      vertex 5.40157 7.40273 18.8
      vertex 6.0793 8.92274 18.8
    endloop
  endfacet
  facet normal 0 0 1
    outer loop
      vertex 4.43787 7.69337 18.8
      vertex 5.3941 9.21236 18.8
      vertex 5.30766 9.25856 18.8
    endloop
  endfacet
  facet normal 0 0 1
    outer loop
      vertex 5.3941 9.21236 18.8
      vertex 4.85318 7.51785 18.8
      vertex 5.40157 7.40273 18.8
    endloop
  endfacet
  facet normal 0 0 1
    outer loop
      vertex 3.72046 8.36667 18.8
      vertex 5.30766 9.25856 18.8
      vertex 4.71426 9.70715 18.8
    endloop
  endfacet
  facet normal 0 0 1
    outer loop
      vertex 3.72046 8.36667 18.8
      vertex 4.71426 9.70715 18.8
      vertex 4.63849 9.76933 18.8
    endloop
  endfacet
  facet normal 0 0 1
    outer loop
      vertex 5.3941 9.21236 18.8
      vertex 4.43787 7.69337 18.8
      vertex 4.85318 7.51785 18.8
    endloop
  endfacet
  facet normal 0 0 1
    outer loop
      vertex 3.33551 8.87918 18.8
      vertex 4.63849 9.76933 18.8
      vertex 4.0921 10.3792 18.8
    endloop
  endfacet
  facet normal 0 0 1
    outer loop
      vertex 5.30766 9.25856 18.8
      vertex 4.084 7.96088 18.8
      vertex 4.43787 7.69337 18.8
    endloop
  endfacet
  facet normal 0 0 1
    outer loop
      vertex 3.00967 9.30457 18.8
      vertex 4.0921 10.3792 18.8
      vertex 4.02992 10.455 18.8
    endloop
  endfacet
  facet normal 0 0 1
    outer loop
      vertex 5.30766 9.25856 18.8
      vertex 3.72046 8.36667 18.8
      vertex 4.084 7.96088 18.8
    endloop
  endfacet
  facet normal 0 0 1
    outer loop
      vertex 3.00967 9.30457 18.8
      vertex 4.02992 10.455 18.8
      vertex 3.50514 11.1537 18.8
    endloop
  endfacet
  facet normal 0 0 1
    outer loop
      vertex 4.63849 9.76933 18.8
      vertex 3.33551 8.87918 18.8
      vertex 3.72046 8.36667 18.8
    endloop
  endfacet
  facet normal 0 0 1
    outer loop
      vertex 4.0921 10.3792 18.8
      vertex 3.00967 9.30457 18.8
      vertex 3.33551 8.87918 18.8
    endloop
  endfacet
  facet normal 0 0 1
    outer loop
      vertex 6.55176 -7.25887 18.8
      vertex 7.88797 -8.61534 18.8
      vertex 7.9059 -8.61299 18.8
    endloop
  endfacet
  facet normal 0 0 1
    outer loop
      vertex 7.88797 -8.61534 18.8
      vertex 6.55176 -7.25887 18.8
      vertex 6.97449 -8.72606 18.8
    endloop
  endfacet
  facet normal 0 0 1
    outer loop
      vertex 6.55176 -7.25887 18.8
      vertex 6.1731 -8.89429 18.8
      vertex 6.97449 -8.72606 18.8
    endloop
  endfacet
  facet normal -0 0 1
    outer loop
      vertex 6.08669 -7.31969 18.8
      vertex 6.1731 -8.89429 18.8
      vertex 6.55176 -7.25887 18.8
    endloop
  endfacet
  facet normal 0 0 1
    outer loop
      vertex 6.08669 -7.31969 18.8
      vertex 6.0793 -8.92274 18.8
      vertex 6.1731 -8.89429 18.8
    endloop
  endfacet
  facet normal -0 0 1
    outer loop
      vertex 5.40157 -7.40273 18.8
      vertex 6.0793 -8.92274 18.8
      vertex 6.08669 -7.31969 18.8
    endloop
  endfacet
  facet normal 0 0 1
    outer loop
      vertex 5.40157 -7.40273 18.8
      vertex 5.3941 -9.21236 18.8
      vertex 6.0793 -8.92274 18.8
    endloop
  endfacet
  facet normal -0 0 1
    outer loop
      vertex 4.85318 -7.51785 18.8
      vertex 5.3941 -9.21236 18.8
      vertex 5.40157 -7.40273 18.8
    endloop
  endfacet
  facet normal -0 0 1
    outer loop
      vertex 4.43787 -7.69337 18.8
      vertex 5.3941 -9.21236 18.8
      vertex 4.85318 -7.51785 18.8
    endloop
  endfacet
  facet normal 0 0 1
    outer loop
      vertex 5.3941 -9.21236 18.8
      vertex 4.43787 -7.69337 18.8
      vertex 5.30766 -9.25856 18.8
    endloop
  endfacet
  facet normal -0 0 1
    outer loop
      vertex 4.084 -7.96088 18.8
      vertex 5.30766 -9.25856 18.8
      vertex 4.43787 -7.69337 18.8
    endloop
  endfacet
  facet normal -0 0 1
    outer loop
      vertex 3.72046 -8.36667 18.8
      vertex 5.30766 -9.25856 18.8
      vertex 4.084 -7.96088 18.8
    endloop
  endfacet
  facet normal 0 0 1
    outer loop
      vertex 5.30766 -9.25856 18.8
      vertex 3.72046 -8.36667 18.8
      vertex 4.71426 -9.70715 18.8
    endloop
  endfacet
  facet normal 0 0 1
    outer loop
      vertex 4.71426 -9.70715 18.8
      vertex 3.72046 -8.36667 18.8
      vertex 4.63849 -9.76933 18.8
    endloop
  endfacet
  facet normal -0 0 1
    outer loop
      vertex 3.33551 -8.87918 18.8
      vertex 4.63849 -9.76933 18.8
      vertex 3.72046 -8.36667 18.8
    endloop
  endfacet
  facet normal 0 0 1
    outer loop
      vertex 4.63849 -9.76933 18.8
      vertex 3.33551 -8.87918 18.8
      vertex 4.0921 -10.3792 18.8
    endloop
  endfacet
  facet normal -0 0 1
    outer loop
      vertex 3.00967 -9.30457 18.8
      vertex 4.0921 -10.3792 18.8
      vertex 3.33551 -8.87918 18.8
    endloop
  endfacet
  facet normal 0 0 1
    outer loop
      vertex 4.0921 -10.3792 18.8
      vertex 3.00967 -9.30457 18.8
      vertex 4.02992 -10.455 18.8
    endloop
  endfacet
  facet normal 0 0 1
    outer loop
      vertex 4.02992 -10.455 18.8
      vertex 3.00967 -9.30457 18.8
      vertex 3.50514 -11.1537 18.8
    endloop
  endfacet
  facet normal 0 0 1
    outer loop
      vertex 5.09506 0.0975342 18.8
      vertex 3.43327 0.403412 18.8
      vertex 5.08545 0 18.8
    endloop
  endfacet
  facet normal 0 0 1
    outer loop
      vertex 5.14096 0.466629 18.8
      vertex 3.43327 0.403412 18.8
      vertex 5.09506 0.0975342 18.8
    endloop
  endfacet
  facet normal 0 0 1
    outer loop
      vertex 5.1694 0.56044 18.8
      vertex 3.43327 0.403412 18.8
      vertex 5.14096 0.466629 18.8
    endloop
  endfacet
  facet normal 0 0 1
    outer loop
      vertex 3.43327 0.403412 18.8
      vertex 5.1694 0.56044 18.8
      vertex 5.28012 0.898285 18.8
    endloop
  endfacet
  facet normal -0 0 1
    outer loop
      vertex 3.43158 0.399353 18.8
      vertex 5.08545 0 18.8
      vertex 3.43327 0.403412 18.8
    endloop
  endfacet
  facet normal 0 0 1
    outer loop
      vertex 3.43158 -0.399353 18.8
      vertex 5.08545 0 18.8
      vertex 3.43158 0.399353 18.8
    endloop
  endfacet
  facet normal 0 -0 1
    outer loop
      vertex 3.43327 -0.403412 18.8
      vertex 5.08545 0 18.8
      vertex 3.43158 -0.399353 18.8
    endloop
  endfacet
  facet normal 0 0 1
    outer loop
      vertex 5.08545 0 18.8
      vertex 3.43327 -0.403412 18.8
      vertex 5.09506 -0.0975342 18.8
    endloop
  endfacet
  facet normal 0 0 1
    outer loop
      vertex 5.1694 -0.56044 18.8
      vertex 3.43327 -0.403412 18.8
      vertex 5.28012 -0.898285 18.8
    endloop
  endfacet
  facet normal 0 0 1
    outer loop
      vertex 5.09506 -0.0975342 18.8
      vertex 3.43327 -0.403412 18.8
      vertex 5.14096 -0.466629 18.8
    endloop
  endfacet
  facet normal 0 0 1
    outer loop
      vertex 5.14096 -0.466629 18.8
      vertex 3.43327 -0.403412 18.8
      vertex 5.1694 -0.56044 18.8
    endloop
  endfacet
  facet normal -0 0 1
    outer loop
      vertex 3.34135 0.187729 18.8
      vertex 3.43158 -0.399353 18.8
      vertex 3.43158 0.399353 18.8
    endloop
  endfacet
  facet normal 0 0 1
    outer loop
      vertex 3.34135 0.187729 18.8
      vertex 3.34135 -0.187729 18.8
      vertex 3.43158 -0.399353 18.8
    endloop
  endfacet
  facet normal -0 0 1
    outer loop
      vertex 3.30467 0.0757904 18.8
      vertex 3.34135 -0.187729 18.8
      vertex 3.34135 0.187729 18.8
    endloop
  endfacet
  facet normal 0 0 1
    outer loop
      vertex 3.30467 0.0757904 18.8
      vertex 3.30467 -0.0757904 18.8
      vertex 3.34135 -0.187729 18.8
    endloop
  endfacet
  facet normal 0 -0 1
    outer loop
      vertex 3.30467 -0.0757904 18.8
      vertex 3.30467 0.0757904 18.8
      vertex 3.29524 0 18.8
    endloop
  endfacet
  facet normal 0 0 1
    outer loop
      vertex 8.79581 -9.5029 18.8
      vertex 9.88435 -10.8918 18.8
      vertex 10.1499 -10.857 18.8
    endloop
  endfacet
  facet normal 0 0 1
    outer loop
      vertex 8.79581 -9.5029 18.8
      vertex 8.74249 -11.0302 18.8
      vertex 9.88435 -10.8918 18.8
    endloop
  endfacet
  facet normal -0 0 1
    outer loop
      vertex 8.08307 -9.59613 18.8
      vertex 8.74249 -11.0302 18.8
      vertex 8.79581 -9.5029 18.8
    endloop
  endfacet
  facet normal 0 0 1
    outer loop
      vertex 8.08307 -9.59613 18.8
      vertex 7.74077 -11.2405 18.8
      vertex 8.74249 -11.0302 18.8
    endloop
  endfacet
  facet normal -0 0 1
    outer loop
      vertex 7.16957 -9.70683 18.8
      vertex 7.74077 -11.2405 18.8
      vertex 8.08307 -9.59613 18.8
    endloop
  endfacet
  facet normal 0 0 1
    outer loop
      vertex 7.74077 -11.2405 18.8
      vertex 7.16957 -9.70683 18.8
      vertex 7.64697 -11.2689 18.8
    endloop
  endfacet
  facet normal -0 0 1
    outer loop
      vertex 6.42078 -9.86403 18.8
      vertex 7.64697 -11.2689 18.8
      vertex 7.16957 -9.70683 18.8
    endloop
  endfacet
  facet normal 0 0 1
    outer loop
      vertex 7.64697 -11.2689 18.8
      vertex 6.42078 -9.86403 18.8
      vertex 6.79048 -11.6309 18.8
    endloop
  endfacet
  facet normal -0 0 1
    outer loop
      vertex 5.83423 -10.112 18.8
      vertex 6.79048 -11.6309 18.8
      vertex 6.42078 -9.86403 18.8
    endloop
  endfacet
  facet normal 0 0 1
    outer loop
      vertex 6.79048 -11.6309 18.8
      vertex 5.83423 -10.112 18.8
      vertex 6.70403 -11.6771 18.8
    endloop
  endfacet
  facet normal -0 0 1
    outer loop
      vertex 5.33197 -10.4916 18.8
      vertex 6.70403 -11.6771 18.8
      vertex 5.83423 -10.112 18.8
    endloop
  endfacet
  facet normal 0 0 1
    outer loop
      vertex 6.70403 -11.6771 18.8
      vertex 5.33197 -10.4916 18.8
      vertex 5.96228 -12.2379 18.8
    endloop
  endfacet
  facet normal -0 0 1
    outer loop
      vertex 4.8318 -11.05 18.8
      vertex 5.96228 -12.2379 18.8
      vertex 5.33197 -10.4916 18.8
    endloop
  endfacet
  facet normal 0 0 1
    outer loop
      vertex 5.96228 -12.2379 18.8
      vertex 4.8318 -11.05 18.8
      vertex 5.88651 -12.3 18.8
    endloop
  endfacet
  facet normal -0 0 1
    outer loop
      vertex 4.30878 -11.7463 18.8
      vertex 5.88651 -12.3 18.8
      vertex 4.8318 -11.05 18.8
    endloop
  endfacet
  facet normal 0 0 1
    outer loop
      vertex 5.88651 -12.3 18.8
      vertex 4.30878 -11.7463 18.8
      vertex 5.20352 -13.0624 18.8
    endloop
  endfacet
  facet normal -0 0 1
    outer loop
      vertex 3.83105 -12.37 18.8
      vertex 5.20352 -13.0624 18.8
      vertex 4.30878 -11.7463 18.8
    endloop
  endfacet
  facet normal 0 0 1
    outer loop
      vertex 5.20352 -13.0624 18.8
      vertex 3.83105 -12.37 18.8
      vertex 5.14134 -13.1382 18.8
    endloop
  endfacet
  facet normal 0 0 1
    outer loop
      vertex 5.14134 -13.1382 18.8
      vertex 3.83105 -12.37 18.8
      vertex 4.45056 -14.0579 18.8
    endloop
  endfacet
  facet normal 0 0 1
    outer loop
      vertex 4.45056 -14.0579 18.8
      vertex 3.83105 -12.37 18.8
      vertex 4.32666 -14.2196 18.8
    endloop
  endfacet
  facet normal 0 0 1
    outer loop
      vertex 9.88435 10.8918 18.8
      vertex 8.79581 9.5029 18.8
      vertex 10.1499 10.857 18.8
    endloop
  endfacet
  facet normal 0 0 1
    outer loop
      vertex 8.74249 11.0302 18.8
      vertex 8.79581 9.5029 18.8
      vertex 9.88435 10.8918 18.8
    endloop
  endfacet
  facet normal 0 0 1
    outer loop
      vertex 8.74249 11.0302 18.8
      vertex 8.08307 9.59613 18.8
      vertex 8.79581 9.5029 18.8
    endloop
  endfacet
  facet normal 0 0 1
    outer loop
      vertex 7.74077 11.2405 18.8
      vertex 8.08307 9.59613 18.8
      vertex 8.74249 11.0302 18.8
    endloop
  endfacet
  facet normal 0 0 1
    outer loop
      vertex 7.16957 9.70683 18.8
      vertex 7.74077 11.2405 18.8
      vertex 7.64697 11.2689 18.8
    endloop
  endfacet
  facet normal 0 0 1
    outer loop
      vertex 7.74077 11.2405 18.8
      vertex 7.16957 9.70683 18.8
      vertex 8.08307 9.59613 18.8
    endloop
  endfacet
  facet normal 0 0 1
    outer loop
      vertex 6.42078 9.86403 18.8
      vertex 7.64697 11.2689 18.8
      vertex 6.79048 11.6309 18.8
    endloop
  endfacet
  facet normal 0 0 1
    outer loop
      vertex 5.83423 10.112 18.8
      vertex 6.79048 11.6309 18.8
      vertex 6.70403 11.6771 18.8
    endloop
  endfacet
  facet normal 0 0 1
    outer loop
      vertex 7.64697 11.2689 18.8
      vertex 6.42078 9.86403 18.8
      vertex 7.16957 9.70683 18.8
    endloop
  endfacet
  facet normal 0 0 1
    outer loop
      vertex 5.33197 10.4916 18.8
      vertex 6.70403 11.6771 18.8
      vertex 5.96228 12.2379 18.8
    endloop
  endfacet
  facet normal 0 0 1
    outer loop
      vertex 4.8318 11.05 18.8
      vertex 5.96228 12.2379 18.8
      vertex 5.88651 12.3 18.8
    endloop
  endfacet
  facet normal 0 0 1
    outer loop
      vertex 6.79048 11.6309 18.8
      vertex 5.83423 10.112 18.8
      vertex 6.42078 9.86403 18.8
    endloop
  endfacet
  facet normal 0 0 1
    outer loop
      vertex 6.70403 11.6771 18.8
      vertex 5.33197 10.4916 18.8
      vertex 5.83423 10.112 18.8
    endloop
  endfacet
  facet normal 0 0 1
    outer loop
      vertex 4.30878 11.7463 18.8
      vertex 5.88651 12.3 18.8
      vertex 5.20352 13.0624 18.8
    endloop
  endfacet
  facet normal 0 0 1
    outer loop
      vertex 3.83105 12.37 18.8
      vertex 5.20352 13.0624 18.8
      vertex 5.14134 13.1382 18.8
    endloop
  endfacet
  facet normal 0 0 1
    outer loop
      vertex 5.96228 12.2379 18.8
      vertex 4.8318 11.05 18.8
      vertex 5.33197 10.4916 18.8
    endloop
  endfacet
  facet normal 0 0 1
    outer loop
      vertex 3.83105 12.37 18.8
      vertex 5.14134 13.1382 18.8
      vertex 4.45056 14.0579 18.8
    endloop
  endfacet
  facet normal 0 0 1
    outer loop
      vertex 3.83105 12.37 18.8
      vertex 4.45056 14.0579 18.8
      vertex 4.32666 14.2196 18.8
    endloop
  endfacet
  facet normal 0 0 1
    outer loop
      vertex 5.88651 12.3 18.8
      vertex 4.30878 11.7463 18.8
      vertex 4.8318 11.05 18.8
    endloop
  endfacet
  facet normal 0 0 1
    outer loop
      vertex 5.20352 13.0624 18.8
      vertex 3.83105 12.37 18.8
      vertex 4.30878 11.7463 18.8
    endloop
  endfacet
  facet normal 0 0 1
    outer loop
      vertex 7.7718 2.9185 18.8
      vertex 6.23915 2.18829 18.8
      vertex 8.08536 2.68298 18.8
    endloop
  endfacet
  facet normal 0 0 1
    outer loop
      vertex 7.69603 2.98068 18.8
      vertex 6.23915 2.18829 18.8
      vertex 7.7718 2.9185 18.8
    endloop
  endfacet
  facet normal 0 0 1
    outer loop
      vertex 7.2386 3.39049 18.8
      vertex 6.23915 2.18829 18.8
      vertex 7.69603 2.98068 18.8
    endloop
  endfacet
  facet normal 0 0 1
    outer loop
      vertex 6.01205 2.36224 18.8
      vertex 7.2386 3.39049 18.8
      vertex 7.17642 3.46625 18.8
    endloop
  endfacet
  facet normal 0 0 1
    outer loop
      vertex 5.68358 2.60896 18.8
      vertex 7.17642 3.46625 18.8
      vertex 6.83998 3.9113 18.8
    endloop
  endfacet
  facet normal 0 0 1
    outer loop
      vertex 5.17169 3.28546 18.8
      vertex 6.83998 3.9113 18.8
      vertex 6.79378 3.99774 18.8
    endloop
  endfacet
  facet normal 0 0 1
    outer loop
      vertex 5.09862 3.63356 18.8
      vertex 6.79378 3.99774 18.8
      vertex 6.57657 4.51164 18.8
    endloop
  endfacet
  facet normal 0 0 1
    outer loop
      vertex 5.01482 4.30772 18.8
      vertex 6.57657 4.51164 18.8
      vertex 6.54813 4.60544 18.8
    endloop
  endfacet
  facet normal 0 0 1
    outer loop
      vertex 5.01482 4.30772 18.8
      vertex 6.54813 4.60544 18.8
      vertex 6.42194 5.20647 18.8
    endloop
  endfacet
  facet normal 0 0 1
    outer loop
      vertex 5.01482 4.30772 18.8
      vertex 6.42194 5.20647 18.8
      vertex 6.36699 5.6599 18.8
    endloop
  endfacet
  facet normal 0 0 1
    outer loop
      vertex 7.2386 3.39049 18.8
      vertex 6.01205 2.36224 18.8
      vertex 6.23915 2.18829 18.8
    endloop
  endfacet
  facet normal 0 0 1
    outer loop
      vertex 7.17642 3.46625 18.8
      vertex 5.68358 2.60896 18.8
      vertex 6.01205 2.36224 18.8
    endloop
  endfacet
  facet normal 0 0 1
    outer loop
      vertex 6.79378 3.99774 18.8
      vertex 5.09862 3.63356 18.8
      vertex 5.17169 3.28546 18.8
    endloop
  endfacet
  facet normal 0 0 1
    outer loop
      vertex 6.83998 3.9113 18.8
      vertex 5.43018 2.83598 18.8
      vertex 5.68358 2.60896 18.8
    endloop
  endfacet
  facet normal 0 0 1
    outer loop
      vertex 6.83998 3.9113 18.8
      vertex 5.17169 3.28546 18.8
      vertex 5.27481 3.0415 18.8
    endloop
  endfacet
  facet normal 0 0 1
    outer loop
      vertex 6.83998 3.9113 18.8
      vertex 5.27481 3.0415 18.8
      vertex 5.43018 2.83598 18.8
    endloop
  endfacet
  facet normal 0 0 1
    outer loop
      vertex 6.57657 4.51164 18.8
      vertex 5.04326 4.0903 18.8
      vertex 5.09862 3.63356 18.8
    endloop
  endfacet
  facet normal 0 0 1
    outer loop
      vertex 6.57657 4.51164 18.8
      vertex 5.01482 4.30772 18.8
      vertex 5.04326 4.0903 18.8
    endloop
  endfacet
  facet normal 0 0 1
    outer loop
      vertex 6.23915 -2.18829 18.8
      vertex 7.7718 -2.9185 18.8
      vertex 8.08536 -2.68298 18.8
    endloop
  endfacet
  facet normal 0 0 1
    outer loop
      vertex 6.23915 -2.18829 18.8
      vertex 7.69603 -2.98068 18.8
      vertex 7.7718 -2.9185 18.8
    endloop
  endfacet
  facet normal 0 0 1
    outer loop
      vertex 6.23915 -2.18829 18.8
      vertex 7.2386 -3.39049 18.8
      vertex 7.69603 -2.98068 18.8
    endloop
  endfacet
  facet normal -0 0 1
    outer loop
      vertex 6.01205 -2.36224 18.8
      vertex 7.2386 -3.39049 18.8
      vertex 6.23915 -2.18829 18.8
    endloop
  endfacet
  facet normal 0 0 1
    outer loop
      vertex 7.2386 -3.39049 18.8
      vertex 6.01205 -2.36224 18.8
      vertex 7.17642 -3.46625 18.8
    endloop
  endfacet
  facet normal -0 0 1
    outer loop
      vertex 5.68358 -2.60896 18.8
      vertex 7.17642 -3.46625 18.8
      vertex 6.01205 -2.36224 18.8
    endloop
  endfacet
  facet normal 0 0 1
    outer loop
      vertex 7.17642 -3.46625 18.8
      vertex 5.68358 -2.60896 18.8
      vertex 6.83998 -3.9113 18.8
    endloop
  endfacet
  facet normal -0 0 1
    outer loop
      vertex 5.43018 -2.83598 18.8
      vertex 6.83998 -3.9113 18.8
      vertex 5.68358 -2.60896 18.8
    endloop
  endfacet
  facet normal -0 0 1
    outer loop
      vertex 5.27481 -3.0415 18.8
      vertex 6.83998 -3.9113 18.8
      vertex 5.43018 -2.83598 18.8
    endloop
  endfacet
  facet normal -0 0 1
    outer loop
      vertex 5.17169 -3.28546 18.8
      vertex 6.83998 -3.9113 18.8
      vertex 5.27481 -3.0415 18.8
    endloop
  endfacet
  facet normal -0 0 1
    outer loop
      vertex 5.09862 -3.63356 18.8
      vertex 6.79378 -3.99774 18.8
      vertex 5.17169 -3.28546 18.8
    endloop
  endfacet
  facet normal -0 0 1
    outer loop
      vertex 5.01482 -4.30772 18.8
      vertex 6.57657 -4.51164 18.8
      vertex 5.04326 -4.0903 18.8
    endloop
  endfacet
  facet normal 0 0 1
    outer loop
      vertex 6.79378 -3.99774 18.8
      vertex 5.09862 -3.63356 18.8
      vertex 6.57657 -4.51164 18.8
    endloop
  endfacet
  facet normal 0 0 1
    outer loop
      vertex 6.83998 -3.9113 18.8
      vertex 5.17169 -3.28546 18.8
      vertex 6.79378 -3.99774 18.8
    endloop
  endfacet
  facet normal -0 0 1
    outer loop
      vertex 5.04326 -4.0903 18.8
      vertex 6.57657 -4.51164 18.8
      vertex 5.09862 -3.63356 18.8
    endloop
  endfacet
  facet normal 0 0 1
    outer loop
      vertex 6.57657 -4.51164 18.8
      vertex 5.01482 -4.30772 18.8
      vertex 6.54813 -4.60544 18.8
    endloop
  endfacet
  facet normal 0 0 1
    outer loop
      vertex 6.54813 -4.60544 18.8
      vertex 5.01482 -4.30772 18.8
      vertex 6.42194 -5.20647 18.8
    endloop
  endfacet
  facet normal 0 0 1
    outer loop
      vertex 6.42194 -5.20647 18.8
      vertex 5.01482 -4.30772 18.8
      vertex 6.36699 -5.6599 18.8
    endloop
  endfacet
  facet normal 0 0 1
    outer loop
      vertex 7.95663 0.651184 18.8
      vertex 6.40121 0.990051 18.8
      vertex 7.88779 0.0975342 18.8
    endloop
  endfacet
  facet normal -0 0 1
    outer loop
      vertex 6.40121 0.990051 18.8
      vertex 7.95663 0.651184 18.8
      vertex 6.49869 1.22479 18.8
    endloop
  endfacet
  facet normal 0 0 1
    outer loop
      vertex 7.98508 0.74498 18.8
      vertex 6.49869 1.22479 18.8
      vertex 7.95663 0.651184 18.8
    endloop
  endfacet
  facet normal 0 0 1
    outer loop
      vertex 8.17633 1.32858 18.8
      vertex 6.49869 1.22479 18.8
      vertex 7.98508 0.74498 18.8
    endloop
  endfacet
  facet normal 0 0 1
    outer loop
      vertex 6.49869 1.22479 18.8
      vertex 8.17633 1.32858 18.8
      vertex 8.34273 1.7189 18.8
    endloop
  endfacet
  facet normal -0 0 1
    outer loop
      vertex 6.22078 0.566818 18.8
      vertex 7.88779 0.0975342 18.8
      vertex 6.40121 0.990051 18.8
    endloop
  endfacet
  facet normal 0 0 1
    outer loop
      vertex 7.88779 0.0975342 18.8
      vertex 6.22078 0.566818 18.8
      vertex 7.87819 0 18.8
    endloop
  endfacet
  facet normal -0 0 1
    outer loop
      vertex 6.12033 0.260269 18.8
      vertex 7.87819 0 18.8
      vertex 6.22078 0.566818 18.8
    endloop
  endfacet
  facet normal 0 0 1
    outer loop
      vertex 6.08798 0 18.8
      vertex 7.87819 0 18.8
      vertex 6.12033 0.260269 18.8
    endloop
  endfacet
  facet normal 0 -0 1
    outer loop
      vertex 6.12033 -0.260269 18.8
      vertex 7.87819 0 18.8
      vertex 6.08798 0 18.8
    endloop
  endfacet
  facet normal 0 -0 1
    outer loop
      vertex 6.22078 -0.566818 18.8
      vertex 7.88779 -0.0975342 18.8
      vertex 6.12033 -0.260269 18.8
    endloop
  endfacet
  facet normal 0 -0 1
    outer loop
      vertex 6.49869 -1.22479 18.8
      vertex 7.95663 -0.651184 18.8
      vertex 6.40121 -0.990051 18.8
    endloop
  endfacet
  facet normal 0 0 1
    outer loop
      vertex 8.17633 -1.32858 18.8
      vertex 6.49869 -1.22479 18.8
      vertex 8.34273 -1.7189 18.8
    endloop
  endfacet
  facet normal 0 0 1
    outer loop
      vertex 7.95663 -0.651184 18.8
      vertex 6.49869 -1.22479 18.8
      vertex 7.98508 -0.74498 18.8
    endloop
  endfacet
  facet normal 0 0 1
    outer loop
      vertex 7.98508 -0.74498 18.8
      vertex 6.49869 -1.22479 18.8
      vertex 8.17633 -1.32858 18.8
    endloop
  endfacet
  facet normal 0 -0 1
    outer loop
      vertex 6.40121 -0.990051 18.8
      vertex 7.88779 -0.0975342 18.8
      vertex 6.22078 -0.566818 18.8
    endloop
  endfacet
  facet normal 0 0 1
    outer loop
      vertex 7.88779 -0.0975342 18.8
      vertex 6.40121 -0.990051 18.8
      vertex 7.95663 -0.651184 18.8
    endloop
  endfacet
  facet normal 0 0 1
    outer loop
      vertex 7.87819 0 18.8
      vertex 6.12033 -0.260269 18.8
      vertex 7.88779 -0.0975342 18.8
    endloop
  endfacet
  facet normal 0 0 1
    outer loop
      vertex 10.455 4.02992 18.8
      vertex 9.30457 3.00967 18.8
      vertex 11.1537 3.50514 18.8
    endloop
  endfacet
  facet normal 0 0 1
    outer loop
      vertex 10.3792 4.0921 18.8
      vertex 9.30457 3.00967 18.8
      vertex 10.455 4.02992 18.8
    endloop
  endfacet
  facet normal 0 0 1
    outer loop
      vertex 9.76933 4.63849 18.8
      vertex 9.30457 3.00967 18.8
      vertex 10.3792 4.0921 18.8
    endloop
  endfacet
  facet normal 0 0 1
    outer loop
      vertex 8.87918 3.33551 18.8
      vertex 9.76933 4.63849 18.8
      vertex 9.70715 4.71426 18.8
    endloop
  endfacet
  facet normal 0 0 1
    outer loop
      vertex 8.36667 3.72046 18.8
      vertex 9.70715 4.71426 18.8
      vertex 9.25856 5.30766 18.8
    endloop
  endfacet
  facet normal 0 0 1
    outer loop
      vertex 7.69337 4.43787 18.8
      vertex 9.25856 5.30766 18.8
      vertex 9.21236 5.3941 18.8
    endloop
  endfacet
  facet normal -0 0 1
    outer loop
      vertex 7.40273 5.40157 18.8
      vertex 9.21236 5.3941 18.8
      vertex 8.92274 6.0793 18.8
    endloop
  endfacet
  facet normal -0 0 1
    outer loop
      vertex 7.31969 6.08669 18.8
      vertex 8.92274 6.0793 18.8
      vertex 8.89429 6.1731 18.8
    endloop
  endfacet
  facet normal 0 0 1
    outer loop
      vertex 9.76933 4.63849 18.8
      vertex 8.87918 3.33551 18.8
      vertex 9.30457 3.00967 18.8
    endloop
  endfacet
  facet normal 0 0 1
    outer loop
      vertex 7.31969 6.08669 18.8
      vertex 8.89429 6.1731 18.8
      vertex 8.72606 6.97449 18.8
    endloop
  endfacet
  facet normal 0 0 1
    outer loop
      vertex 7.25887 6.55176 18.8
      vertex 8.72606 6.97449 18.8
      vertex 8.61534 7.88797 18.8
    endloop
  endfacet
  facet normal 0 0 1
    outer loop
      vertex 7.25887 6.55176 18.8
      vertex 8.61534 7.88797 18.8
      vertex 8.61299 7.9059 18.8
    endloop
  endfacet
  facet normal 0 0 1
    outer loop
      vertex 9.70715 4.71426 18.8
      vertex 8.36667 3.72046 18.8
      vertex 8.87918 3.33551 18.8
    endloop
  endfacet
  facet normal 0 0 1
    outer loop
      vertex 9.21236 5.3941 18.8
      vertex 7.40273 5.40157 18.8
      vertex 7.51785 4.85318 18.8
    endloop
  endfacet
  facet normal 0 0 1
    outer loop
      vertex 9.25856 5.30766 18.8
      vertex 7.96088 4.084 18.8
      vertex 8.36667 3.72046 18.8
    endloop
  endfacet
  facet normal 0 0 1
    outer loop
      vertex 9.25856 5.30766 18.8
      vertex 7.69337 4.43787 18.8
      vertex 7.96088 4.084 18.8
    endloop
  endfacet
  facet normal 0 0 1
    outer loop
      vertex 9.21236 5.3941 18.8
      vertex 7.51785 4.85318 18.8
      vertex 7.69337 4.43787 18.8
    endloop
  endfacet
  facet normal 0 0 1
    outer loop
      vertex 8.92274 6.0793 18.8
      vertex 7.31969 6.08669 18.8
      vertex 7.40273 5.40157 18.8
    endloop
  endfacet
  facet normal 0 0 1
    outer loop
      vertex 8.72606 6.97449 18.8
      vertex 7.25887 6.55176 18.8
      vertex 7.31969 6.08669 18.8
    endloop
  endfacet
  facet normal 0 0 1
    outer loop
      vertex 9.30457 -3.00967 18.8
      vertex 10.455 -4.02992 18.8
      vertex 11.1537 -3.50514 18.8
    endloop
  endfacet
  facet normal 0 0 1
    outer loop
      vertex 9.30457 -3.00967 18.8
      vertex 10.3792 -4.0921 18.8
      vertex 10.455 -4.02992 18.8
    endloop
  endfacet
  facet normal 0 0 1
    outer loop
      vertex 9.30457 -3.00967 18.8
      vertex 9.76933 -4.63849 18.8
      vertex 10.3792 -4.0921 18.8
    endloop
  endfacet
  facet normal -0 0 1
    outer loop
      vertex 8.87918 -3.33551 18.8
      vertex 9.76933 -4.63849 18.8
      vertex 9.30457 -3.00967 18.8
    endloop
  endfacet
  facet normal 0 0 1
    outer loop
      vertex 9.76933 -4.63849 18.8
      vertex 8.87918 -3.33551 18.8
      vertex 9.70715 -4.71426 18.8
    endloop
  endfacet
  facet normal -0 0 1
    outer loop
      vertex 8.36667 -3.72046 18.8
      vertex 9.70715 -4.71426 18.8
      vertex 8.87918 -3.33551 18.8
    endloop
  endfacet
  facet normal 0 0 1
    outer loop
      vertex 9.70715 -4.71426 18.8
      vertex 8.36667 -3.72046 18.8
      vertex 9.25856 -5.30766 18.8
    endloop
  endfacet
  facet normal -0 0 1
    outer loop
      vertex 7.96088 -4.084 18.8
      vertex 9.25856 -5.30766 18.8
      vertex 8.36667 -3.72046 18.8
    endloop
  endfacet
  facet normal -0 0 1
    outer loop
      vertex 7.69337 -4.43787 18.8
      vertex 9.25856 -5.30766 18.8
      vertex 7.96088 -4.084 18.8
    endloop
  endfacet
  facet normal 0 0 1
    outer loop
      vertex 9.25856 -5.30766 18.8
      vertex 7.69337 -4.43787 18.8
      vertex 9.21236 -5.3941 18.8
    endloop
  endfacet
  facet normal -0 0 1
    outer loop
      vertex 7.51785 -4.85318 18.8
      vertex 9.21236 -5.3941 18.8
      vertex 7.69337 -4.43787 18.8
    endloop
  endfacet
  facet normal 0 0 1
    outer loop
      vertex 7.40273 -5.40157 18.8
      vertex 9.21236 -5.3941 18.8
      vertex 7.51785 -4.85318 18.8
    endloop
  endfacet
  facet normal 0 0 1
    outer loop
      vertex 8.89429 -6.1731 18.8
      vertex 7.31969 -6.08669 18.8
      vertex 8.72606 -6.97449 18.8
    endloop
  endfacet
  facet normal 0 0 1
    outer loop
      vertex 9.21236 -5.3941 18.8
      vertex 7.40273 -5.40157 18.8
      vertex 8.92274 -6.0793 18.8
    endloop
  endfacet
  facet normal 0 0 1
    outer loop
      vertex 7.31969 -6.08669 18.8
      vertex 8.92274 -6.0793 18.8
      vertex 7.40273 -5.40157 18.8
    endloop
  endfacet
  facet normal 0 0 1
    outer loop
      vertex 8.92274 -6.0793 18.8
      vertex 7.31969 -6.08669 18.8
      vertex 8.89429 -6.1731 18.8
    endloop
  endfacet
  facet normal -0 0 1
    outer loop
      vertex 7.25887 -6.55176 18.8
      vertex 8.72606 -6.97449 18.8
      vertex 7.31969 -6.08669 18.8
    endloop
  endfacet
  facet normal 0 0 1
    outer loop
      vertex 8.72606 -6.97449 18.8
      vertex 7.25887 -6.55176 18.8
      vertex 8.61534 -7.88797 18.8
    endloop
  endfacet
  facet normal 0 0 1
    outer loop
      vertex 8.61534 -7.88797 18.8
      vertex 7.25887 -6.55176 18.8
      vertex 8.61299 -7.9059 18.8
    endloop
  endfacet
  facet normal -0 0 1
    outer loop
      vertex 9.1002 0.945908 18.8
      vertex 10.7723 0.835739 18.8
      vertex 9.37086 1.58075 18.8
    endloop
  endfacet
  facet normal 0 0 1
    outer loop
      vertex 10.8008 0.929535 18.8
      vertex 9.37086 1.58075 18.8
      vertex 10.7723 0.835739 18.8
    endloop
  endfacet
  facet normal -0 0 1
    outer loop
      vertex 9.37086 1.58075 18.8
      vertex 10.8008 0.929535 18.8
      vertex 9.5641 2.04617 18.8
    endloop
  endfacet
  facet normal 0 0 1
    outer loop
      vertex 11.0558 1.70767 18.8
      vertex 9.5641 2.04617 18.8
      vertex 10.8008 0.929535 18.8
    endloop
  endfacet
  facet normal -0 0 1
    outer loop
      vertex 9.5641 2.04617 18.8
      vertex 11.0558 1.70767 18.8
      vertex 11.4111 2.54106 18.8
    endloop
  endfacet
  facet normal 0 0 1
    outer loop
      vertex 10.7723 0.835739 18.8
      vertex 9.1002 0.945908 18.8
      vertex 10.6805 0.0975342 18.8
    endloop
  endfacet
  facet normal -0 0 1
    outer loop
      vertex 8.93604 0.444901 18.8
      vertex 10.6805 0.0975342 18.8
      vertex 9.1002 0.945908 18.8
    endloop
  endfacet
  facet normal 0 0 1
    outer loop
      vertex 10.6805 0.0975342 18.8
      vertex 8.93604 0.444901 18.8
      vertex 10.6709 0 18.8
    endloop
  endfacet
  facet normal 0 0 1
    outer loop
      vertex 8.88071 0 18.8
      vertex 10.6709 0 18.8
      vertex 8.93604 0.444901 18.8
    endloop
  endfacet
  facet normal 0 0 1
    outer loop
      vertex 11.0558 -1.70767 18.8
      vertex 9.5641 -2.04617 18.8
      vertex 11.4111 -2.54106 18.8
    endloop
  endfacet
  facet normal 0 -0 1
    outer loop
      vertex 8.93604 -0.444901 18.8
      vertex 10.6709 0 18.8
      vertex 8.88071 0 18.8
    endloop
  endfacet
  facet normal 0 0 1
    outer loop
      vertex 10.6709 0 18.8
      vertex 8.93604 -0.444901 18.8
      vertex 10.6805 -0.0975342 18.8
    endloop
  endfacet
  facet normal 0 0 1
    outer loop
      vertex 10.8008 -0.929535 18.8
      vertex 9.5641 -2.04617 18.8
      vertex 11.0558 -1.70767 18.8
    endloop
  endfacet
  facet normal 0 -0 1
    outer loop
      vertex 9.1002 -0.945908 18.8
      vertex 10.6805 -0.0975342 18.8
      vertex 8.93604 -0.444901 18.8
    endloop
  endfacet
  facet normal 0 -0 1
    outer loop
      vertex 9.5641 -2.04617 18.8
      vertex 10.8008 -0.929535 18.8
      vertex 9.37086 -1.58075 18.8
    endloop
  endfacet
  facet normal 0 -0 1
    outer loop
      vertex 9.37086 -1.58075 18.8
      vertex 10.7723 -0.835739 18.8
      vertex 9.1002 -0.945908 18.8
    endloop
  endfacet
  facet normal 0 0 1
    outer loop
      vertex 10.7723 -0.835739 18.8
      vertex 9.37086 -1.58075 18.8
      vertex 10.8008 -0.929535 18.8
    endloop
  endfacet
  facet normal 0 0 1
    outer loop
      vertex 10.6805 -0.0975342 18.8
      vertex 9.1002 -0.945908 18.8
      vertex 10.7723 -0.835739 18.8
    endloop
  endfacet
  facet normal 0 0 1
    outer loop
      vertex 12.37 3.83105 18.8
      vertex 14.0579 4.45056 18.8
      vertex 13.1382 5.14134 18.8
    endloop
  endfacet
  facet normal 0 0 1
    outer loop
      vertex 14.0579 4.45056 18.8
      vertex 12.37 3.83105 18.8
      vertex 14.2196 4.32666 18.8
    endloop
  endfacet
  facet normal 0 0 1
    outer loop
      vertex 13.0624 5.20352 18.8
      vertex 12.37 3.83105 18.8
      vertex 13.1382 5.14134 18.8
    endloop
  endfacet
  facet normal 0 0 1
    outer loop
      vertex 11.7463 4.30878 18.8
      vertex 13.0624 5.20352 18.8
      vertex 12.3 5.88651 18.8
    endloop
  endfacet
  facet normal 0 0 1
    outer loop
      vertex 11.05 4.8318 18.8
      vertex 12.3 5.88651 18.8
      vertex 12.2379 5.96228 18.8
    endloop
  endfacet
  facet normal 0 0 1
    outer loop
      vertex 13.0624 5.20352 18.8
      vertex 11.7463 4.30878 18.8
      vertex 12.37 3.83105 18.8
    endloop
  endfacet
  facet normal 0 0 1
    outer loop
      vertex 10.4916 5.33197 18.8
      vertex 12.2379 5.96228 18.8
      vertex 11.6771 6.70403 18.8
    endloop
  endfacet
  facet normal 0 0 1
    outer loop
      vertex 10.112 5.83423 18.8
      vertex 11.6771 6.70403 18.8
      vertex 11.6309 6.79048 18.8
    endloop
  endfacet
  facet normal 0 0 1
    outer loop
      vertex 9.86403 6.42078 18.8
      vertex 11.6309 6.79048 18.8
      vertex 11.2689 7.64697 18.8
    endloop
  endfacet
  facet normal 0 0 1
    outer loop
      vertex 9.70683 7.16957 18.8
      vertex 11.2689 7.64697 18.8
      vertex 11.2405 7.74077 18.8
    endloop
  endfacet
  facet normal 0 0 1
    outer loop
      vertex 12.3 5.88651 18.8
      vertex 11.05 4.8318 18.8
      vertex 11.7463 4.30878 18.8
    endloop
  endfacet
  facet normal -0 0 1
    outer loop
      vertex 9.59613 8.08307 18.8
      vertex 11.2405 7.74077 18.8
      vertex 11.0302 8.74249 18.8
    endloop
  endfacet
  facet normal -0 0 1
    outer loop
      vertex 9.5029 8.79581 18.8
      vertex 11.0302 8.74249 18.8
      vertex 10.8918 9.88435 18.8
    endloop
  endfacet
  facet normal 0 0 1
    outer loop
      vertex 9.5029 8.79581 18.8
      vertex 10.8918 9.88435 18.8
      vertex 10.857 10.1499 18.8
    endloop
  endfacet
  facet normal 0 0 1
    outer loop
      vertex 11.2689 7.64697 18.8
      vertex 9.70683 7.16957 18.8
      vertex 9.86403 6.42078 18.8
    endloop
  endfacet
  facet normal 0 0 1
    outer loop
      vertex 12.2379 5.96228 18.8
      vertex 10.4916 5.33197 18.8
      vertex 11.05 4.8318 18.8
    endloop
  endfacet
  facet normal 0 0 1
    outer loop
      vertex 11.6771 6.70403 18.8
      vertex 10.112 5.83423 18.8
      vertex 10.4916 5.33197 18.8
    endloop
  endfacet
  facet normal 0 0 1
    outer loop
      vertex 11.6309 6.79048 18.8
      vertex 9.86403 6.42078 18.8
      vertex 10.112 5.83423 18.8
    endloop
  endfacet
  facet normal 0 0 1
    outer loop
      vertex 11.2405 7.74077 18.8
      vertex 9.59613 8.08307 18.8
      vertex 9.70683 7.16957 18.8
    endloop
  endfacet
  facet normal 0 0 1
    outer loop
      vertex 11.0302 8.74249 18.8
      vertex 9.5029 8.79581 18.8
      vertex 9.59613 8.08307 18.8
    endloop
  endfacet
  facet normal 0 0 1
    outer loop
      vertex 12.37 -3.83105 18.8
      vertex 14.0579 -4.45056 18.8
      vertex 14.2196 -4.32666 18.8
    endloop
  endfacet
  facet normal 0 0 1
    outer loop
      vertex 14.0579 -4.45056 18.8
      vertex 12.37 -3.83105 18.8
      vertex 13.1382 -5.14134 18.8
    endloop
  endfacet
  facet normal 0 0 1
    outer loop
      vertex 12.37 -3.83105 18.8
      vertex 13.0624 -5.20352 18.8
      vertex 13.1382 -5.14134 18.8
    endloop
  endfacet
  facet normal -0 0 1
    outer loop
      vertex 11.7463 -4.30878 18.8
      vertex 13.0624 -5.20352 18.8
      vertex 12.37 -3.83105 18.8
    endloop
  endfacet
  facet normal 0 0 1
    outer loop
      vertex 13.0624 -5.20352 18.8
      vertex 11.7463 -4.30878 18.8
      vertex 12.3 -5.88651 18.8
    endloop
  endfacet
  facet normal -0 0 1
    outer loop
      vertex 11.05 -4.8318 18.8
      vertex 12.3 -5.88651 18.8
      vertex 11.7463 -4.30878 18.8
    endloop
  endfacet
  facet normal 0 0 1
    outer loop
      vertex 12.3 -5.88651 18.8
      vertex 11.05 -4.8318 18.8
      vertex 12.2379 -5.96228 18.8
    endloop
  endfacet
  facet normal -0 0 1
    outer loop
      vertex 10.4916 -5.33197 18.8
      vertex 12.2379 -5.96228 18.8
      vertex 11.05 -4.8318 18.8
    endloop
  endfacet
  facet normal 0 0 1
    outer loop
      vertex 12.2379 -5.96228 18.8
      vertex 10.4916 -5.33197 18.8
      vertex 11.6771 -6.70403 18.8
    endloop
  endfacet
  facet normal -0 0 1
    outer loop
      vertex 10.112 -5.83423 18.8
      vertex 11.6771 -6.70403 18.8
      vertex 10.4916 -5.33197 18.8
    endloop
  endfacet
  facet normal 0 0 1
    outer loop
      vertex 11.6771 -6.70403 18.8
      vertex 10.112 -5.83423 18.8
      vertex 11.6309 -6.79048 18.8
    endloop
  endfacet
  facet normal -0 0 1
    outer loop
      vertex 9.86403 -6.42078 18.8
      vertex 11.6309 -6.79048 18.8
      vertex 10.112 -5.83423 18.8
    endloop
  endfacet
  facet normal 0 0 1
    outer loop
      vertex 11.6309 -6.79048 18.8
      vertex 9.86403 -6.42078 18.8
      vertex 11.2689 -7.64697 18.8
    endloop
  endfacet
  facet normal 0 0 1
    outer loop
      vertex 11.2405 -7.74077 18.8
      vertex 9.59613 -8.08307 18.8
      vertex 11.0302 -8.74249 18.8
    endloop
  endfacet
  facet normal -0 0 1
    outer loop
      vertex 9.70683 -7.16957 18.8
      vertex 11.2689 -7.64697 18.8
      vertex 9.86403 -6.42078 18.8
    endloop
  endfacet
  facet normal 0 0 1
    outer loop
      vertex 11.2689 -7.64697 18.8
      vertex 9.70683 -7.16957 18.8
      vertex 11.2405 -7.74077 18.8
    endloop
  endfacet
  facet normal 0 0 1
    outer loop
      vertex 9.59613 -8.08307 18.8
      vertex 11.2405 -7.74077 18.8
      vertex 9.70683 -7.16957 18.8
    endloop
  endfacet
  facet normal 0 0 1
    outer loop
      vertex 9.5029 -8.79581 18.8
      vertex 11.0302 -8.74249 18.8
      vertex 9.59613 -8.08307 18.8
    endloop
  endfacet
  facet normal 0 0 1
    outer loop
      vertex 11.0302 -8.74249 18.8
      vertex 9.5029 -8.79581 18.8
      vertex 10.8918 -9.88435 18.8
    endloop
  endfacet
  facet normal 0 0 1
    outer loop
      vertex 10.8918 -9.88435 18.8
      vertex 9.5029 -8.79581 18.8
      vertex 10.857 -10.1499 18.8
    endloop
  endfacet
  facet normal 0 0 1
    outer loop
      vertex 12.6295 2.86754 18.8
      vertex 14.3863 3.14482 18.8
      vertex 14.4766 3.36247 18.8
    endloop
  endfacet
  facet normal 0 0 1
    outer loop
      vertex 13.6164 1.11407 18.8
      vertex 11.9796 1.32498 18.8
      vertex 13.588 1.02028 18.8
    endloop
  endfacet
  facet normal -0 0 1
    outer loop
      vertex 11.9796 1.32498 18.8
      vertex 13.6164 1.11407 18.8
      vertex 12.3405 2.17145 18.8
    endloop
  endfacet
  facet normal 0 0 1
    outer loop
      vertex 13.9352 2.08675 18.8
      vertex 12.3405 2.17145 18.8
      vertex 13.6164 1.11407 18.8
    endloop
  endfacet
  facet normal -0 0 1
    outer loop
      vertex 12.3405 2.17145 18.8
      vertex 13.9352 2.08675 18.8
      vertex 12.6295 2.86754 18.8
    endloop
  endfacet
  facet normal 0 0 1
    outer loop
      vertex 14.3863 3.14482 18.8
      vertex 12.6295 2.86754 18.8
      vertex 13.9352 2.08675 18.8
    endloop
  endfacet
  facet normal -0 0 1
    outer loop
      vertex 12.6295 -2.86754 18.8
      vertex 14.3863 -3.14482 18.8
      vertex 13.9352 -2.08675 18.8
    endloop
  endfacet
  facet normal 0 0 1
    outer loop
      vertex 11.7517 0.62944 18.8
      vertex 13.588 1.02028 18.8
      vertex 11.9796 1.32498 18.8
    endloop
  endfacet
  facet normal 0 0 1
    outer loop
      vertex 13.588 1.02028 18.8
      vertex 11.7517 0.62944 18.8
      vertex 13.4733 0.0975342 18.8
    endloop
  endfacet
  facet normal 0 0 1
    outer loop
      vertex 14.3863 -3.14482 18.8
      vertex 12.6295 -2.86754 18.8
      vertex 14.4766 -3.36247 18.8
    endloop
  endfacet
  facet normal 0 0 1
    outer loop
      vertex 12.3405 -2.17145 18.8
      vertex 13.9352 -2.08675 18.8
      vertex 13.6164 -1.11407 18.8
    endloop
  endfacet
  facet normal 0 0 1
    outer loop
      vertex 11.9796 -1.32498 18.8
      vertex 13.6164 -1.11407 18.8
      vertex 13.588 -1.02028 18.8
    endloop
  endfacet
  facet normal 0 0 1
    outer loop
      vertex 11.6734 0 18.8
      vertex 13.4733 0.0975342 18.8
      vertex 11.7517 0.62944 18.8
    endloop
  endfacet
  facet normal 0 0 1
    outer loop
      vertex 13.4733 0.0975342 18.8
      vertex 11.6734 0 18.8
      vertex 13.4636 0 18.8
    endloop
  endfacet
  facet normal 0 0 1
    outer loop
      vertex 13.9352 -2.08675 18.8
      vertex 12.3405 -2.17145 18.8
      vertex 12.6295 -2.86754 18.8
    endloop
  endfacet
  facet normal 0 0 1
    outer loop
      vertex 13.4636 0 18.8
      vertex 11.6734 0 18.8
      vertex 13.4733 -0.0975342 18.8
    endloop
  endfacet
  facet normal 0 0 1
    outer loop
      vertex 13.6164 -1.11407 18.8
      vertex 11.9796 -1.32498 18.8
      vertex 12.3405 -2.17145 18.8
    endloop
  endfacet
  facet normal 0 -0 1
    outer loop
      vertex 11.7517 -0.62944 18.8
      vertex 13.4733 -0.0975342 18.8
      vertex 11.6734 0 18.8
    endloop
  endfacet
  facet normal 0 0 1
    outer loop
      vertex 13.588 -1.02028 18.8
      vertex 11.7517 -0.62944 18.8
      vertex 11.9796 -1.32498 18.8
    endloop
  endfacet
  facet normal 0 0 1
    outer loop
      vertex 13.4733 -0.0975342 18.8
      vertex 11.7517 -0.62944 18.8
      vertex 13.588 -1.02028 18.8
    endloop
  endfacet
  facet normal 0 1 -0
    outer loop
      vertex 3.87784 -16.4 18.8
      vertex -3.87784 -16.4 20
      vertex 3.87784 -16.4 20
    endloop
  endfacet
  facet normal 0 1 0
    outer loop
      vertex -3.87784 -16.4 20
      vertex 3.87784 -16.4 18.8
      vertex -3.87784 -16.4 18.8
    endloop
  endfacet
  facet normal -0.499994 -0.866029 0
    outer loop
      vertex 4.84168 16.1417 18.8
      vertex 11.5573 12.2645 20
      vertex 4.84168 16.1417 20
    endloop
  endfacet
  facet normal -0.499994 -0.866029 -0
    outer loop
      vertex 11.5573 12.2645 20
      vertex 4.84168 16.1417 18.8
      vertex 11.5573 12.2645 18.8
    endloop
  endfacet
  facet normal -0.499994 0.866029 0
    outer loop
      vertex 11.5573 -12.2645 18.8
      vertex 4.84168 -16.1417 20
      vertex 11.5573 -12.2645 20
    endloop
  endfacet
  facet normal -0.499994 0.866029 0
    outer loop
      vertex 4.84168 -16.1417 20
      vertex 11.5573 -12.2645 18.8
      vertex 4.84168 -16.1417 18.8
    endloop
  endfacet
  facet normal -0.866029 -0.499994 0
    outer loop
      vertex 16.1417 4.84168 18.8
      vertex 12.2645 11.5573 20
      vertex 12.2645 11.5573 18.8
    endloop
  endfacet
  facet normal -0.866029 -0.499994 0
    outer loop
      vertex 12.2645 11.5573 20
      vertex 16.1417 4.84168 18.8
      vertex 16.1417 4.84168 20
    endloop
  endfacet
  facet normal 0.965923 0.258829 0
    outer loop
      vertex 4.84168 -16.1417 20
      vertex 4.65242 -15.4354 18.8
      vertex 4.65242 -15.4354 20
    endloop
  endfacet
  facet normal 0.965923 0.258829 0
    outer loop
      vertex 4.65242 -15.4354 18.8
      vertex 4.84168 -16.1417 20
      vertex 4.84168 -16.1417 18.8
    endloop
  endfacet
  facet normal 0.793881 -0.608073 0
    outer loop
      vertex 4.65242 -15.4354 20
      vertex 5.28203 -14.6134 18.8
      vertex 5.28203 -14.6134 20
    endloop
  endfacet
  facet normal 0.793881 -0.608073 0
    outer loop
      vertex 5.28203 -14.6134 18.8
      vertex 4.65242 -15.4354 20
      vertex 4.65242 -15.4354 18.8
    endloop
  endfacet
  facet normal 0.799551 -0.600599 0
    outer loop
      vertex 5.28203 -14.6134 20
      vertex 5.94321 -13.7332 18.8
      vertex 5.94321 -13.7332 20
    endloop
  endfacet
  facet normal 0.799551 -0.600599 0
    outer loop
      vertex 5.94321 -13.7332 18.8
      vertex 5.28203 -14.6134 20
      vertex 5.28203 -14.6134 18.8
    endloop
  endfacet
  facet normal 0.744824 -0.667261 0
    outer loop
      vertex 5.94321 -13.7332 20
      vertex 6.57999 -13.0224 18.8
      vertex 6.57999 -13.0224 20
    endloop
  endfacet
  facet normal 0.744824 -0.667261 0
    outer loop
      vertex 6.57999 -13.0224 18.8
      vertex 5.94321 -13.7332 20
      vertex 5.94321 -13.7332 18.8
    endloop
  endfacet
  facet normal 0.603095 -0.797669 0
    outer loop
      vertex 6.57999 -13.0224 18.8
      vertex 7.23059 -12.5305 20
      vertex 6.57999 -13.0224 20
    endloop
  endfacet
  facet normal 0.603095 -0.797669 0
    outer loop
      vertex 7.23059 -12.5305 20
      vertex 6.57999 -13.0224 18.8
      vertex 7.23059 -12.5305 18.8
    endloop
  endfacet
  facet normal 0.389305 -0.921109 0
    outer loop
      vertex 7.23059 -12.5305 18.8
      vertex 7.98843 -12.2102 20
      vertex 7.23059 -12.5305 20
    endloop
  endfacet
  facet normal 0.389305 -0.921109 0
    outer loop
      vertex 7.98843 -12.2102 20
      vertex 7.23059 -12.5305 18.8
      vertex 7.98843 -12.2102 18.8
    endloop
  endfacet
  facet normal 0.205397 -0.978679 0
    outer loop
      vertex 7.98843 -12.2102 18.8
      vertex 8.93758 -12.011 20
      vertex 7.98843 -12.2102 20
    endloop
  endfacet
  facet normal 0.205397 -0.978679 0
    outer loop
      vertex 8.93758 -12.011 20
      vertex 7.98843 -12.2102 18.8
      vertex 8.93758 -12.011 18.8
    endloop
  endfacet
  facet normal 0.120329 -0.992734 0
    outer loop
      vertex 8.93758 -12.011 18.8
      vertex 10.0794 -11.8726 20
      vertex 8.93758 -12.011 20
    endloop
  endfacet
  facet normal 0.120329 -0.992734 0
    outer loop
      vertex 10.0794 -11.8726 20
      vertex 8.93758 -12.011 18.8
      vertex 10.0794 -11.8726 18.8
    endloop
  endfacet
  facet normal 0.129776 -0.991543 0
    outer loop
      vertex 10.0794 -11.8726 18.8
      vertex 11.0398 -11.7469 20
      vertex 10.0794 -11.8726 20
    endloop
  endfacet
  facet normal 0.129776 -0.991543 0
    outer loop
      vertex 11.0398 -11.7469 20
      vertex 10.0794 -11.8726 18.8
      vertex 11.0398 -11.7469 18.8
    endloop
  endfacet
  facet normal -0.707175 -0.707038 0
    outer loop
      vertex 11.5573 -12.2645 18.8
      vertex 11.0398 -11.7469 20
      vertex 11.0398 -11.7469 18.8
    endloop
  endfacet
  facet normal -0.707175 -0.707038 0
    outer loop
      vertex 11.0398 -11.7469 20
      vertex 11.5573 -12.2645 18.8
      vertex 11.5573 -12.2645 20
    endloop
  endfacet
  facet normal 0.707038 0.707175 0
    outer loop
      vertex 12.2645 -11.5573 20
      vertex 11.7469 -11.0398 18.8
      vertex 11.7469 -11.0398 20
    endloop
  endfacet
  facet normal 0.707038 0.707175 0
    outer loop
      vertex 11.7469 -11.0398 18.8
      vertex 12.2645 -11.5573 20
      vertex 12.2645 -11.5573 18.8
    endloop
  endfacet
  facet normal 0.991543 -0.129776 0
    outer loop
      vertex 11.7469 -11.0398 20
      vertex 11.8726 -10.0794 18.8
      vertex 11.8726 -10.0794 20
    endloop
  endfacet
  facet normal 0.991543 -0.129776 0
    outer loop
      vertex 11.8726 -10.0794 18.8
      vertex 11.7469 -11.0398 20
      vertex 11.7469 -11.0398 18.8
    endloop
  endfacet
  facet normal 0.992734 -0.120329 0
    outer loop
      vertex 11.8726 -10.0794 20
      vertex 12.011 -8.93758 18.8
      vertex 12.011 -8.93758 20
    endloop
  endfacet
  facet normal 0.992734 -0.120329 0
    outer loop
      vertex 12.011 -8.93758 18.8
      vertex 11.8726 -10.0794 20
      vertex 11.8726 -10.0794 18.8
    endloop
  endfacet
  facet normal 0.978679 -0.205397 0
    outer loop
      vertex 12.011 -8.93758 20
      vertex 12.2102 -7.98843 18.8
      vertex 12.2102 -7.98843 20
    endloop
  endfacet
  facet normal 0.978679 -0.205397 0
    outer loop
      vertex 12.2102 -7.98843 18.8
      vertex 12.011 -8.93758 20
      vertex 12.011 -8.93758 18.8
    endloop
  endfacet
  facet normal 0.921109 -0.389305 0
    outer loop
      vertex 12.2102 -7.98843 20
      vertex 12.5305 -7.23059 18.8
      vertex 12.5305 -7.23059 20
    endloop
  endfacet
  facet normal 0.921109 -0.389305 0
    outer loop
      vertex 12.5305 -7.23059 18.8
      vertex 12.2102 -7.98843 20
      vertex 12.2102 -7.98843 18.8
    endloop
  endfacet
  facet normal 0.797669 -0.603095 0
    outer loop
      vertex 12.5305 -7.23059 20
      vertex 13.0224 -6.57999 18.8
      vertex 13.0224 -6.57999 20
    endloop
  endfacet
  facet normal 0.797669 -0.603095 0
    outer loop
      vertex 13.0224 -6.57999 18.8
      vertex 12.5305 -7.23059 20
      vertex 12.5305 -7.23059 18.8
    endloop
  endfacet
  facet normal 0.667261 -0.744824 0
    outer loop
      vertex 13.0224 -6.57999 18.8
      vertex 13.7332 -5.94321 20
      vertex 13.0224 -6.57999 20
    endloop
  endfacet
  facet normal 0.667261 -0.744824 0
    outer loop
      vertex 13.7332 -5.94321 20
      vertex 13.0224 -6.57999 18.8
      vertex 13.7332 -5.94321 18.8
    endloop
  endfacet
  facet normal 0.600599 -0.799551 0
    outer loop
      vertex 13.7332 -5.94321 18.8
      vertex 14.6134 -5.28203 20
      vertex 13.7332 -5.94321 20
    endloop
  endfacet
  facet normal 0.600599 -0.799551 0
    outer loop
      vertex 14.6134 -5.28203 20
      vertex 13.7332 -5.94321 18.8
      vertex 14.6134 -5.28203 18.8
    endloop
  endfacet
  facet normal 0.608073 -0.793881 0
    outer loop
      vertex 14.6134 -5.28203 18.8
      vertex 15.4354 -4.65242 20
      vertex 14.6134 -5.28203 20
    endloop
  endfacet
  facet normal 0.608073 -0.793881 0
    outer loop
      vertex 15.4354 -4.65242 20
      vertex 14.6134 -5.28203 18.8
      vertex 15.4354 -4.65242 18.8
    endloop
  endfacet
  facet normal -0.258829 -0.965923 0
    outer loop
      vertex 15.4354 -4.65242 18.8
      vertex 16.1417 -4.84168 20
      vertex 15.4354 -4.65242 20
    endloop
  endfacet
  facet normal -0.258829 -0.965923 -0
    outer loop
      vertex 16.1417 -4.84168 20
      vertex 15.4354 -4.65242 18.8
      vertex 16.1417 -4.84168 18.8
    endloop
  endfacet
  facet normal 0.258805 0.96593 -0
    outer loop
      vertex 16.4 -3.87784 18.8
      vertex 15.6949 -3.68892 20
      vertex 16.4 -3.87784 20
    endloop
  endfacet
  facet normal 0.258805 0.96593 0
    outer loop
      vertex 15.6949 -3.68892 20
      vertex 16.4 -3.87784 18.8
      vertex 15.6949 -3.68892 18.8
    endloop
  endfacet
  facet normal 0.923555 0.383465 0
    outer loop
      vertex 15.6949 -3.68892 20
      vertex 15.3101 -2.76215 18.8
      vertex 15.3101 -2.76215 20
    endloop
  endfacet
  facet normal 0.923555 0.383465 0
    outer loop
      vertex 15.3101 -2.76215 18.8
      vertex 15.6949 -3.68892 20
      vertex 15.6949 -3.68892 18.8
    endloop
  endfacet
  facet normal 0.919919 0.39211 0
    outer loop
      vertex 15.3101 -2.76215 20
      vertex 14.8591 -1.70407 18.8
      vertex 14.8591 -1.70407 20
    endloop
  endfacet
  facet normal 0.919919 0.39211 0
    outer loop
      vertex 14.8591 -1.70407 18.8
      vertex 15.3101 -2.76215 20
      vertex 15.3101 -2.76215 18.8
    endloop
  endfacet
  facet normal 0.95027 0.311427 0
    outer loop
      vertex 14.8591 -1.70407 20
      vertex 14.5674 -0.813995 18.8
      vertex 14.5674 -0.813995 20
    endloop
  endfacet
  facet normal 0.95027 0.311427 0
    outer loop
      vertex 14.5674 -0.813995 18.8
      vertex 14.8591 -1.70407 20
      vertex 14.8591 -1.70407 18.8
    endloop
  endfacet
  facet normal 0.99236 0.123375 0
    outer loop
      vertex 14.5674 -0.813995 20
      vertex 14.4662 0 18.8
      vertex 14.4662 0 20
    endloop
  endfacet
  facet normal 0.99236 0.123375 0
    outer loop
      vertex 14.4662 0 18.8
      vertex 14.5674 -0.813995 20
      vertex 14.5674 -0.813995 18.8
    endloop
  endfacet
  facet normal 0.99236 -0.123375 0
    outer loop
      vertex 14.4662 0 20
      vertex 14.5674 0.813995 18.8
      vertex 14.5674 0.813995 20
    endloop
  endfacet
  facet normal 0.99236 -0.123375 0
    outer loop
      vertex 14.5674 0.813995 18.8
      vertex 14.4662 0 20
      vertex 14.4662 0 18.8
    endloop
  endfacet
  facet normal 0.95027 -0.311427 0
    outer loop
      vertex 14.5674 0.813995 20
      vertex 14.8591 1.70407 18.8
      vertex 14.8591 1.70407 20
    endloop
  endfacet
  facet normal 0.95027 -0.311427 0
    outer loop
      vertex 14.8591 1.70407 18.8
      vertex 14.5674 0.813995 20
      vertex 14.5674 0.813995 18.8
    endloop
  endfacet
  facet normal 0.919919 -0.39211 0
    outer loop
      vertex 14.8591 1.70407 20
      vertex 15.3101 2.76215 18.8
      vertex 15.3101 2.76215 20
    endloop
  endfacet
  facet normal 0.919919 -0.39211 0
    outer loop
      vertex 15.3101 2.76215 18.8
      vertex 14.8591 1.70407 20
      vertex 14.8591 1.70407 18.8
    endloop
  endfacet
  facet normal 0.923555 -0.383465 0
    outer loop
      vertex 15.3101 2.76215 20
      vertex 15.6949 3.68892 18.8
      vertex 15.6949 3.68892 20
    endloop
  endfacet
  facet normal 0.923555 -0.383465 0
    outer loop
      vertex 15.6949 3.68892 18.8
      vertex 15.3101 2.76215 20
      vertex 15.3101 2.76215 18.8
    endloop
  endfacet
  facet normal 0.258805 -0.96593 0
    outer loop
      vertex 15.6949 3.68892 18.8
      vertex 16.4 3.87784 20
      vertex 15.6949 3.68892 20
    endloop
  endfacet
  facet normal 0.258805 -0.96593 0
    outer loop
      vertex 16.4 3.87784 20
      vertex 15.6949 3.68892 18.8
      vertex 16.4 3.87784 18.8
    endloop
  endfacet
  facet normal -0.258829 0.965923 0
    outer loop
      vertex 16.1417 4.84168 18.8
      vertex 15.4354 4.65242 20
      vertex 16.1417 4.84168 20
    endloop
  endfacet
  facet normal -0.258829 0.965923 0
    outer loop
      vertex 15.4354 4.65242 20
      vertex 16.1417 4.84168 18.8
      vertex 15.4354 4.65242 18.8
    endloop
  endfacet
  facet normal 0.608073 0.793881 -0
    outer loop
      vertex 15.4354 4.65242 18.8
      vertex 14.6134 5.28203 20
      vertex 15.4354 4.65242 20
    endloop
  endfacet
  facet normal 0.608073 0.793881 0
    outer loop
      vertex 14.6134 5.28203 20
      vertex 15.4354 4.65242 18.8
      vertex 14.6134 5.28203 18.8
    endloop
  endfacet
  facet normal 0.600599 0.799551 -0
    outer loop
      vertex 14.6134 5.28203 18.8
      vertex 13.7332 5.94321 20
      vertex 14.6134 5.28203 20
    endloop
  endfacet
  facet normal 0.600599 0.799551 0
    outer loop
      vertex 13.7332 5.94321 20
      vertex 14.6134 5.28203 18.8
      vertex 13.7332 5.94321 18.8
    endloop
  endfacet
  facet normal 0.667261 0.744824 -0
    outer loop
      vertex 13.7332 5.94321 18.8
      vertex 13.0224 6.57999 20
      vertex 13.7332 5.94321 20
    endloop
  endfacet
  facet normal 0.667261 0.744824 0
    outer loop
      vertex 13.0224 6.57999 20
      vertex 13.7332 5.94321 18.8
      vertex 13.0224 6.57999 18.8
    endloop
  endfacet
  facet normal 0.797669 0.603095 0
    outer loop
      vertex 13.0224 6.57999 20
      vertex 12.5305 7.23059 18.8
      vertex 12.5305 7.23059 20
    endloop
  endfacet
  facet normal 0.797669 0.603095 0
    outer loop
      vertex 12.5305 7.23059 18.8
      vertex 13.0224 6.57999 20
      vertex 13.0224 6.57999 18.8
    endloop
  endfacet
  facet normal 0.921109 0.389305 0
    outer loop
      vertex 12.5305 7.23059 20
      vertex 12.2102 7.98843 18.8
      vertex 12.2102 7.98843 20
    endloop
  endfacet
  facet normal 0.921109 0.389305 0
    outer loop
      vertex 12.2102 7.98843 18.8
      vertex 12.5305 7.23059 20
      vertex 12.5305 7.23059 18.8
    endloop
  endfacet
  facet normal 0.978679 0.205397 0
    outer loop
      vertex 12.2102 7.98843 20
      vertex 12.011 8.93758 18.8
      vertex 12.011 8.93758 20
    endloop
  endfacet
  facet normal 0.978679 0.205397 0
    outer loop
      vertex 12.011 8.93758 18.8
      vertex 12.2102 7.98843 20
      vertex 12.2102 7.98843 18.8
    endloop
  endfacet
  facet normal 0.992734 0.120329 0
    outer loop
      vertex 12.011 8.93758 20
      vertex 11.8726 10.0794 18.8
      vertex 11.8726 10.0794 20
    endloop
  endfacet
  facet normal 0.992734 0.120329 0
    outer loop
      vertex 11.8726 10.0794 18.8
      vertex 12.011 8.93758 20
      vertex 12.011 8.93758 18.8
    endloop
  endfacet
  facet normal 0.991543 0.129776 0
    outer loop
      vertex 11.8726 10.0794 20
      vertex 11.7469 11.0398 18.8
      vertex 11.7469 11.0398 20
    endloop
  endfacet
  facet normal 0.991543 0.129776 0
    outer loop
      vertex 11.7469 11.0398 18.8
      vertex 11.8726 10.0794 20
      vertex 11.8726 10.0794 18.8
    endloop
  endfacet
  facet normal 0.707038 -0.707175 0
    outer loop
      vertex 11.7469 11.0398 20
      vertex 12.2645 11.5573 18.8
      vertex 12.2645 11.5573 20
    endloop
  endfacet
  facet normal 0.707038 -0.707175 0
    outer loop
      vertex 12.2645 11.5573 18.8
      vertex 11.7469 11.0398 20
      vertex 11.7469 11.0398 18.8
    endloop
  endfacet
  facet normal -0.707175 0.707038 0
    outer loop
      vertex 11.0398 11.7469 18.8
      vertex 11.5573 12.2645 20
      vertex 11.5573 12.2645 18.8
    endloop
  endfacet
  facet normal -0.707175 0.707038 0
    outer loop
      vertex 11.5573 12.2645 20
      vertex 11.0398 11.7469 18.8
      vertex 11.0398 11.7469 20
    endloop
  endfacet
  facet normal 0.129776 0.991543 -0
    outer loop
      vertex 11.0398 11.7469 18.8
      vertex 10.0794 11.8726 20
      vertex 11.0398 11.7469 20
    endloop
  endfacet
  facet normal 0.129776 0.991543 0
    outer loop
      vertex 10.0794 11.8726 20
      vertex 11.0398 11.7469 18.8
      vertex 10.0794 11.8726 18.8
    endloop
  endfacet
  facet normal 0.120329 0.992734 -0
    outer loop
      vertex 10.0794 11.8726 18.8
      vertex 8.93758 12.011 20
      vertex 10.0794 11.8726 20
    endloop
  endfacet
  facet normal 0.120329 0.992734 0
    outer loop
      vertex 8.93758 12.011 20
      vertex 10.0794 11.8726 18.8
      vertex 8.93758 12.011 18.8
    endloop
  endfacet
  facet normal 0.205397 0.978679 -0
    outer loop
      vertex 8.93758 12.011 18.8
      vertex 7.98843 12.2102 20
      vertex 8.93758 12.011 20
    endloop
  endfacet
  facet normal 0.205397 0.978679 0
    outer loop
      vertex 7.98843 12.2102 20
      vertex 8.93758 12.011 18.8
      vertex 7.98843 12.2102 18.8
    endloop
  endfacet
  facet normal 0.389305 0.921109 -0
    outer loop
      vertex 7.98843 12.2102 18.8
      vertex 7.23059 12.5305 20
      vertex 7.98843 12.2102 20
    endloop
  endfacet
  facet normal 0.389305 0.921109 0
    outer loop
      vertex 7.23059 12.5305 20
      vertex 7.98843 12.2102 18.8
      vertex 7.23059 12.5305 18.8
    endloop
  endfacet
  facet normal 0.603095 0.797669 -0
    outer loop
      vertex 7.23059 12.5305 18.8
      vertex 6.57999 13.0224 20
      vertex 7.23059 12.5305 20
    endloop
  endfacet
  facet normal 0.603095 0.797669 0
    outer loop
      vertex 6.57999 13.0224 20
      vertex 7.23059 12.5305 18.8
      vertex 6.57999 13.0224 18.8
    endloop
  endfacet
  facet normal 0.744824 0.667261 0
    outer loop
      vertex 6.57999 13.0224 20
      vertex 5.94321 13.7332 18.8
      vertex 5.94321 13.7332 20
    endloop
  endfacet
  facet normal 0.744824 0.667261 0
    outer loop
      vertex 5.94321 13.7332 18.8
      vertex 6.57999 13.0224 20
      vertex 6.57999 13.0224 18.8
    endloop
  endfacet
  facet normal 0.799551 0.600599 0
    outer loop
      vertex 5.94321 13.7332 20
      vertex 5.28203 14.6134 18.8
      vertex 5.28203 14.6134 20
    endloop
  endfacet
  facet normal 0.799551 0.600599 0
    outer loop
      vertex 5.28203 14.6134 18.8
      vertex 5.94321 13.7332 20
      vertex 5.94321 13.7332 18.8
    endloop
  endfacet
  facet normal 0.793881 0.608073 0
    outer loop
      vertex 5.28203 14.6134 20
      vertex 4.65242 15.4354 18.8
      vertex 4.65242 15.4354 20
    endloop
  endfacet
  facet normal 0.793881 0.608073 0
    outer loop
      vertex 4.65242 15.4354 18.8
      vertex 5.28203 14.6134 20
      vertex 5.28203 14.6134 18.8
    endloop
  endfacet
  facet normal 0.965923 -0.258829 0
    outer loop
      vertex 4.65242 15.4354 20
      vertex 4.84168 16.1417 18.8
      vertex 4.84168 16.1417 20
    endloop
  endfacet
  facet normal 0.965923 -0.258829 0
    outer loop
      vertex 4.84168 16.1417 18.8
      vertex 4.65242 15.4354 20
      vertex 4.65242 15.4354 18.8
    endloop
  endfacet
  facet normal -0.96593 0.258805 0
    outer loop
      vertex 3.68892 15.6949 18.8
      vertex 3.87784 16.4 20
      vertex 3.87784 16.4 18.8
    endloop
  endfacet
  facet normal -0.96593 0.258805 0
    outer loop
      vertex 3.87784 16.4 20
      vertex 3.68892 15.6949 18.8
      vertex 3.68892 15.6949 20
    endloop
  endfacet
  facet normal -0.383465 0.923555 0
    outer loop
      vertex 3.68892 15.6949 18.8
      vertex 2.76215 15.3101 20
      vertex 3.68892 15.6949 20
    endloop
  endfacet
  facet normal -0.383465 0.923555 0
    outer loop
      vertex 2.76215 15.3101 20
      vertex 3.68892 15.6949 18.8
      vertex 2.76215 15.3101 18.8
    endloop
  endfacet
  facet normal -0.39211 0.919919 0
    outer loop
      vertex 2.76215 15.3101 18.8
      vertex 1.70407 14.8591 20
      vertex 2.76215 15.3101 20
    endloop
  endfacet
  facet normal -0.39211 0.919919 0
    outer loop
      vertex 1.70407 14.8591 20
      vertex 2.76215 15.3101 18.8
      vertex 1.70407 14.8591 18.8
    endloop
  endfacet
  facet normal -0.311427 0.95027 0
    outer loop
      vertex 1.70407 14.8591 18.8
      vertex 0.813995 14.5674 20
      vertex 1.70407 14.8591 20
    endloop
  endfacet
  facet normal -0.311427 0.95027 0
    outer loop
      vertex 0.813995 14.5674 20
      vertex 1.70407 14.8591 18.8
      vertex 0.813995 14.5674 18.8
    endloop
  endfacet
  facet normal -0.123375 0.99236 0
    outer loop
      vertex 0.813995 14.5674 18.8
      vertex 0 14.4662 20
      vertex 0.813995 14.5674 20
    endloop
  endfacet
  facet normal -0.123375 0.99236 0
    outer loop
      vertex 0 14.4662 20
      vertex 0.813995 14.5674 18.8
      vertex 0 14.4662 18.8
    endloop
  endfacet
  facet normal 0.123375 0.99236 -0
    outer loop
      vertex 0 14.4662 18.8
      vertex -0.813995 14.5674 20
      vertex 0 14.4662 20
    endloop
  endfacet
  facet normal 0.123375 0.99236 0
    outer loop
      vertex -0.813995 14.5674 20
      vertex 0 14.4662 18.8
      vertex -0.813995 14.5674 18.8
    endloop
  endfacet
  facet normal 0.311427 0.95027 -0
    outer loop
      vertex -0.813995 14.5674 18.8
      vertex -1.70407 14.8591 20
      vertex -0.813995 14.5674 20
    endloop
  endfacet
  facet normal 0.311427 0.95027 0
    outer loop
      vertex -1.70407 14.8591 20
      vertex -0.813995 14.5674 18.8
      vertex -1.70407 14.8591 18.8
    endloop
  endfacet
  facet normal 0.39211 0.919919 -0
    outer loop
      vertex -1.70407 14.8591 18.8
      vertex -2.76215 15.3101 20
      vertex -1.70407 14.8591 20
    endloop
  endfacet
  facet normal 0.39211 0.919919 0
    outer loop
      vertex -2.76215 15.3101 20
      vertex -1.70407 14.8591 18.8
      vertex -2.76215 15.3101 18.8
    endloop
  endfacet
  facet normal 0.383465 0.923555 -0
    outer loop
      vertex -2.76215 15.3101 18.8
      vertex -3.68892 15.6949 20
      vertex -2.76215 15.3101 20
    endloop
  endfacet
  facet normal 0.383465 0.923555 0
    outer loop
      vertex -3.68892 15.6949 20
      vertex -2.76215 15.3101 18.8
      vertex -3.68892 15.6949 18.8
    endloop
  endfacet
  facet normal 0.96593 0.258805 0
    outer loop
      vertex -3.68892 15.6949 20
      vertex -3.87784 16.4 18.8
      vertex -3.87784 16.4 20
    endloop
  endfacet
  facet normal 0.96593 0.258805 0
    outer loop
      vertex -3.87784 16.4 18.8
      vertex -3.68892 15.6949 20
      vertex -3.68892 15.6949 18.8
    endloop
  endfacet
  facet normal -0.965923 -0.258829 0
    outer loop
      vertex -4.65242 15.4354 18.8
      vertex -4.84168 16.1417 20
      vertex -4.84168 16.1417 18.8
    endloop
  endfacet
  facet normal -0.965923 -0.258829 0
    outer loop
      vertex -4.84168 16.1417 20
      vertex -4.65242 15.4354 18.8
      vertex -4.65242 15.4354 20
    endloop
  endfacet
  facet normal -0.793881 0.608073 0
    outer loop
      vertex -5.28203 14.6134 18.8
      vertex -4.65242 15.4354 20
      vertex -4.65242 15.4354 18.8
    endloop
  endfacet
  facet normal -0.793881 0.608073 0
    outer loop
      vertex -4.65242 15.4354 20
      vertex -5.28203 14.6134 18.8
      vertex -5.28203 14.6134 20
    endloop
  endfacet
  facet normal -0.799551 0.600599 0
    outer loop
      vertex -5.94321 13.7332 18.8
      vertex -5.28203 14.6134 20
      vertex -5.28203 14.6134 18.8
    endloop
  endfacet
  facet normal -0.799551 0.600599 0
    outer loop
      vertex -5.28203 14.6134 20
      vertex -5.94321 13.7332 18.8
      vertex -5.94321 13.7332 20
    endloop
  endfacet
  facet normal -0.744824 0.667261 0
    outer loop
      vertex -6.57999 13.0224 18.8
      vertex -5.94321 13.7332 20
      vertex -5.94321 13.7332 18.8
    endloop
  endfacet
  facet normal -0.744824 0.667261 0
    outer loop
      vertex -5.94321 13.7332 20
      vertex -6.57999 13.0224 18.8
      vertex -6.57999 13.0224 20
    endloop
  endfacet
  facet normal -0.603095 0.797669 0
    outer loop
      vertex -6.57999 13.0224 18.8
      vertex -7.23059 12.5305 20
      vertex -6.57999 13.0224 20
    endloop
  endfacet
  facet normal -0.603095 0.797669 0
    outer loop
      vertex -7.23059 12.5305 20
      vertex -6.57999 13.0224 18.8
      vertex -7.23059 12.5305 18.8
    endloop
  endfacet
  facet normal -0.389305 0.921109 0
    outer loop
      vertex -7.23059 12.5305 18.8
      vertex -7.98843 12.2102 20
      vertex -7.23059 12.5305 20
    endloop
  endfacet
  facet normal -0.389305 0.921109 0
    outer loop
      vertex -7.98843 12.2102 20
      vertex -7.23059 12.5305 18.8
      vertex -7.98843 12.2102 18.8
    endloop
  endfacet
  facet normal -0.205397 0.978679 0
    outer loop
      vertex -7.98843 12.2102 18.8
      vertex -8.93758 12.011 20
      vertex -7.98843 12.2102 20
    endloop
  endfacet
  facet normal -0.205397 0.978679 0
    outer loop
      vertex -8.93758 12.011 20
      vertex -7.98843 12.2102 18.8
      vertex -8.93758 12.011 18.8
    endloop
  endfacet
  facet normal -0.120329 0.992734 0
    outer loop
      vertex -8.93758 12.011 18.8
      vertex -10.0794 11.8726 20
      vertex -8.93758 12.011 20
    endloop
  endfacet
  facet normal -0.120329 0.992734 0
    outer loop
      vertex -10.0794 11.8726 20
      vertex -8.93758 12.011 18.8
      vertex -10.0794 11.8726 18.8
    endloop
  endfacet
  facet normal -0.129776 0.991543 0
    outer loop
      vertex -10.0794 11.8726 18.8
      vertex -11.0398 11.7469 20
      vertex -10.0794 11.8726 20
    endloop
  endfacet
  facet normal -0.129776 0.991543 0
    outer loop
      vertex -11.0398 11.7469 20
      vertex -10.0794 11.8726 18.8
      vertex -11.0398 11.7469 18.8
    endloop
  endfacet
  facet normal 0.707175 0.707038 0
    outer loop
      vertex -11.0398 11.7469 20
      vertex -11.5573 12.2645 18.8
      vertex -11.5573 12.2645 20
    endloop
  endfacet
  facet normal 0.707175 0.707038 0
    outer loop
      vertex -11.5573 12.2645 18.8
      vertex -11.0398 11.7469 20
      vertex -11.0398 11.7469 18.8
    endloop
  endfacet
  facet normal -0.707038 -0.707175 0
    outer loop
      vertex -11.7469 11.0398 18.8
      vertex -12.2645 11.5573 20
      vertex -12.2645 11.5573 18.8
    endloop
  endfacet
  facet normal -0.707038 -0.707175 0
    outer loop
      vertex -12.2645 11.5573 20
      vertex -11.7469 11.0398 18.8
      vertex -11.7469 11.0398 20
    endloop
  endfacet
  facet normal -0.991543 0.129776 0
    outer loop
      vertex -11.8726 10.0794 18.8
      vertex -11.7469 11.0398 20
      vertex -11.7469 11.0398 18.8
    endloop
  endfacet
  facet normal -0.991543 0.129776 0
    outer loop
      vertex -11.7469 11.0398 20
      vertex -11.8726 10.0794 18.8
      vertex -11.8726 10.0794 20
    endloop
  endfacet
  facet normal -0.992734 0.120329 0
    outer loop
      vertex -12.011 8.93758 18.8
      vertex -11.8726 10.0794 20
      vertex -11.8726 10.0794 18.8
    endloop
  endfacet
  facet normal -0.992734 0.120329 0
    outer loop
      vertex -11.8726 10.0794 20
      vertex -12.011 8.93758 18.8
      vertex -12.011 8.93758 20
    endloop
  endfacet
  facet normal -0.978679 0.205397 0
    outer loop
      vertex -12.2102 7.98843 18.8
      vertex -12.011 8.93758 20
      vertex -12.011 8.93758 18.8
    endloop
  endfacet
  facet normal -0.978679 0.205397 0
    outer loop
      vertex -12.011 8.93758 20
      vertex -12.2102 7.98843 18.8
      vertex -12.2102 7.98843 20
    endloop
  endfacet
  facet normal -0.921109 0.389305 0
    outer loop
      vertex -12.5305 7.23059 18.8
      vertex -12.2102 7.98843 20
      vertex -12.2102 7.98843 18.8
    endloop
  endfacet
  facet normal -0.921109 0.389305 0
    outer loop
      vertex -12.2102 7.98843 20
      vertex -12.5305 7.23059 18.8
      vertex -12.5305 7.23059 20
    endloop
  endfacet
  facet normal -0.797669 0.603095 0
    outer loop
      vertex -13.0224 6.57999 18.8
      vertex -12.5305 7.23059 20
      vertex -12.5305 7.23059 18.8
    endloop
  endfacet
  facet normal -0.797669 0.603095 0
    outer loop
      vertex -12.5305 7.23059 20
      vertex -13.0224 6.57999 18.8
      vertex -13.0224 6.57999 20
    endloop
  endfacet
  facet normal -0.667261 0.744824 0
    outer loop
      vertex -13.0224 6.57999 18.8
      vertex -13.7332 5.94321 20
      vertex -13.0224 6.57999 20
    endloop
  endfacet
  facet normal -0.667261 0.744824 0
    outer loop
      vertex -13.7332 5.94321 20
      vertex -13.0224 6.57999 18.8
      vertex -13.7332 5.94321 18.8
    endloop
  endfacet
  facet normal -0.600599 0.799551 0
    outer loop
      vertex -13.7332 5.94321 18.8
      vertex -14.6134 5.28203 20
      vertex -13.7332 5.94321 20
    endloop
  endfacet
  facet normal -0.600599 0.799551 0
    outer loop
      vertex -14.6134 5.28203 20
      vertex -13.7332 5.94321 18.8
      vertex -14.6134 5.28203 18.8
    endloop
  endfacet
  facet normal -0.608073 0.793881 0
    outer loop
      vertex -14.6134 5.28203 18.8
      vertex -15.4354 4.65242 20
      vertex -14.6134 5.28203 20
    endloop
  endfacet
  facet normal -0.608073 0.793881 0
    outer loop
      vertex -15.4354 4.65242 20
      vertex -14.6134 5.28203 18.8
      vertex -15.4354 4.65242 18.8
    endloop
  endfacet
  facet normal 0.258829 0.965923 -0
    outer loop
      vertex -15.4354 4.65242 18.8
      vertex -16.1417 4.84168 20
      vertex -15.4354 4.65242 20
    endloop
  endfacet
  facet normal 0.258829 0.965923 0
    outer loop
      vertex -16.1417 4.84168 20
      vertex -15.4354 4.65242 18.8
      vertex -16.1417 4.84168 18.8
    endloop
  endfacet
  facet normal -0.258805 -0.96593 0
    outer loop
      vertex -16.4 3.87784 18.8
      vertex -15.6949 3.68892 20
      vertex -16.4 3.87784 20
    endloop
  endfacet
  facet normal -0.258805 -0.96593 -0
    outer loop
      vertex -15.6949 3.68892 20
      vertex -16.4 3.87784 18.8
      vertex -15.6949 3.68892 18.8
    endloop
  endfacet
  facet normal -0.923555 -0.383465 0
    outer loop
      vertex -15.3101 2.76215 18.8
      vertex -15.6949 3.68892 20
      vertex -15.6949 3.68892 18.8
    endloop
  endfacet
  facet normal -0.923555 -0.383465 0
    outer loop
      vertex -15.6949 3.68892 20
      vertex -15.3101 2.76215 18.8
      vertex -15.3101 2.76215 20
    endloop
  endfacet
  facet normal -0.919919 -0.39211 0
    outer loop
      vertex -14.8591 1.70407 18.8
      vertex -15.3101 2.76215 20
      vertex -15.3101 2.76215 18.8
    endloop
  endfacet
  facet normal -0.919919 -0.39211 0
    outer loop
      vertex -15.3101 2.76215 20
      vertex -14.8591 1.70407 18.8
      vertex -14.8591 1.70407 20
    endloop
  endfacet
  facet normal -0.95027 -0.311427 0
    outer loop
      vertex -14.5674 0.813995 18.8
      vertex -14.8591 1.70407 20
      vertex -14.8591 1.70407 18.8
    endloop
  endfacet
  facet normal -0.95027 -0.311427 0
    outer loop
      vertex -14.8591 1.70407 20
      vertex -14.5674 0.813995 18.8
      vertex -14.5674 0.813995 20
    endloop
  endfacet
  facet normal -0.99236 -0.123375 0
    outer loop
      vertex -14.4662 0 18.8
      vertex -14.5674 0.813995 20
      vertex -14.5674 0.813995 18.8
    endloop
  endfacet
  facet normal -0.99236 -0.123375 0
    outer loop
      vertex -14.5674 0.813995 20
      vertex -14.4662 0 18.8
      vertex -14.4662 0 20
    endloop
  endfacet
  facet normal -0.99236 0.123375 0
    outer loop
      vertex -14.5674 -0.813995 18.8
      vertex -14.4662 0 20
      vertex -14.4662 0 18.8
    endloop
  endfacet
  facet normal -0.99236 0.123375 0
    outer loop
      vertex -14.4662 0 20
      vertex -14.5674 -0.813995 18.8
      vertex -14.5674 -0.813995 20
    endloop
  endfacet
  facet normal -0.95027 0.311427 0
    outer loop
      vertex -14.8591 -1.70407 18.8
      vertex -14.5674 -0.813995 20
      vertex -14.5674 -0.813995 18.8
    endloop
  endfacet
  facet normal -0.95027 0.311427 0
    outer loop
      vertex -14.5674 -0.813995 20
      vertex -14.8591 -1.70407 18.8
      vertex -14.8591 -1.70407 20
    endloop
  endfacet
  facet normal -0.919919 0.39211 0
    outer loop
      vertex -15.3101 -2.76215 18.8
      vertex -14.8591 -1.70407 20
      vertex -14.8591 -1.70407 18.8
    endloop
  endfacet
  facet normal -0.919919 0.39211 0
    outer loop
      vertex -14.8591 -1.70407 20
      vertex -15.3101 -2.76215 18.8
      vertex -15.3101 -2.76215 20
    endloop
  endfacet
  facet normal -0.923555 0.383465 0
    outer loop
      vertex -15.6949 -3.68892 18.8
      vertex -15.3101 -2.76215 20
      vertex -15.3101 -2.76215 18.8
    endloop
  endfacet
  facet normal -0.923555 0.383465 0
    outer loop
      vertex -15.3101 -2.76215 20
      vertex -15.6949 -3.68892 18.8
      vertex -15.6949 -3.68892 20
    endloop
  endfacet
  facet normal -0.258805 0.96593 0
    outer loop
      vertex -15.6949 -3.68892 18.8
      vertex -16.4 -3.87784 20
      vertex -15.6949 -3.68892 20
    endloop
  endfacet
  facet normal -0.258805 0.96593 0
    outer loop
      vertex -16.4 -3.87784 20
      vertex -15.6949 -3.68892 18.8
      vertex -16.4 -3.87784 18.8
    endloop
  endfacet
  facet normal 0.258829 -0.965923 0
    outer loop
      vertex -16.1417 -4.84168 18.8
      vertex -15.4354 -4.65242 20
      vertex -16.1417 -4.84168 20
    endloop
  endfacet
  facet normal 0.258829 -0.965923 0
    outer loop
      vertex -15.4354 -4.65242 20
      vertex -16.1417 -4.84168 18.8
      vertex -15.4354 -4.65242 18.8
    endloop
  endfacet
  facet normal -0.608073 -0.793881 0
    outer loop
      vertex -15.4354 -4.65242 18.8
      vertex -14.6134 -5.28203 20
      vertex -15.4354 -4.65242 20
    endloop
  endfacet
  facet normal -0.608073 -0.793881 -0
    outer loop
      vertex -14.6134 -5.28203 20
      vertex -15.4354 -4.65242 18.8
      vertex -14.6134 -5.28203 18.8
    endloop
  endfacet
  facet normal -0.600599 -0.799551 0
    outer loop
      vertex -14.6134 -5.28203 18.8
      vertex -13.7332 -5.94321 20
      vertex -14.6134 -5.28203 20
    endloop
  endfacet
  facet normal -0.600599 -0.799551 -0
    outer loop
      vertex -13.7332 -5.94321 20
      vertex -14.6134 -5.28203 18.8
      vertex -13.7332 -5.94321 18.8
    endloop
  endfacet
  facet normal -0.667261 -0.744824 0
    outer loop
      vertex -13.7332 -5.94321 18.8
      vertex -13.0224 -6.57999 20
      vertex -13.7332 -5.94321 20
    endloop
  endfacet
  facet normal -0.667261 -0.744824 -0
    outer loop
      vertex -13.0224 -6.57999 20
      vertex -13.7332 -5.94321 18.8
      vertex -13.0224 -6.57999 18.8
    endloop
  endfacet
  facet normal -0.797669 -0.603095 0
    outer loop
      vertex -12.5305 -7.23059 18.8
      vertex -13.0224 -6.57999 20
      vertex -13.0224 -6.57999 18.8
    endloop
  endfacet
  facet normal -0.797669 -0.603095 0
    outer loop
      vertex -13.0224 -6.57999 20
      vertex -12.5305 -7.23059 18.8
      vertex -12.5305 -7.23059 20
    endloop
  endfacet
  facet normal -0.921109 -0.389305 0
    outer loop
      vertex -12.2102 -7.98843 18.8
      vertex -12.5305 -7.23059 20
      vertex -12.5305 -7.23059 18.8
    endloop
  endfacet
  facet normal -0.921109 -0.389305 0
    outer loop
      vertex -12.5305 -7.23059 20
      vertex -12.2102 -7.98843 18.8
      vertex -12.2102 -7.98843 20
    endloop
  endfacet
  facet normal -0.978679 -0.205397 0
    outer loop
      vertex -12.011 -8.93758 18.8
      vertex -12.2102 -7.98843 20
      vertex -12.2102 -7.98843 18.8
    endloop
  endfacet
  facet normal -0.978679 -0.205397 0
    outer loop
      vertex -12.2102 -7.98843 20
      vertex -12.011 -8.93758 18.8
      vertex -12.011 -8.93758 20
    endloop
  endfacet
  facet normal -0.992734 -0.120329 0
    outer loop
      vertex -11.8726 -10.0794 18.8
      vertex -12.011 -8.93758 20
      vertex -12.011 -8.93758 18.8
    endloop
  endfacet
  facet normal -0.992734 -0.120329 0
    outer loop
      vertex -12.011 -8.93758 20
      vertex -11.8726 -10.0794 18.8
      vertex -11.8726 -10.0794 20
    endloop
  endfacet
  facet normal -0.991543 -0.129776 0
    outer loop
      vertex -11.7469 -11.0398 18.8
      vertex -11.8726 -10.0794 20
      vertex -11.8726 -10.0794 18.8
    endloop
  endfacet
  facet normal -0.991543 -0.129776 0
    outer loop
      vertex -11.8726 -10.0794 20
      vertex -11.7469 -11.0398 18.8
      vertex -11.7469 -11.0398 20
    endloop
  endfacet
  facet normal -0.707038 0.707175 0
    outer loop
      vertex -12.2645 -11.5573 18.8
      vertex -11.7469 -11.0398 20
      vertex -11.7469 -11.0398 18.8
    endloop
  endfacet
  facet normal -0.707038 0.707175 0
    outer loop
      vertex -11.7469 -11.0398 20
      vertex -12.2645 -11.5573 18.8
      vertex -12.2645 -11.5573 20
    endloop
  endfacet
  facet normal 0.707175 -0.707038 0
    outer loop
      vertex -11.5573 -12.2645 20
      vertex -11.0398 -11.7469 18.8
      vertex -11.0398 -11.7469 20
    endloop
  endfacet
  facet normal 0.707175 -0.707038 0
    outer loop
      vertex -11.0398 -11.7469 18.8
      vertex -11.5573 -12.2645 20
      vertex -11.5573 -12.2645 18.8
    endloop
  endfacet
  facet normal -0.129776 -0.991543 0
    outer loop
      vertex -11.0398 -11.7469 18.8
      vertex -10.0794 -11.8726 20
      vertex -11.0398 -11.7469 20
    endloop
  endfacet
  facet normal -0.129776 -0.991543 -0
    outer loop
      vertex -10.0794 -11.8726 20
      vertex -11.0398 -11.7469 18.8
      vertex -10.0794 -11.8726 18.8
    endloop
  endfacet
  facet normal -0.120329 -0.992734 0
    outer loop
      vertex -10.0794 -11.8726 18.8
      vertex -8.93758 -12.011 20
      vertex -10.0794 -11.8726 20
    endloop
  endfacet
  facet normal -0.120329 -0.992734 -0
    outer loop
      vertex -8.93758 -12.011 20
      vertex -10.0794 -11.8726 18.8
      vertex -8.93758 -12.011 18.8
    endloop
  endfacet
  facet normal -0.205397 -0.978679 0
    outer loop
      vertex -8.93758 -12.011 18.8
      vertex -7.98843 -12.2102 20
      vertex -8.93758 -12.011 20
    endloop
  endfacet
  facet normal -0.205397 -0.978679 -0
    outer loop
      vertex -7.98843 -12.2102 20
      vertex -8.93758 -12.011 18.8
      vertex -7.98843 -12.2102 18.8
    endloop
  endfacet
  facet normal -0.389305 -0.921109 0
    outer loop
      vertex -7.98843 -12.2102 18.8
      vertex -7.23059 -12.5305 20
      vertex -7.98843 -12.2102 20
    endloop
  endfacet
  facet normal -0.389305 -0.921109 -0
    outer loop
      vertex -7.23059 -12.5305 20
      vertex -7.98843 -12.2102 18.8
      vertex -7.23059 -12.5305 18.8
    endloop
  endfacet
  facet normal -0.603095 -0.797669 0
    outer loop
      vertex -7.23059 -12.5305 18.8
      vertex -6.57999 -13.0224 20
      vertex -7.23059 -12.5305 20
    endloop
  endfacet
  facet normal -0.603095 -0.797669 -0
    outer loop
      vertex -6.57999 -13.0224 20
      vertex -7.23059 -12.5305 18.8
      vertex -6.57999 -13.0224 18.8
    endloop
  endfacet
  facet normal -0.744824 -0.667261 0
    outer loop
      vertex -5.94321 -13.7332 18.8
      vertex -6.57999 -13.0224 20
      vertex -6.57999 -13.0224 18.8
    endloop
  endfacet
  facet normal -0.744824 -0.667261 0
    outer loop
      vertex -6.57999 -13.0224 20
      vertex -5.94321 -13.7332 18.8
      vertex -5.94321 -13.7332 20
    endloop
  endfacet
  facet normal -0.799551 -0.600599 0
    outer loop
      vertex -5.28203 -14.6134 18.8
      vertex -5.94321 -13.7332 20
      vertex -5.94321 -13.7332 18.8
    endloop
  endfacet
  facet normal -0.799551 -0.600599 0
    outer loop
      vertex -5.94321 -13.7332 20
      vertex -5.28203 -14.6134 18.8
      vertex -5.28203 -14.6134 20
    endloop
  endfacet
  facet normal -0.793881 -0.608073 0
    outer loop
      vertex -4.65242 -15.4354 18.8
      vertex -5.28203 -14.6134 20
      vertex -5.28203 -14.6134 18.8
    endloop
  endfacet
  facet normal -0.793881 -0.608073 0
    outer loop
      vertex -5.28203 -14.6134 20
      vertex -4.65242 -15.4354 18.8
      vertex -4.65242 -15.4354 20
    endloop
  endfacet
  facet normal -0.965923 0.258829 0
    outer loop
      vertex -4.84168 -16.1417 18.8
      vertex -4.65242 -15.4354 20
      vertex -4.65242 -15.4354 18.8
    endloop
  endfacet
  facet normal -0.965923 0.258829 0
    outer loop
      vertex -4.65242 -15.4354 20
      vertex -4.84168 -16.1417 18.8
      vertex -4.84168 -16.1417 20
    endloop
  endfacet
  facet normal 0.96593 -0.258805 0
    outer loop
      vertex -3.87784 -16.4 20
      vertex -3.68892 -15.6949 18.8
      vertex -3.68892 -15.6949 20
    endloop
  endfacet
  facet normal 0.96593 -0.258805 0
    outer loop
      vertex -3.68892 -15.6949 18.8
      vertex -3.87784 -16.4 20
      vertex -3.87784 -16.4 18.8
    endloop
  endfacet
  facet normal 0.383465 -0.923555 0
    outer loop
      vertex -3.68892 -15.6949 18.8
      vertex -2.76215 -15.3101 20
      vertex -3.68892 -15.6949 20
    endloop
  endfacet
  facet normal 0.383465 -0.923555 0
    outer loop
      vertex -2.76215 -15.3101 20
      vertex -3.68892 -15.6949 18.8
      vertex -2.76215 -15.3101 18.8
    endloop
  endfacet
  facet normal 0.39211 -0.919919 0
    outer loop
      vertex -2.76215 -15.3101 18.8
      vertex -1.70407 -14.8591 20
      vertex -2.76215 -15.3101 20
    endloop
  endfacet
  facet normal 0.39211 -0.919919 0
    outer loop
      vertex -1.70407 -14.8591 20
      vertex -2.76215 -15.3101 18.8
      vertex -1.70407 -14.8591 18.8
    endloop
  endfacet
  facet normal 0.311427 -0.95027 0
    outer loop
      vertex -1.70407 -14.8591 18.8
      vertex -0.813995 -14.5674 20
      vertex -1.70407 -14.8591 20
    endloop
  endfacet
  facet normal 0.311427 -0.95027 0
    outer loop
      vertex -0.813995 -14.5674 20
      vertex -1.70407 -14.8591 18.8
      vertex -0.813995 -14.5674 18.8
    endloop
  endfacet
  facet normal 0.123375 -0.99236 0
    outer loop
      vertex -0.813995 -14.5674 18.8
      vertex 0 -14.4662 20
      vertex -0.813995 -14.5674 20
    endloop
  endfacet
  facet normal 0.123375 -0.99236 0
    outer loop
      vertex 0 -14.4662 20
      vertex -0.813995 -14.5674 18.8
      vertex 0 -14.4662 18.8
    endloop
  endfacet
  facet normal -0.123375 -0.99236 0
    outer loop
      vertex 0 -14.4662 18.8
      vertex 0.813995 -14.5674 20
      vertex 0 -14.4662 20
    endloop
  endfacet
  facet normal -0.123375 -0.99236 -0
    outer loop
      vertex 0.813995 -14.5674 20
      vertex 0 -14.4662 18.8
      vertex 0.813995 -14.5674 18.8
    endloop
  endfacet
  facet normal -0.311427 -0.95027 0
    outer loop
      vertex 0.813995 -14.5674 18.8
      vertex 1.70407 -14.8591 20
      vertex 0.813995 -14.5674 20
    endloop
  endfacet
  facet normal -0.311427 -0.95027 -0
    outer loop
      vertex 1.70407 -14.8591 20
      vertex 0.813995 -14.5674 18.8
      vertex 1.70407 -14.8591 18.8
    endloop
  endfacet
  facet normal -0.39211 -0.919919 0
    outer loop
      vertex 1.70407 -14.8591 18.8
      vertex 2.76215 -15.3101 20
      vertex 1.70407 -14.8591 20
    endloop
  endfacet
  facet normal -0.39211 -0.919919 -0
    outer loop
      vertex 2.76215 -15.3101 20
      vertex 1.70407 -14.8591 18.8
      vertex 2.76215 -15.3101 18.8
    endloop
  endfacet
  facet normal -0.383465 -0.923555 0
    outer loop
      vertex 2.76215 -15.3101 18.8
      vertex 3.68892 -15.6949 20
      vertex 2.76215 -15.3101 20
    endloop
  endfacet
  facet normal -0.383465 -0.923555 -0
    outer loop
      vertex 3.68892 -15.6949 20
      vertex 2.76215 -15.3101 18.8
      vertex 3.68892 -15.6949 18.8
    endloop
  endfacet
  facet normal -0.96593 -0.258805 0
    outer loop
      vertex 3.87784 -16.4 18.8
      vertex 3.68892 -15.6949 20
      vertex 3.68892 -15.6949 18.8
    endloop
  endfacet
  facet normal -0.96593 -0.258805 0
    outer loop
      vertex 3.68892 -15.6949 20
      vertex 3.87784 -16.4 18.8
      vertex 3.87784 -16.4 20
    endloop
  endfacet
  facet normal 0.311371 0.950289 -0
    outer loop
      vertex -0.62944 11.7517 18.8
      vertex -1.32498 11.9796 20
      vertex -0.62944 11.7517 20
    endloop
  endfacet
  facet normal 0.311371 0.950289 0
    outer loop
      vertex -1.32498 11.9796 20
      vertex -0.62944 11.7517 18.8
      vertex -1.32498 11.9796 18.8
    endloop
  endfacet
  facet normal 0.392199 0.91988 -0
    outer loop
      vertex -1.32498 11.9796 18.8
      vertex -2.17145 12.3405 20
      vertex -1.32498 11.9796 20
    endloop
  endfacet
  facet normal 0.392199 0.91988 0
    outer loop
      vertex -2.17145 12.3405 20
      vertex -1.32498 11.9796 18.8
      vertex -2.17145 12.3405 18.8
    endloop
  endfacet
  facet normal 0.383442 0.923565 -0
    outer loop
      vertex -2.17145 12.3405 18.8
      vertex -2.86754 12.6295 20
      vertex -2.17145 12.3405 20
    endloop
  endfacet
  facet normal 0.383442 0.923565 0
    outer loop
      vertex -2.86754 12.6295 20
      vertex -2.17145 12.3405 18.8
      vertex -2.86754 12.6295 18.8
    endloop
  endfacet
  facet normal 0.965926 0.25882 0
    outer loop
      vertex -2.86754 12.6295 20
      vertex -3.36247 14.4766 18.8
      vertex -3.36247 14.4766 20
    endloop
  endfacet
  facet normal 0.965926 0.25882 0
    outer loop
      vertex -3.36247 14.4766 18.8
      vertex -2.86754 12.6295 20
      vertex -2.86754 12.6295 18.8
    endloop
  endfacet
  facet normal -0.383214 -0.92366 0
    outer loop
      vertex -3.36247 14.4766 18.8
      vertex -3.14482 14.3863 20
      vertex -3.36247 14.4766 20
    endloop
  endfacet
  facet normal -0.383214 -0.92366 -0
    outer loop
      vertex -3.14482 14.3863 20
      vertex -3.36247 14.4766 18.8
      vertex -3.14482 14.3863 18.8
    endloop
  endfacet
  facet normal -0.392186 -0.919886 0
    outer loop
      vertex -3.14482 14.3863 18.8
      vertex -2.08675 13.9352 20
      vertex -3.14482 14.3863 20
    endloop
  endfacet
  facet normal -0.392186 -0.919886 -0
    outer loop
      vertex -2.08675 13.9352 20
      vertex -3.14482 14.3863 18.8
      vertex -2.08675 13.9352 18.8
    endloop
  endfacet
  facet normal -0.311452 -0.950262 0
    outer loop
      vertex -2.08675 13.9352 18.8
      vertex -1.11407 13.6164 20
      vertex -2.08675 13.9352 20
    endloop
  endfacet
  facet normal -0.311452 -0.950262 -0
    outer loop
      vertex -1.11407 13.6164 20
      vertex -2.08675 13.9352 18.8
      vertex -1.11407 13.6164 18.8
    endloop
  endfacet
  facet normal -0.289809 -0.957084 0
    outer loop
      vertex -1.11407 13.6164 18.8
      vertex -1.02028 13.588 20
      vertex -1.11407 13.6164 20
    endloop
  endfacet
  facet normal -0.289809 -0.957084 -0
    outer loop
      vertex -1.02028 13.588 20
      vertex -1.11407 13.6164 18.8
      vertex -1.02028 13.588 18.8
    endloop
  endfacet
  facet normal -0.123354 -0.992363 0
    outer loop
      vertex -1.02028 13.588 18.8
      vertex -0.0975342 13.4733 20
      vertex -1.02028 13.588 20
    endloop
  endfacet
  facet normal -0.123354 -0.992363 -0
    outer loop
      vertex -0.0975342 13.4733 20
      vertex -1.02028 13.588 18.8
      vertex -0.0975342 13.4733 18.8
    endloop
  endfacet
  facet normal -0.0989641 -0.995091 0
    outer loop
      vertex -0.0975342 13.4733 18.8
      vertex 0 13.4636 20
      vertex -0.0975342 13.4733 20
    endloop
  endfacet
  facet normal -0.0989641 -0.995091 -0
    outer loop
      vertex 0 13.4636 20
      vertex -0.0975342 13.4733 18.8
      vertex 0 13.4636 18.8
    endloop
  endfacet
  facet normal 0.0989641 -0.995091 0
    outer loop
      vertex 0 13.4636 18.8
      vertex 0.0975342 13.4733 20
      vertex 0 13.4636 20
    endloop
  endfacet
  facet normal 0.0989641 -0.995091 0
    outer loop
      vertex 0.0975342 13.4733 20
      vertex 0 13.4636 18.8
      vertex 0.0975342 13.4733 18.8
    endloop
  endfacet
  facet normal 0.123354 -0.992363 0
    outer loop
      vertex 0.0975342 13.4733 18.8
      vertex 1.02028 13.588 20
      vertex 0.0975342 13.4733 20
    endloop
  endfacet
  facet normal 0.123354 -0.992363 0
    outer loop
      vertex 1.02028 13.588 20
      vertex 0.0975342 13.4733 18.8
      vertex 1.02028 13.588 18.8
    endloop
  endfacet
  facet normal 0.289809 -0.957084 0
    outer loop
      vertex 1.02028 13.588 18.8
      vertex 1.11407 13.6164 20
      vertex 1.02028 13.588 20
    endloop
  endfacet
  facet normal 0.289809 -0.957084 0
    outer loop
      vertex 1.11407 13.6164 20
      vertex 1.02028 13.588 18.8
      vertex 1.11407 13.6164 18.8
    endloop
  endfacet
  facet normal 0.311452 -0.950262 0
    outer loop
      vertex 1.11407 13.6164 18.8
      vertex 2.08675 13.9352 20
      vertex 1.11407 13.6164 20
    endloop
  endfacet
  facet normal 0.311452 -0.950262 0
    outer loop
      vertex 2.08675 13.9352 20
      vertex 1.11407 13.6164 18.8
      vertex 2.08675 13.9352 18.8
    endloop
  endfacet
  facet normal 0.392186 -0.919886 0
    outer loop
      vertex 2.08675 13.9352 18.8
      vertex 3.14482 14.3863 20
      vertex 2.08675 13.9352 20
    endloop
  endfacet
  facet normal 0.392186 -0.919886 0
    outer loop
      vertex 3.14482 14.3863 20
      vertex 2.08675 13.9352 18.8
      vertex 3.14482 14.3863 18.8
    endloop
  endfacet
  facet normal 0.383214 -0.92366 0
    outer loop
      vertex 3.14482 14.3863 18.8
      vertex 3.36247 14.4766 20
      vertex 3.14482 14.3863 20
    endloop
  endfacet
  facet normal 0.383214 -0.92366 0
    outer loop
      vertex 3.36247 14.4766 20
      vertex 3.14482 14.3863 18.8
      vertex 3.36247 14.4766 18.8
    endloop
  endfacet
  facet normal -0.965926 0.25882 0
    outer loop
      vertex 2.86754 12.6295 18.8
      vertex 3.36247 14.4766 20
      vertex 3.36247 14.4766 18.8
    endloop
  endfacet
  facet normal -0.965926 0.25882 0
    outer loop
      vertex 3.36247 14.4766 20
      vertex 2.86754 12.6295 18.8
      vertex 2.86754 12.6295 20
    endloop
  endfacet
  facet normal -0.383442 0.923565 0
    outer loop
      vertex 2.86754 12.6295 18.8
      vertex 2.17145 12.3405 20
      vertex 2.86754 12.6295 20
    endloop
  endfacet
  facet normal -0.383442 0.923565 0
    outer loop
      vertex 2.17145 12.3405 20
      vertex 2.86754 12.6295 18.8
      vertex 2.17145 12.3405 18.8
    endloop
  endfacet
  facet normal -0.392199 0.91988 0
    outer loop
      vertex 2.17145 12.3405 18.8
      vertex 1.32498 11.9796 20
      vertex 2.17145 12.3405 20
    endloop
  endfacet
  facet normal -0.392199 0.91988 0
    outer loop
      vertex 1.32498 11.9796 20
      vertex 2.17145 12.3405 18.8
      vertex 1.32498 11.9796 18.8
    endloop
  endfacet
  facet normal -0.311371 0.950289 0
    outer loop
      vertex 1.32498 11.9796 18.8
      vertex 0.62944 11.7517 20
      vertex 1.32498 11.9796 20
    endloop
  endfacet
  facet normal -0.311371 0.950289 0
    outer loop
      vertex 0.62944 11.7517 20
      vertex 1.32498 11.9796 18.8
      vertex 0.62944 11.7517 18.8
    endloop
  endfacet
  facet normal -0.123445 0.992351 0
    outer loop
      vertex 0.62944 11.7517 18.8
      vertex 0 11.6734 20
      vertex 0.62944 11.7517 20
    endloop
  endfacet
  facet normal -0.123445 0.992351 0
    outer loop
      vertex 0 11.6734 20
      vertex 0.62944 11.7517 18.8
      vertex 0 11.6734 18.8
    endloop
  endfacet
  facet normal 0.123445 0.992351 -0
    outer loop
      vertex 0 11.6734 18.8
      vertex -0.62944 11.7517 20
      vertex 0 11.6734 20
    endloop
  endfacet
  facet normal 0.123445 0.992351 0
    outer loop
      vertex -0.62944 11.7517 20
      vertex 0 11.6734 18.8
      vertex -0.62944 11.7517 18.8
    endloop
  endfacet
  facet normal 0.129938 -0.991522 0
    outer loop
      vertex -10.1499 10.857 18.8
      vertex -9.88435 10.8918 20
      vertex -10.1499 10.857 20
    endloop
  endfacet
  facet normal 0.129938 -0.991522 0
    outer loop
      vertex -9.88435 10.8918 20
      vertex -10.1499 10.857 18.8
      vertex -9.88435 10.8918 18.8
    endloop
  endfacet
  facet normal 0.120325 -0.992735 0
    outer loop
      vertex -9.88435 10.8918 18.8
      vertex -8.74249 11.0302 20
      vertex -9.88435 10.8918 20
    endloop
  endfacet
  facet normal 0.120325 -0.992735 0
    outer loop
      vertex -8.74249 11.0302 20
      vertex -9.88435 10.8918 18.8
      vertex -8.74249 11.0302 18.8
    endloop
  endfacet
  facet normal 0.20546 -0.978666 0
    outer loop
      vertex -8.74249 11.0302 18.8
      vertex -7.74077 11.2405 20
      vertex -8.74249 11.0302 20
    endloop
  endfacet
  facet normal 0.20546 -0.978666 0
    outer loop
      vertex -7.74077 11.2405 20
      vertex -8.74249 11.0302 18.8
      vertex -7.74077 11.2405 18.8
    endloop
  endfacet
  facet normal 0.289781 -0.957093 0
    outer loop
      vertex -7.74077 11.2405 18.8
      vertex -7.64697 11.2689 20
      vertex -7.74077 11.2405 20
    endloop
  endfacet
  facet normal 0.289781 -0.957093 0
    outer loop
      vertex -7.64697 11.2689 20
      vertex -7.74077 11.2405 18.8
      vertex -7.64697 11.2689 18.8
    endloop
  endfacet
  facet normal 0.389311 -0.921107 0
    outer loop
      vertex -7.64697 11.2689 18.8
      vertex -6.79048 11.6309 20
      vertex -7.64697 11.2689 20
    endloop
  endfacet
  facet normal 0.389311 -0.921107 0
    outer loop
      vertex -6.79048 11.6309 20
      vertex -7.64697 11.2689 18.8
      vertex -6.79048 11.6309 18.8
    endloop
  endfacet
  facet normal 0.471329 -0.881957 0
    outer loop
      vertex -6.79048 11.6309 18.8
      vertex -6.70403 11.6771 20
      vertex -6.79048 11.6309 20
    endloop
  endfacet
  facet normal 0.471329 -0.881957 0
    outer loop
      vertex -6.70403 11.6771 20
      vertex -6.79048 11.6309 18.8
      vertex -6.70403 11.6771 18.8
    endloop
  endfacet
  facet normal 0.603084 -0.797678 0
    outer loop
      vertex -6.70403 11.6771 18.8
      vertex -5.96228 12.2379 20
      vertex -6.70403 11.6771 20
    endloop
  endfacet
  facet normal 0.603084 -0.797678 0
    outer loop
      vertex -5.96228 12.2379 20
      vertex -6.70403 11.6771 18.8
      vertex -5.96228 12.2379 18.8
    endloop
  endfacet
  facet normal 0.633888 -0.773425 0
    outer loop
      vertex -5.96228 12.2379 18.8
      vertex -5.88651 12.3 20
      vertex -5.96228 12.2379 20
    endloop
  endfacet
  facet normal 0.633888 -0.773425 0
    outer loop
      vertex -5.88651 12.3 20
      vertex -5.96228 12.2379 18.8
      vertex -5.88651 12.3 18.8
    endloop
  endfacet
  facet normal 0.744832 -0.667252 0
    outer loop
      vertex -5.88651 12.3 20
      vertex -5.20352 13.0624 18.8
      vertex -5.20352 13.0624 20
    endloop
  endfacet
  facet normal 0.744832 -0.667252 0
    outer loop
      vertex -5.20352 13.0624 18.8
      vertex -5.88651 12.3 20
      vertex -5.88651 12.3 18.8
    endloop
  endfacet
  facet normal 0.773148 -0.634226 0
    outer loop
      vertex -5.20352 13.0624 20
      vertex -5.14134 13.1382 18.8
      vertex -5.14134 13.1382 20
    endloop
  endfacet
  facet normal 0.773148 -0.634226 0
    outer loop
      vertex -5.14134 13.1382 18.8
      vertex -5.20352 13.0624 20
      vertex -5.20352 13.0624 18.8
    endloop
  endfacet
  facet normal 0.79958 -0.600559 0
    outer loop
      vertex -5.14134 13.1382 20
      vertex -4.45056 14.0579 18.8
      vertex -4.45056 14.0579 20
    endloop
  endfacet
  facet normal 0.79958 -0.600559 0
    outer loop
      vertex -4.45056 14.0579 18.8
      vertex -5.14134 13.1382 20
      vertex -5.14134 13.1382 18.8
    endloop
  endfacet
  facet normal 0.793772 -0.608215 0
    outer loop
      vertex -4.45056 14.0579 20
      vertex -4.32666 14.2196 18.8
      vertex -4.32666 14.2196 20
    endloop
  endfacet
  facet normal 0.793772 -0.608215 0
    outer loop
      vertex -4.32666 14.2196 18.8
      vertex -4.45056 14.0579 20
      vertex -4.45056 14.0579 18.8
    endloop
  endfacet
  facet normal -0.965924 -0.258824 0
    outer loop
      vertex -3.83105 12.37 18.8
      vertex -4.32666 14.2196 20
      vertex -4.32666 14.2196 18.8
    endloop
  endfacet
  facet normal -0.965924 -0.258824 0
    outer loop
      vertex -4.32666 14.2196 20
      vertex -3.83105 12.37 18.8
      vertex -3.83105 12.37 20
    endloop
  endfacet
  facet normal -0.793877 0.608079 0
    outer loop
      vertex -4.30878 11.7463 18.8
      vertex -3.83105 12.37 20
      vertex -3.83105 12.37 18.8
    endloop
  endfacet
  facet normal -0.793877 0.608079 0
    outer loop
      vertex -3.83105 12.37 20
      vertex -4.30878 11.7463 18.8
      vertex -4.30878 11.7463 20
    endloop
  endfacet
  facet normal -0.799562 0.600584 0
    outer loop
      vertex -4.8318 11.05 18.8
      vertex -4.30878 11.7463 20
      vertex -4.30878 11.7463 18.8
    endloop
  endfacet
  facet normal -0.799562 0.600584 0
    outer loop
      vertex -4.30878 11.7463 20
      vertex -4.8318 11.05 18.8
      vertex -4.8318 11.05 20
    endloop
  endfacet
  facet normal -0.744877 0.667201 0
    outer loop
      vertex -5.33197 10.4916 18.8
      vertex -4.8318 11.05 20
      vertex -4.8318 11.05 18.8
    endloop
  endfacet
  facet normal -0.744877 0.667201 0
    outer loop
      vertex -4.8318 11.05 20
      vertex -5.33197 10.4916 18.8
      vertex -5.33197 10.4916 20
    endloop
  endfacet
  facet normal -0.602949 0.79778 0
    outer loop
      vertex -5.33197 10.4916 18.8
      vertex -5.83423 10.112 20
      vertex -5.33197 10.4916 20
    endloop
  endfacet
  facet normal -0.602949 0.79778 0
    outer loop
      vertex -5.83423 10.112 20
      vertex -5.33197 10.4916 18.8
      vertex -5.83423 10.112 18.8
    endloop
  endfacet
  facet normal -0.389393 0.921072 0
    outer loop
      vertex -5.83423 10.112 18.8
      vertex -6.42078 9.86403 20
      vertex -5.83423 10.112 20
    endloop
  endfacet
  facet normal -0.389393 0.921072 0
    outer loop
      vertex -6.42078 9.86403 20
      vertex -5.83423 10.112 18.8
      vertex -6.42078 9.86403 18.8
    endloop
  endfacet
  facet normal -0.20546 0.978666 0
    outer loop
      vertex -6.42078 9.86403 18.8
      vertex -7.16957 9.70683 20
      vertex -6.42078 9.86403 20
    endloop
  endfacet
  facet normal -0.20546 0.978666 0
    outer loop
      vertex -7.16957 9.70683 20
      vertex -6.42078 9.86403 18.8
      vertex -7.16957 9.70683 18.8
    endloop
  endfacet
  facet normal -0.120302 0.992737 0
    outer loop
      vertex -7.16957 9.70683 18.8
      vertex -8.08307 9.59613 20
      vertex -7.16957 9.70683 20
    endloop
  endfacet
  facet normal -0.120302 0.992737 0
    outer loop
      vertex -8.08307 9.59613 20
      vertex -7.16957 9.70683 18.8
      vertex -8.08307 9.59613 18.8
    endloop
  endfacet
  facet normal -0.1297 0.991553 0
    outer loop
      vertex -8.08307 9.59613 18.8
      vertex -8.79581 9.5029 20
      vertex -8.08307 9.59613 20
    endloop
  endfacet
  facet normal -0.1297 0.991553 0
    outer loop
      vertex -8.79581 9.5029 20
      vertex -8.08307 9.59613 18.8
      vertex -8.79581 9.5029 18.8
    endloop
  endfacet
  facet normal 0.707109 0.707104 0
    outer loop
      vertex -8.79581 9.5029 20
      vertex -10.1499 10.857 18.8
      vertex -10.1499 10.857 20
    endloop
  endfacet
  facet normal 0.707109 0.707104 0
    outer loop
      vertex -10.1499 10.857 18.8
      vertex -8.79581 9.5029 20
      vertex -8.79581 9.5029 18.8
    endloop
  endfacet
  facet normal 0.120302 0.992737 -0
    outer loop
      vertex 8.08307 9.59613 18.8
      vertex 7.16957 9.70683 20
      vertex 8.08307 9.59613 20
    endloop
  endfacet
  facet normal 0.120302 0.992737 0
    outer loop
      vertex 7.16957 9.70683 20
      vertex 8.08307 9.59613 18.8
      vertex 7.16957 9.70683 18.8
    endloop
  endfacet
  facet normal 0.20546 0.978666 -0
    outer loop
      vertex 7.16957 9.70683 18.8
      vertex 6.42078 9.86403 20
      vertex 7.16957 9.70683 20
    endloop
  endfacet
  facet normal 0.20546 0.978666 0
    outer loop
      vertex 6.42078 9.86403 20
      vertex 7.16957 9.70683 18.8
      vertex 6.42078 9.86403 18.8
    endloop
  endfacet
  facet normal 0.389393 0.921072 -0
    outer loop
      vertex 6.42078 9.86403 18.8
      vertex 5.83423 10.112 20
      vertex 6.42078 9.86403 20
    endloop
  endfacet
  facet normal 0.389393 0.921072 0
    outer loop
      vertex 5.83423 10.112 20
      vertex 6.42078 9.86403 18.8
      vertex 5.83423 10.112 18.8
    endloop
  endfacet
  facet normal 0.602949 0.79778 -0
    outer loop
      vertex 5.83423 10.112 18.8
      vertex 5.33197 10.4916 20
      vertex 5.83423 10.112 20
    endloop
  endfacet
  facet normal 0.602949 0.79778 0
    outer loop
      vertex 5.33197 10.4916 20
      vertex 5.83423 10.112 18.8
      vertex 5.33197 10.4916 18.8
    endloop
  endfacet
  facet normal 0.744877 0.667201 0
    outer loop
      vertex 5.33197 10.4916 20
      vertex 4.8318 11.05 18.8
      vertex 4.8318 11.05 20
    endloop
  endfacet
  facet normal 0.744877 0.667201 0
    outer loop
      vertex 4.8318 11.05 18.8
      vertex 5.33197 10.4916 20
      vertex 5.33197 10.4916 18.8
    endloop
  endfacet
  facet normal 0.799562 0.600584 0
    outer loop
      vertex 4.8318 11.05 20
      vertex 4.30878 11.7463 18.8
      vertex 4.30878 11.7463 20
    endloop
  endfacet
  facet normal 0.799562 0.600584 0
    outer loop
      vertex 4.30878 11.7463 18.8
      vertex 4.8318 11.05 20
      vertex 4.8318 11.05 18.8
    endloop
  endfacet
  facet normal 0.793877 0.608079 0
    outer loop
      vertex 4.30878 11.7463 20
      vertex 3.83105 12.37 18.8
      vertex 3.83105 12.37 20
    endloop
  endfacet
  facet normal 0.793877 0.608079 0
    outer loop
      vertex 3.83105 12.37 18.8
      vertex 4.30878 11.7463 20
      vertex 4.30878 11.7463 18.8
    endloop
  endfacet
  facet normal 0.965924 -0.258824 0
    outer loop
      vertex 3.83105 12.37 20
      vertex 4.32666 14.2196 18.8
      vertex 4.32666 14.2196 20
    endloop
  endfacet
  facet normal 0.965924 -0.258824 0
    outer loop
      vertex 4.32666 14.2196 18.8
      vertex 3.83105 12.37 20
      vertex 3.83105 12.37 18.8
    endloop
  endfacet
  facet normal -0.793772 -0.608215 0
    outer loop
      vertex 4.45056 14.0579 18.8
      vertex 4.32666 14.2196 20
      vertex 4.32666 14.2196 18.8
    endloop
  endfacet
  facet normal -0.793772 -0.608215 0
    outer loop
      vertex 4.32666 14.2196 20
      vertex 4.45056 14.0579 18.8
      vertex 4.45056 14.0579 20
    endloop
  endfacet
  facet normal -0.79958 -0.600559 0
    outer loop
      vertex 5.14134 13.1382 18.8
      vertex 4.45056 14.0579 20
      vertex 4.45056 14.0579 18.8
    endloop
  endfacet
  facet normal -0.79958 -0.600559 0
    outer loop
      vertex 4.45056 14.0579 20
      vertex 5.14134 13.1382 18.8
      vertex 5.14134 13.1382 20
    endloop
  endfacet
  facet normal -0.773148 -0.634226 0
    outer loop
      vertex 5.20352 13.0624 18.8
      vertex 5.14134 13.1382 20
      vertex 5.14134 13.1382 18.8
    endloop
  endfacet
  facet normal -0.773148 -0.634226 0
    outer loop
      vertex 5.14134 13.1382 20
      vertex 5.20352 13.0624 18.8
      vertex 5.20352 13.0624 20
    endloop
  endfacet
  facet normal -0.744832 -0.667252 0
    outer loop
      vertex 5.88651 12.3 18.8
      vertex 5.20352 13.0624 20
      vertex 5.20352 13.0624 18.8
    endloop
  endfacet
  facet normal -0.744832 -0.667252 0
    outer loop
      vertex 5.20352 13.0624 20
      vertex 5.88651 12.3 18.8
      vertex 5.88651 12.3 20
    endloop
  endfacet
  facet normal -0.633888 -0.773425 0
    outer loop
      vertex 5.88651 12.3 18.8
      vertex 5.96228 12.2379 20
      vertex 5.88651 12.3 20
    endloop
  endfacet
  facet normal -0.633888 -0.773425 -0
    outer loop
      vertex 5.96228 12.2379 20
      vertex 5.88651 12.3 18.8
      vertex 5.96228 12.2379 18.8
    endloop
  endfacet
  facet normal -0.603084 -0.797678 0
    outer loop
      vertex 5.96228 12.2379 18.8
      vertex 6.70403 11.6771 20
      vertex 5.96228 12.2379 20
    endloop
  endfacet
  facet normal -0.603084 -0.797678 -0
    outer loop
      vertex 6.70403 11.6771 20
      vertex 5.96228 12.2379 18.8
      vertex 6.70403 11.6771 18.8
    endloop
  endfacet
  facet normal -0.471329 -0.881957 0
    outer loop
      vertex 6.70403 11.6771 18.8
      vertex 6.79048 11.6309 20
      vertex 6.70403 11.6771 20
    endloop
  endfacet
  facet normal -0.471329 -0.881957 -0
    outer loop
      vertex 6.79048 11.6309 20
      vertex 6.70403 11.6771 18.8
      vertex 6.79048 11.6309 18.8
    endloop
  endfacet
  facet normal -0.389311 -0.921107 0
    outer loop
      vertex 6.79048 11.6309 18.8
      vertex 7.64697 11.2689 20
      vertex 6.79048 11.6309 20
    endloop
  endfacet
  facet normal -0.389311 -0.921107 -0
    outer loop
      vertex 7.64697 11.2689 20
      vertex 6.79048 11.6309 18.8
      vertex 7.64697 11.2689 18.8
    endloop
  endfacet
  facet normal -0.289781 -0.957093 0
    outer loop
      vertex 7.64697 11.2689 18.8
      vertex 7.74077 11.2405 20
      vertex 7.64697 11.2689 20
    endloop
  endfacet
  facet normal -0.289781 -0.957093 -0
    outer loop
      vertex 7.74077 11.2405 20
      vertex 7.64697 11.2689 18.8
      vertex 7.74077 11.2405 18.8
    endloop
  endfacet
  facet normal -0.20546 -0.978666 0
    outer loop
      vertex 7.74077 11.2405 18.8
      vertex 8.74249 11.0302 20
      vertex 7.74077 11.2405 20
    endloop
  endfacet
  facet normal -0.20546 -0.978666 -0
    outer loop
      vertex 8.74249 11.0302 20
      vertex 7.74077 11.2405 18.8
      vertex 8.74249 11.0302 18.8
    endloop
  endfacet
  facet normal -0.120325 -0.992735 0
    outer loop
      vertex 8.74249 11.0302 18.8
      vertex 9.88435 10.8918 20
      vertex 8.74249 11.0302 20
    endloop
  endfacet
  facet normal -0.120325 -0.992735 -0
    outer loop
      vertex 9.88435 10.8918 20
      vertex 8.74249 11.0302 18.8
      vertex 9.88435 10.8918 18.8
    endloop
  endfacet
  facet normal -0.129938 -0.991522 0
    outer loop
      vertex 9.88435 10.8918 18.8
      vertex 10.1499 10.857 20
      vertex 9.88435 10.8918 20
    endloop
  endfacet
  facet normal -0.129938 -0.991522 -0
    outer loop
      vertex 10.1499 10.857 20
      vertex 9.88435 10.8918 18.8
      vertex 10.1499 10.857 18.8
    endloop
  endfacet
  facet normal -0.707109 0.707104 0
    outer loop
      vertex 8.79581 9.5029 18.8
      vertex 10.1499 10.857 20
      vertex 10.1499 10.857 18.8
    endloop
  endfacet
  facet normal -0.707109 0.707104 0
    outer loop
      vertex 10.1499 10.857 20
      vertex 8.79581 9.5029 18.8
      vertex 8.79581 9.5029 20
    endloop
  endfacet
  facet normal 0.1297 0.991553 -0
    outer loop
      vertex 8.79581 9.5029 18.8
      vertex 8.08307 9.59613 20
      vertex 8.79581 9.5029 20
    endloop
  endfacet
  facet normal 0.1297 0.991553 0
    outer loop
      vertex 8.08307 9.59613 20
      vertex 8.79581 9.5029 18.8
      vertex 8.08307 9.59613 18.8
    endloop
  endfacet
  facet normal 0.311372 0.950288 -0
    outer loop
      vertex -0.444901 8.93604 18.8
      vertex -0.945908 9.1002 20
      vertex -0.444901 8.93604 20
    endloop
  endfacet
  facet normal 0.311372 0.950288 0
    outer loop
      vertex -0.945908 9.1002 20
      vertex -0.444901 8.93604 18.8
      vertex -0.945908 9.1002 18.8
    endloop
  endfacet
  facet normal 0.392186 0.919886 -0
    outer loop
      vertex -0.945908 9.1002 18.8
      vertex -1.58075 9.37086 20
      vertex -0.945908 9.1002 20
    endloop
  endfacet
  facet normal 0.392186 0.919886 0
    outer loop
      vertex -1.58075 9.37086 20
      vertex -0.945908 9.1002 18.8
      vertex -1.58075 9.37086 18.8
    endloop
  endfacet
  facet normal 0.383457 0.923559 -0
    outer loop
      vertex -1.58075 9.37086 18.8
      vertex -2.04617 9.5641 20
      vertex -1.58075 9.37086 20
    endloop
  endfacet
  facet normal 0.383457 0.923559 0
    outer loop
      vertex -2.04617 9.5641 20
      vertex -1.58075 9.37086 18.8
      vertex -2.04617 9.5641 18.8
    endloop
  endfacet
  facet normal 0.965927 0.258813 0
    outer loop
      vertex -2.04617 9.5641 20
      vertex -2.54106 11.4111 18.8
      vertex -2.54106 11.4111 20
    endloop
  endfacet
  facet normal 0.965927 0.258813 0
    outer loop
      vertex -2.54106 11.4111 18.8
      vertex -2.04617 9.5641 20
      vertex -2.04617 9.5641 18.8
    endloop
  endfacet
  facet normal -0.392177 -0.91989 0
    outer loop
      vertex -2.54106 11.4111 18.8
      vertex -1.70767 11.0558 20
      vertex -2.54106 11.4111 20
    endloop
  endfacet
  facet normal -0.392177 -0.91989 -0
    outer loop
      vertex -1.70767 11.0558 20
      vertex -2.54106 11.4111 18.8
      vertex -1.70767 11.0558 18.8
    endloop
  endfacet
  facet normal -0.311411 -0.950275 0
    outer loop
      vertex -1.70767 11.0558 18.8
      vertex -0.929535 10.8008 20
      vertex -1.70767 11.0558 20
    endloop
  endfacet
  facet normal -0.311411 -0.950275 -0
    outer loop
      vertex -0.929535 10.8008 20
      vertex -1.70767 11.0558 18.8
      vertex -0.929535 10.8008 18.8
    endloop
  endfacet
  facet normal -0.290726 -0.956806 0
    outer loop
      vertex -0.929535 10.8008 18.8
      vertex -0.835739 10.7723 20
      vertex -0.929535 10.8008 20
    endloop
  endfacet
  facet normal -0.290726 -0.956806 -0
    outer loop
      vertex -0.835739 10.7723 20
      vertex -0.929535 10.8008 18.8
      vertex -0.835739 10.7723 18.8
    endloop
  endfacet
  facet normal -0.123405 -0.992356 0
    outer loop
      vertex -0.835739 10.7723 18.8
      vertex -0.0975342 10.6805 20
      vertex -0.835739 10.7723 20
    endloop
  endfacet
  facet normal -0.123405 -0.992356 -0
    outer loop
      vertex -0.0975342 10.6805 20
      vertex -0.835739 10.7723 18.8
      vertex -0.0975342 10.6805 18.8
    endloop
  endfacet
  facet normal -0.0979537 -0.995191 0
    outer loop
      vertex -0.0975342 10.6805 18.8
      vertex 0 10.6709 20
      vertex -0.0975342 10.6805 20
    endloop
  endfacet
  facet normal -0.0979537 -0.995191 -0
    outer loop
      vertex 0 10.6709 20
      vertex -0.0975342 10.6805 18.8
      vertex 0 10.6709 18.8
    endloop
  endfacet
  facet normal 0.0979537 -0.995191 0
    outer loop
      vertex 0 10.6709 18.8
      vertex 0.0975342 10.6805 20
      vertex 0 10.6709 20
    endloop
  endfacet
  facet normal 0.0979537 -0.995191 0
    outer loop
      vertex 0.0975342 10.6805 20
      vertex 0 10.6709 18.8
      vertex 0.0975342 10.6805 18.8
    endloop
  endfacet
  facet normal 0.123405 -0.992356 0
    outer loop
      vertex 0.0975342 10.6805 18.8
      vertex 0.835739 10.7723 20
      vertex 0.0975342 10.6805 20
    endloop
  endfacet
  facet normal 0.123405 -0.992356 0
    outer loop
      vertex 0.835739 10.7723 20
      vertex 0.0975342 10.6805 18.8
      vertex 0.835739 10.7723 18.8
    endloop
  endfacet
  facet normal 0.290726 -0.956806 0
    outer loop
      vertex 0.835739 10.7723 18.8
      vertex 0.929535 10.8008 20
      vertex 0.835739 10.7723 20
    endloop
  endfacet
  facet normal 0.290726 -0.956806 0
    outer loop
      vertex 0.929535 10.8008 20
      vertex 0.835739 10.7723 18.8
      vertex 0.929535 10.8008 18.8
    endloop
  endfacet
  facet normal 0.311411 -0.950275 0
    outer loop
      vertex 0.929535 10.8008 18.8
      vertex 1.70767 11.0558 20
      vertex 0.929535 10.8008 20
    endloop
  endfacet
  facet normal 0.311411 -0.950275 0
    outer loop
      vertex 1.70767 11.0558 20
      vertex 0.929535 10.8008 18.8
      vertex 1.70767 11.0558 18.8
    endloop
  endfacet
  facet normal 0.392177 -0.91989 0
    outer loop
      vertex 1.70767 11.0558 18.8
      vertex 2.54106 11.4111 20
      vertex 1.70767 11.0558 20
    endloop
  endfacet
  facet normal 0.392177 -0.91989 0
    outer loop
      vertex 2.54106 11.4111 20
      vertex 1.70767 11.0558 18.8
      vertex 2.54106 11.4111 18.8
    endloop
  endfacet
  facet normal -0.965927 0.258813 0
    outer loop
      vertex 2.04617 9.5641 18.8
      vertex 2.54106 11.4111 20
      vertex 2.54106 11.4111 18.8
    endloop
  endfacet
  facet normal -0.965927 0.258813 0
    outer loop
      vertex 2.54106 11.4111 20
      vertex 2.04617 9.5641 18.8
      vertex 2.04617 9.5641 20
    endloop
  endfacet
  facet normal -0.383457 0.923559 0
    outer loop
      vertex 2.04617 9.5641 18.8
      vertex 1.58075 9.37086 20
      vertex 2.04617 9.5641 20
    endloop
  endfacet
  facet normal -0.383457 0.923559 0
    outer loop
      vertex 1.58075 9.37086 20
      vertex 2.04617 9.5641 18.8
      vertex 1.58075 9.37086 18.8
    endloop
  endfacet
  facet normal -0.392186 0.919886 0
    outer loop
      vertex 1.58075 9.37086 18.8
      vertex 0.945908 9.1002 20
      vertex 1.58075 9.37086 20
    endloop
  endfacet
  facet normal -0.392186 0.919886 0
    outer loop
      vertex 0.945908 9.1002 20
      vertex 1.58075 9.37086 18.8
      vertex 0.945908 9.1002 18.8
    endloop
  endfacet
  facet normal -0.311372 0.950288 0
    outer loop
      vertex 0.945908 9.1002 18.8
      vertex 0.444901 8.93604 20
      vertex 0.945908 9.1002 20
    endloop
  endfacet
  facet normal -0.311372 0.950288 0
    outer loop
      vertex 0.444901 8.93604 20
      vertex 0.945908 9.1002 18.8
      vertex 0.444901 8.93604 18.8
    endloop
  endfacet
  facet normal -0.123414 0.992355 0
    outer loop
      vertex 0.444901 8.93604 18.8
      vertex 0 8.88071 20
      vertex 0.444901 8.93604 20
    endloop
  endfacet
  facet normal -0.123414 0.992355 0
    outer loop
      vertex 0 8.88071 20
      vertex 0.444901 8.93604 18.8
      vertex 0 8.88071 18.8
    endloop
  endfacet
  facet normal 0.123414 0.992355 -0
    outer loop
      vertex 0 8.88071 18.8
      vertex -0.444901 8.93604 20
      vertex 0 8.88071 20
    endloop
  endfacet
  facet normal 0.123414 0.992355 0
    outer loop
      vertex -0.444901 8.93604 20
      vertex 0 8.88071 18.8
      vertex -0.444901 8.93604 18.8
    endloop
  endfacet
  facet normal 0.120324 0.992735 -0
    outer loop
      vertex 6.08669 7.31969 18.8
      vertex 5.40157 7.40273 20
      vertex 6.08669 7.31969 20
    endloop
  endfacet
  facet normal 0.120324 0.992735 0
    outer loop
      vertex 5.40157 7.40273 20
      vertex 6.08669 7.31969 18.8
      vertex 5.40157 7.40273 18.8
    endloop
  endfacet
  facet normal 0.205446 0.978669 -0
    outer loop
      vertex 5.40157 7.40273 18.8
      vertex 4.85318 7.51785 20
      vertex 5.40157 7.40273 20
    endloop
  endfacet
  facet normal 0.205446 0.978669 0
    outer loop
      vertex 4.85318 7.51785 20
      vertex 5.40157 7.40273 18.8
      vertex 4.85318 7.51785 18.8
    endloop
  endfacet
  facet normal 0.389286 0.921117 -0
    outer loop
      vertex 4.85318 7.51785 18.8
      vertex 4.43787 7.69337 20
      vertex 4.85318 7.51785 20
    endloop
  endfacet
  facet normal 0.389286 0.921117 0
    outer loop
      vertex 4.43787 7.69337 20
      vertex 4.85318 7.51785 18.8
      vertex 4.43787 7.69337 18.8
    endloop
  endfacet
  facet normal 0.603036 0.797714 -0
    outer loop
      vertex 4.43787 7.69337 18.8
      vertex 4.084 7.96088 20
      vertex 4.43787 7.69337 20
    endloop
  endfacet
  facet normal 0.603036 0.797714 0
    outer loop
      vertex 4.084 7.96088 20
      vertex 4.43787 7.69337 18.8
      vertex 4.084 7.96088 18.8
    endloop
  endfacet
  facet normal 0.744817 0.667268 0
    outer loop
      vertex 4.084 7.96088 20
      vertex 3.72046 8.36667 18.8
      vertex 3.72046 8.36667 20
    endloop
  endfacet
  facet normal 0.744817 0.667268 0
    outer loop
      vertex 3.72046 8.36667 18.8
      vertex 4.084 7.96088 20
      vertex 4.084 7.96088 18.8
    endloop
  endfacet
  facet normal 0.799575 0.600566 0
    outer loop
      vertex 3.72046 8.36667 20
      vertex 3.33551 8.87918 18.8
      vertex 3.33551 8.87918 20
    endloop
  endfacet
  facet normal 0.799575 0.600566 0
    outer loop
      vertex 3.33551 8.87918 18.8
      vertex 3.72046 8.36667 20
      vertex 3.72046 8.36667 18.8
    endloop
  endfacet
  facet normal 0.79387 0.608088 0
    outer loop
      vertex 3.33551 8.87918 20
      vertex 3.00967 9.30457 18.8
      vertex 3.00967 9.30457 20
    endloop
  endfacet
  facet normal 0.79387 0.608088 0
    outer loop
      vertex 3.00967 9.30457 18.8
      vertex 3.33551 8.87918 20
      vertex 3.33551 8.87918 18.8
    endloop
  endfacet
  facet normal 0.965926 -0.258818 0
    outer loop
      vertex 3.00967 9.30457 20
      vertex 3.50514 11.1537 18.8
      vertex 3.50514 11.1537 20
    endloop
  endfacet
  facet normal 0.965926 -0.258818 0
    outer loop
      vertex 3.50514 11.1537 18.8
      vertex 3.00967 9.30457 20
      vertex 3.00967 9.30457 18.8
    endloop
  endfacet
  facet normal -0.799585 -0.600553 0
    outer loop
      vertex 4.02992 10.455 18.8
      vertex 3.50514 11.1537 20
      vertex 3.50514 11.1537 18.8
    endloop
  endfacet
  facet normal -0.799585 -0.600553 0
    outer loop
      vertex 3.50514 11.1537 20
      vertex 4.02992 10.455 18.8
      vertex 4.02992 10.455 20
    endloop
  endfacet
  facet normal -0.773148 -0.634226 0
    outer loop
      vertex 4.0921 10.3792 18.8
      vertex 4.02992 10.455 20
      vertex 4.02992 10.455 18.8
    endloop
  endfacet
  facet normal -0.773148 -0.634226 0
    outer loop
      vertex 4.02992 10.455 20
      vertex 4.0921 10.3792 18.8
      vertex 4.0921 10.3792 20
    endloop
  endfacet
  facet normal -0.744806 -0.667281 0
    outer loop
      vertex 4.63849 9.76933 18.8
      vertex 4.0921 10.3792 20
      vertex 4.0921 10.3792 18.8
    endloop
  endfacet
  facet normal -0.744806 -0.667281 0
    outer loop
      vertex 4.0921 10.3792 20
      vertex 4.63849 9.76933 18.8
      vertex 4.63849 9.76933 20
    endloop
  endfacet
  facet normal -0.634376 -0.773025 0
    outer loop
      vertex 4.63849 9.76933 18.8
      vertex 4.71426 9.70715 20
      vertex 4.63849 9.76933 20
    endloop
  endfacet
  facet normal -0.634376 -0.773025 -0
    outer loop
      vertex 4.71426 9.70715 20
      vertex 4.63849 9.76933 18.8
      vertex 4.71426 9.70715 18.8
    endloop
  endfacet
  facet normal -0.603041 -0.79771 0
    outer loop
      vertex 4.71426 9.70715 18.8
      vertex 5.30766 9.25856 20
      vertex 4.71426 9.70715 20
    endloop
  endfacet
  facet normal -0.603041 -0.79771 -0
    outer loop
      vertex 5.30766 9.25856 20
      vertex 4.71426 9.70715 18.8
      vertex 5.30766 9.25856 18.8
    endloop
  endfacet
  facet normal -0.471372 -0.881935 0
    outer loop
      vertex 5.30766 9.25856 18.8
      vertex 5.3941 9.21236 20
      vertex 5.30766 9.25856 20
    endloop
  endfacet
  facet normal -0.471372 -0.881935 -0
    outer loop
      vertex 5.3941 9.21236 20
      vertex 5.30766 9.25856 18.8
      vertex 5.3941 9.21236 18.8
    endloop
  endfacet
  facet normal -0.389329 -0.921099 0
    outer loop
      vertex 5.3941 9.21236 18.8
      vertex 6.0793 8.92274 20
      vertex 5.3941 9.21236 20
    endloop
  endfacet
  facet normal -0.389329 -0.921099 -0
    outer loop
      vertex 6.0793 8.92274 20
      vertex 5.3941 9.21236 18.8
      vertex 6.0793 8.92274 18.8
    endloop
  endfacet
  facet normal -0.290248 -0.956951 0
    outer loop
      vertex 6.0793 8.92274 18.8
      vertex 6.1731 8.89429 20
      vertex 6.0793 8.92274 20
    endloop
  endfacet
  facet normal -0.290248 -0.956951 -0
    outer loop
      vertex 6.1731 8.89429 20
      vertex 6.0793 8.92274 18.8
      vertex 6.1731 8.89429 18.8
    endloop
  endfacet
  facet normal -0.205445 -0.978669 0
    outer loop
      vertex 6.1731 8.89429 18.8
      vertex 6.97449 8.72606 20
      vertex 6.1731 8.89429 20
    endloop
  endfacet
  facet normal -0.205445 -0.978669 -0
    outer loop
      vertex 6.97449 8.72606 20
      vertex 6.1731 8.89429 18.8
      vertex 6.97449 8.72606 18.8
    endloop
  endfacet
  facet normal -0.120326 -0.992734 0
    outer loop
      vertex 6.97449 8.72606 18.8
      vertex 7.88797 8.61534 20
      vertex 6.97449 8.72606 20
    endloop
  endfacet
  facet normal -0.120326 -0.992734 -0
    outer loop
      vertex 7.88797 8.61534 20
      vertex 6.97449 8.72606 18.8
      vertex 7.88797 8.61534 18.8
    endloop
  endfacet
  facet normal -0.129954 -0.99152 0
    outer loop
      vertex 7.88797 8.61534 18.8
      vertex 7.9059 8.61299 20
      vertex 7.88797 8.61534 20
    endloop
  endfacet
  facet normal -0.129954 -0.99152 -0
    outer loop
      vertex 7.9059 8.61299 20
      vertex 7.88797 8.61534 18.8
      vertex 7.9059 8.61299 18.8
    endloop
  endfacet
  facet normal -0.707102 0.707112 0
    outer loop
      vertex 7.9059 8.61299 18.8
      vertex 6.55176 7.25887 20
      vertex 7.9059 8.61299 20
    endloop
  endfacet
  facet normal -0.707102 0.707112 0
    outer loop
      vertex 6.55176 7.25887 20
      vertex 7.9059 8.61299 18.8
      vertex 6.55176 7.25887 18.8
    endloop
  endfacet
  facet normal 0.129672 0.991557 -0
    outer loop
      vertex 6.55176 7.25887 18.8
      vertex 6.08669 7.31969 20
      vertex 6.55176 7.25887 20
    endloop
  endfacet
  facet normal 0.129672 0.991557 0
    outer loop
      vertex 6.08669 7.31969 20
      vertex 6.55176 7.25887 18.8
      vertex 6.08669 7.31969 18.8
    endloop
  endfacet
  facet normal 0.129954 -0.99152 0
    outer loop
      vertex -7.9059 8.61299 18.8
      vertex -7.88797 8.61534 20
      vertex -7.9059 8.61299 20
    endloop
  endfacet
  facet normal 0.129954 -0.99152 0
    outer loop
      vertex -7.88797 8.61534 20
      vertex -7.9059 8.61299 18.8
      vertex -7.88797 8.61534 18.8
    endloop
  endfacet
  facet normal 0.120326 -0.992734 0
    outer loop
      vertex -7.88797 8.61534 18.8
      vertex -6.97449 8.72606 20
      vertex -7.88797 8.61534 20
    endloop
  endfacet
  facet normal 0.120326 -0.992734 0
    outer loop
      vertex -6.97449 8.72606 20
      vertex -7.88797 8.61534 18.8
      vertex -6.97449 8.72606 18.8
    endloop
  endfacet
  facet normal 0.205445 -0.978669 0
    outer loop
      vertex -6.97449 8.72606 18.8
      vertex -6.1731 8.89429 20
      vertex -6.97449 8.72606 20
    endloop
  endfacet
  facet normal 0.205445 -0.978669 0
    outer loop
      vertex -6.1731 8.89429 20
      vertex -6.97449 8.72606 18.8
      vertex -6.1731 8.89429 18.8
    endloop
  endfacet
  facet normal 0.290248 -0.956951 0
    outer loop
      vertex -6.1731 8.89429 18.8
      vertex -6.0793 8.92274 20
      vertex -6.1731 8.89429 20
    endloop
  endfacet
  facet normal 0.290248 -0.956951 0
    outer loop
      vertex -6.0793 8.92274 20
      vertex -6.1731 8.89429 18.8
      vertex -6.0793 8.92274 18.8
    endloop
  endfacet
  facet normal 0.389329 -0.921099 0
    outer loop
      vertex -6.0793 8.92274 18.8
      vertex -5.3941 9.21236 20
      vertex -6.0793 8.92274 20
    endloop
  endfacet
  facet normal 0.389329 -0.921099 0
    outer loop
      vertex -5.3941 9.21236 20
      vertex -6.0793 8.92274 18.8
      vertex -5.3941 9.21236 18.8
    endloop
  endfacet
  facet normal 0.471372 -0.881935 0
    outer loop
      vertex -5.3941 9.21236 18.8
      vertex -5.30766 9.25856 20
      vertex -5.3941 9.21236 20
    endloop
  endfacet
  facet normal 0.471372 -0.881935 0
    outer loop
      vertex -5.30766 9.25856 20
      vertex -5.3941 9.21236 18.8
      vertex -5.30766 9.25856 18.8
    endloop
  endfacet
  facet normal 0.603041 -0.79771 0
    outer loop
      vertex -5.30766 9.25856 18.8
      vertex -4.71426 9.70715 20
      vertex -5.30766 9.25856 20
    endloop
  endfacet
  facet normal 0.603041 -0.79771 0
    outer loop
      vertex -4.71426 9.70715 20
      vertex -5.30766 9.25856 18.8
      vertex -4.71426 9.70715 18.8
    endloop
  endfacet
  facet normal 0.634376 -0.773025 0
    outer loop
      vertex -4.71426 9.70715 18.8
      vertex -4.63849 9.76933 20
      vertex -4.71426 9.70715 20
    endloop
  endfacet
  facet normal 0.634376 -0.773025 0
    outer loop
      vertex -4.63849 9.76933 20
      vertex -4.71426 9.70715 18.8
      vertex -4.63849 9.76933 18.8
    endloop
  endfacet
  facet normal 0.744806 -0.667281 0
    outer loop
      vertex -4.63849 9.76933 20
      vertex -4.0921 10.3792 18.8
      vertex -4.0921 10.3792 20
    endloop
  endfacet
  facet normal 0.744806 -0.667281 0
    outer loop
      vertex -4.0921 10.3792 18.8
      vertex -4.63849 9.76933 20
      vertex -4.63849 9.76933 18.8
    endloop
  endfacet
  facet normal 0.773148 -0.634226 0
    outer loop
      vertex -4.0921 10.3792 20
      vertex -4.02992 10.455 18.8
      vertex -4.02992 10.455 20
    endloop
  endfacet
  facet normal 0.773148 -0.634226 0
    outer loop
      vertex -4.02992 10.455 18.8
      vertex -4.0921 10.3792 20
      vertex -4.0921 10.3792 18.8
    endloop
  endfacet
  facet normal 0.799585 -0.600553 0
    outer loop
      vertex -4.02992 10.455 20
      vertex -3.50514 11.1537 18.8
      vertex -3.50514 11.1537 20
    endloop
  endfacet
  facet normal 0.799585 -0.600553 0
    outer loop
      vertex -3.50514 11.1537 18.8
      vertex -4.02992 10.455 20
      vertex -4.02992 10.455 18.8
    endloop
  endfacet
  facet normal -0.965926 -0.258818 0
    outer loop
      vertex -3.00967 9.30457 18.8
      vertex -3.50514 11.1537 20
      vertex -3.50514 11.1537 18.8
    endloop
  endfacet
  facet normal -0.965926 -0.258818 0
    outer loop
      vertex -3.50514 11.1537 20
      vertex -3.00967 9.30457 18.8
      vertex -3.00967 9.30457 20
    endloop
  endfacet
  facet normal -0.79387 0.608088 0
    outer loop
      vertex -3.33551 8.87918 18.8
      vertex -3.00967 9.30457 20
      vertex -3.00967 9.30457 18.8
    endloop
  endfacet
  facet normal -0.79387 0.608088 0
    outer loop
      vertex -3.00967 9.30457 20
      vertex -3.33551 8.87918 18.8
      vertex -3.33551 8.87918 20
    endloop
  endfacet
  facet normal -0.799575 0.600566 0
    outer loop
      vertex -3.72046 8.36667 18.8
      vertex -3.33551 8.87918 20
      vertex -3.33551 8.87918 18.8
    endloop
  endfacet
  facet normal -0.799575 0.600566 0
    outer loop
      vertex -3.33551 8.87918 20
      vertex -3.72046 8.36667 18.8
      vertex -3.72046 8.36667 20
    endloop
  endfacet
  facet normal -0.744817 0.667268 0
    outer loop
      vertex -4.084 7.96088 18.8
      vertex -3.72046 8.36667 20
      vertex -3.72046 8.36667 18.8
    endloop
  endfacet
  facet normal -0.744817 0.667268 0
    outer loop
      vertex -3.72046 8.36667 20
      vertex -4.084 7.96088 18.8
      vertex -4.084 7.96088 20
    endloop
  endfacet
  facet normal -0.603036 0.797714 0
    outer loop
      vertex -4.084 7.96088 18.8
      vertex -4.43787 7.69337 20
      vertex -4.084 7.96088 20
    endloop
  endfacet
  facet normal -0.603036 0.797714 0
    outer loop
      vertex -4.43787 7.69337 20
      vertex -4.084 7.96088 18.8
      vertex -4.43787 7.69337 18.8
    endloop
  endfacet
  facet normal -0.389286 0.921117 0
    outer loop
      vertex -4.43787 7.69337 18.8
      vertex -4.85318 7.51785 20
      vertex -4.43787 7.69337 20
    endloop
  endfacet
  facet normal -0.389286 0.921117 0
    outer loop
      vertex -4.85318 7.51785 20
      vertex -4.43787 7.69337 18.8
      vertex -4.85318 7.51785 18.8
    endloop
  endfacet
  facet normal -0.205446 0.978669 0
    outer loop
      vertex -4.85318 7.51785 18.8
      vertex -5.40157 7.40273 20
      vertex -4.85318 7.51785 20
    endloop
  endfacet
  facet normal -0.205446 0.978669 0
    outer loop
      vertex -5.40157 7.40273 20
      vertex -4.85318 7.51785 18.8
      vertex -5.40157 7.40273 18.8
    endloop
  endfacet
  facet normal -0.120324 0.992735 0
    outer loop
      vertex -5.40157 7.40273 18.8
      vertex -6.08669 7.31969 20
      vertex -5.40157 7.40273 20
    endloop
  endfacet
  facet normal -0.120324 0.992735 0
    outer loop
      vertex -6.08669 7.31969 20
      vertex -5.40157 7.40273 18.8
      vertex -6.08669 7.31969 18.8
    endloop
  endfacet
  facet normal -0.129672 0.991557 0
    outer loop
      vertex -6.08669 7.31969 18.8
      vertex -6.55176 7.25887 20
      vertex -6.08669 7.31969 20
    endloop
  endfacet
  facet normal -0.129672 0.991557 0
    outer loop
      vertex -6.55176 7.25887 20
      vertex -6.08669 7.31969 18.8
      vertex -6.55176 7.25887 18.8
    endloop
  endfacet
  facet normal 0.707102 0.707112 -0
    outer loop
      vertex -6.55176 7.25887 18.8
      vertex -7.9059 8.61299 20
      vertex -6.55176 7.25887 20
    endloop
  endfacet
  facet normal 0.707102 0.707112 0
    outer loop
      vertex -7.9059 8.61299 20
      vertex -6.55176 7.25887 18.8
      vertex -7.9059 8.61299 18.8
    endloop
  endfacet
  facet normal 0.608215 -0.793772 0
    outer loop
      vertex -14.2196 4.32666 18.8
      vertex -14.0579 4.45056 20
      vertex -14.2196 4.32666 20
    endloop
  endfacet
  facet normal 0.608215 -0.793772 0
    outer loop
      vertex -14.0579 4.45056 20
      vertex -14.2196 4.32666 18.8
      vertex -14.0579 4.45056 18.8
    endloop
  endfacet
  facet normal 0.600559 -0.79958 0
    outer loop
      vertex -14.0579 4.45056 18.8
      vertex -13.1382 5.14134 20
      vertex -14.0579 4.45056 20
    endloop
  endfacet
  facet normal 0.600559 -0.79958 0
    outer loop
      vertex -13.1382 5.14134 20
      vertex -14.0579 4.45056 18.8
      vertex -13.1382 5.14134 18.8
    endloop
  endfacet
  facet normal 0.634226 -0.773148 0
    outer loop
      vertex -13.1382 5.14134 18.8
      vertex -13.0624 5.20352 20
      vertex -13.1382 5.14134 20
    endloop
  endfacet
  facet normal 0.634226 -0.773148 0
    outer loop
      vertex -13.0624 5.20352 20
      vertex -13.1382 5.14134 18.8
      vertex -13.0624 5.20352 18.8
    endloop
  endfacet
  facet normal 0.667252 -0.744832 0
    outer loop
      vertex -13.0624 5.20352 18.8
      vertex -12.3 5.88651 20
      vertex -13.0624 5.20352 20
    endloop
  endfacet
  facet normal 0.667252 -0.744832 0
    outer loop
      vertex -12.3 5.88651 20
      vertex -13.0624 5.20352 18.8
      vertex -12.3 5.88651 18.8
    endloop
  endfacet
  facet normal 0.773425 -0.633888 0
    outer loop
      vertex -12.3 5.88651 20
      vertex -12.2379 5.96228 18.8
      vertex -12.2379 5.96228 20
    endloop
  endfacet
  facet normal 0.773425 -0.633888 0
    outer loop
      vertex -12.2379 5.96228 18.8
      vertex -12.3 5.88651 20
      vertex -12.3 5.88651 18.8
    endloop
  endfacet
  facet normal 0.797678 -0.603084 0
    outer loop
      vertex -12.2379 5.96228 20
      vertex -11.6771 6.70403 18.8
      vertex -11.6771 6.70403 20
    endloop
  endfacet
  facet normal 0.797678 -0.603084 0
    outer loop
      vertex -11.6771 6.70403 18.8
      vertex -12.2379 5.96228 20
      vertex -12.2379 5.96228 18.8
    endloop
  endfacet
  facet normal 0.881957 -0.471329 0
    outer loop
      vertex -11.6771 6.70403 20
      vertex -11.6309 6.79048 18.8
      vertex -11.6309 6.79048 20
    endloop
  endfacet
  facet normal 0.881957 -0.471329 0
    outer loop
      vertex -11.6309 6.79048 18.8
      vertex -11.6771 6.70403 20
      vertex -11.6771 6.70403 18.8
    endloop
  endfacet
  facet normal 0.921107 -0.389311 0
    outer loop
      vertex -11.6309 6.79048 20
      vertex -11.2689 7.64697 18.8
      vertex -11.2689 7.64697 20
    endloop
  endfacet
  facet normal 0.921107 -0.389311 0
    outer loop
      vertex -11.2689 7.64697 18.8
      vertex -11.6309 6.79048 20
      vertex -11.6309 6.79048 18.8
    endloop
  endfacet
  facet normal 0.957093 -0.289781 0
    outer loop
      vertex -11.2689 7.64697 20
      vertex -11.2405 7.74077 18.8
      vertex -11.2405 7.74077 20
    endloop
  endfacet
  facet normal 0.957093 -0.289781 0
    outer loop
      vertex -11.2405 7.74077 18.8
      vertex -11.2689 7.64697 20
      vertex -11.2689 7.64697 18.8
    endloop
  endfacet
  facet normal 0.978666 -0.20546 0
    outer loop
      vertex -11.2405 7.74077 20
      vertex -11.0302 8.74249 18.8
      vertex -11.0302 8.74249 20
    endloop
  endfacet
  facet normal 0.978666 -0.20546 0
    outer loop
      vertex -11.0302 8.74249 18.8
      vertex -11.2405 7.74077 20
      vertex -11.2405 7.74077 18.8
    endloop
  endfacet
  facet normal 0.992735 -0.120325 0
    outer loop
      vertex -11.0302 8.74249 20
      vertex -10.8918 9.88435 18.8
      vertex -10.8918 9.88435 20
    endloop
  endfacet
  facet normal 0.992735 -0.120325 0
    outer loop
      vertex -10.8918 9.88435 18.8
      vertex -11.0302 8.74249 20
      vertex -11.0302 8.74249 18.8
    endloop
  endfacet
  facet normal 0.991522 -0.129938 0
    outer loop
      vertex -10.8918 9.88435 20
      vertex -10.857 10.1499 18.8
      vertex -10.857 10.1499 20
    endloop
  endfacet
  facet normal 0.991522 -0.129938 0
    outer loop
      vertex -10.857 10.1499 18.8
      vertex -10.8918 9.88435 20
      vertex -10.8918 9.88435 18.8
    endloop
  endfacet
  facet normal -0.707104 -0.707109 0
    outer loop
      vertex -9.5029 8.79581 18.8
      vertex -10.857 10.1499 20
      vertex -10.857 10.1499 18.8
    endloop
  endfacet
  facet normal -0.707104 -0.707109 0
    outer loop
      vertex -10.857 10.1499 20
      vertex -9.5029 8.79581 18.8
      vertex -9.5029 8.79581 20
    endloop
  endfacet
  facet normal -0.991553 0.1297 0
    outer loop
      vertex -9.59613 8.08307 18.8
      vertex -9.5029 8.79581 20
      vertex -9.5029 8.79581 18.8
    endloop
  endfacet
  facet normal -0.991553 0.1297 0
    outer loop
      vertex -9.5029 8.79581 20
      vertex -9.59613 8.08307 18.8
      vertex -9.59613 8.08307 20
    endloop
  endfacet
  facet normal -0.992737 0.120302 0
    outer loop
      vertex -9.70683 7.16957 18.8
      vertex -9.59613 8.08307 20
      vertex -9.59613 8.08307 18.8
    endloop
  endfacet
  facet normal -0.992737 0.120302 0
    outer loop
      vertex -9.59613 8.08307 20
      vertex -9.70683 7.16957 18.8
      vertex -9.70683 7.16957 20
    endloop
  endfacet
  facet normal -0.978666 0.20546 0
    outer loop
      vertex -9.86403 6.42078 18.8
      vertex -9.70683 7.16957 20
      vertex -9.70683 7.16957 18.8
    endloop
  endfacet
  facet normal -0.978666 0.20546 0
    outer loop
      vertex -9.70683 7.16957 20
      vertex -9.86403 6.42078 18.8
      vertex -9.86403 6.42078 20
    endloop
  endfacet
  facet normal -0.921072 0.389393 0
    outer loop
      vertex -10.112 5.83423 18.8
      vertex -9.86403 6.42078 20
      vertex -9.86403 6.42078 18.8
    endloop
  endfacet
  facet normal -0.921072 0.389393 0
    outer loop
      vertex -9.86403 6.42078 20
      vertex -10.112 5.83423 18.8
      vertex -10.112 5.83423 20
    endloop
  endfacet
  facet normal -0.79778 0.602949 0
    outer loop
      vertex -10.4916 5.33197 18.8
      vertex -10.112 5.83423 20
      vertex -10.112 5.83423 18.8
    endloop
  endfacet
  facet normal -0.79778 0.602949 0
    outer loop
      vertex -10.112 5.83423 20
      vertex -10.4916 5.33197 18.8
      vertex -10.4916 5.33197 20
    endloop
  endfacet
  facet normal -0.667201 0.744877 0
    outer loop
      vertex -10.4916 5.33197 18.8
      vertex -11.05 4.8318 20
      vertex -10.4916 5.33197 20
    endloop
  endfacet
  facet normal -0.667201 0.744877 0
    outer loop
      vertex -11.05 4.8318 20
      vertex -10.4916 5.33197 18.8
      vertex -11.05 4.8318 18.8
    endloop
  endfacet
  facet normal -0.600584 0.799562 0
    outer loop
      vertex -11.05 4.8318 18.8
      vertex -11.7463 4.30878 20
      vertex -11.05 4.8318 20
    endloop
  endfacet
  facet normal -0.600584 0.799562 0
    outer loop
      vertex -11.7463 4.30878 20
      vertex -11.05 4.8318 18.8
      vertex -11.7463 4.30878 18.8
    endloop
  endfacet
  facet normal -0.608079 0.793877 0
    outer loop
      vertex -11.7463 4.30878 18.8
      vertex -12.37 3.83105 20
      vertex -11.7463 4.30878 20
    endloop
  endfacet
  facet normal -0.608079 0.793877 0
    outer loop
      vertex -12.37 3.83105 20
      vertex -11.7463 4.30878 18.8
      vertex -12.37 3.83105 18.8
    endloop
  endfacet
  facet normal 0.258824 0.965924 -0
    outer loop
      vertex -12.37 3.83105 18.8
      vertex -14.2196 4.32666 20
      vertex -12.37 3.83105 20
    endloop
  endfacet
  facet normal 0.258824 0.965924 0
    outer loop
      vertex -14.2196 4.32666 20
      vertex -12.37 3.83105 18.8
      vertex -14.2196 4.32666 18.8
    endloop
  endfacet
  facet normal 0.600584 0.799562 -0
    outer loop
      vertex 11.7463 4.30878 18.8
      vertex 11.05 4.8318 20
      vertex 11.7463 4.30878 20
    endloop
  endfacet
  facet normal 0.600584 0.799562 0
    outer loop
      vertex 11.05 4.8318 20
      vertex 11.7463 4.30878 18.8
      vertex 11.05 4.8318 18.8
    endloop
  endfacet
  facet normal 0.667201 0.744877 -0
    outer loop
      vertex 11.05 4.8318 18.8
      vertex 10.4916 5.33197 20
      vertex 11.05 4.8318 20
    endloop
  endfacet
  facet normal 0.667201 0.744877 0
    outer loop
      vertex 10.4916 5.33197 20
      vertex 11.05 4.8318 18.8
      vertex 10.4916 5.33197 18.8
    endloop
  endfacet
  facet normal 0.79778 0.602949 0
    outer loop
      vertex 10.4916 5.33197 20
      vertex 10.112 5.83423 18.8
      vertex 10.112 5.83423 20
    endloop
  endfacet
  facet normal 0.79778 0.602949 0
    outer loop
      vertex 10.112 5.83423 18.8
      vertex 10.4916 5.33197 20
      vertex 10.4916 5.33197 18.8
    endloop
  endfacet
  facet normal 0.921072 0.389393 0
    outer loop
      vertex 10.112 5.83423 20
      vertex 9.86403 6.42078 18.8
      vertex 9.86403 6.42078 20
    endloop
  endfacet
  facet normal 0.921072 0.389393 0
    outer loop
      vertex 9.86403 6.42078 18.8
      vertex 10.112 5.83423 20
      vertex 10.112 5.83423 18.8
    endloop
  endfacet
  facet normal 0.978666 0.20546 0
    outer loop
      vertex 9.86403 6.42078 20
      vertex 9.70683 7.16957 18.8
      vertex 9.70683 7.16957 20
    endloop
  endfacet
  facet normal 0.978666 0.20546 0
    outer loop
      vertex 9.70683 7.16957 18.8
      vertex 9.86403 6.42078 20
      vertex 9.86403 6.42078 18.8
    endloop
  endfacet
  facet normal 0.992737 0.120302 0
    outer loop
      vertex 9.70683 7.16957 20
      vertex 9.59613 8.08307 18.8
      vertex 9.59613 8.08307 20
    endloop
  endfacet
  facet normal 0.992737 0.120302 0
    outer loop
      vertex 9.59613 8.08307 18.8
      vertex 9.70683 7.16957 20
      vertex 9.70683 7.16957 18.8
    endloop
  endfacet
  facet normal 0.991553 0.1297 0
    outer loop
      vertex 9.59613 8.08307 20
      vertex 9.5029 8.79581 18.8
      vertex 9.5029 8.79581 20
    endloop
  endfacet
  facet normal 0.991553 0.1297 0
    outer loop
      vertex 9.5029 8.79581 18.8
      vertex 9.59613 8.08307 20
      vertex 9.59613 8.08307 18.8
    endloop
  endfacet
  facet normal 0.707104 -0.707109 0
    outer loop
      vertex 9.5029 8.79581 20
      vertex 10.857 10.1499 18.8
      vertex 10.857 10.1499 20
    endloop
  endfacet
  facet normal 0.707104 -0.707109 0
    outer loop
      vertex 10.857 10.1499 18.8
      vertex 9.5029 8.79581 20
      vertex 9.5029 8.79581 18.8
    endloop
  endfacet
  facet normal -0.991522 -0.129938 0
    outer loop
      vertex 10.8918 9.88435 18.8
      vertex 10.857 10.1499 20
      vertex 10.857 10.1499 18.8
    endloop
  endfacet
  facet normal -0.991522 -0.129938 0
    outer loop
      vertex 10.857 10.1499 20
      vertex 10.8918 9.88435 18.8
      vertex 10.8918 9.88435 20
    endloop
  endfacet
  facet normal -0.992735 -0.120325 0
    outer loop
      vertex 11.0302 8.74249 18.8
      vertex 10.8918 9.88435 20
      vertex 10.8918 9.88435 18.8
    endloop
  endfacet
  facet normal -0.992735 -0.120325 0
    outer loop
      vertex 10.8918 9.88435 20
      vertex 11.0302 8.74249 18.8
      vertex 11.0302 8.74249 20
    endloop
  endfacet
  facet normal -0.978666 -0.20546 0
    outer loop
      vertex 11.2405 7.74077 18.8
      vertex 11.0302 8.74249 20
      vertex 11.0302 8.74249 18.8
    endloop
  endfacet
  facet normal -0.978666 -0.20546 0
    outer loop
      vertex 11.0302 8.74249 20
      vertex 11.2405 7.74077 18.8
      vertex 11.2405 7.74077 20
    endloop
  endfacet
  facet normal -0.957093 -0.289781 0
    outer loop
      vertex 11.2689 7.64697 18.8
      vertex 11.2405 7.74077 20
      vertex 11.2405 7.74077 18.8
    endloop
  endfacet
  facet normal -0.957093 -0.289781 0
    outer loop
      vertex 11.2405 7.74077 20
      vertex 11.2689 7.64697 18.8
      vertex 11.2689 7.64697 20
    endloop
  endfacet
  facet normal -0.921107 -0.389311 0
    outer loop
      vertex 11.6309 6.79048 18.8
      vertex 11.2689 7.64697 20
      vertex 11.2689 7.64697 18.8
    endloop
  endfacet
  facet normal -0.921107 -0.389311 0
    outer loop
      vertex 11.2689 7.64697 20
      vertex 11.6309 6.79048 18.8
      vertex 11.6309 6.79048 20
    endloop
  endfacet
  facet normal -0.881957 -0.471329 0
    outer loop
      vertex 11.6771 6.70403 18.8
      vertex 11.6309 6.79048 20
      vertex 11.6309 6.79048 18.8
    endloop
  endfacet
  facet normal -0.881957 -0.471329 0
    outer loop
      vertex 11.6309 6.79048 20
      vertex 11.6771 6.70403 18.8
      vertex 11.6771 6.70403 20
    endloop
  endfacet
  facet normal -0.797678 -0.603084 0
    outer loop
      vertex 12.2379 5.96228 18.8
      vertex 11.6771 6.70403 20
      vertex 11.6771 6.70403 18.8
    endloop
  endfacet
  facet normal -0.797678 -0.603084 0
    outer loop
      vertex 11.6771 6.70403 20
      vertex 12.2379 5.96228 18.8
      vertex 12.2379 5.96228 20
    endloop
  endfacet
  facet normal -0.773425 -0.633888 0
    outer loop
      vertex 12.3 5.88651 18.8
      vertex 12.2379 5.96228 20
      vertex 12.2379 5.96228 18.8
    endloop
  endfacet
  facet normal -0.773425 -0.633888 0
    outer loop
      vertex 12.2379 5.96228 20
      vertex 12.3 5.88651 18.8
      vertex 12.3 5.88651 20
    endloop
  endfacet
  facet normal -0.667252 -0.744832 0
    outer loop
      vertex 12.3 5.88651 18.8
      vertex 13.0624 5.20352 20
      vertex 12.3 5.88651 20
    endloop
  endfacet
  facet normal -0.667252 -0.744832 -0
    outer loop
      vertex 13.0624 5.20352 20
      vertex 12.3 5.88651 18.8
      vertex 13.0624 5.20352 18.8
    endloop
  endfacet
  facet normal -0.634226 -0.773148 0
    outer loop
      vertex 13.0624 5.20352 18.8
      vertex 13.1382 5.14134 20
      vertex 13.0624 5.20352 20
    endloop
  endfacet
  facet normal -0.634226 -0.773148 -0
    outer loop
      vertex 13.1382 5.14134 20
      vertex 13.0624 5.20352 18.8
      vertex 13.1382 5.14134 18.8
    endloop
  endfacet
  facet normal -0.600559 -0.79958 0
    outer loop
      vertex 13.1382 5.14134 18.8
      vertex 14.0579 4.45056 20
      vertex 13.1382 5.14134 20
    endloop
  endfacet
  facet normal -0.600559 -0.79958 -0
    outer loop
      vertex 14.0579 4.45056 20
      vertex 13.1382 5.14134 18.8
      vertex 14.0579 4.45056 18.8
    endloop
  endfacet
  facet normal -0.608215 -0.793772 0
    outer loop
      vertex 14.0579 4.45056 18.8
      vertex 14.2196 4.32666 20
      vertex 14.0579 4.45056 20
    endloop
  endfacet
  facet normal -0.608215 -0.793772 -0
    outer loop
      vertex 14.2196 4.32666 20
      vertex 14.0579 4.45056 18.8
      vertex 14.2196 4.32666 18.8
    endloop
  endfacet
  facet normal -0.258824 0.965924 0
    outer loop
      vertex 14.2196 4.32666 18.8
      vertex 12.37 3.83105 20
      vertex 14.2196 4.32666 20
    endloop
  endfacet
  facet normal -0.258824 0.965924 0
    outer loop
      vertex 12.37 3.83105 20
      vertex 14.2196 4.32666 18.8
      vertex 12.37 3.83105 18.8
    endloop
  endfacet
  facet normal 0.608079 0.793877 -0
    outer loop
      vertex 12.37 3.83105 18.8
      vertex 11.7463 4.30878 20
      vertex 12.37 3.83105 20
    endloop
  endfacet
  facet normal 0.608079 0.793877 0
    outer loop
      vertex 11.7463 4.30878 20
      vertex 12.37 3.83105 18.8
      vertex 11.7463 4.30878 18.8
    endloop
  endfacet
  facet normal 0.311389 0.950283 -0
    outer loop
      vertex -0.260269 6.12033 18.8
      vertex -0.566818 6.22078 20
      vertex -0.260269 6.12033 20
    endloop
  endfacet
  facet normal 0.311389 0.950283 0
    outer loop
      vertex -0.566818 6.22078 20
      vertex -0.260269 6.12033 18.8
      vertex -0.566818 6.22078 18.8
    endloop
  endfacet
  facet normal 0.392164 0.919895 -0
    outer loop
      vertex -0.566818 6.22078 18.8
      vertex -0.990051 6.40121 20
      vertex -0.566818 6.22078 20
    endloop
  endfacet
  facet normal 0.392164 0.919895 0
    outer loop
      vertex -0.990051 6.40121 20
      vertex -0.566818 6.22078 18.8
      vertex -0.990051 6.40121 18.8
    endloop
  endfacet
  facet normal 0.383516 0.923534 -0
    outer loop
      vertex -0.990051 6.40121 18.8
      vertex -1.22479 6.49869 20
      vertex -0.990051 6.40121 20
    endloop
  endfacet
  facet normal 0.383516 0.923534 0
    outer loop
      vertex -1.22479 6.49869 20
      vertex -0.990051 6.40121 18.8
      vertex -1.22479 6.49869 18.8
    endloop
  endfacet
  facet normal 0.965926 0.25882 0
    outer loop
      vertex -1.22479 6.49869 20
      vertex -1.7189 8.34273 18.8
      vertex -1.7189 8.34273 20
    endloop
  endfacet
  facet normal 0.965926 0.25882 0
    outer loop
      vertex -1.7189 8.34273 18.8
      vertex -1.22479 6.49869 20
      vertex -1.22479 6.49869 18.8
    endloop
  endfacet
  facet normal -0.392166 -0.919894 0
    outer loop
      vertex -1.7189 8.34273 18.8
      vertex -1.32858 8.17633 20
      vertex -1.7189 8.34273 20
    endloop
  endfacet
  facet normal -0.392166 -0.919894 -0
    outer loop
      vertex -1.32858 8.17633 20
      vertex -1.7189 8.34273 18.8
      vertex -1.32858 8.17633 18.8
    endloop
  endfacet
  facet normal -0.311412 -0.950275 0
    outer loop
      vertex -1.32858 8.17633 18.8
      vertex -0.74498 7.98508 20
      vertex -1.32858 8.17633 20
    endloop
  endfacet
  facet normal -0.311412 -0.950275 -0
    outer loop
      vertex -0.74498 7.98508 20
      vertex -1.32858 8.17633 18.8
      vertex -0.74498 7.98508 18.8
    endloop
  endfacet
  facet normal -0.290259 -0.956948 0
    outer loop
      vertex -0.74498 7.98508 18.8
      vertex -0.651184 7.95663 20
      vertex -0.74498 7.98508 20
    endloop
  endfacet
  facet normal -0.290259 -0.956948 -0
    outer loop
      vertex -0.651184 7.95663 20
      vertex -0.74498 7.98508 18.8
      vertex -0.651184 7.95663 18.8
    endloop
  endfacet
  facet normal -0.123388 -0.992358 0
    outer loop
      vertex -0.651184 7.95663 18.8
      vertex -0.0975342 7.88779 20
      vertex -0.651184 7.95663 20
    endloop
  endfacet
  facet normal -0.123388 -0.992358 -0
    outer loop
      vertex -0.0975342 7.88779 20
      vertex -0.651184 7.95663 18.8
      vertex -0.0975342 7.88779 18.8
    endloop
  endfacet
  facet normal -0.0979537 -0.995191 0
    outer loop
      vertex -0.0975342 7.88779 18.8
      vertex 0 7.87819 20
      vertex -0.0975342 7.88779 20
    endloop
  endfacet
  facet normal -0.0979537 -0.995191 -0
    outer loop
      vertex 0 7.87819 20
      vertex -0.0975342 7.88779 18.8
      vertex 0 7.87819 18.8
    endloop
  endfacet
  facet normal 0.0979537 -0.995191 0
    outer loop
      vertex 0 7.87819 18.8
      vertex 0.0975342 7.88779 20
      vertex 0 7.87819 20
    endloop
  endfacet
  facet normal 0.0979537 -0.995191 0
    outer loop
      vertex 0.0975342 7.88779 20
      vertex 0 7.87819 18.8
      vertex 0.0975342 7.88779 18.8
    endloop
  endfacet
  facet normal 0.123388 -0.992358 0
    outer loop
      vertex 0.0975342 7.88779 18.8
      vertex 0.651184 7.95663 20
      vertex 0.0975342 7.88779 20
    endloop
  endfacet
  facet normal 0.123388 -0.992358 0
    outer loop
      vertex 0.651184 7.95663 20
      vertex 0.0975342 7.88779 18.8
      vertex 0.651184 7.95663 18.8
    endloop
  endfacet
  facet normal 0.290259 -0.956948 0
    outer loop
      vertex 0.651184 7.95663 18.8
      vertex 0.74498 7.98508 20
      vertex 0.651184 7.95663 20
    endloop
  endfacet
  facet normal 0.290259 -0.956948 0
    outer loop
      vertex 0.74498 7.98508 20
      vertex 0.651184 7.95663 18.8
      vertex 0.74498 7.98508 18.8
    endloop
  endfacet
  facet normal 0.311412 -0.950275 0
    outer loop
      vertex 0.74498 7.98508 18.8
      vertex 1.32858 8.17633 20
      vertex 0.74498 7.98508 20
    endloop
  endfacet
  facet normal 0.311412 -0.950275 0
    outer loop
      vertex 1.32858 8.17633 20
      vertex 0.74498 7.98508 18.8
      vertex 1.32858 8.17633 18.8
    endloop
  endfacet
  facet normal 0.392166 -0.919894 0
    outer loop
      vertex 1.32858 8.17633 18.8
      vertex 1.7189 8.34273 20
      vertex 1.32858 8.17633 20
    endloop
  endfacet
  facet normal 0.392166 -0.919894 0
    outer loop
      vertex 1.7189 8.34273 20
      vertex 1.32858 8.17633 18.8
      vertex 1.7189 8.34273 18.8
    endloop
  endfacet
  facet normal -0.965926 0.25882 0
    outer loop
      vertex 1.22479 6.49869 18.8
      vertex 1.7189 8.34273 20
      vertex 1.7189 8.34273 18.8
    endloop
  endfacet
  facet normal -0.965926 0.25882 0
    outer loop
      vertex 1.7189 8.34273 20
      vertex 1.22479 6.49869 18.8
      vertex 1.22479 6.49869 20
    endloop
  endfacet
  facet normal -0.383516 0.923534 0
    outer loop
      vertex 1.22479 6.49869 18.8
      vertex 0.990051 6.40121 20
      vertex 1.22479 6.49869 20
    endloop
  endfacet
  facet normal -0.383516 0.923534 0
    outer loop
      vertex 0.990051 6.40121 20
      vertex 1.22479 6.49869 18.8
      vertex 0.990051 6.40121 18.8
    endloop
  endfacet
  facet normal -0.392164 0.919895 0
    outer loop
      vertex 0.990051 6.40121 18.8
      vertex 0.566818 6.22078 20
      vertex 0.990051 6.40121 20
    endloop
  endfacet
  facet normal -0.392164 0.919895 0
    outer loop
      vertex 0.566818 6.22078 20
      vertex 0.990051 6.40121 18.8
      vertex 0.566818 6.22078 18.8
    endloop
  endfacet
  facet normal -0.311389 0.950283 0
    outer loop
      vertex 0.566818 6.22078 18.8
      vertex 0.260269 6.12033 20
      vertex 0.566818 6.22078 20
    endloop
  endfacet
  facet normal -0.311389 0.950283 0
    outer loop
      vertex 0.260269 6.12033 20
      vertex 0.566818 6.22078 18.8
      vertex 0.260269 6.12033 18.8
    endloop
  endfacet
  facet normal -0.123345 0.992364 0
    outer loop
      vertex 0.260269 6.12033 18.8
      vertex 0 6.08798 20
      vertex 0.260269 6.12033 20
    endloop
  endfacet
  facet normal -0.123345 0.992364 0
    outer loop
      vertex 0 6.08798 20
      vertex 0.260269 6.12033 18.8
      vertex 0 6.08798 18.8
    endloop
  endfacet
  facet normal 0.123345 0.992364 -0
    outer loop
      vertex 0 6.08798 18.8
      vertex -0.260269 6.12033 20
      vertex 0 6.08798 20
    endloop
  endfacet
  facet normal 0.123345 0.992364 0
    outer loop
      vertex -0.260269 6.12033 20
      vertex 0 6.08798 18.8
      vertex -0.260269 6.12033 18.8
    endloop
  endfacet
  facet normal 0.120307 -0.992737 0
    outer loop
      vertex -5.6599 6.36699 18.8
      vertex -5.20647 6.42194 20
      vertex -5.6599 6.36699 20
    endloop
  endfacet
  facet normal 0.120307 -0.992737 0
    outer loop
      vertex -5.20647 6.42194 20
      vertex -5.6599 6.36699 18.8
      vertex -5.20647 6.42194 18.8
    endloop
  endfacet
  facet normal 0.205476 -0.978662 0
    outer loop
      vertex -5.20647 6.42194 18.8
      vertex -4.60544 6.54813 20
      vertex -5.20647 6.42194 20
    endloop
  endfacet
  facet normal 0.205476 -0.978662 0
    outer loop
      vertex -4.60544 6.54813 20
      vertex -5.20647 6.42194 18.8
      vertex -4.60544 6.54813 18.8
    endloop
  endfacet
  facet normal 0.290155 -0.95698 0
    outer loop
      vertex -4.60544 6.54813 18.8
      vertex -4.51164 6.57657 20
      vertex -4.60544 6.54813 20
    endloop
  endfacet
  facet normal 0.290155 -0.95698 0
    outer loop
      vertex -4.51164 6.57657 20
      vertex -4.60544 6.54813 18.8
      vertex -4.51164 6.57657 18.8
    endloop
  endfacet
  facet normal 0.389322 -0.921102 0
    outer loop
      vertex -4.51164 6.57657 18.8
      vertex -3.99774 6.79378 20
      vertex -4.51164 6.57657 20
    endloop
  endfacet
  facet normal 0.389322 -0.921102 0
    outer loop
      vertex -3.99774 6.79378 20
      vertex -4.51164 6.57657 18.8
      vertex -3.99774 6.79378 18.8
    endloop
  endfacet
  facet normal 0.471372 -0.881935 0
    outer loop
      vertex -3.99774 6.79378 18.8
      vertex -3.9113 6.83998 20
      vertex -3.99774 6.79378 20
    endloop
  endfacet
  facet normal 0.471372 -0.881935 0
    outer loop
      vertex -3.9113 6.83998 20
      vertex -3.99774 6.79378 18.8
      vertex -3.9113 6.83998 18.8
    endloop
  endfacet
  facet normal 0.603038 -0.797712 0
    outer loop
      vertex -3.9113 6.83998 18.8
      vertex -3.46625 7.17642 20
      vertex -3.9113 6.83998 20
    endloop
  endfacet
  facet normal 0.603038 -0.797712 0
    outer loop
      vertex -3.46625 7.17642 20
      vertex -3.9113 6.83998 18.8
      vertex -3.46625 7.17642 18.8
    endloop
  endfacet
  facet normal 0.634426 -0.772984 0
    outer loop
      vertex -3.46625 7.17642 18.8
      vertex -3.39049 7.2386 20
      vertex -3.46625 7.17642 20
    endloop
  endfacet
  facet normal 0.634426 -0.772984 0
    outer loop
      vertex -3.39049 7.2386 20
      vertex -3.46625 7.17642 18.8
      vertex -3.39049 7.2386 18.8
    endloop
  endfacet
  facet normal 0.744812 -0.667274 0
    outer loop
      vertex -3.39049 7.2386 20
      vertex -2.98068 7.69603 18.8
      vertex -2.98068 7.69603 20
    endloop
  endfacet
  facet normal 0.744812 -0.667274 0
    outer loop
      vertex -2.98068 7.69603 18.8
      vertex -3.39049 7.2386 20
      vertex -3.39049 7.2386 18.8
    endloop
  endfacet
  facet normal 0.773025 -0.634376 0
    outer loop
      vertex -2.98068 7.69603 20
      vertex -2.9185 7.7718 18.8
      vertex -2.9185 7.7718 20
    endloop
  endfacet
  facet normal 0.773025 -0.634376 0
    outer loop
      vertex -2.9185 7.7718 18.8
      vertex -2.98068 7.69603 20
      vertex -2.98068 7.69603 18.8
    endloop
  endfacet
  facet normal 0.799571 -0.600571 0
    outer loop
      vertex -2.9185 7.7718 20
      vertex -2.68298 8.08536 18.8
      vertex -2.68298 8.08536 20
    endloop
  endfacet
  facet normal 0.799571 -0.600571 0
    outer loop
      vertex -2.68298 8.08536 18.8
      vertex -2.9185 7.7718 20
      vertex -2.9185 7.7718 18.8
    endloop
  endfacet
  facet normal -0.965926 -0.258819 0
    outer loop
      vertex -2.18829 6.23915 18.8
      vertex -2.68298 8.08536 20
      vertex -2.68298 8.08536 18.8
    endloop
  endfacet
  facet normal -0.965926 -0.258819 0
    outer loop
      vertex -2.68298 8.08536 20
      vertex -2.18829 6.23915 18.8
      vertex -2.18829 6.23915 20
    endloop
  endfacet
  facet normal -0.793876 0.608079 0
    outer loop
      vertex -2.36224 6.01205 18.8
      vertex -2.18829 6.23915 20
      vertex -2.18829 6.23915 18.8
    endloop
  endfacet
  facet normal -0.793876 0.608079 0
    outer loop
      vertex -2.18829 6.23915 20
      vertex -2.36224 6.01205 18.8
      vertex -2.36224 6.01205 20
    endloop
  endfacet
  facet normal -0.79957 0.600572 0
    outer loop
      vertex -2.60896 5.68358 18.8
      vertex -2.36224 6.01205 20
      vertex -2.36224 6.01205 18.8
    endloop
  endfacet
  facet normal -0.79957 0.600572 0
    outer loop
      vertex -2.36224 6.01205 20
      vertex -2.60896 5.68358 18.8
      vertex -2.60896 5.68358 20
    endloop
  endfacet
  facet normal -0.744812 0.667274 0
    outer loop
      vertex -2.83598 5.43018 18.8
      vertex -2.60896 5.68358 20
      vertex -2.60896 5.68358 18.8
    endloop
  endfacet
  facet normal -0.744812 0.667274 0
    outer loop
      vertex -2.60896 5.68358 20
      vertex -2.83598 5.43018 18.8
      vertex -2.83598 5.43018 20
    endloop
  endfacet
  facet normal -0.603051 0.797703 0
    outer loop
      vertex -2.83598 5.43018 18.8
      vertex -3.0415 5.27481 20
      vertex -2.83598 5.43018 20
    endloop
  endfacet
  facet normal -0.603051 0.797703 0
    outer loop
      vertex -3.0415 5.27481 20
      vertex -2.83598 5.43018 18.8
      vertex -3.0415 5.27481 18.8
    endloop
  endfacet
  facet normal -0.389339 0.921094 0
    outer loop
      vertex -3.0415 5.27481 18.8
      vertex -3.28546 5.17169 20
      vertex -3.0415 5.27481 20
    endloop
  endfacet
  facet normal -0.389339 0.921094 0
    outer loop
      vertex -3.28546 5.17169 20
      vertex -3.0415 5.27481 18.8
      vertex -3.28546 5.17169 18.8
    endloop
  endfacet
  facet normal -0.205434 0.978671 0
    outer loop
      vertex -3.28546 5.17169 18.8
      vertex -3.63356 5.09862 20
      vertex -3.28546 5.17169 20
    endloop
  endfacet
  facet normal -0.205434 0.978671 0
    outer loop
      vertex -3.63356 5.09862 20
      vertex -3.28546 5.17169 18.8
      vertex -3.63356 5.09862 18.8
    endloop
  endfacet
  facet normal -0.120326 0.992734 0
    outer loop
      vertex -3.63356 5.09862 18.8
      vertex -4.0903 5.04326 20
      vertex -3.63356 5.09862 20
    endloop
  endfacet
  facet normal -0.120326 0.992734 0
    outer loop
      vertex -4.0903 5.04326 20
      vertex -3.63356 5.09862 18.8
      vertex -4.0903 5.04326 18.8
    endloop
  endfacet
  facet normal -0.129702 0.991553 0
    outer loop
      vertex -4.0903 5.04326 18.8
      vertex -4.30772 5.01482 20
      vertex -4.0903 5.04326 20
    endloop
  endfacet
  facet normal -0.129702 0.991553 0
    outer loop
      vertex -4.30772 5.01482 20
      vertex -4.0903 5.04326 18.8
      vertex -4.30772 5.01482 18.8
    endloop
  endfacet
  facet normal 0.707104 0.707109 0
    outer loop
      vertex -4.30772 5.01482 20
      vertex -5.6599 6.36699 18.8
      vertex -5.6599 6.36699 20
    endloop
  endfacet
  facet normal 0.707104 0.707109 0
    outer loop
      vertex -5.6599 6.36699 18.8
      vertex -4.30772 5.01482 20
      vertex -4.30772 5.01482 18.8
    endloop
  endfacet
  facet normal 0.120326 0.992734 -0
    outer loop
      vertex 4.0903 5.04326 18.8
      vertex 3.63356 5.09862 20
      vertex 4.0903 5.04326 20
    endloop
  endfacet
  facet normal 0.120326 0.992734 0
    outer loop
      vertex 3.63356 5.09862 20
      vertex 4.0903 5.04326 18.8
      vertex 3.63356 5.09862 18.8
    endloop
  endfacet
  facet normal 0.205434 0.978671 -0
    outer loop
      vertex 3.63356 5.09862 18.8
      vertex 3.28546 5.17169 20
      vertex 3.63356 5.09862 20
    endloop
  endfacet
  facet normal 0.205434 0.978671 0
    outer loop
      vertex 3.28546 5.17169 20
      vertex 3.63356 5.09862 18.8
      vertex 3.28546 5.17169 18.8
    endloop
  endfacet
  facet normal 0.389339 0.921094 -0
    outer loop
      vertex 3.28546 5.17169 18.8
      vertex 3.0415 5.27481 20
      vertex 3.28546 5.17169 20
    endloop
  endfacet
  facet normal 0.389339 0.921094 0
    outer loop
      vertex 3.0415 5.27481 20
      vertex 3.28546 5.17169 18.8
      vertex 3.0415 5.27481 18.8
    endloop
  endfacet
  facet normal 0.603051 0.797703 -0
    outer loop
      vertex 3.0415 5.27481 18.8
      vertex 2.83598 5.43018 20
      vertex 3.0415 5.27481 20
    endloop
  endfacet
  facet normal 0.603051 0.797703 0
    outer loop
      vertex 2.83598 5.43018 20
      vertex 3.0415 5.27481 18.8
      vertex 2.83598 5.43018 18.8
    endloop
  endfacet
  facet normal 0.744812 0.667274 0
    outer loop
      vertex 2.83598 5.43018 20
      vertex 2.60896 5.68358 18.8
      vertex 2.60896 5.68358 20
    endloop
  endfacet
  facet normal 0.744812 0.667274 0
    outer loop
      vertex 2.60896 5.68358 18.8
      vertex 2.83598 5.43018 20
      vertex 2.83598 5.43018 18.8
    endloop
  endfacet
  facet normal 0.79957 0.600572 0
    outer loop
      vertex 2.60896 5.68358 20
      vertex 2.36224 6.01205 18.8
      vertex 2.36224 6.01205 20
    endloop
  endfacet
  facet normal 0.79957 0.600572 0
    outer loop
      vertex 2.36224 6.01205 18.8
      vertex 2.60896 5.68358 20
      vertex 2.60896 5.68358 18.8
    endloop
  endfacet
  facet normal 0.793876 0.608079 0
    outer loop
      vertex 2.36224 6.01205 20
      vertex 2.18829 6.23915 18.8
      vertex 2.18829 6.23915 20
    endloop
  endfacet
  facet normal 0.793876 0.608079 0
    outer loop
      vertex 2.18829 6.23915 18.8
      vertex 2.36224 6.01205 20
      vertex 2.36224 6.01205 18.8
    endloop
  endfacet
  facet normal 0.965926 -0.258819 0
    outer loop
      vertex 2.18829 6.23915 20
      vertex 2.68298 8.08536 18.8
      vertex 2.68298 8.08536 20
    endloop
  endfacet
  facet normal 0.965926 -0.258819 0
    outer loop
      vertex 2.68298 8.08536 18.8
      vertex 2.18829 6.23915 20
      vertex 2.18829 6.23915 18.8
    endloop
  endfacet
  facet normal -0.799571 -0.600571 0
    outer loop
      vertex 2.9185 7.7718 18.8
      vertex 2.68298 8.08536 20
      vertex 2.68298 8.08536 18.8
    endloop
  endfacet
  facet normal -0.799571 -0.600571 0
    outer loop
      vertex 2.68298 8.08536 20
      vertex 2.9185 7.7718 18.8
      vertex 2.9185 7.7718 20
    endloop
  endfacet
  facet normal -0.773025 -0.634376 0
    outer loop
      vertex 2.98068 7.69603 18.8
      vertex 2.9185 7.7718 20
      vertex 2.9185 7.7718 18.8
    endloop
  endfacet
  facet normal -0.773025 -0.634376 0
    outer loop
      vertex 2.9185 7.7718 20
      vertex 2.98068 7.69603 18.8
      vertex 2.98068 7.69603 20
    endloop
  endfacet
  facet normal -0.744812 -0.667274 0
    outer loop
      vertex 3.39049 7.2386 18.8
      vertex 2.98068 7.69603 20
      vertex 2.98068 7.69603 18.8
    endloop
  endfacet
  facet normal -0.744812 -0.667274 0
    outer loop
      vertex 2.98068 7.69603 20
      vertex 3.39049 7.2386 18.8
      vertex 3.39049 7.2386 20
    endloop
  endfacet
  facet normal -0.634426 -0.772984 0
    outer loop
      vertex 3.39049 7.2386 18.8
      vertex 3.46625 7.17642 20
      vertex 3.39049 7.2386 20
    endloop
  endfacet
  facet normal -0.634426 -0.772984 -0
    outer loop
      vertex 3.46625 7.17642 20
      vertex 3.39049 7.2386 18.8
      vertex 3.46625 7.17642 18.8
    endloop
  endfacet
  facet normal -0.603038 -0.797712 0
    outer loop
      vertex 3.46625 7.17642 18.8
      vertex 3.9113 6.83998 20
      vertex 3.46625 7.17642 20
    endloop
  endfacet
  facet normal -0.603038 -0.797712 -0
    outer loop
      vertex 3.9113 6.83998 20
      vertex 3.46625 7.17642 18.8
      vertex 3.9113 6.83998 18.8
    endloop
  endfacet
  facet normal -0.471372 -0.881935 0
    outer loop
      vertex 3.9113 6.83998 18.8
      vertex 3.99774 6.79378 20
      vertex 3.9113 6.83998 20
    endloop
  endfacet
  facet normal -0.471372 -0.881935 -0
    outer loop
      vertex 3.99774 6.79378 20
      vertex 3.9113 6.83998 18.8
      vertex 3.99774 6.79378 18.8
    endloop
  endfacet
  facet normal -0.389322 -0.921102 0
    outer loop
      vertex 3.99774 6.79378 18.8
      vertex 4.51164 6.57657 20
      vertex 3.99774 6.79378 20
    endloop
  endfacet
  facet normal -0.389322 -0.921102 -0
    outer loop
      vertex 4.51164 6.57657 20
      vertex 3.99774 6.79378 18.8
      vertex 4.51164 6.57657 18.8
    endloop
  endfacet
  facet normal -0.290155 -0.95698 0
    outer loop
      vertex 4.51164 6.57657 18.8
      vertex 4.60544 6.54813 20
      vertex 4.51164 6.57657 20
    endloop
  endfacet
  facet normal -0.290155 -0.95698 -0
    outer loop
      vertex 4.60544 6.54813 20
      vertex 4.51164 6.57657 18.8
      vertex 4.60544 6.54813 18.8
    endloop
  endfacet
  facet normal -0.205476 -0.978662 0
    outer loop
      vertex 4.60544 6.54813 18.8
      vertex 5.20647 6.42194 20
      vertex 4.60544 6.54813 20
    endloop
  endfacet
  facet normal -0.205476 -0.978662 -0
    outer loop
      vertex 5.20647 6.42194 20
      vertex 4.60544 6.54813 18.8
      vertex 5.20647 6.42194 18.8
    endloop
  endfacet
  facet normal -0.120307 -0.992737 0
    outer loop
      vertex 5.20647 6.42194 18.8
      vertex 5.6599 6.36699 20
      vertex 5.20647 6.42194 20
    endloop
  endfacet
  facet normal -0.120307 -0.992737 -0
    outer loop
      vertex 5.6599 6.36699 20
      vertex 5.20647 6.42194 18.8
      vertex 5.6599 6.36699 18.8
    endloop
  endfacet
  facet normal -0.707104 0.707109 0
    outer loop
      vertex 4.30772 5.01482 18.8
      vertex 5.6599 6.36699 20
      vertex 5.6599 6.36699 18.8
    endloop
  endfacet
  facet normal -0.707104 0.707109 0
    outer loop
      vertex 5.6599 6.36699 20
      vertex 4.30772 5.01482 18.8
      vertex 4.30772 5.01482 20
    endloop
  endfacet
  facet normal 0.129702 0.991553 -0
    outer loop
      vertex 4.30772 5.01482 18.8
      vertex 4.0903 5.04326 20
      vertex 4.30772 5.01482 20
    endloop
  endfacet
  facet normal 0.129702 0.991553 0
    outer loop
      vertex 4.0903 5.04326 20
      vertex 4.30772 5.01482 18.8
      vertex 4.0903 5.04326 18.8
    endloop
  endfacet
  facet normal 0.600553 -0.799585 0
    outer loop
      vertex -11.1537 3.50514 18.8
      vertex -10.455 4.02992 20
      vertex -11.1537 3.50514 20
    endloop
  endfacet
  facet normal 0.600553 -0.799585 0
    outer loop
      vertex -10.455 4.02992 20
      vertex -11.1537 3.50514 18.8
      vertex -10.455 4.02992 18.8
    endloop
  endfacet
  facet normal 0.634226 -0.773148 0
    outer loop
      vertex -10.455 4.02992 18.8
      vertex -10.3792 4.0921 20
      vertex -10.455 4.02992 20
    endloop
  endfacet
  facet normal 0.634226 -0.773148 0
    outer loop
      vertex -10.3792 4.0921 20
      vertex -10.455 4.02992 18.8
      vertex -10.3792 4.0921 18.8
    endloop
  endfacet
  facet normal 0.667281 -0.744806 0
    outer loop
      vertex -10.3792 4.0921 18.8
      vertex -9.76933 4.63849 20
      vertex -10.3792 4.0921 20
    endloop
  endfacet
  facet normal 0.667281 -0.744806 0
    outer loop
      vertex -9.76933 4.63849 20
      vertex -10.3792 4.0921 18.8
      vertex -9.76933 4.63849 18.8
    endloop
  endfacet
  facet normal 0.773025 -0.634376 0
    outer loop
      vertex -9.76933 4.63849 20
      vertex -9.70715 4.71426 18.8
      vertex -9.70715 4.71426 20
    endloop
  endfacet
  facet normal 0.773025 -0.634376 0
    outer loop
      vertex -9.70715 4.71426 18.8
      vertex -9.76933 4.63849 20
      vertex -9.76933 4.63849 18.8
    endloop
  endfacet
  facet normal 0.79771 -0.603041 0
    outer loop
      vertex -9.70715 4.71426 20
      vertex -9.25856 5.30766 18.8
      vertex -9.25856 5.30766 20
    endloop
  endfacet
  facet normal 0.79771 -0.603041 0
    outer loop
      vertex -9.25856 5.30766 18.8
      vertex -9.70715 4.71426 20
      vertex -9.70715 4.71426 18.8
    endloop
  endfacet
  facet normal 0.881935 -0.471372 0
    outer loop
      vertex -9.25856 5.30766 20
      vertex -9.21236 5.3941 18.8
      vertex -9.21236 5.3941 20
    endloop
  endfacet
  facet normal 0.881935 -0.471372 0
    outer loop
      vertex -9.21236 5.3941 18.8
      vertex -9.25856 5.30766 20
      vertex -9.25856 5.30766 18.8
    endloop
  endfacet
  facet normal 0.921099 -0.389329 0
    outer loop
      vertex -9.21236 5.3941 20
      vertex -8.92274 6.0793 18.8
      vertex -8.92274 6.0793 20
    endloop
  endfacet
  facet normal 0.921099 -0.389329 0
    outer loop
      vertex -8.92274 6.0793 18.8
      vertex -9.21236 5.3941 20
      vertex -9.21236 5.3941 18.8
    endloop
  endfacet
  facet normal 0.956951 -0.290248 0
    outer loop
      vertex -8.92274 6.0793 20
      vertex -8.89429 6.1731 18.8
      vertex -8.89429 6.1731 20
    endloop
  endfacet
  facet normal 0.956951 -0.290248 0
    outer loop
      vertex -8.89429 6.1731 18.8
      vertex -8.92274 6.0793 20
      vertex -8.92274 6.0793 18.8
    endloop
  endfacet
  facet normal 0.978669 -0.205445 0
    outer loop
      vertex -8.89429 6.1731 20
      vertex -8.72606 6.97449 18.8
      vertex -8.72606 6.97449 20
    endloop
  endfacet
  facet normal 0.978669 -0.205445 0
    outer loop
      vertex -8.72606 6.97449 18.8
      vertex -8.89429 6.1731 20
      vertex -8.89429 6.1731 18.8
    endloop
  endfacet
  facet normal 0.992734 -0.120326 0
    outer loop
      vertex -8.72606 6.97449 20
      vertex -8.61534 7.88797 18.8
      vertex -8.61534 7.88797 20
    endloop
  endfacet
  facet normal 0.992734 -0.120326 0
    outer loop
      vertex -8.61534 7.88797 18.8
      vertex -8.72606 6.97449 20
      vertex -8.72606 6.97449 18.8
    endloop
  endfacet
  facet normal 0.99152 -0.129954 0
    outer loop
      vertex -8.61534 7.88797 20
      vertex -8.61299 7.9059 18.8
      vertex -8.61299 7.9059 20
    endloop
  endfacet
  facet normal 0.99152 -0.129954 0
    outer loop
      vertex -8.61299 7.9059 18.8
      vertex -8.61534 7.88797 20
      vertex -8.61534 7.88797 18.8
    endloop
  endfacet
  facet normal -0.707112 -0.707102 0
    outer loop
      vertex -7.25887 6.55176 18.8
      vertex -8.61299 7.9059 20
      vertex -8.61299 7.9059 18.8
    endloop
  endfacet
  facet normal -0.707112 -0.707102 0
    outer loop
      vertex -8.61299 7.9059 20
      vertex -7.25887 6.55176 18.8
      vertex -7.25887 6.55176 20
    endloop
  endfacet
  facet normal -0.991557 0.129672 0
    outer loop
      vertex -7.31969 6.08669 18.8
      vertex -7.25887 6.55176 20
      vertex -7.25887 6.55176 18.8
    endloop
  endfacet
  facet normal -0.991557 0.129672 0
    outer loop
      vertex -7.25887 6.55176 20
      vertex -7.31969 6.08669 18.8
      vertex -7.31969 6.08669 20
    endloop
  endfacet
  facet normal -0.992735 0.120324 0
    outer loop
      vertex -7.40273 5.40157 18.8
      vertex -7.31969 6.08669 20
      vertex -7.31969 6.08669 18.8
    endloop
  endfacet
  facet normal -0.992735 0.120324 0
    outer loop
      vertex -7.31969 6.08669 20
      vertex -7.40273 5.40157 18.8
      vertex -7.40273 5.40157 20
    endloop
  endfacet
  facet normal -0.978669 0.205446 0
    outer loop
      vertex -7.51785 4.85318 18.8
      vertex -7.40273 5.40157 20
      vertex -7.40273 5.40157 18.8
    endloop
  endfacet
  facet normal -0.978669 0.205446 0
    outer loop
      vertex -7.40273 5.40157 20
      vertex -7.51785 4.85318 18.8
      vertex -7.51785 4.85318 20
    endloop
  endfacet
  facet normal -0.921117 0.389286 0
    outer loop
      vertex -7.69337 4.43787 18.8
      vertex -7.51785 4.85318 20
      vertex -7.51785 4.85318 18.8
    endloop
  endfacet
  facet normal -0.921117 0.389286 0
    outer loop
      vertex -7.51785 4.85318 20
      vertex -7.69337 4.43787 18.8
      vertex -7.69337 4.43787 20
    endloop
  endfacet
  facet normal -0.797714 0.603036 0
    outer loop
      vertex -7.96088 4.084 18.8
      vertex -7.69337 4.43787 20
      vertex -7.69337 4.43787 18.8
    endloop
  endfacet
  facet normal -0.797714 0.603036 0
    outer loop
      vertex -7.69337 4.43787 20
      vertex -7.96088 4.084 18.8
      vertex -7.96088 4.084 20
    endloop
  endfacet
  facet normal -0.667268 0.744817 0
    outer loop
      vertex -7.96088 4.084 18.8
      vertex -8.36667 3.72046 20
      vertex -7.96088 4.084 20
    endloop
  endfacet
  facet normal -0.667268 0.744817 0
    outer loop
      vertex -8.36667 3.72046 20
      vertex -7.96088 4.084 18.8
      vertex -8.36667 3.72046 18.8
    endloop
  endfacet
  facet normal -0.600566 0.799575 0
    outer loop
      vertex -8.36667 3.72046 18.8
      vertex -8.87918 3.33551 20
      vertex -8.36667 3.72046 20
    endloop
  endfacet
  facet normal -0.600566 0.799575 0
    outer loop
      vertex -8.87918 3.33551 20
      vertex -8.36667 3.72046 18.8
      vertex -8.87918 3.33551 18.8
    endloop
  endfacet
  facet normal -0.608088 0.79387 0
    outer loop
      vertex -8.87918 3.33551 18.8
      vertex -9.30457 3.00967 20
      vertex -8.87918 3.33551 20
    endloop
  endfacet
  facet normal -0.608088 0.79387 0
    outer loop
      vertex -9.30457 3.00967 20
      vertex -8.87918 3.33551 18.8
      vertex -9.30457 3.00967 18.8
    endloop
  endfacet
  facet normal 0.258818 0.965926 -0
    outer loop
      vertex -9.30457 3.00967 18.8
      vertex -11.1537 3.50514 20
      vertex -9.30457 3.00967 20
    endloop
  endfacet
  facet normal 0.258818 0.965926 0
    outer loop
      vertex -11.1537 3.50514 20
      vertex -9.30457 3.00967 18.8
      vertex -11.1537 3.50514 18.8
    endloop
  endfacet
  facet normal 0.600566 0.799575 -0
    outer loop
      vertex 8.87918 3.33551 18.8
      vertex 8.36667 3.72046 20
      vertex 8.87918 3.33551 20
    endloop
  endfacet
  facet normal 0.600566 0.799575 0
    outer loop
      vertex 8.36667 3.72046 20
      vertex 8.87918 3.33551 18.8
      vertex 8.36667 3.72046 18.8
    endloop
  endfacet
  facet normal 0.667268 0.744817 -0
    outer loop
      vertex 8.36667 3.72046 18.8
      vertex 7.96088 4.084 20
      vertex 8.36667 3.72046 20
    endloop
  endfacet
  facet normal 0.667268 0.744817 0
    outer loop
      vertex 7.96088 4.084 20
      vertex 8.36667 3.72046 18.8
      vertex 7.96088 4.084 18.8
    endloop
  endfacet
  facet normal 0.797714 0.603036 0
    outer loop
      vertex 7.96088 4.084 20
      vertex 7.69337 4.43787 18.8
      vertex 7.69337 4.43787 20
    endloop
  endfacet
  facet normal 0.797714 0.603036 0
    outer loop
      vertex 7.69337 4.43787 18.8
      vertex 7.96088 4.084 20
      vertex 7.96088 4.084 18.8
    endloop
  endfacet
  facet normal 0.921117 0.389286 0
    outer loop
      vertex 7.69337 4.43787 20
      vertex 7.51785 4.85318 18.8
      vertex 7.51785 4.85318 20
    endloop
  endfacet
  facet normal 0.921117 0.389286 0
    outer loop
      vertex 7.51785 4.85318 18.8
      vertex 7.69337 4.43787 20
      vertex 7.69337 4.43787 18.8
    endloop
  endfacet
  facet normal 0.978669 0.205446 0
    outer loop
      vertex 7.51785 4.85318 20
      vertex 7.40273 5.40157 18.8
      vertex 7.40273 5.40157 20
    endloop
  endfacet
  facet normal 0.978669 0.205446 0
    outer loop
      vertex 7.40273 5.40157 18.8
      vertex 7.51785 4.85318 20
      vertex 7.51785 4.85318 18.8
    endloop
  endfacet
  facet normal 0.992735 0.120324 0
    outer loop
      vertex 7.40273 5.40157 20
      vertex 7.31969 6.08669 18.8
      vertex 7.31969 6.08669 20
    endloop
  endfacet
  facet normal 0.992735 0.120324 0
    outer loop
      vertex 7.31969 6.08669 18.8
      vertex 7.40273 5.40157 20
      vertex 7.40273 5.40157 18.8
    endloop
  endfacet
  facet normal 0.991557 0.129672 0
    outer loop
      vertex 7.31969 6.08669 20
      vertex 7.25887 6.55176 18.8
      vertex 7.25887 6.55176 20
    endloop
  endfacet
  facet normal 0.991557 0.129672 0
    outer loop
      vertex 7.25887 6.55176 18.8
      vertex 7.31969 6.08669 20
      vertex 7.31969 6.08669 18.8
    endloop
  endfacet
  facet normal 0.707112 -0.707102 0
    outer loop
      vertex 7.25887 6.55176 20
      vertex 8.61299 7.9059 18.8
      vertex 8.61299 7.9059 20
    endloop
  endfacet
  facet normal 0.707112 -0.707102 0
    outer loop
      vertex 8.61299 7.9059 18.8
      vertex 7.25887 6.55176 20
      vertex 7.25887 6.55176 18.8
    endloop
  endfacet
  facet normal -0.99152 -0.129954 0
    outer loop
      vertex 8.61534 7.88797 18.8
      vertex 8.61299 7.9059 20
      vertex 8.61299 7.9059 18.8
    endloop
  endfacet
  facet normal -0.99152 -0.129954 0
    outer loop
      vertex 8.61299 7.9059 20
      vertex 8.61534 7.88797 18.8
      vertex 8.61534 7.88797 20
    endloop
  endfacet
  facet normal -0.992734 -0.120326 0
    outer loop
      vertex 8.72606 6.97449 18.8
      vertex 8.61534 7.88797 20
      vertex 8.61534 7.88797 18.8
    endloop
  endfacet
  facet normal -0.992734 -0.120326 0
    outer loop
      vertex 8.61534 7.88797 20
      vertex 8.72606 6.97449 18.8
      vertex 8.72606 6.97449 20
    endloop
  endfacet
  facet normal -0.978669 -0.205445 0
    outer loop
      vertex 8.89429 6.1731 18.8
      vertex 8.72606 6.97449 20
      vertex 8.72606 6.97449 18.8
    endloop
  endfacet
  facet normal -0.978669 -0.205445 0
    outer loop
      vertex 8.72606 6.97449 20
      vertex 8.89429 6.1731 18.8
      vertex 8.89429 6.1731 20
    endloop
  endfacet
  facet normal -0.956951 -0.290248 0
    outer loop
      vertex 8.92274 6.0793 18.8
      vertex 8.89429 6.1731 20
      vertex 8.89429 6.1731 18.8
    endloop
  endfacet
  facet normal -0.956951 -0.290248 0
    outer loop
      vertex 8.89429 6.1731 20
      vertex 8.92274 6.0793 18.8
      vertex 8.92274 6.0793 20
    endloop
  endfacet
  facet normal -0.921099 -0.389329 0
    outer loop
      vertex 9.21236 5.3941 18.8
      vertex 8.92274 6.0793 20
      vertex 8.92274 6.0793 18.8
    endloop
  endfacet
  facet normal -0.921099 -0.389329 0
    outer loop
      vertex 8.92274 6.0793 20
      vertex 9.21236 5.3941 18.8
      vertex 9.21236 5.3941 20
    endloop
  endfacet
  facet normal -0.881935 -0.471372 0
    outer loop
      vertex 9.25856 5.30766 18.8
      vertex 9.21236 5.3941 20
      vertex 9.21236 5.3941 18.8
    endloop
  endfacet
  facet normal -0.881935 -0.471372 0
    outer loop
      vertex 9.21236 5.3941 20
      vertex 9.25856 5.30766 18.8
      vertex 9.25856 5.30766 20
    endloop
  endfacet
  facet normal -0.79771 -0.603041 0
    outer loop
      vertex 9.70715 4.71426 18.8
      vertex 9.25856 5.30766 20
      vertex 9.25856 5.30766 18.8
    endloop
  endfacet
  facet normal -0.79771 -0.603041 0
    outer loop
      vertex 9.25856 5.30766 20
      vertex 9.70715 4.71426 18.8
      vertex 9.70715 4.71426 20
    endloop
  endfacet
  facet normal -0.773025 -0.634376 0
    outer loop
      vertex 9.76933 4.63849 18.8
      vertex 9.70715 4.71426 20
      vertex 9.70715 4.71426 18.8
    endloop
  endfacet
  facet normal -0.773025 -0.634376 0
    outer loop
      vertex 9.70715 4.71426 20
      vertex 9.76933 4.63849 18.8
      vertex 9.76933 4.63849 20
    endloop
  endfacet
  facet normal -0.667281 -0.744806 0
    outer loop
      vertex 9.76933 4.63849 18.8
      vertex 10.3792 4.0921 20
      vertex 9.76933 4.63849 20
    endloop
  endfacet
  facet normal -0.667281 -0.744806 -0
    outer loop
      vertex 10.3792 4.0921 20
      vertex 9.76933 4.63849 18.8
      vertex 10.3792 4.0921 18.8
    endloop
  endfacet
  facet normal -0.634226 -0.773148 0
    outer loop
      vertex 10.3792 4.0921 18.8
      vertex 10.455 4.02992 20
      vertex 10.3792 4.0921 20
    endloop
  endfacet
  facet normal -0.634226 -0.773148 -0
    outer loop
      vertex 10.455 4.02992 20
      vertex 10.3792 4.0921 18.8
      vertex 10.455 4.02992 18.8
    endloop
  endfacet
  facet normal -0.600553 -0.799585 0
    outer loop
      vertex 10.455 4.02992 18.8
      vertex 11.1537 3.50514 20
      vertex 10.455 4.02992 20
    endloop
  endfacet
  facet normal -0.600553 -0.799585 -0
    outer loop
      vertex 11.1537 3.50514 20
      vertex 10.455 4.02992 18.8
      vertex 11.1537 3.50514 18.8
    endloop
  endfacet
  facet normal -0.258818 0.965926 0
    outer loop
      vertex 11.1537 3.50514 18.8
      vertex 9.30457 3.00967 20
      vertex 11.1537 3.50514 20
    endloop
  endfacet
  facet normal -0.258818 0.965926 0
    outer loop
      vertex 9.30457 3.00967 20
      vertex 11.1537 3.50514 18.8
      vertex 9.30457 3.00967 18.8
    endloop
  endfacet
  facet normal 0.608088 0.79387 -0
    outer loop
      vertex 9.30457 3.00967 18.8
      vertex 8.87918 3.33551 20
      vertex 9.30457 3.00967 20
    endloop
  endfacet
  facet normal 0.608088 0.79387 0
    outer loop
      vertex 8.87918 3.33551 20
      vertex 9.30457 3.00967 18.8
      vertex 8.87918 3.33551 18.8
    endloop
  endfacet
  facet normal 0.600571 -0.799571 0
    outer loop
      vertex -8.08536 2.68298 18.8
      vertex -7.7718 2.9185 20
      vertex -8.08536 2.68298 20
    endloop
  endfacet
  facet normal 0.600571 -0.799571 0
    outer loop
      vertex -7.7718 2.9185 20
      vertex -8.08536 2.68298 18.8
      vertex -7.7718 2.9185 18.8
    endloop
  endfacet
  facet normal 0.634376 -0.773025 0
    outer loop
      vertex -7.7718 2.9185 18.8
      vertex -7.69603 2.98068 20
      vertex -7.7718 2.9185 20
    endloop
  endfacet
  facet normal 0.634376 -0.773025 0
    outer loop
      vertex -7.69603 2.98068 20
      vertex -7.7718 2.9185 18.8
      vertex -7.69603 2.98068 18.8
    endloop
  endfacet
  facet normal 0.667274 -0.744812 0
    outer loop
      vertex -7.69603 2.98068 18.8
      vertex -7.2386 3.39049 20
      vertex -7.69603 2.98068 20
    endloop
  endfacet
  facet normal 0.667274 -0.744812 0
    outer loop
      vertex -7.2386 3.39049 20
      vertex -7.69603 2.98068 18.8
      vertex -7.2386 3.39049 18.8
    endloop
  endfacet
  facet normal 0.772984 -0.634426 0
    outer loop
      vertex -7.2386 3.39049 20
      vertex -7.17642 3.46625 18.8
      vertex -7.17642 3.46625 20
    endloop
  endfacet
  facet normal 0.772984 -0.634426 0
    outer loop
      vertex -7.17642 3.46625 18.8
      vertex -7.2386 3.39049 20
      vertex -7.2386 3.39049 18.8
    endloop
  endfacet
  facet normal 0.797712 -0.603038 0
    outer loop
      vertex -7.17642 3.46625 20
      vertex -6.83998 3.9113 18.8
      vertex -6.83998 3.9113 20
    endloop
  endfacet
  facet normal 0.797712 -0.603038 0
    outer loop
      vertex -6.83998 3.9113 18.8
      vertex -7.17642 3.46625 20
      vertex -7.17642 3.46625 18.8
    endloop
  endfacet
  facet normal 0.881935 -0.471372 0
    outer loop
      vertex -6.83998 3.9113 20
      vertex -6.79378 3.99774 18.8
      vertex -6.79378 3.99774 20
    endloop
  endfacet
  facet normal 0.881935 -0.471372 0
    outer loop
      vertex -6.79378 3.99774 18.8
      vertex -6.83998 3.9113 20
      vertex -6.83998 3.9113 18.8
    endloop
  endfacet
  facet normal 0.921102 -0.389322 0
    outer loop
      vertex -6.79378 3.99774 20
      vertex -6.57657 4.51164 18.8
      vertex -6.57657 4.51164 20
    endloop
  endfacet
  facet normal 0.921102 -0.389322 0
    outer loop
      vertex -6.57657 4.51164 18.8
      vertex -6.79378 3.99774 20
      vertex -6.79378 3.99774 18.8
    endloop
  endfacet
  facet normal 0.95698 -0.290155 0
    outer loop
      vertex -6.57657 4.51164 20
      vertex -6.54813 4.60544 18.8
      vertex -6.54813 4.60544 20
    endloop
  endfacet
  facet normal 0.95698 -0.290155 0
    outer loop
      vertex -6.54813 4.60544 18.8
      vertex -6.57657 4.51164 20
      vertex -6.57657 4.51164 18.8
    endloop
  endfacet
  facet normal 0.978662 -0.205476 0
    outer loop
      vertex -6.54813 4.60544 20
      vertex -6.42194 5.20647 18.8
      vertex -6.42194 5.20647 20
    endloop
  endfacet
  facet normal 0.978662 -0.205476 0
    outer loop
      vertex -6.42194 5.20647 18.8
      vertex -6.54813 4.60544 20
      vertex -6.54813 4.60544 18.8
    endloop
  endfacet
  facet normal 0.992737 -0.120307 0
    outer loop
      vertex -6.42194 5.20647 20
      vertex -6.36699 5.6599 18.8
      vertex -6.36699 5.6599 20
    endloop
  endfacet
  facet normal 0.992737 -0.120307 0
    outer loop
      vertex -6.36699 5.6599 18.8
      vertex -6.42194 5.20647 20
      vertex -6.42194 5.20647 18.8
    endloop
  endfacet
  facet normal -0.707109 -0.707104 0
    outer loop
      vertex -5.01482 4.30772 18.8
      vertex -6.36699 5.6599 20
      vertex -6.36699 5.6599 18.8
    endloop
  endfacet
  facet normal -0.707109 -0.707104 0
    outer loop
      vertex -6.36699 5.6599 20
      vertex -5.01482 4.30772 18.8
      vertex -5.01482 4.30772 20
    endloop
  endfacet
  facet normal -0.991553 0.129702 0
    outer loop
      vertex -5.04326 4.0903 18.8
      vertex -5.01482 4.30772 20
      vertex -5.01482 4.30772 18.8
    endloop
  endfacet
  facet normal -0.991553 0.129702 0
    outer loop
      vertex -5.01482 4.30772 20
      vertex -5.04326 4.0903 18.8
      vertex -5.04326 4.0903 20
    endloop
  endfacet
  facet normal -0.992734 0.120326 0
    outer loop
      vertex -5.09862 3.63356 18.8
      vertex -5.04326 4.0903 20
      vertex -5.04326 4.0903 18.8
    endloop
  endfacet
  facet normal -0.992734 0.120326 0
    outer loop
      vertex -5.04326 4.0903 20
      vertex -5.09862 3.63356 18.8
      vertex -5.09862 3.63356 20
    endloop
  endfacet
  facet normal -0.978671 0.205434 0
    outer loop
      vertex -5.17169 3.28546 18.8
      vertex -5.09862 3.63356 20
      vertex -5.09862 3.63356 18.8
    endloop
  endfacet
  facet normal -0.978671 0.205434 0
    outer loop
      vertex -5.09862 3.63356 20
      vertex -5.17169 3.28546 18.8
      vertex -5.17169 3.28546 20
    endloop
  endfacet
  facet normal -0.921094 0.389339 0
    outer loop
      vertex -5.27481 3.0415 18.8
      vertex -5.17169 3.28546 20
      vertex -5.17169 3.28546 18.8
    endloop
  endfacet
  facet normal -0.921094 0.389339 0
    outer loop
      vertex -5.17169 3.28546 20
      vertex -5.27481 3.0415 18.8
      vertex -5.27481 3.0415 20
    endloop
  endfacet
  facet normal -0.797703 0.603051 0
    outer loop
      vertex -5.43018 2.83598 18.8
      vertex -5.27481 3.0415 20
      vertex -5.27481 3.0415 18.8
    endloop
  endfacet
  facet normal -0.797703 0.603051 0
    outer loop
      vertex -5.27481 3.0415 20
      vertex -5.43018 2.83598 18.8
      vertex -5.43018 2.83598 20
    endloop
  endfacet
  facet normal -0.667274 0.744812 0
    outer loop
      vertex -5.43018 2.83598 18.8
      vertex -5.68358 2.60896 20
      vertex -5.43018 2.83598 20
    endloop
  endfacet
  facet normal -0.667274 0.744812 0
    outer loop
      vertex -5.68358 2.60896 20
      vertex -5.43018 2.83598 18.8
      vertex -5.68358 2.60896 18.8
    endloop
  endfacet
  facet normal -0.600572 0.79957 0
    outer loop
      vertex -5.68358 2.60896 18.8
      vertex -6.01205 2.36224 20
      vertex -5.68358 2.60896 20
    endloop
  endfacet
  facet normal -0.600572 0.79957 0
    outer loop
      vertex -6.01205 2.36224 20
      vertex -5.68358 2.60896 18.8
      vertex -6.01205 2.36224 18.8
    endloop
  endfacet
  facet normal -0.608079 0.793876 0
    outer loop
      vertex -6.01205 2.36224 18.8
      vertex -6.23915 2.18829 20
      vertex -6.01205 2.36224 20
    endloop
  endfacet
  facet normal -0.608079 0.793876 0
    outer loop
      vertex -6.23915 2.18829 20
      vertex -6.01205 2.36224 18.8
      vertex -6.23915 2.18829 18.8
    endloop
  endfacet
  facet normal 0.258819 0.965926 -0
    outer loop
      vertex -6.23915 2.18829 18.8
      vertex -8.08536 2.68298 20
      vertex -6.23915 2.18829 20
    endloop
  endfacet
  facet normal 0.258819 0.965926 0
    outer loop
      vertex -8.08536 2.68298 20
      vertex -6.23915 2.18829 18.8
      vertex -8.08536 2.68298 18.8
    endloop
  endfacet
  facet normal 0.600572 0.79957 -0
    outer loop
      vertex 6.01205 2.36224 18.8
      vertex 5.68358 2.60896 20
      vertex 6.01205 2.36224 20
    endloop
  endfacet
  facet normal 0.600572 0.79957 0
    outer loop
      vertex 5.68358 2.60896 20
      vertex 6.01205 2.36224 18.8
      vertex 5.68358 2.60896 18.8
    endloop
  endfacet
  facet normal 0.667274 0.744812 -0
    outer loop
      vertex 5.68358 2.60896 18.8
      vertex 5.43018 2.83598 20
      vertex 5.68358 2.60896 20
    endloop
  endfacet
  facet normal 0.667274 0.744812 0
    outer loop
      vertex 5.43018 2.83598 20
      vertex 5.68358 2.60896 18.8
      vertex 5.43018 2.83598 18.8
    endloop
  endfacet
  facet normal 0.797703 0.603051 0
    outer loop
      vertex 5.43018 2.83598 20
      vertex 5.27481 3.0415 18.8
      vertex 5.27481 3.0415 20
    endloop
  endfacet
  facet normal 0.797703 0.603051 0
    outer loop
      vertex 5.27481 3.0415 18.8
      vertex 5.43018 2.83598 20
      vertex 5.43018 2.83598 18.8
    endloop
  endfacet
  facet normal 0.921094 0.389339 0
    outer loop
      vertex 5.27481 3.0415 20
      vertex 5.17169 3.28546 18.8
      vertex 5.17169 3.28546 20
    endloop
  endfacet
  facet normal 0.921094 0.389339 0
    outer loop
      vertex 5.17169 3.28546 18.8
      vertex 5.27481 3.0415 20
      vertex 5.27481 3.0415 18.8
    endloop
  endfacet
  facet normal 0.978671 0.205434 0
    outer loop
      vertex 5.17169 3.28546 20
      vertex 5.09862 3.63356 18.8
      vertex 5.09862 3.63356 20
    endloop
  endfacet
  facet normal 0.978671 0.205434 0
    outer loop
      vertex 5.09862 3.63356 18.8
      vertex 5.17169 3.28546 20
      vertex 5.17169 3.28546 18.8
    endloop
  endfacet
  facet normal 0.992734 0.120326 0
    outer loop
      vertex 5.09862 3.63356 20
      vertex 5.04326 4.0903 18.8
      vertex 5.04326 4.0903 20
    endloop
  endfacet
  facet normal 0.992734 0.120326 0
    outer loop
      vertex 5.04326 4.0903 18.8
      vertex 5.09862 3.63356 20
      vertex 5.09862 3.63356 18.8
    endloop
  endfacet
  facet normal 0.991553 0.129702 0
    outer loop
      vertex 5.04326 4.0903 20
      vertex 5.01482 4.30772 18.8
      vertex 5.01482 4.30772 20
    endloop
  endfacet
  facet normal 0.991553 0.129702 0
    outer loop
      vertex 5.01482 4.30772 18.8
      vertex 5.04326 4.0903 20
      vertex 5.04326 4.0903 18.8
    endloop
  endfacet
  facet normal 0.707109 -0.707104 0
    outer loop
      vertex 5.01482 4.30772 20
      vertex 6.36699 5.6599 18.8
      vertex 6.36699 5.6599 20
    endloop
  endfacet
  facet normal 0.707109 -0.707104 0
    outer loop
      vertex 6.36699 5.6599 18.8
      vertex 5.01482 4.30772 20
      vertex 5.01482 4.30772 18.8
    endloop
  endfacet
  facet normal -0.992737 -0.120307 0
    outer loop
      vertex 6.42194 5.20647 18.8
      vertex 6.36699 5.6599 20
      vertex 6.36699 5.6599 18.8
    endloop
  endfacet
  facet normal -0.992737 -0.120307 0
    outer loop
      vertex 6.36699 5.6599 20
      vertex 6.42194 5.20647 18.8
      vertex 6.42194 5.20647 20
    endloop
  endfacet
  facet normal -0.978662 -0.205476 0
    outer loop
      vertex 6.54813 4.60544 18.8
      vertex 6.42194 5.20647 20
      vertex 6.42194 5.20647 18.8
    endloop
  endfacet
  facet normal -0.978662 -0.205476 0
    outer loop
      vertex 6.42194 5.20647 20
      vertex 6.54813 4.60544 18.8
      vertex 6.54813 4.60544 20
    endloop
  endfacet
  facet normal -0.95698 -0.290155 0
    outer loop
      vertex 6.57657 4.51164 18.8
      vertex 6.54813 4.60544 20
      vertex 6.54813 4.60544 18.8
    endloop
  endfacet
  facet normal -0.95698 -0.290155 0
    outer loop
      vertex 6.54813 4.60544 20
      vertex 6.57657 4.51164 18.8
      vertex 6.57657 4.51164 20
    endloop
  endfacet
  facet normal -0.921102 -0.389322 0
    outer loop
      vertex 6.79378 3.99774 18.8
      vertex 6.57657 4.51164 20
      vertex 6.57657 4.51164 18.8
    endloop
  endfacet
  facet normal -0.921102 -0.389322 0
    outer loop
      vertex 6.57657 4.51164 20
      vertex 6.79378 3.99774 18.8
      vertex 6.79378 3.99774 20
    endloop
  endfacet
  facet normal -0.881935 -0.471372 0
    outer loop
      vertex 6.83998 3.9113 18.8
      vertex 6.79378 3.99774 20
      vertex 6.79378 3.99774 18.8
    endloop
  endfacet
  facet normal -0.881935 -0.471372 0
    outer loop
      vertex 6.79378 3.99774 20
      vertex 6.83998 3.9113 18.8
      vertex 6.83998 3.9113 20
    endloop
  endfacet
  facet normal -0.797712 -0.603038 0
    outer loop
      vertex 7.17642 3.46625 18.8
      vertex 6.83998 3.9113 20
      vertex 6.83998 3.9113 18.8
    endloop
  endfacet
  facet normal -0.797712 -0.603038 0
    outer loop
      vertex 6.83998 3.9113 20
      vertex 7.17642 3.46625 18.8
      vertex 7.17642 3.46625 20
    endloop
  endfacet
  facet normal -0.772984 -0.634426 0
    outer loop
      vertex 7.2386 3.39049 18.8
      vertex 7.17642 3.46625 20
      vertex 7.17642 3.46625 18.8
    endloop
  endfacet
  facet normal -0.772984 -0.634426 0
    outer loop
      vertex 7.17642 3.46625 20
      vertex 7.2386 3.39049 18.8
      vertex 7.2386 3.39049 20
    endloop
  endfacet
  facet normal -0.667274 -0.744812 0
    outer loop
      vertex 7.2386 3.39049 18.8
      vertex 7.69603 2.98068 20
      vertex 7.2386 3.39049 20
    endloop
  endfacet
  facet normal -0.667274 -0.744812 -0
    outer loop
      vertex 7.69603 2.98068 20
      vertex 7.2386 3.39049 18.8
      vertex 7.69603 2.98068 18.8
    endloop
  endfacet
  facet normal -0.634376 -0.773025 0
    outer loop
      vertex 7.69603 2.98068 18.8
      vertex 7.7718 2.9185 20
      vertex 7.69603 2.98068 20
    endloop
  endfacet
  facet normal -0.634376 -0.773025 -0
    outer loop
      vertex 7.7718 2.9185 20
      vertex 7.69603 2.98068 18.8
      vertex 7.7718 2.9185 18.8
    endloop
  endfacet
  facet normal -0.600571 -0.799571 0
    outer loop
      vertex 7.7718 2.9185 18.8
      vertex 8.08536 2.68298 20
      vertex 7.7718 2.9185 20
    endloop
  endfacet
  facet normal -0.600571 -0.799571 -0
    outer loop
      vertex 8.08536 2.68298 20
      vertex 7.7718 2.9185 18.8
      vertex 8.08536 2.68298 18.8
    endloop
  endfacet
  facet normal -0.258819 0.965926 0
    outer loop
      vertex 8.08536 2.68298 18.8
      vertex 6.23915 2.18829 20
      vertex 8.08536 2.68298 20
    endloop
  endfacet
  facet normal -0.258819 0.965926 0
    outer loop
      vertex 6.23915 2.18829 20
      vertex 8.08536 2.68298 18.8
      vertex 6.23915 2.18829 18.8
    endloop
  endfacet
  facet normal 0.608079 0.793876 -0
    outer loop
      vertex 6.23915 2.18829 18.8
      vertex 6.01205 2.36224 20
      vertex 6.23915 2.18829 20
    endloop
  endfacet
  facet normal 0.608079 0.793876 0
    outer loop
      vertex 6.01205 2.36224 20
      vertex 6.23915 2.18829 18.8
      vertex 6.01205 2.36224 18.8
    endloop
  endfacet
  facet normal 0.311388 0.950283 -0
    outer loop
      vertex -0.0757904 3.30467 18.8
      vertex -0.187729 3.34135 20
      vertex -0.0757904 3.30467 20
    endloop
  endfacet
  facet normal 0.311388 0.950283 0
    outer loop
      vertex -0.187729 3.34135 20
      vertex -0.0757904 3.30467 18.8
      vertex -0.187729 3.34135 18.8
    endloop
  endfacet
  facet normal 0.392207 0.919877 -0
    outer loop
      vertex -0.187729 3.34135 18.8
      vertex -0.399353 3.43158 20
      vertex -0.187729 3.34135 20
    endloop
  endfacet
  facet normal 0.392207 0.919877 0
    outer loop
      vertex -0.399353 3.43158 20
      vertex -0.187729 3.34135 18.8
      vertex -0.399353 3.43158 18.8
    endloop
  endfacet
  facet normal 0.384373 0.923178 -0
    outer loop
      vertex -0.399353 3.43158 18.8
      vertex -0.403412 3.43327 20
      vertex -0.399353 3.43158 20
    endloop
  endfacet
  facet normal 0.384373 0.923178 0
    outer loop
      vertex -0.403412 3.43327 20
      vertex -0.399353 3.43158 18.8
      vertex -0.403412 3.43327 18.8
    endloop
  endfacet
  facet normal 0.965924 0.258824 0
    outer loop
      vertex -0.403412 3.43327 20
      vertex -0.898285 5.28012 18.8
      vertex -0.898285 5.28012 20
    endloop
  endfacet
  facet normal 0.965924 0.258824 0
    outer loop
      vertex -0.898285 5.28012 18.8
      vertex -0.403412 3.43327 20
      vertex -0.403412 3.43327 18.8
    endloop
  endfacet
  facet normal -0.311427 -0.95027 0
    outer loop
      vertex -0.898285 5.28012 18.8
      vertex -0.56044 5.1694 20
      vertex -0.898285 5.28012 20
    endloop
  endfacet
  facet normal -0.311427 -0.95027 -0
    outer loop
      vertex -0.56044 5.1694 20
      vertex -0.898285 5.28012 18.8
      vertex -0.56044 5.1694 18.8
    endloop
  endfacet
  facet normal -0.290123 -0.956989 0
    outer loop
      vertex -0.56044 5.1694 18.8
      vertex -0.466629 5.14096 20
      vertex -0.56044 5.1694 20
    endloop
  endfacet
  facet normal -0.290123 -0.956989 -0
    outer loop
      vertex -0.466629 5.14096 20
      vertex -0.56044 5.1694 18.8
      vertex -0.466629 5.14096 18.8
    endloop
  endfacet
  facet normal -0.123408 -0.992356 0
    outer loop
      vertex -0.466629 5.14096 18.8
      vertex -0.0975342 5.09506 20
      vertex -0.466629 5.14096 20
    endloop
  endfacet
  facet normal -0.123408 -0.992356 -0
    outer loop
      vertex -0.0975342 5.09506 20
      vertex -0.466629 5.14096 18.8
      vertex -0.0975342 5.09506 18.8
    endloop
  endfacet
  facet normal -0.0980547 -0.995181 0
    outer loop
      vertex -0.0975342 5.09506 18.8
      vertex 0 5.08545 20
      vertex -0.0975342 5.09506 20
    endloop
  endfacet
  facet normal -0.0980547 -0.995181 -0
    outer loop
      vertex 0 5.08545 20
      vertex -0.0975342 5.09506 18.8
      vertex 0 5.08545 18.8
    endloop
  endfacet
  facet normal 0.0980547 -0.995181 0
    outer loop
      vertex 0 5.08545 18.8
      vertex 0.0975342 5.09506 20
      vertex 0 5.08545 20
    endloop
  endfacet
  facet normal 0.0980547 -0.995181 0
    outer loop
      vertex 0.0975342 5.09506 20
      vertex 0 5.08545 18.8
      vertex 0.0975342 5.09506 18.8
    endloop
  endfacet
  facet normal 0.123408 -0.992356 0
    outer loop
      vertex 0.0975342 5.09506 18.8
      vertex 0.466629 5.14096 20
      vertex 0.0975342 5.09506 20
    endloop
  endfacet
  facet normal 0.123408 -0.992356 0
    outer loop
      vertex 0.466629 5.14096 20
      vertex 0.0975342 5.09506 18.8
      vertex 0.466629 5.14096 18.8
    endloop
  endfacet
  facet normal 0.290123 -0.956989 0
    outer loop
      vertex 0.466629 5.14096 18.8
      vertex 0.56044 5.1694 20
      vertex 0.466629 5.14096 20
    endloop
  endfacet
  facet normal 0.290123 -0.956989 0
    outer loop
      vertex 0.56044 5.1694 20
      vertex 0.466629 5.14096 18.8
      vertex 0.56044 5.1694 18.8
    endloop
  endfacet
  facet normal 0.311427 -0.95027 0
    outer loop
      vertex 0.56044 5.1694 18.8
      vertex 0.898285 5.28012 20
      vertex 0.56044 5.1694 20
    endloop
  endfacet
  facet normal 0.311427 -0.95027 0
    outer loop
      vertex 0.898285 5.28012 20
      vertex 0.56044 5.1694 18.8
      vertex 0.898285 5.28012 18.8
    endloop
  endfacet
  facet normal -0.965924 0.258824 0
    outer loop
      vertex 0.403412 3.43327 18.8
      vertex 0.898285 5.28012 20
      vertex 0.898285 5.28012 18.8
    endloop
  endfacet
  facet normal -0.965924 0.258824 0
    outer loop
      vertex 0.898285 5.28012 20
      vertex 0.403412 3.43327 18.8
      vertex 0.403412 3.43327 20
    endloop
  endfacet
  facet normal -0.384373 0.923178 0
    outer loop
      vertex 0.403412 3.43327 18.8
      vertex 0.399353 3.43158 20
      vertex 0.403412 3.43327 20
    endloop
  endfacet
  facet normal -0.384373 0.923178 0
    outer loop
      vertex 0.399353 3.43158 20
      vertex 0.403412 3.43327 18.8
      vertex 0.399353 3.43158 18.8
    endloop
  endfacet
  facet normal -0.392207 0.919877 0
    outer loop
      vertex 0.399353 3.43158 18.8
      vertex 0.187729 3.34135 20
      vertex 0.399353 3.43158 20
    endloop
  endfacet
  facet normal -0.392207 0.919877 0
    outer loop
      vertex 0.187729 3.34135 20
      vertex 0.399353 3.43158 18.8
      vertex 0.187729 3.34135 18.8
    endloop
  endfacet
  facet normal -0.311388 0.950283 0
    outer loop
      vertex 0.187729 3.34135 18.8
      vertex 0.0757904 3.30467 20
      vertex 0.187729 3.34135 20
    endloop
  endfacet
  facet normal -0.311388 0.950283 0
    outer loop
      vertex 0.0757904 3.30467 20
      vertex 0.187729 3.34135 18.8
      vertex 0.0757904 3.30467 18.8
    endloop
  endfacet
  facet normal -0.12347 0.992348 0
    outer loop
      vertex 0.0757904 3.30467 18.8
      vertex 0 3.29524 20
      vertex 0.0757904 3.30467 20
    endloop
  endfacet
  facet normal -0.12347 0.992348 0
    outer loop
      vertex 0 3.29524 20
      vertex 0.0757904 3.30467 18.8
      vertex 0 3.29524 18.8
    endloop
  endfacet
  facet normal 0.12347 0.992348 -0
    outer loop
      vertex 0 3.29524 18.8
      vertex -0.0757904 3.30467 20
      vertex 0 3.29524 20
    endloop
  endfacet
  facet normal 0.12347 0.992348 0
    outer loop
      vertex -0.0757904 3.30467 20
      vertex 0 3.29524 18.8
      vertex -0.0757904 3.30467 18.8
    endloop
  endfacet
  facet normal 0.205546 0.978647 -0
    outer loop
      vertex 1.86554 2.79449 18.8
      vertex 1.7178 2.82552 20
      vertex 1.86554 2.79449 20
    endloop
  endfacet
  facet normal 0.205546 0.978647 0
    outer loop
      vertex 1.7178 2.82552 20
      vertex 1.86554 2.79449 18.8
      vertex 1.7178 2.82552 18.8
    endloop
  endfacet
  facet normal 0.389292 0.921114 -0
    outer loop
      vertex 1.7178 2.82552 18.8
      vertex 1.64516 2.85622 20
      vertex 1.7178 2.82552 20
    endloop
  endfacet
  facet normal 0.389292 0.921114 0
    outer loop
      vertex 1.64516 2.85622 20
      vertex 1.7178 2.82552 18.8
      vertex 1.64516 2.85622 18.8
    endloop
  endfacet
  facet normal 0.603028 0.79772 -0
    outer loop
      vertex 1.64516 2.85622 18.8
      vertex 1.58792 2.89949 20
      vertex 1.64516 2.85622 20
    endloop
  endfacet
  facet normal 0.603028 0.79772 0
    outer loop
      vertex 1.58792 2.89949 20
      vertex 1.64516 2.85622 18.8
      vertex 1.58792 2.89949 18.8
    endloop
  endfacet
  facet normal 0.744812 0.667274 0
    outer loop
      vertex 1.58792 2.89949 20
      vertex 1.49756 3.00035 18.8
      vertex 1.49756 3.00035 20
    endloop
  endfacet
  facet normal 0.744812 0.667274 0
    outer loop
      vertex 1.49756 3.00035 18.8
      vertex 1.58792 2.89949 20
      vertex 1.58792 2.89949 18.8
    endloop
  endfacet
  facet normal 0.799602 0.600531 0
    outer loop
      vertex 1.49756 3.00035 20
      vertex 1.38899 3.14491 18.8
      vertex 1.38899 3.14491 20
    endloop
  endfacet
  facet normal 0.799602 0.600531 0
    outer loop
      vertex 1.38899 3.14491 18.8
      vertex 1.49756 3.00035 20
      vertex 1.49756 3.00035 18.8
    endloop
  endfacet
  facet normal 0.793974 0.607951 0
    outer loop
      vertex 1.38899 3.14491 20
      vertex 1.36693 3.17372 18.8
      vertex 1.36693 3.17372 20
    endloop
  endfacet
  facet normal 0.793974 0.607951 0
    outer loop
      vertex 1.36693 3.17372 18.8
      vertex 1.38899 3.14491 20
      vertex 1.38899 3.14491 18.8
    endloop
  endfacet
  facet normal 0.965928 -0.258813 0
    outer loop
      vertex 1.36693 3.17372 20
      vertex 1.86206 5.02162 18.8
      vertex 1.86206 5.02162 20
    endloop
  endfacet
  facet normal 0.965928 -0.258813 0
    outer loop
      vertex 1.86206 5.02162 18.8
      vertex 1.36693 3.17372 20
      vertex 1.36693 3.17372 18.8
    endloop
  endfacet
  facet normal -0.772742 -0.634721 0
    outer loop
      vertex 1.86928 5.01283 18.8
      vertex 1.86206 5.02162 20
      vertex 1.86206 5.02162 18.8
    endloop
  endfacet
  facet normal -0.772742 -0.634721 0
    outer loop
      vertex 1.86206 5.02162 20
      vertex 1.86928 5.01283 18.8
      vertex 1.86928 5.01283 20
    endloop
  endfacet
  facet normal -0.744818 -0.667268 0
    outer loop
      vertex 2.14247 4.70789 18.8
      vertex 1.86928 5.01283 20
      vertex 1.86928 5.01283 18.8
    endloop
  endfacet
  facet normal -0.744818 -0.667268 0
    outer loop
      vertex 1.86928 5.01283 20
      vertex 2.14247 4.70789 18.8
      vertex 2.14247 4.70789 20
    endloop
  endfacet
  facet normal -0.634426 -0.772984 0
    outer loop
      vertex 2.14247 4.70789 18.8
      vertex 2.21823 4.64571 20
      vertex 2.14247 4.70789 20
    endloop
  endfacet
  facet normal -0.634426 -0.772984 -0
    outer loop
      vertex 2.21823 4.64571 20
      vertex 2.14247 4.70789 18.8
      vertex 2.21823 4.64571 18.8
    endloop
  endfacet
  facet normal -0.603054 -0.7977 0
    outer loop
      vertex 2.21823 4.64571 18.8
      vertex 2.51494 4.4214 20
      vertex 2.21823 4.64571 20
    endloop
  endfacet
  facet normal -0.603054 -0.7977 -0
    outer loop
      vertex 2.51494 4.4214 20
      vertex 2.21823 4.64571 18.8
      vertex 2.51494 4.4214 18.8
    endloop
  endfacet
  facet normal -0.471372 -0.881935 0
    outer loop
      vertex 2.51494 4.4214 18.8
      vertex 2.60138 4.3752 20
      vertex 2.51494 4.4214 20
    endloop
  endfacet
  facet normal -0.471372 -0.881935 -0
    outer loop
      vertex 2.60138 4.3752 20
      vertex 2.51494 4.4214 18.8
      vertex 2.60138 4.3752 18.8
    endloop
  endfacet
  facet normal -0.389339 -0.921094 0
    outer loop
      vertex 2.60138 4.3752 18.8
      vertex 2.94397 4.23039 20
      vertex 2.60138 4.3752 20
    endloop
  endfacet
  facet normal -0.389339 -0.921094 -0
    outer loop
      vertex 2.94397 4.23039 20
      vertex 2.60138 4.3752 18.8
      vertex 2.94397 4.23039 18.8
    endloop
  endfacet
  facet normal -0.290155 -0.95698 0
    outer loop
      vertex 2.94397 4.23039 18.8
      vertex 3.03777 4.20195 20
      vertex 2.94397 4.23039 20
    endloop
  endfacet
  facet normal -0.290155 -0.95698 -0
    outer loop
      vertex 3.03777 4.20195 20
      vertex 2.94397 4.23039 18.8
      vertex 3.03777 4.20195 18.8
    endloop
  endfacet
  facet normal -0.205488 -0.97866 0
    outer loop
      vertex 3.03777 4.20195 18.8
      vertex 3.41554 4.12263 20
      vertex 3.03777 4.20195 20
    endloop
  endfacet
  facet normal -0.205488 -0.97866 -0
    outer loop
      vertex 3.41554 4.12263 20
      vertex 3.03777 4.20195 18.8
      vertex 3.41554 4.12263 18.8
    endloop
  endfacet
  facet normal -0.707107 0.707107 0
    outer loop
      vertex 2.06342 2.77051 18.8
      vertex 3.41554 4.12263 20
      vertex 3.41554 4.12263 18.8
    endloop
  endfacet
  facet normal -0.707107 0.707107 0
    outer loop
      vertex 3.41554 4.12263 20
      vertex 2.06342 2.77051 18.8
      vertex 2.06342 2.77051 20
    endloop
  endfacet
  facet normal 0.120304 0.992737 -0
    outer loop
      vertex 2.06342 2.77051 18.8
      vertex 1.86554 2.79449 20
      vertex 2.06342 2.77051 20
    endloop
  endfacet
  facet normal 0.120304 0.992737 0
    outer loop
      vertex 1.86554 2.79449 20
      vertex 2.06342 2.77051 18.8
      vertex 1.86554 2.79449 18.8
    endloop
  endfacet
  facet normal 0.205488 -0.97866 0
    outer loop
      vertex -3.41554 4.12263 18.8
      vertex -3.03777 4.20195 20
      vertex -3.41554 4.12263 20
    endloop
  endfacet
  facet normal 0.205488 -0.97866 0
    outer loop
      vertex -3.03777 4.20195 20
      vertex -3.41554 4.12263 18.8
      vertex -3.03777 4.20195 18.8
    endloop
  endfacet
  facet normal 0.290155 -0.95698 0
    outer loop
      vertex -3.03777 4.20195 18.8
      vertex -2.94397 4.23039 20
      vertex -3.03777 4.20195 20
    endloop
  endfacet
  facet normal 0.290155 -0.95698 0
    outer loop
      vertex -2.94397 4.23039 20
      vertex -3.03777 4.20195 18.8
      vertex -2.94397 4.23039 18.8
    endloop
  endfacet
  facet normal 0.389339 -0.921094 0
    outer loop
      vertex -2.94397 4.23039 18.8
      vertex -2.60138 4.3752 20
      vertex -2.94397 4.23039 20
    endloop
  endfacet
  facet normal 0.389339 -0.921094 0
    outer loop
      vertex -2.60138 4.3752 20
      vertex -2.94397 4.23039 18.8
      vertex -2.60138 4.3752 18.8
    endloop
  endfacet
  facet normal 0.471372 -0.881935 0
    outer loop
      vertex -2.60138 4.3752 18.8
      vertex -2.51494 4.4214 20
      vertex -2.60138 4.3752 20
    endloop
  endfacet
  facet normal 0.471372 -0.881935 0
    outer loop
      vertex -2.51494 4.4214 20
      vertex -2.60138 4.3752 18.8
      vertex -2.51494 4.4214 18.8
    endloop
  endfacet
  facet normal 0.603054 -0.7977 0
    outer loop
      vertex -2.51494 4.4214 18.8
      vertex -2.21823 4.64571 20
      vertex -2.51494 4.4214 20
    endloop
  endfacet
  facet normal 0.603054 -0.7977 0
    outer loop
      vertex -2.21823 4.64571 20
      vertex -2.51494 4.4214 18.8
      vertex -2.21823 4.64571 18.8
    endloop
  endfacet
  facet normal 0.634426 -0.772984 0
    outer loop
      vertex -2.21823 4.64571 18.8
      vertex -2.14247 4.70789 20
      vertex -2.21823 4.64571 20
    endloop
  endfacet
  facet normal 0.634426 -0.772984 0
    outer loop
      vertex -2.14247 4.70789 20
      vertex -2.21823 4.64571 18.8
      vertex -2.14247 4.70789 18.8
    endloop
  endfacet
  facet normal 0.744818 -0.667268 0
    outer loop
      vertex -2.14247 4.70789 20
      vertex -1.86928 5.01283 18.8
      vertex -1.86928 5.01283 20
    endloop
  endfacet
  facet normal 0.744818 -0.667268 0
    outer loop
      vertex -1.86928 5.01283 18.8
      vertex -2.14247 4.70789 20
      vertex -2.14247 4.70789 18.8
    endloop
  endfacet
  facet normal 0.772742 -0.634721 0
    outer loop
      vertex -1.86928 5.01283 20
      vertex -1.86206 5.02162 18.8
      vertex -1.86206 5.02162 20
    endloop
  endfacet
  facet normal 0.772742 -0.634721 0
    outer loop
      vertex -1.86206 5.02162 18.8
      vertex -1.86928 5.01283 20
      vertex -1.86928 5.01283 18.8
    endloop
  endfacet
  facet normal -0.965928 -0.258813 0
    outer loop
      vertex -1.36693 3.17372 18.8
      vertex -1.86206 5.02162 20
      vertex -1.86206 5.02162 18.8
    endloop
  endfacet
  facet normal -0.965928 -0.258813 0
    outer loop
      vertex -1.86206 5.02162 20
      vertex -1.36693 3.17372 18.8
      vertex -1.36693 3.17372 20
    endloop
  endfacet
  facet normal -0.793974 0.607951 0
    outer loop
      vertex -1.38899 3.14491 18.8
      vertex -1.36693 3.17372 20
      vertex -1.36693 3.17372 18.8
    endloop
  endfacet
  facet normal -0.793974 0.607951 0
    outer loop
      vertex -1.36693 3.17372 20
      vertex -1.38899 3.14491 18.8
      vertex -1.38899 3.14491 20
    endloop
  endfacet
  facet normal -0.799602 0.600531 0
    outer loop
      vertex -1.49756 3.00035 18.8
      vertex -1.38899 3.14491 20
      vertex -1.38899 3.14491 18.8
    endloop
  endfacet
  facet normal -0.799602 0.600531 0
    outer loop
      vertex -1.38899 3.14491 20
      vertex -1.49756 3.00035 18.8
      vertex -1.49756 3.00035 20
    endloop
  endfacet
  facet normal -0.744812 0.667274 0
    outer loop
      vertex -1.58792 2.89949 18.8
      vertex -1.49756 3.00035 20
      vertex -1.49756 3.00035 18.8
    endloop
  endfacet
  facet normal -0.744812 0.667274 0
    outer loop
      vertex -1.49756 3.00035 20
      vertex -1.58792 2.89949 18.8
      vertex -1.58792 2.89949 20
    endloop
  endfacet
  facet normal -0.603028 0.79772 0
    outer loop
      vertex -1.58792 2.89949 18.8
      vertex -1.64516 2.85622 20
      vertex -1.58792 2.89949 20
    endloop
  endfacet
  facet normal -0.603028 0.79772 0
    outer loop
      vertex -1.64516 2.85622 20
      vertex -1.58792 2.89949 18.8
      vertex -1.64516 2.85622 18.8
    endloop
  endfacet
  facet normal -0.389292 0.921114 0
    outer loop
      vertex -1.64516 2.85622 18.8
      vertex -1.7178 2.82552 20
      vertex -1.64516 2.85622 20
    endloop
  endfacet
  facet normal -0.389292 0.921114 0
    outer loop
      vertex -1.7178 2.82552 20
      vertex -1.64516 2.85622 18.8
      vertex -1.7178 2.82552 18.8
    endloop
  endfacet
  facet normal -0.205546 0.978647 0
    outer loop
      vertex -1.7178 2.82552 18.8
      vertex -1.86554 2.79449 20
      vertex -1.7178 2.82552 20
    endloop
  endfacet
  facet normal -0.205546 0.978647 0
    outer loop
      vertex -1.86554 2.79449 20
      vertex -1.7178 2.82552 18.8
      vertex -1.86554 2.79449 18.8
    endloop
  endfacet
  facet normal -0.120304 0.992737 0
    outer loop
      vertex -1.86554 2.79449 18.8
      vertex -2.06342 2.77051 20
      vertex -1.86554 2.79449 20
    endloop
  endfacet
  facet normal -0.120304 0.992737 0
    outer loop
      vertex -2.06342 2.77051 20
      vertex -1.86554 2.79449 18.8
      vertex -2.06342 2.77051 18.8
    endloop
  endfacet
  facet normal 0.707107 0.707107 0
    outer loop
      vertex -2.06342 2.77051 20
      vertex -3.41554 4.12263 18.8
      vertex -3.41554 4.12263 20
    endloop
  endfacet
  facet normal 0.707107 0.707107 0
    outer loop
      vertex -3.41554 4.12263 18.8
      vertex -2.06342 2.77051 20
      vertex -2.06342 2.77051 18.8
    endloop
  endfacet
  facet normal 0.600531 0.799602 -0
    outer loop
      vertex 3.14491 1.38899 18.8
      vertex 3.00035 1.49756 20
      vertex 3.14491 1.38899 20
    endloop
  endfacet
  facet normal 0.600531 0.799602 0
    outer loop
      vertex 3.00035 1.49756 20
      vertex 3.14491 1.38899 18.8
      vertex 3.00035 1.49756 18.8
    endloop
  endfacet
  facet normal 0.667274 0.744812 -0
    outer loop
      vertex 3.00035 1.49756 18.8
      vertex 2.89949 1.58792 20
      vertex 3.00035 1.49756 20
    endloop
  endfacet
  facet normal 0.667274 0.744812 0
    outer loop
      vertex 2.89949 1.58792 20
      vertex 3.00035 1.49756 18.8
      vertex 2.89949 1.58792 18.8
    endloop
  endfacet
  facet normal 0.79772 0.603028 0
    outer loop
      vertex 2.89949 1.58792 20
      vertex 2.85622 1.64516 18.8
      vertex 2.85622 1.64516 20
    endloop
  endfacet
  facet normal 0.79772 0.603028 0
    outer loop
      vertex 2.85622 1.64516 18.8
      vertex 2.89949 1.58792 20
      vertex 2.89949 1.58792 18.8
    endloop
  endfacet
  facet normal 0.921114 0.389292 0
    outer loop
      vertex 2.85622 1.64516 20
      vertex 2.82552 1.7178 18.8
      vertex 2.82552 1.7178 20
    endloop
  endfacet
  facet normal 0.921114 0.389292 0
    outer loop
      vertex 2.82552 1.7178 18.8
      vertex 2.85622 1.64516 20
      vertex 2.85622 1.64516 18.8
    endloop
  endfacet
  facet normal 0.978647 0.205546 0
    outer loop
      vertex 2.82552 1.7178 20
      vertex 2.79449 1.86554 18.8
      vertex 2.79449 1.86554 20
    endloop
  endfacet
  facet normal 0.978647 0.205546 0
    outer loop
      vertex 2.79449 1.86554 18.8
      vertex 2.82552 1.7178 20
      vertex 2.82552 1.7178 18.8
    endloop
  endfacet
  facet normal 0.992737 0.120304 0
    outer loop
      vertex 2.79449 1.86554 20
      vertex 2.77051 2.06342 18.8
      vertex 2.77051 2.06342 20
    endloop
  endfacet
  facet normal 0.992737 0.120304 0
    outer loop
      vertex 2.77051 2.06342 18.8
      vertex 2.79449 1.86554 20
      vertex 2.79449 1.86554 18.8
    endloop
  endfacet
  facet normal 0.707107 -0.707107 0
    outer loop
      vertex 2.77051 2.06342 20
      vertex 4.12263 3.41554 18.8
      vertex 4.12263 3.41554 20
    endloop
  endfacet
  facet normal 0.707107 -0.707107 0
    outer loop
      vertex 4.12263 3.41554 18.8
      vertex 2.77051 2.06342 20
      vertex 2.77051 2.06342 18.8
    endloop
  endfacet
  facet normal -0.97866 -0.205488 0
    outer loop
      vertex 4.20195 3.03777 18.8
      vertex 4.12263 3.41554 20
      vertex 4.12263 3.41554 18.8
    endloop
  endfacet
  facet normal -0.97866 -0.205488 0
    outer loop
      vertex 4.12263 3.41554 20
      vertex 4.20195 3.03777 18.8
      vertex 4.20195 3.03777 20
    endloop
  endfacet
  facet normal -0.95698 -0.290155 0
    outer loop
      vertex 4.23039 2.94397 18.8
      vertex 4.20195 3.03777 20
      vertex 4.20195 3.03777 18.8
    endloop
  endfacet
  facet normal -0.95698 -0.290155 0
    outer loop
      vertex 4.20195 3.03777 20
      vertex 4.23039 2.94397 18.8
      vertex 4.23039 2.94397 20
    endloop
  endfacet
  facet normal -0.921094 -0.389339 0
    outer loop
      vertex 4.3752 2.60138 18.8
      vertex 4.23039 2.94397 20
      vertex 4.23039 2.94397 18.8
    endloop
  endfacet
  facet normal -0.921094 -0.389339 0
    outer loop
      vertex 4.23039 2.94397 20
      vertex 4.3752 2.60138 18.8
      vertex 4.3752 2.60138 20
    endloop
  endfacet
  facet normal -0.881935 -0.471372 0
    outer loop
      vertex 4.4214 2.51494 18.8
      vertex 4.3752 2.60138 20
      vertex 4.3752 2.60138 18.8
    endloop
  endfacet
  facet normal -0.881935 -0.471372 0
    outer loop
      vertex 4.3752 2.60138 20
      vertex 4.4214 2.51494 18.8
      vertex 4.4214 2.51494 20
    endloop
  endfacet
  facet normal -0.7977 -0.603054 0
    outer loop
      vertex 4.64571 2.21823 18.8
      vertex 4.4214 2.51494 20
      vertex 4.4214 2.51494 18.8
    endloop
  endfacet
  facet normal -0.7977 -0.603054 0
    outer loop
      vertex 4.4214 2.51494 20
      vertex 4.64571 2.21823 18.8
      vertex 4.64571 2.21823 20
    endloop
  endfacet
  facet normal -0.772984 -0.634426 0
    outer loop
      vertex 4.70789 2.14247 18.8
      vertex 4.64571 2.21823 20
      vertex 4.64571 2.21823 18.8
    endloop
  endfacet
  facet normal -0.772984 -0.634426 0
    outer loop
      vertex 4.64571 2.21823 20
      vertex 4.70789 2.14247 18.8
      vertex 4.70789 2.14247 20
    endloop
  endfacet
  facet normal -0.667268 -0.744818 0
    outer loop
      vertex 4.70789 2.14247 18.8
      vertex 5.01283 1.86928 20
      vertex 4.70789 2.14247 20
    endloop
  endfacet
  facet normal -0.667268 -0.744818 -0
    outer loop
      vertex 5.01283 1.86928 20
      vertex 4.70789 2.14247 18.8
      vertex 5.01283 1.86928 18.8
    endloop
  endfacet
  facet normal -0.634721 -0.772742 0
    outer loop
      vertex 5.01283 1.86928 18.8
      vertex 5.02162 1.86206 20
      vertex 5.01283 1.86928 20
    endloop
  endfacet
  facet normal -0.634721 -0.772742 -0
    outer loop
      vertex 5.02162 1.86206 20
      vertex 5.01283 1.86928 18.8
      vertex 5.02162 1.86206 18.8
    endloop
  endfacet
  facet normal -0.258813 0.965928 0
    outer loop
      vertex 5.02162 1.86206 18.8
      vertex 3.17372 1.36693 20
      vertex 5.02162 1.86206 20
    endloop
  endfacet
  facet normal -0.258813 0.965928 0
    outer loop
      vertex 3.17372 1.36693 20
      vertex 5.02162 1.86206 18.8
      vertex 3.17372 1.36693 18.8
    endloop
  endfacet
  facet normal 0.607951 0.793974 -0
    outer loop
      vertex 3.17372 1.36693 18.8
      vertex 3.14491 1.38899 20
      vertex 3.17372 1.36693 20
    endloop
  endfacet
  facet normal 0.607951 0.793974 0
    outer loop
      vertex 3.14491 1.38899 20
      vertex 3.17372 1.36693 18.8
      vertex 3.14491 1.38899 18.8
    endloop
  endfacet
  facet normal 0.634721 -0.772742 0
    outer loop
      vertex -5.02162 1.86206 18.8
      vertex -5.01283 1.86928 20
      vertex -5.02162 1.86206 20
    endloop
  endfacet
  facet normal 0.634721 -0.772742 0
    outer loop
      vertex -5.01283 1.86928 20
      vertex -5.02162 1.86206 18.8
      vertex -5.01283 1.86928 18.8
    endloop
  endfacet
  facet normal 0.667268 -0.744818 0
    outer loop
      vertex -5.01283 1.86928 18.8
      vertex -4.70789 2.14247 20
      vertex -5.01283 1.86928 20
    endloop
  endfacet
  facet normal 0.667268 -0.744818 0
    outer loop
      vertex -4.70789 2.14247 20
      vertex -5.01283 1.86928 18.8
      vertex -4.70789 2.14247 18.8
    endloop
  endfacet
  facet normal 0.772984 -0.634426 0
    outer loop
      vertex -4.70789 2.14247 20
      vertex -4.64571 2.21823 18.8
      vertex -4.64571 2.21823 20
    endloop
  endfacet
  facet normal 0.772984 -0.634426 0
    outer loop
      vertex -4.64571 2.21823 18.8
      vertex -4.70789 2.14247 20
      vertex -4.70789 2.14247 18.8
    endloop
  endfacet
  facet normal 0.7977 -0.603054 0
    outer loop
      vertex -4.64571 2.21823 20
      vertex -4.4214 2.51494 18.8
      vertex -4.4214 2.51494 20
    endloop
  endfacet
  facet normal 0.7977 -0.603054 0
    outer loop
      vertex -4.4214 2.51494 18.8
      vertex -4.64571 2.21823 20
      vertex -4.64571 2.21823 18.8
    endloop
  endfacet
  facet normal 0.881935 -0.471372 0
    outer loop
      vertex -4.4214 2.51494 20
      vertex -4.3752 2.60138 18.8
      vertex -4.3752 2.60138 20
    endloop
  endfacet
  facet normal 0.881935 -0.471372 0
    outer loop
      vertex -4.3752 2.60138 18.8
      vertex -4.4214 2.51494 20
      vertex -4.4214 2.51494 18.8
    endloop
  endfacet
  facet normal 0.921094 -0.389339 0
    outer loop
      vertex -4.3752 2.60138 20
      vertex -4.23039 2.94397 18.8
      vertex -4.23039 2.94397 20
    endloop
  endfacet
  facet normal 0.921094 -0.389339 0
    outer loop
      vertex -4.23039 2.94397 18.8
      vertex -4.3752 2.60138 20
      vertex -4.3752 2.60138 18.8
    endloop
  endfacet
  facet normal 0.95698 -0.290155 0
    outer loop
      vertex -4.23039 2.94397 20
      vertex -4.20195 3.03777 18.8
      vertex -4.20195 3.03777 20
    endloop
  endfacet
  facet normal 0.95698 -0.290155 0
    outer loop
      vertex -4.20195 3.03777 18.8
      vertex -4.23039 2.94397 20
      vertex -4.23039 2.94397 18.8
    endloop
  endfacet
  facet normal 0.97866 -0.205488 0
    outer loop
      vertex -4.20195 3.03777 20
      vertex -4.12263 3.41554 18.8
      vertex -4.12263 3.41554 20
    endloop
  endfacet
  facet normal 0.97866 -0.205488 0
    outer loop
      vertex -4.12263 3.41554 18.8
      vertex -4.20195 3.03777 20
      vertex -4.20195 3.03777 18.8
    endloop
  endfacet
  facet normal -0.707107 -0.707107 0
    outer loop
      vertex -2.77051 2.06342 18.8
      vertex -4.12263 3.41554 20
      vertex -4.12263 3.41554 18.8
    endloop
  endfacet
  facet normal -0.707107 -0.707107 0
    outer loop
      vertex -4.12263 3.41554 20
      vertex -2.77051 2.06342 18.8
      vertex -2.77051 2.06342 20
    endloop
  endfacet
  facet normal -0.992737 0.120304 0
    outer loop
      vertex -2.79449 1.86554 18.8
      vertex -2.77051 2.06342 20
      vertex -2.77051 2.06342 18.8
    endloop
  endfacet
  facet normal -0.992737 0.120304 0
    outer loop
      vertex -2.77051 2.06342 20
      vertex -2.79449 1.86554 18.8
      vertex -2.79449 1.86554 20
    endloop
  endfacet
  facet normal -0.978647 0.205546 0
    outer loop
      vertex -2.82552 1.7178 18.8
      vertex -2.79449 1.86554 20
      vertex -2.79449 1.86554 18.8
    endloop
  endfacet
  facet normal -0.978647 0.205546 0
    outer loop
      vertex -2.79449 1.86554 20
      vertex -2.82552 1.7178 18.8
      vertex -2.82552 1.7178 20
    endloop
  endfacet
  facet normal -0.921114 0.389292 0
    outer loop
      vertex -2.85622 1.64516 18.8
      vertex -2.82552 1.7178 20
      vertex -2.82552 1.7178 18.8
    endloop
  endfacet
  facet normal -0.921114 0.389292 0
    outer loop
      vertex -2.82552 1.7178 20
      vertex -2.85622 1.64516 18.8
      vertex -2.85622 1.64516 20
    endloop
  endfacet
  facet normal -0.79772 0.603028 0
    outer loop
      vertex -2.89949 1.58792 18.8
      vertex -2.85622 1.64516 20
      vertex -2.85622 1.64516 18.8
    endloop
  endfacet
  facet normal -0.79772 0.603028 0
    outer loop
      vertex -2.85622 1.64516 20
      vertex -2.89949 1.58792 18.8
      vertex -2.89949 1.58792 20
    endloop
  endfacet
  facet normal -0.667274 0.744812 0
    outer loop
      vertex -2.89949 1.58792 18.8
      vertex -3.00035 1.49756 20
      vertex -2.89949 1.58792 20
    endloop
  endfacet
  facet normal -0.667274 0.744812 0
    outer loop
      vertex -3.00035 1.49756 20
      vertex -2.89949 1.58792 18.8
      vertex -3.00035 1.49756 18.8
    endloop
  endfacet
  facet normal -0.600531 0.799602 0
    outer loop
      vertex -3.00035 1.49756 18.8
      vertex -3.14491 1.38899 20
      vertex -3.00035 1.49756 20
    endloop
  endfacet
  facet normal -0.600531 0.799602 0
    outer loop
      vertex -3.14491 1.38899 20
      vertex -3.00035 1.49756 18.8
      vertex -3.14491 1.38899 18.8
    endloop
  endfacet
  facet normal -0.607951 0.793974 0
    outer loop
      vertex -3.14491 1.38899 18.8
      vertex -3.17372 1.36693 20
      vertex -3.14491 1.38899 20
    endloop
  endfacet
  facet normal -0.607951 0.793974 0
    outer loop
      vertex -3.17372 1.36693 20
      vertex -3.14491 1.38899 18.8
      vertex -3.17372 1.36693 18.8
    endloop
  endfacet
  facet normal 0.258813 0.965928 -0
    outer loop
      vertex -3.17372 1.36693 18.8
      vertex -5.02162 1.86206 20
      vertex -3.17372 1.36693 20
    endloop
  endfacet
  facet normal 0.258813 0.965928 0
    outer loop
      vertex -5.02162 1.86206 20
      vertex -3.17372 1.36693 18.8
      vertex -5.02162 1.86206 18.8
    endloop
  endfacet
  facet normal 0.919886 -0.392186 0
    outer loop
      vertex -14.3863 -3.14482 20
      vertex -13.9352 -2.08675 18.8
      vertex -13.9352 -2.08675 20
    endloop
  endfacet
  facet normal 0.919886 -0.392186 0
    outer loop
      vertex -13.9352 -2.08675 18.8
      vertex -14.3863 -3.14482 20
      vertex -14.3863 -3.14482 18.8
    endloop
  endfacet
  facet normal 0.950262 -0.311452 0
    outer loop
      vertex -13.9352 -2.08675 20
      vertex -13.6164 -1.11407 18.8
      vertex -13.6164 -1.11407 20
    endloop
  endfacet
  facet normal 0.950262 -0.311452 0
    outer loop
      vertex -13.6164 -1.11407 18.8
      vertex -13.9352 -2.08675 20
      vertex -13.9352 -2.08675 18.8
    endloop
  endfacet
  facet normal 0.957084 -0.289809 0
    outer loop
      vertex -13.6164 -1.11407 20
      vertex -13.588 -1.02028 18.8
      vertex -13.588 -1.02028 20
    endloop
  endfacet
  facet normal 0.957084 -0.289809 0
    outer loop
      vertex -13.588 -1.02028 18.8
      vertex -13.6164 -1.11407 20
      vertex -13.6164 -1.11407 18.8
    endloop
  endfacet
  facet normal 0.992363 -0.123354 0
    outer loop
      vertex -13.588 -1.02028 20
      vertex -13.4733 -0.0975342 18.8
      vertex -13.4733 -0.0975342 20
    endloop
  endfacet
  facet normal 0.992363 -0.123354 0
    outer loop
      vertex -13.4733 -0.0975342 18.8
      vertex -13.588 -1.02028 20
      vertex -13.588 -1.02028 18.8
    endloop
  endfacet
  facet normal 0.995091 -0.0989641 0
    outer loop
      vertex -13.4733 -0.0975342 20
      vertex -13.4636 0 18.8
      vertex -13.4636 0 20
    endloop
  endfacet
  facet normal 0.995091 -0.0989641 0
    outer loop
      vertex -13.4636 0 18.8
      vertex -13.4733 -0.0975342 20
      vertex -13.4733 -0.0975342 18.8
    endloop
  endfacet
  facet normal 0.995091 0.0989641 0
    outer loop
      vertex -13.4636 0 20
      vertex -13.4733 0.0975342 18.8
      vertex -13.4733 0.0975342 20
    endloop
  endfacet
  facet normal 0.995091 0.0989641 0
    outer loop
      vertex -13.4733 0.0975342 18.8
      vertex -13.4636 0 20
      vertex -13.4636 0 18.8
    endloop
  endfacet
  facet normal 0.992363 0.123354 0
    outer loop
      vertex -13.4733 0.0975342 20
      vertex -13.588 1.02028 18.8
      vertex -13.588 1.02028 20
    endloop
  endfacet
  facet normal 0.992363 0.123354 0
    outer loop
      vertex -13.588 1.02028 18.8
      vertex -13.4733 0.0975342 20
      vertex -13.4733 0.0975342 18.8
    endloop
  endfacet
  facet normal 0.957084 0.289809 0
    outer loop
      vertex -13.588 1.02028 20
      vertex -13.6164 1.11407 18.8
      vertex -13.6164 1.11407 20
    endloop
  endfacet
  facet normal 0.957084 0.289809 0
    outer loop
      vertex -13.6164 1.11407 18.8
      vertex -13.588 1.02028 20
      vertex -13.588 1.02028 18.8
    endloop
  endfacet
  facet normal 0.950262 0.311452 0
    outer loop
      vertex -13.6164 1.11407 20
      vertex -13.9352 2.08675 18.8
      vertex -13.9352 2.08675 20
    endloop
  endfacet
  facet normal 0.950262 0.311452 0
    outer loop
      vertex -13.9352 2.08675 18.8
      vertex -13.6164 1.11407 20
      vertex -13.6164 1.11407 18.8
    endloop
  endfacet
  facet normal 0.919886 0.392186 0
    outer loop
      vertex -13.9352 2.08675 20
      vertex -14.3863 3.14482 18.8
      vertex -14.3863 3.14482 20
    endloop
  endfacet
  facet normal 0.919886 0.392186 0
    outer loop
      vertex -14.3863 3.14482 18.8
      vertex -13.9352 2.08675 20
      vertex -13.9352 2.08675 18.8
    endloop
  endfacet
  facet normal 0.92366 0.383214 0
    outer loop
      vertex -14.3863 3.14482 20
      vertex -14.4766 3.36247 18.8
      vertex -14.4766 3.36247 20
    endloop
  endfacet
  facet normal 0.92366 0.383214 0
    outer loop
      vertex -14.4766 3.36247 18.8
      vertex -14.3863 3.14482 20
      vertex -14.3863 3.14482 18.8
    endloop
  endfacet
  facet normal -0.25882 -0.965926 0
    outer loop
      vertex -14.4766 3.36247 18.8
      vertex -12.6295 2.86754 20
      vertex -14.4766 3.36247 20
    endloop
  endfacet
  facet normal -0.25882 -0.965926 -0
    outer loop
      vertex -12.6295 2.86754 20
      vertex -14.4766 3.36247 18.8
      vertex -12.6295 2.86754 18.8
    endloop
  endfacet
  facet normal -0.923565 -0.383442 0
    outer loop
      vertex -12.3405 2.17145 18.8
      vertex -12.6295 2.86754 20
      vertex -12.6295 2.86754 18.8
    endloop
  endfacet
  facet normal -0.923565 -0.383442 0
    outer loop
      vertex -12.6295 2.86754 20
      vertex -12.3405 2.17145 18.8
      vertex -12.3405 2.17145 20
    endloop
  endfacet
  facet normal -0.91988 -0.392199 0
    outer loop
      vertex -11.9796 1.32498 18.8
      vertex -12.3405 2.17145 20
      vertex -12.3405 2.17145 18.8
    endloop
  endfacet
  facet normal -0.91988 -0.392199 0
    outer loop
      vertex -12.3405 2.17145 20
      vertex -11.9796 1.32498 18.8
      vertex -11.9796 1.32498 20
    endloop
  endfacet
  facet normal -0.950289 -0.311371 0
    outer loop
      vertex -11.7517 0.62944 18.8
      vertex -11.9796 1.32498 20
      vertex -11.9796 1.32498 18.8
    endloop
  endfacet
  facet normal -0.950289 -0.311371 0
    outer loop
      vertex -11.9796 1.32498 20
      vertex -11.7517 0.62944 18.8
      vertex -11.7517 0.62944 20
    endloop
  endfacet
  facet normal -0.992351 -0.123445 0
    outer loop
      vertex -11.6734 0 18.8
      vertex -11.7517 0.62944 20
      vertex -11.7517 0.62944 18.8
    endloop
  endfacet
  facet normal -0.992351 -0.123445 0
    outer loop
      vertex -11.7517 0.62944 20
      vertex -11.6734 0 18.8
      vertex -11.6734 0 20
    endloop
  endfacet
  facet normal -0.992351 0.123445 0
    outer loop
      vertex -11.7517 -0.62944 18.8
      vertex -11.6734 0 20
      vertex -11.6734 0 18.8
    endloop
  endfacet
  facet normal -0.992351 0.123445 0
    outer loop
      vertex -11.6734 0 20
      vertex -11.7517 -0.62944 18.8
      vertex -11.7517 -0.62944 20
    endloop
  endfacet
  facet normal -0.950289 0.311371 0
    outer loop
      vertex -11.9796 -1.32498 18.8
      vertex -11.7517 -0.62944 20
      vertex -11.7517 -0.62944 18.8
    endloop
  endfacet
  facet normal -0.950289 0.311371 0
    outer loop
      vertex -11.7517 -0.62944 20
      vertex -11.9796 -1.32498 18.8
      vertex -11.9796 -1.32498 20
    endloop
  endfacet
  facet normal -0.91988 0.392199 0
    outer loop
      vertex -12.3405 -2.17145 18.8
      vertex -11.9796 -1.32498 20
      vertex -11.9796 -1.32498 18.8
    endloop
  endfacet
  facet normal -0.91988 0.392199 0
    outer loop
      vertex -11.9796 -1.32498 20
      vertex -12.3405 -2.17145 18.8
      vertex -12.3405 -2.17145 20
    endloop
  endfacet
  facet normal -0.923565 0.383442 0
    outer loop
      vertex -12.6295 -2.86754 18.8
      vertex -12.3405 -2.17145 20
      vertex -12.3405 -2.17145 18.8
    endloop
  endfacet
  facet normal -0.923565 0.383442 0
    outer loop
      vertex -12.3405 -2.17145 20
      vertex -12.6295 -2.86754 18.8
      vertex -12.6295 -2.86754 20
    endloop
  endfacet
  facet normal -0.25882 0.965926 0
    outer loop
      vertex -12.6295 -2.86754 18.8
      vertex -14.4766 -3.36247 20
      vertex -12.6295 -2.86754 20
    endloop
  endfacet
  facet normal -0.25882 0.965926 0
    outer loop
      vertex -14.4766 -3.36247 20
      vertex -12.6295 -2.86754 18.8
      vertex -14.4766 -3.36247 18.8
    endloop
  endfacet
  facet normal 0.92366 -0.383214 0
    outer loop
      vertex -14.4766 -3.36247 20
      vertex -14.3863 -3.14482 18.8
      vertex -14.3863 -3.14482 20
    endloop
  endfacet
  facet normal 0.92366 -0.383214 0
    outer loop
      vertex -14.3863 -3.14482 18.8
      vertex -14.4766 -3.36247 20
      vertex -14.4766 -3.36247 18.8
    endloop
  endfacet
  facet normal 0.923565 0.383442 0
    outer loop
      vertex 12.6295 -2.86754 20
      vertex 12.3405 -2.17145 18.8
      vertex 12.3405 -2.17145 20
    endloop
  endfacet
  facet normal 0.923565 0.383442 0
    outer loop
      vertex 12.3405 -2.17145 18.8
      vertex 12.6295 -2.86754 20
      vertex 12.6295 -2.86754 18.8
    endloop
  endfacet
  facet normal 0.91988 0.392199 0
    outer loop
      vertex 12.3405 -2.17145 20
      vertex 11.9796 -1.32498 18.8
      vertex 11.9796 -1.32498 20
    endloop
  endfacet
  facet normal 0.91988 0.392199 0
    outer loop
      vertex 11.9796 -1.32498 18.8
      vertex 12.3405 -2.17145 20
      vertex 12.3405 -2.17145 18.8
    endloop
  endfacet
  facet normal 0.950289 0.311371 0
    outer loop
      vertex 11.9796 -1.32498 20
      vertex 11.7517 -0.62944 18.8
      vertex 11.7517 -0.62944 20
    endloop
  endfacet
  facet normal 0.950289 0.311371 0
    outer loop
      vertex 11.7517 -0.62944 18.8
      vertex 11.9796 -1.32498 20
      vertex 11.9796 -1.32498 18.8
    endloop
  endfacet
  facet normal 0.992351 0.123445 0
    outer loop
      vertex 11.7517 -0.62944 20
      vertex 11.6734 0 18.8
      vertex 11.6734 0 20
    endloop
  endfacet
  facet normal 0.992351 0.123445 0
    outer loop
      vertex 11.6734 0 18.8
      vertex 11.7517 -0.62944 20
      vertex 11.7517 -0.62944 18.8
    endloop
  endfacet
  facet normal 0.992351 -0.123445 0
    outer loop
      vertex 11.6734 0 20
      vertex 11.7517 0.62944 18.8
      vertex 11.7517 0.62944 20
    endloop
  endfacet
  facet normal 0.992351 -0.123445 0
    outer loop
      vertex 11.7517 0.62944 18.8
      vertex 11.6734 0 20
      vertex 11.6734 0 18.8
    endloop
  endfacet
  facet normal 0.950289 -0.311371 0
    outer loop
      vertex 11.7517 0.62944 20
      vertex 11.9796 1.32498 18.8
      vertex 11.9796 1.32498 20
    endloop
  endfacet
  facet normal 0.950289 -0.311371 0
    outer loop
      vertex 11.9796 1.32498 18.8
      vertex 11.7517 0.62944 20
      vertex 11.7517 0.62944 18.8
    endloop
  endfacet
  facet normal 0.91988 -0.392199 0
    outer loop
      vertex 11.9796 1.32498 20
      vertex 12.3405 2.17145 18.8
      vertex 12.3405 2.17145 20
    endloop
  endfacet
  facet normal 0.91988 -0.392199 0
    outer loop
      vertex 12.3405 2.17145 18.8
      vertex 11.9796 1.32498 20
      vertex 11.9796 1.32498 18.8
    endloop
  endfacet
  facet normal 0.923565 -0.383442 0
    outer loop
      vertex 12.3405 2.17145 20
      vertex 12.6295 2.86754 18.8
      vertex 12.6295 2.86754 20
    endloop
  endfacet
  facet normal 0.923565 -0.383442 0
    outer loop
      vertex 12.6295 2.86754 18.8
      vertex 12.3405 2.17145 20
      vertex 12.3405 2.17145 18.8
    endloop
  endfacet
  facet normal 0.25882 -0.965926 0
    outer loop
      vertex 12.6295 2.86754 18.8
      vertex 14.4766 3.36247 20
      vertex 12.6295 2.86754 20
    endloop
  endfacet
  facet normal 0.25882 -0.965926 0
    outer loop
      vertex 14.4766 3.36247 20
      vertex 12.6295 2.86754 18.8
      vertex 14.4766 3.36247 18.8
    endloop
  endfacet
  facet normal -0.92366 0.383214 0
    outer loop
      vertex 14.3863 3.14482 18.8
      vertex 14.4766 3.36247 20
      vertex 14.4766 3.36247 18.8
    endloop
  endfacet
  facet normal -0.92366 0.383214 0
    outer loop
      vertex 14.4766 3.36247 20
      vertex 14.3863 3.14482 18.8
      vertex 14.3863 3.14482 20
    endloop
  endfacet
  facet normal -0.919886 0.392186 0
    outer loop
      vertex 13.9352 2.08675 18.8
      vertex 14.3863 3.14482 20
      vertex 14.3863 3.14482 18.8
    endloop
  endfacet
  facet normal -0.919886 0.392186 0
    outer loop
      vertex 14.3863 3.14482 20
      vertex 13.9352 2.08675 18.8
      vertex 13.9352 2.08675 20
    endloop
  endfacet
  facet normal -0.950262 0.311452 0
    outer loop
      vertex 13.6164 1.11407 18.8
      vertex 13.9352 2.08675 20
      vertex 13.9352 2.08675 18.8
    endloop
  endfacet
  facet normal -0.950262 0.311452 0
    outer loop
      vertex 13.9352 2.08675 20
      vertex 13.6164 1.11407 18.8
      vertex 13.6164 1.11407 20
    endloop
  endfacet
  facet normal -0.957084 0.289809 0
    outer loop
      vertex 13.588 1.02028 18.8
      vertex 13.6164 1.11407 20
      vertex 13.6164 1.11407 18.8
    endloop
  endfacet
  facet normal -0.957084 0.289809 0
    outer loop
      vertex 13.6164 1.11407 20
      vertex 13.588 1.02028 18.8
      vertex 13.588 1.02028 20
    endloop
  endfacet
  facet normal -0.992363 0.123354 0
    outer loop
      vertex 13.4733 0.0975342 18.8
      vertex 13.588 1.02028 20
      vertex 13.588 1.02028 18.8
    endloop
  endfacet
  facet normal -0.992363 0.123354 0
    outer loop
      vertex 13.588 1.02028 20
      vertex 13.4733 0.0975342 18.8
      vertex 13.4733 0.0975342 20
    endloop
  endfacet
  facet normal -0.995091 0.0989641 0
    outer loop
      vertex 13.4636 0 18.8
      vertex 13.4733 0.0975342 20
      vertex 13.4733 0.0975342 18.8
    endloop
  endfacet
  facet normal -0.995091 0.0989641 0
    outer loop
      vertex 13.4733 0.0975342 20
      vertex 13.4636 0 18.8
      vertex 13.4636 0 20
    endloop
  endfacet
  facet normal -0.995091 -0.0989641 0
    outer loop
      vertex 13.4733 -0.0975342 18.8
      vertex 13.4636 0 20
      vertex 13.4636 0 18.8
    endloop
  endfacet
  facet normal -0.995091 -0.0989641 0
    outer loop
      vertex 13.4636 0 20
      vertex 13.4733 -0.0975342 18.8
      vertex 13.4733 -0.0975342 20
    endloop
  endfacet
  facet normal -0.992363 -0.123354 0
    outer loop
      vertex 13.588 -1.02028 18.8
      vertex 13.4733 -0.0975342 20
      vertex 13.4733 -0.0975342 18.8
    endloop
  endfacet
  facet normal -0.992363 -0.123354 0
    outer loop
      vertex 13.4733 -0.0975342 20
      vertex 13.588 -1.02028 18.8
      vertex 13.588 -1.02028 20
    endloop
  endfacet
  facet normal -0.957084 -0.289809 0
    outer loop
      vertex 13.6164 -1.11407 18.8
      vertex 13.588 -1.02028 20
      vertex 13.588 -1.02028 18.8
    endloop
  endfacet
  facet normal -0.957084 -0.289809 0
    outer loop
      vertex 13.588 -1.02028 20
      vertex 13.6164 -1.11407 18.8
      vertex 13.6164 -1.11407 20
    endloop
  endfacet
  facet normal -0.950262 -0.311452 0
    outer loop
      vertex 13.9352 -2.08675 18.8
      vertex 13.6164 -1.11407 20
      vertex 13.6164 -1.11407 18.8
    endloop
  endfacet
  facet normal -0.950262 -0.311452 0
    outer loop
      vertex 13.6164 -1.11407 20
      vertex 13.9352 -2.08675 18.8
      vertex 13.9352 -2.08675 20
    endloop
  endfacet
  facet normal -0.919886 -0.392186 0
    outer loop
      vertex 14.3863 -3.14482 18.8
      vertex 13.9352 -2.08675 20
      vertex 13.9352 -2.08675 18.8
    endloop
  endfacet
  facet normal -0.919886 -0.392186 0
    outer loop
      vertex 13.9352 -2.08675 20
      vertex 14.3863 -3.14482 18.8
      vertex 14.3863 -3.14482 20
    endloop
  endfacet
  facet normal -0.92366 -0.383214 0
    outer loop
      vertex 14.4766 -3.36247 18.8
      vertex 14.3863 -3.14482 20
      vertex 14.3863 -3.14482 18.8
    endloop
  endfacet
  facet normal -0.92366 -0.383214 0
    outer loop
      vertex 14.3863 -3.14482 20
      vertex 14.4766 -3.36247 18.8
      vertex 14.4766 -3.36247 20
    endloop
  endfacet
  facet normal 0.25882 0.965926 -0
    outer loop
      vertex 14.4766 -3.36247 18.8
      vertex 12.6295 -2.86754 20
      vertex 14.4766 -3.36247 20
    endloop
  endfacet
  facet normal 0.25882 0.965926 0
    outer loop
      vertex 12.6295 -2.86754 20
      vertex 14.4766 -3.36247 18.8
      vertex 12.6295 -2.86754 18.8
    endloop
  endfacet
  facet normal 0.950275 -0.311411 0
    outer loop
      vertex -11.0558 -1.70767 20
      vertex -10.8008 -0.929535 18.8
      vertex -10.8008 -0.929535 20
    endloop
  endfacet
  facet normal 0.950275 -0.311411 0
    outer loop
      vertex -10.8008 -0.929535 18.8
      vertex -11.0558 -1.70767 20
      vertex -11.0558 -1.70767 18.8
    endloop
  endfacet
  facet normal 0.956806 -0.290726 0
    outer loop
      vertex -10.8008 -0.929535 20
      vertex -10.7723 -0.835739 18.8
      vertex -10.7723 -0.835739 20
    endloop
  endfacet
  facet normal 0.956806 -0.290726 0
    outer loop
      vertex -10.7723 -0.835739 18.8
      vertex -10.8008 -0.929535 20
      vertex -10.8008 -0.929535 18.8
    endloop
  endfacet
  facet normal 0.992356 -0.123405 0
    outer loop
      vertex -10.7723 -0.835739 20
      vertex -10.6805 -0.0975342 18.8
      vertex -10.6805 -0.0975342 20
    endloop
  endfacet
  facet normal 0.992356 -0.123405 0
    outer loop
      vertex -10.6805 -0.0975342 18.8
      vertex -10.7723 -0.835739 20
      vertex -10.7723 -0.835739 18.8
    endloop
  endfacet
  facet normal 0.995191 -0.0979537 0
    outer loop
      vertex -10.6805 -0.0975342 20
      vertex -10.6709 0 18.8
      vertex -10.6709 0 20
    endloop
  endfacet
  facet normal 0.995191 -0.0979537 0
    outer loop
      vertex -10.6709 0 18.8
      vertex -10.6805 -0.0975342 20
      vertex -10.6805 -0.0975342 18.8
    endloop
  endfacet
  facet normal 0.995191 0.0979537 0
    outer loop
      vertex -10.6709 0 20
      vertex -10.6805 0.0975342 18.8
      vertex -10.6805 0.0975342 20
    endloop
  endfacet
  facet normal 0.995191 0.0979537 0
    outer loop
      vertex -10.6805 0.0975342 18.8
      vertex -10.6709 0 20
      vertex -10.6709 0 18.8
    endloop
  endfacet
  facet normal 0.992356 0.123405 0
    outer loop
      vertex -10.6805 0.0975342 20
      vertex -10.7723 0.835739 18.8
      vertex -10.7723 0.835739 20
    endloop
  endfacet
  facet normal 0.992356 0.123405 0
    outer loop
      vertex -10.7723 0.835739 18.8
      vertex -10.6805 0.0975342 20
      vertex -10.6805 0.0975342 18.8
    endloop
  endfacet
  facet normal 0.956806 0.290726 0
    outer loop
      vertex -10.7723 0.835739 20
      vertex -10.8008 0.929535 18.8
      vertex -10.8008 0.929535 20
    endloop
  endfacet
  facet normal 0.956806 0.290726 0
    outer loop
      vertex -10.8008 0.929535 18.8
      vertex -10.7723 0.835739 20
      vertex -10.7723 0.835739 18.8
    endloop
  endfacet
  facet normal 0.950275 0.311411 0
    outer loop
      vertex -10.8008 0.929535 20
      vertex -11.0558 1.70767 18.8
      vertex -11.0558 1.70767 20
    endloop
  endfacet
  facet normal 0.950275 0.311411 0
    outer loop
      vertex -11.0558 1.70767 18.8
      vertex -10.8008 0.929535 20
      vertex -10.8008 0.929535 18.8
    endloop
  endfacet
  facet normal 0.91989 0.392177 0
    outer loop
      vertex -11.0558 1.70767 20
      vertex -11.4111 2.54106 18.8
      vertex -11.4111 2.54106 20
    endloop
  endfacet
  facet normal 0.91989 0.392177 0
    outer loop
      vertex -11.4111 2.54106 18.8
      vertex -11.0558 1.70767 20
      vertex -11.0558 1.70767 18.8
    endloop
  endfacet
  facet normal -0.258813 -0.965927 0
    outer loop
      vertex -11.4111 2.54106 18.8
      vertex -9.5641 2.04617 20
      vertex -11.4111 2.54106 20
    endloop
  endfacet
  facet normal -0.258813 -0.965927 -0
    outer loop
      vertex -9.5641 2.04617 20
      vertex -11.4111 2.54106 18.8
      vertex -9.5641 2.04617 18.8
    endloop
  endfacet
  facet normal -0.923559 -0.383457 0
    outer loop
      vertex -9.37086 1.58075 18.8
      vertex -9.5641 2.04617 20
      vertex -9.5641 2.04617 18.8
    endloop
  endfacet
  facet normal -0.923559 -0.383457 0
    outer loop
      vertex -9.5641 2.04617 20
      vertex -9.37086 1.58075 18.8
      vertex -9.37086 1.58075 20
    endloop
  endfacet
  facet normal -0.919886 -0.392186 0
    outer loop
      vertex -9.1002 0.945908 18.8
      vertex -9.37086 1.58075 20
      vertex -9.37086 1.58075 18.8
    endloop
  endfacet
  facet normal -0.919886 -0.392186 0
    outer loop
      vertex -9.37086 1.58075 20
      vertex -9.1002 0.945908 18.8
      vertex -9.1002 0.945908 20
    endloop
  endfacet
  facet normal -0.950288 -0.311372 0
    outer loop
      vertex -8.93604 0.444901 18.8
      vertex -9.1002 0.945908 20
      vertex -9.1002 0.945908 18.8
    endloop
  endfacet
  facet normal -0.950288 -0.311372 0
    outer loop
      vertex -9.1002 0.945908 20
      vertex -8.93604 0.444901 18.8
      vertex -8.93604 0.444901 20
    endloop
  endfacet
  facet normal -0.992355 -0.123414 0
    outer loop
      vertex -8.88071 0 18.8
      vertex -8.93604 0.444901 20
      vertex -8.93604 0.444901 18.8
    endloop
  endfacet
  facet normal -0.992355 -0.123414 0
    outer loop
      vertex -8.93604 0.444901 20
      vertex -8.88071 0 18.8
      vertex -8.88071 0 20
    endloop
  endfacet
  facet normal -0.992355 0.123414 0
    outer loop
      vertex -8.93604 -0.444901 18.8
      vertex -8.88071 0 20
      vertex -8.88071 0 18.8
    endloop
  endfacet
  facet normal -0.992355 0.123414 0
    outer loop
      vertex -8.88071 0 20
      vertex -8.93604 -0.444901 18.8
      vertex -8.93604 -0.444901 20
    endloop
  endfacet
  facet normal -0.950288 0.311372 0
    outer loop
      vertex -9.1002 -0.945908 18.8
      vertex -8.93604 -0.444901 20
      vertex -8.93604 -0.444901 18.8
    endloop
  endfacet
  facet normal -0.950288 0.311372 0
    outer loop
      vertex -8.93604 -0.444901 20
      vertex -9.1002 -0.945908 18.8
      vertex -9.1002 -0.945908 20
    endloop
  endfacet
  facet normal -0.919886 0.392186 0
    outer loop
      vertex -9.37086 -1.58075 18.8
      vertex -9.1002 -0.945908 20
      vertex -9.1002 -0.945908 18.8
    endloop
  endfacet
  facet normal -0.919886 0.392186 0
    outer loop
      vertex -9.1002 -0.945908 20
      vertex -9.37086 -1.58075 18.8
      vertex -9.37086 -1.58075 20
    endloop
  endfacet
  facet normal -0.923559 0.383457 0
    outer loop
      vertex -9.5641 -2.04617 18.8
      vertex -9.37086 -1.58075 20
      vertex -9.37086 -1.58075 18.8
    endloop
  endfacet
  facet normal -0.923559 0.383457 0
    outer loop
      vertex -9.37086 -1.58075 20
      vertex -9.5641 -2.04617 18.8
      vertex -9.5641 -2.04617 20
    endloop
  endfacet
  facet normal -0.258813 0.965927 0
    outer loop
      vertex -9.5641 -2.04617 18.8
      vertex -11.4111 -2.54106 20
      vertex -9.5641 -2.04617 20
    endloop
  endfacet
  facet normal -0.258813 0.965927 0
    outer loop
      vertex -11.4111 -2.54106 20
      vertex -9.5641 -2.04617 18.8
      vertex -11.4111 -2.54106 18.8
    endloop
  endfacet
  facet normal 0.91989 -0.392177 0
    outer loop
      vertex -11.4111 -2.54106 20
      vertex -11.0558 -1.70767 18.8
      vertex -11.0558 -1.70767 20
    endloop
  endfacet
  facet normal 0.91989 -0.392177 0
    outer loop
      vertex -11.0558 -1.70767 18.8
      vertex -11.4111 -2.54106 20
      vertex -11.4111 -2.54106 18.8
    endloop
  endfacet
  facet normal 0.923559 0.383457 0
    outer loop
      vertex 9.5641 -2.04617 20
      vertex 9.37086 -1.58075 18.8
      vertex 9.37086 -1.58075 20
    endloop
  endfacet
  facet normal 0.923559 0.383457 0
    outer loop
      vertex 9.37086 -1.58075 18.8
      vertex 9.5641 -2.04617 20
      vertex 9.5641 -2.04617 18.8
    endloop
  endfacet
  facet normal 0.919886 0.392186 0
    outer loop
      vertex 9.37086 -1.58075 20
      vertex 9.1002 -0.945908 18.8
      vertex 9.1002 -0.945908 20
    endloop
  endfacet
  facet normal 0.919886 0.392186 0
    outer loop
      vertex 9.1002 -0.945908 18.8
      vertex 9.37086 -1.58075 20
      vertex 9.37086 -1.58075 18.8
    endloop
  endfacet
  facet normal 0.950288 0.311372 0
    outer loop
      vertex 9.1002 -0.945908 20
      vertex 8.93604 -0.444901 18.8
      vertex 8.93604 -0.444901 20
    endloop
  endfacet
  facet normal 0.950288 0.311372 0
    outer loop
      vertex 8.93604 -0.444901 18.8
      vertex 9.1002 -0.945908 20
      vertex 9.1002 -0.945908 18.8
    endloop
  endfacet
  facet normal 0.992355 0.123414 0
    outer loop
      vertex 8.93604 -0.444901 20
      vertex 8.88071 0 18.8
      vertex 8.88071 0 20
    endloop
  endfacet
  facet normal 0.992355 0.123414 0
    outer loop
      vertex 8.88071 0 18.8
      vertex 8.93604 -0.444901 20
      vertex 8.93604 -0.444901 18.8
    endloop
  endfacet
  facet normal 0.992355 -0.123414 0
    outer loop
      vertex 8.88071 0 20
      vertex 8.93604 0.444901 18.8
      vertex 8.93604 0.444901 20
    endloop
  endfacet
  facet normal 0.992355 -0.123414 0
    outer loop
      vertex 8.93604 0.444901 18.8
      vertex 8.88071 0 20
      vertex 8.88071 0 18.8
    endloop
  endfacet
  facet normal 0.950288 -0.311372 0
    outer loop
      vertex 8.93604 0.444901 20
      vertex 9.1002 0.945908 18.8
      vertex 9.1002 0.945908 20
    endloop
  endfacet
  facet normal 0.950288 -0.311372 0
    outer loop
      vertex 9.1002 0.945908 18.8
      vertex 8.93604 0.444901 20
      vertex 8.93604 0.444901 18.8
    endloop
  endfacet
  facet normal 0.919886 -0.392186 0
    outer loop
      vertex 9.1002 0.945908 20
      vertex 9.37086 1.58075 18.8
      vertex 9.37086 1.58075 20
    endloop
  endfacet
  facet normal 0.919886 -0.392186 0
    outer loop
      vertex 9.37086 1.58075 18.8
      vertex 9.1002 0.945908 20
      vertex 9.1002 0.945908 18.8
    endloop
  endfacet
  facet normal 0.923559 -0.383457 0
    outer loop
      vertex 9.37086 1.58075 20
      vertex 9.5641 2.04617 18.8
      vertex 9.5641 2.04617 20
    endloop
  endfacet
  facet normal 0.923559 -0.383457 0
    outer loop
      vertex 9.5641 2.04617 18.8
      vertex 9.37086 1.58075 20
      vertex 9.37086 1.58075 18.8
    endloop
  endfacet
  facet normal 0.258813 -0.965927 0
    outer loop
      vertex 9.5641 2.04617 18.8
      vertex 11.4111 2.54106 20
      vertex 9.5641 2.04617 20
    endloop
  endfacet
  facet normal 0.258813 -0.965927 0
    outer loop
      vertex 11.4111 2.54106 20
      vertex 9.5641 2.04617 18.8
      vertex 11.4111 2.54106 18.8
    endloop
  endfacet
  facet normal -0.91989 0.392177 0
    outer loop
      vertex 11.0558 1.70767 18.8
      vertex 11.4111 2.54106 20
      vertex 11.4111 2.54106 18.8
    endloop
  endfacet
  facet normal -0.91989 0.392177 0
    outer loop
      vertex 11.4111 2.54106 20
      vertex 11.0558 1.70767 18.8
      vertex 11.0558 1.70767 20
    endloop
  endfacet
  facet normal -0.950275 0.311411 0
    outer loop
      vertex 10.8008 0.929535 18.8
      vertex 11.0558 1.70767 20
      vertex 11.0558 1.70767 18.8
    endloop
  endfacet
  facet normal -0.950275 0.311411 0
    outer loop
      vertex 11.0558 1.70767 20
      vertex 10.8008 0.929535 18.8
      vertex 10.8008 0.929535 20
    endloop
  endfacet
  facet normal -0.956806 0.290726 0
    outer loop
      vertex 10.7723 0.835739 18.8
      vertex 10.8008 0.929535 20
      vertex 10.8008 0.929535 18.8
    endloop
  endfacet
  facet normal -0.956806 0.290726 0
    outer loop
      vertex 10.8008 0.929535 20
      vertex 10.7723 0.835739 18.8
      vertex 10.7723 0.835739 20
    endloop
  endfacet
  facet normal -0.992356 0.123405 0
    outer loop
      vertex 10.6805 0.0975342 18.8
      vertex 10.7723 0.835739 20
      vertex 10.7723 0.835739 18.8
    endloop
  endfacet
  facet normal -0.992356 0.123405 0
    outer loop
      vertex 10.7723 0.835739 20
      vertex 10.6805 0.0975342 18.8
      vertex 10.6805 0.0975342 20
    endloop
  endfacet
  facet normal -0.995191 0.0979537 0
    outer loop
      vertex 10.6709 0 18.8
      vertex 10.6805 0.0975342 20
      vertex 10.6805 0.0975342 18.8
    endloop
  endfacet
  facet normal -0.995191 0.0979537 0
    outer loop
      vertex 10.6805 0.0975342 20
      vertex 10.6709 0 18.8
      vertex 10.6709 0 20
    endloop
  endfacet
  facet normal -0.995191 -0.0979537 0
    outer loop
      vertex 10.6805 -0.0975342 18.8
      vertex 10.6709 0 20
      vertex 10.6709 0 18.8
    endloop
  endfacet
  facet normal -0.995191 -0.0979537 0
    outer loop
      vertex 10.6709 0 20
      vertex 10.6805 -0.0975342 18.8
      vertex 10.6805 -0.0975342 20
    endloop
  endfacet
  facet normal -0.992356 -0.123405 0
    outer loop
      vertex 10.7723 -0.835739 18.8
      vertex 10.6805 -0.0975342 20
      vertex 10.6805 -0.0975342 18.8
    endloop
  endfacet
  facet normal -0.992356 -0.123405 0
    outer loop
      vertex 10.6805 -0.0975342 20
      vertex 10.7723 -0.835739 18.8
      vertex 10.7723 -0.835739 20
    endloop
  endfacet
  facet normal -0.956806 -0.290726 0
    outer loop
      vertex 10.8008 -0.929535 18.8
      vertex 10.7723 -0.835739 20
      vertex 10.7723 -0.835739 18.8
    endloop
  endfacet
  facet normal -0.956806 -0.290726 0
    outer loop
      vertex 10.7723 -0.835739 20
      vertex 10.8008 -0.929535 18.8
      vertex 10.8008 -0.929535 20
    endloop
  endfacet
  facet normal -0.950275 -0.311411 0
    outer loop
      vertex 11.0558 -1.70767 18.8
      vertex 10.8008 -0.929535 20
      vertex 10.8008 -0.929535 18.8
    endloop
  endfacet
  facet normal -0.950275 -0.311411 0
    outer loop
      vertex 10.8008 -0.929535 20
      vertex 11.0558 -1.70767 18.8
      vertex 11.0558 -1.70767 20
    endloop
  endfacet
  facet normal -0.91989 -0.392177 0
    outer loop
      vertex 11.4111 -2.54106 18.8
      vertex 11.0558 -1.70767 20
      vertex 11.0558 -1.70767 18.8
    endloop
  endfacet
  facet normal -0.91989 -0.392177 0
    outer loop
      vertex 11.0558 -1.70767 20
      vertex 11.4111 -2.54106 18.8
      vertex 11.4111 -2.54106 20
    endloop
  endfacet
  facet normal 0.258813 0.965927 -0
    outer loop
      vertex 11.4111 -2.54106 18.8
      vertex 9.5641 -2.04617 20
      vertex 11.4111 -2.54106 20
    endloop
  endfacet
  facet normal 0.258813 0.965927 0
    outer loop
      vertex 9.5641 -2.04617 20
      vertex 11.4111 -2.54106 18.8
      vertex 9.5641 -2.04617 18.8
    endloop
  endfacet
  facet normal -0.124665 -0.992199 0
    outer loop
      vertex -0.100479 2.30269 18.8
      vertex -0.0975342 2.30232 20
      vertex -0.100479 2.30269 20
    endloop
  endfacet
  facet normal -0.124665 -0.992199 -0
    outer loop
      vertex -0.0975342 2.30232 20
      vertex -0.100479 2.30269 18.8
      vertex -0.0975342 2.30232 18.8
    endloop
  endfacet
  facet normal -0.0979537 -0.995191 0
    outer loop
      vertex -0.0975342 2.30232 18.8
      vertex 0 2.29272 20
      vertex -0.0975342 2.30232 20
    endloop
  endfacet
  facet normal -0.0979537 -0.995191 -0
    outer loop
      vertex 0 2.29272 20
      vertex -0.0975342 2.30232 18.8
      vertex 0 2.29272 18.8
    endloop
  endfacet
  facet normal 0.0979537 -0.995191 0
    outer loop
      vertex 0 2.29272 18.8
      vertex 0.0975342 2.30232 20
      vertex 0 2.29272 20
    endloop
  endfacet
  facet normal 0.0979537 -0.995191 0
    outer loop
      vertex 0.0975342 2.30232 20
      vertex 0 2.29272 18.8
      vertex 0.0975342 2.30232 18.8
    endloop
  endfacet
  facet normal 0.124665 -0.992199 0
    outer loop
      vertex 0.0975342 2.30232 18.8
      vertex 0.100479 2.30269 20
      vertex 0.0975342 2.30232 20
    endloop
  endfacet
  facet normal 0.124665 -0.992199 0
    outer loop
      vertex 0.100479 2.30269 20
      vertex 0.0975342 2.30232 18.8
      vertex 0.100479 2.30269 18.8
    endloop
  endfacet
  facet normal -0.965927 0.258814 0
    outer loop
      vertex 0 1.92769 18.8
      vertex 0.100479 2.30269 20
      vertex 0.100479 2.30269 18.8
    endloop
  endfacet
  facet normal -0.965927 0.258814 0
    outer loop
      vertex 0.100479 2.30269 20
      vertex 0 1.92769 18.8
      vertex 0 1.92769 20
    endloop
  endfacet
  facet normal 0.965927 0.258814 0
    outer loop
      vertex 0 1.92769 20
      vertex -0.100479 2.30269 18.8
      vertex -0.100479 2.30269 20
    endloop
  endfacet
  facet normal 0.965927 0.258814 0
    outer loop
      vertex -0.100479 2.30269 18.8
      vertex 0 1.92769 20
      vertex 0 1.92769 18.8
    endloop
  endfacet
  facet normal 0.389189 -0.921158 0
    outer loop
      vertex -1.23631 1.94341 18.8
      vertex -1.20502 1.95663 20
      vertex -1.23631 1.94341 20
    endloop
  endfacet
  facet normal 0.389189 -0.921158 0
    outer loop
      vertex -1.20502 1.95663 20
      vertex -1.23631 1.94341 18.8
      vertex -1.20502 1.95663 18.8
    endloop
  endfacet
  facet normal 0.471451 -0.881892 0
    outer loop
      vertex -1.20502 1.95663 18.8
      vertex -1.11858 2.00284 20
      vertex -1.20502 1.95663 20
    endloop
  endfacet
  facet normal 0.471451 -0.881892 0
    outer loop
      vertex -1.11858 2.00284 20
      vertex -1.20502 1.95663 18.8
      vertex -1.11858 2.00284 18.8
    endloop
  endfacet
  facet normal 0.602976 -0.797759 0
    outer loop
      vertex -1.11858 2.00284 18.8
      vertex -1.06419 2.04395 20
      vertex -1.11858 2.00284 20
    endloop
  endfacet
  facet normal 0.602976 -0.797759 0
    outer loop
      vertex -1.06419 2.04395 20
      vertex -1.11858 2.00284 18.8
      vertex -1.06419 2.04395 18.8
    endloop
  endfacet
  facet normal -0.965933 -0.258792 0
    outer loop
      vertex -0.964401 1.67149 18.8
      vertex -1.06419 2.04395 20
      vertex -1.06419 2.04395 18.8
    endloop
  endfacet
  facet normal -0.965933 -0.258792 0
    outer loop
      vertex -1.06419 2.04395 20
      vertex -0.964401 1.67149 18.8
      vertex -0.964401 1.67149 20
    endloop
  endfacet
  facet normal 0.707121 0.707092 0
    outer loop
      vertex -0.964401 1.67149 20
      vertex -1.23631 1.94341 18.8
      vertex -1.23631 1.94341 20
    endloop
  endfacet
  facet normal 0.707121 0.707092 0
    outer loop
      vertex -1.23631 1.94341 18.8
      vertex -0.964401 1.67149 20
      vertex -0.964401 1.67149 18.8
    endloop
  endfacet
  facet normal -0.602976 -0.797759 0
    outer loop
      vertex 1.06419 2.04395 18.8
      vertex 1.11858 2.00284 20
      vertex 1.06419 2.04395 20
    endloop
  endfacet
  facet normal -0.602976 -0.797759 -0
    outer loop
      vertex 1.11858 2.00284 20
      vertex 1.06419 2.04395 18.8
      vertex 1.11858 2.00284 18.8
    endloop
  endfacet
  facet normal -0.471451 -0.881892 0
    outer loop
      vertex 1.11858 2.00284 18.8
      vertex 1.20502 1.95663 20
      vertex 1.11858 2.00284 20
    endloop
  endfacet
  facet normal -0.471451 -0.881892 -0
    outer loop
      vertex 1.20502 1.95663 20
      vertex 1.11858 2.00284 18.8
      vertex 1.20502 1.95663 18.8
    endloop
  endfacet
  facet normal -0.389189 -0.921158 0
    outer loop
      vertex 1.20502 1.95663 18.8
      vertex 1.23631 1.94341 20
      vertex 1.20502 1.95663 20
    endloop
  endfacet
  facet normal -0.389189 -0.921158 -0
    outer loop
      vertex 1.23631 1.94341 20
      vertex 1.20502 1.95663 18.8
      vertex 1.23631 1.94341 18.8
    endloop
  endfacet
  facet normal -0.707121 0.707092 0
    outer loop
      vertex 0.964401 1.67149 18.8
      vertex 1.23631 1.94341 20
      vertex 1.23631 1.94341 18.8
    endloop
  endfacet
  facet normal -0.707121 0.707092 0
    outer loop
      vertex 1.23631 1.94341 20
      vertex 0.964401 1.67149 18.8
      vertex 0.964401 1.67149 20
    endloop
  endfacet
  facet normal 0.965933 -0.258792 0
    outer loop
      vertex 0.964401 1.67149 20
      vertex 1.06419 2.04395 18.8
      vertex 1.06419 2.04395 20
    endloop
  endfacet
  facet normal 0.965933 -0.258792 0
    outer loop
      vertex 1.06419 2.04395 18.8
      vertex 0.964401 1.67149 20
      vertex 0.964401 1.67149 18.8
    endloop
  endfacet
  facet normal 0.950275 -0.311412 0
    outer loop
      vertex -8.17633 -1.32858 20
      vertex -7.98508 -0.74498 18.8
      vertex -7.98508 -0.74498 20
    endloop
  endfacet
  facet normal 0.950275 -0.311412 0
    outer loop
      vertex -7.98508 -0.74498 18.8
      vertex -8.17633 -1.32858 20
      vertex -8.17633 -1.32858 18.8
    endloop
  endfacet
  facet normal 0.956948 -0.290259 0
    outer loop
      vertex -7.98508 -0.74498 20
      vertex -7.95663 -0.651184 18.8
      vertex -7.95663 -0.651184 20
    endloop
  endfacet
  facet normal 0.956948 -0.290259 0
    outer loop
      vertex -7.95663 -0.651184 18.8
      vertex -7.98508 -0.74498 20
      vertex -7.98508 -0.74498 18.8
    endloop
  endfacet
  facet normal 0.992358 -0.123388 0
    outer loop
      vertex -7.95663 -0.651184 20
      vertex -7.88779 -0.0975342 18.8
      vertex -7.88779 -0.0975342 20
    endloop
  endfacet
  facet normal 0.992358 -0.123388 0
    outer loop
      vertex -7.88779 -0.0975342 18.8
      vertex -7.95663 -0.651184 20
      vertex -7.95663 -0.651184 18.8
    endloop
  endfacet
  facet normal 0.995191 -0.0979537 0
    outer loop
      vertex -7.88779 -0.0975342 20
      vertex -7.87819 0 18.8
      vertex -7.87819 0 20
    endloop
  endfacet
  facet normal 0.995191 -0.0979537 0
    outer loop
      vertex -7.87819 0 18.8
      vertex -7.88779 -0.0975342 20
      vertex -7.88779 -0.0975342 18.8
    endloop
  endfacet
  facet normal 0.995191 0.0979537 0
    outer loop
      vertex -7.87819 0 20
      vertex -7.88779 0.0975342 18.8
      vertex -7.88779 0.0975342 20
    endloop
  endfacet
  facet normal 0.995191 0.0979537 0
    outer loop
      vertex -7.88779 0.0975342 18.8
      vertex -7.87819 0 20
      vertex -7.87819 0 18.8
    endloop
  endfacet
  facet normal 0.992358 0.123388 0
    outer loop
      vertex -7.88779 0.0975342 20
      vertex -7.95663 0.651184 18.8
      vertex -7.95663 0.651184 20
    endloop
  endfacet
  facet normal 0.992358 0.123388 0
    outer loop
      vertex -7.95663 0.651184 18.8
      vertex -7.88779 0.0975342 20
      vertex -7.88779 0.0975342 18.8
    endloop
  endfacet
  facet normal 0.956948 0.290259 0
    outer loop
      vertex -7.95663 0.651184 20
      vertex -7.98508 0.74498 18.8
      vertex -7.98508 0.74498 20
    endloop
  endfacet
  facet normal 0.956948 0.290259 0
    outer loop
      vertex -7.98508 0.74498 18.8
      vertex -7.95663 0.651184 20
      vertex -7.95663 0.651184 18.8
    endloop
  endfacet
  facet normal 0.950275 0.311412 0
    outer loop
      vertex -7.98508 0.74498 20
      vertex -8.17633 1.32858 18.8
      vertex -8.17633 1.32858 20
    endloop
  endfacet
  facet normal 0.950275 0.311412 0
    outer loop
      vertex -8.17633 1.32858 18.8
      vertex -7.98508 0.74498 20
      vertex -7.98508 0.74498 18.8
    endloop
  endfacet
  facet normal 0.919894 0.392166 0
    outer loop
      vertex -8.17633 1.32858 20
      vertex -8.34273 1.7189 18.8
      vertex -8.34273 1.7189 20
    endloop
  endfacet
  facet normal 0.919894 0.392166 0
    outer loop
      vertex -8.34273 1.7189 18.8
      vertex -8.17633 1.32858 20
      vertex -8.17633 1.32858 18.8
    endloop
  endfacet
  facet normal -0.25882 -0.965926 0
    outer loop
      vertex -8.34273 1.7189 18.8
      vertex -6.49869 1.22479 20
      vertex -8.34273 1.7189 20
    endloop
  endfacet
  facet normal -0.25882 -0.965926 -0
    outer loop
      vertex -6.49869 1.22479 20
      vertex -8.34273 1.7189 18.8
      vertex -6.49869 1.22479 18.8
    endloop
  endfacet
  facet normal -0.923534 -0.383516 0
    outer loop
      vertex -6.40121 0.990051 18.8
      vertex -6.49869 1.22479 20
      vertex -6.49869 1.22479 18.8
    endloop
  endfacet
  facet normal -0.923534 -0.383516 0
    outer loop
      vertex -6.49869 1.22479 20
      vertex -6.40121 0.990051 18.8
      vertex -6.40121 0.990051 20
    endloop
  endfacet
  facet normal -0.919895 -0.392164 0
    outer loop
      vertex -6.22078 0.566818 18.8
      vertex -6.40121 0.990051 20
      vertex -6.40121 0.990051 18.8
    endloop
  endfacet
  facet normal -0.919895 -0.392164 0
    outer loop
      vertex -6.40121 0.990051 20
      vertex -6.22078 0.566818 18.8
      vertex -6.22078 0.566818 20
    endloop
  endfacet
  facet normal -0.950283 -0.311389 0
    outer loop
      vertex -6.12033 0.260269 18.8
      vertex -6.22078 0.566818 20
      vertex -6.22078 0.566818 18.8
    endloop
  endfacet
  facet normal -0.950283 -0.311389 0
    outer loop
      vertex -6.22078 0.566818 20
      vertex -6.12033 0.260269 18.8
      vertex -6.12033 0.260269 20
    endloop
  endfacet
  facet normal -0.992364 -0.123345 0
    outer loop
      vertex -6.08798 0 18.8
      vertex -6.12033 0.260269 20
      vertex -6.12033 0.260269 18.8
    endloop
  endfacet
  facet normal -0.992364 -0.123345 0
    outer loop
      vertex -6.12033 0.260269 20
      vertex -6.08798 0 18.8
      vertex -6.08798 0 20
    endloop
  endfacet
  facet normal -0.992364 0.123345 0
    outer loop
      vertex -6.12033 -0.260269 18.8
      vertex -6.08798 0 20
      vertex -6.08798 0 18.8
    endloop
  endfacet
  facet normal -0.992364 0.123345 0
    outer loop
      vertex -6.08798 0 20
      vertex -6.12033 -0.260269 18.8
      vertex -6.12033 -0.260269 20
    endloop
  endfacet
  facet normal -0.950283 0.311389 0
    outer loop
      vertex -6.22078 -0.566818 18.8
      vertex -6.12033 -0.260269 20
      vertex -6.12033 -0.260269 18.8
    endloop
  endfacet
  facet normal -0.950283 0.311389 0
    outer loop
      vertex -6.12033 -0.260269 20
      vertex -6.22078 -0.566818 18.8
      vertex -6.22078 -0.566818 20
    endloop
  endfacet
  facet normal -0.919895 0.392164 0
    outer loop
      vertex -6.40121 -0.990051 18.8
      vertex -6.22078 -0.566818 20
      vertex -6.22078 -0.566818 18.8
    endloop
  endfacet
  facet normal -0.919895 0.392164 0
    outer loop
      vertex -6.22078 -0.566818 20
      vertex -6.40121 -0.990051 18.8
      vertex -6.40121 -0.990051 20
    endloop
  endfacet
  facet normal -0.923534 0.383516 0
    outer loop
      vertex -6.49869 -1.22479 18.8
      vertex -6.40121 -0.990051 20
      vertex -6.40121 -0.990051 18.8
    endloop
  endfacet
  facet normal -0.923534 0.383516 0
    outer loop
      vertex -6.40121 -0.990051 20
      vertex -6.49869 -1.22479 18.8
      vertex -6.49869 -1.22479 20
    endloop
  endfacet
  facet normal -0.25882 0.965926 0
    outer loop
      vertex -6.49869 -1.22479 18.8
      vertex -8.34273 -1.7189 20
      vertex -6.49869 -1.22479 20
    endloop
  endfacet
  facet normal -0.25882 0.965926 0
    outer loop
      vertex -8.34273 -1.7189 20
      vertex -6.49869 -1.22479 18.8
      vertex -8.34273 -1.7189 18.8
    endloop
  endfacet
  facet normal 0.919894 -0.392166 0
    outer loop
      vertex -8.34273 -1.7189 20
      vertex -8.17633 -1.32858 18.8
      vertex -8.17633 -1.32858 20
    endloop
  endfacet
  facet normal 0.919894 -0.392166 0
    outer loop
      vertex -8.17633 -1.32858 18.8
      vertex -8.34273 -1.7189 20
      vertex -8.34273 -1.7189 18.8
    endloop
  endfacet
  facet normal 0.923534 0.383516 0
    outer loop
      vertex 6.49869 -1.22479 20
      vertex 6.40121 -0.990051 18.8
      vertex 6.40121 -0.990051 20
    endloop
  endfacet
  facet normal 0.923534 0.383516 0
    outer loop
      vertex 6.40121 -0.990051 18.8
      vertex 6.49869 -1.22479 20
      vertex 6.49869 -1.22479 18.8
    endloop
  endfacet
  facet normal 0.919895 0.392164 0
    outer loop
      vertex 6.40121 -0.990051 20
      vertex 6.22078 -0.566818 18.8
      vertex 6.22078 -0.566818 20
    endloop
  endfacet
  facet normal 0.919895 0.392164 0
    outer loop
      vertex 6.22078 -0.566818 18.8
      vertex 6.40121 -0.990051 20
      vertex 6.40121 -0.990051 18.8
    endloop
  endfacet
  facet normal 0.950283 0.311389 0
    outer loop
      vertex 6.22078 -0.566818 20
      vertex 6.12033 -0.260269 18.8
      vertex 6.12033 -0.260269 20
    endloop
  endfacet
  facet normal 0.950283 0.311389 0
    outer loop
      vertex 6.12033 -0.260269 18.8
      vertex 6.22078 -0.566818 20
      vertex 6.22078 -0.566818 18.8
    endloop
  endfacet
  facet normal 0.992364 0.123345 0
    outer loop
      vertex 6.12033 -0.260269 20
      vertex 6.08798 0 18.8
      vertex 6.08798 0 20
    endloop
  endfacet
  facet normal 0.992364 0.123345 0
    outer loop
      vertex 6.08798 0 18.8
      vertex 6.12033 -0.260269 20
      vertex 6.12033 -0.260269 18.8
    endloop
  endfacet
  facet normal 0.992364 -0.123345 0
    outer loop
      vertex 6.08798 0 20
      vertex 6.12033 0.260269 18.8
      vertex 6.12033 0.260269 20
    endloop
  endfacet
  facet normal 0.992364 -0.123345 0
    outer loop
      vertex 6.12033 0.260269 18.8
      vertex 6.08798 0 20
      vertex 6.08798 0 18.8
    endloop
  endfacet
  facet normal 0.950283 -0.311389 0
    outer loop
      vertex 6.12033 0.260269 20
      vertex 6.22078 0.566818 18.8
      vertex 6.22078 0.566818 20
    endloop
  endfacet
  facet normal 0.950283 -0.311389 0
    outer loop
      vertex 6.22078 0.566818 18.8
      vertex 6.12033 0.260269 20
      vertex 6.12033 0.260269 18.8
    endloop
  endfacet
  facet normal 0.919895 -0.392164 0
    outer loop
      vertex 6.22078 0.566818 20
      vertex 6.40121 0.990051 18.8
      vertex 6.40121 0.990051 20
    endloop
  endfacet
  facet normal 0.919895 -0.392164 0
    outer loop
      vertex 6.40121 0.990051 18.8
      vertex 6.22078 0.566818 20
      vertex 6.22078 0.566818 18.8
    endloop
  endfacet
  facet normal 0.923534 -0.383516 0
    outer loop
      vertex 6.40121 0.990051 20
      vertex 6.49869 1.22479 18.8
      vertex 6.49869 1.22479 20
    endloop
  endfacet
  facet normal 0.923534 -0.383516 0
    outer loop
      vertex 6.49869 1.22479 18.8
      vertex 6.40121 0.990051 20
      vertex 6.40121 0.990051 18.8
    endloop
  endfacet
  facet normal 0.25882 -0.965926 0
    outer loop
      vertex 6.49869 1.22479 18.8
      vertex 8.34273 1.7189 20
      vertex 6.49869 1.22479 20
    endloop
  endfacet
  facet normal 0.25882 -0.965926 0
    outer loop
      vertex 8.34273 1.7189 20
      vertex 6.49869 1.22479 18.8
      vertex 8.34273 1.7189 18.8
    endloop
  endfacet
  facet normal -0.919894 0.392166 0
    outer loop
      vertex 8.17633 1.32858 18.8
      vertex 8.34273 1.7189 20
      vertex 8.34273 1.7189 18.8
    endloop
  endfacet
  facet normal -0.919894 0.392166 0
    outer loop
      vertex 8.34273 1.7189 20
      vertex 8.17633 1.32858 18.8
      vertex 8.17633 1.32858 20
    endloop
  endfacet
  facet normal -0.950275 0.311412 0
    outer loop
      vertex 7.98508 0.74498 18.8
      vertex 8.17633 1.32858 20
      vertex 8.17633 1.32858 18.8
    endloop
  endfacet
  facet normal -0.950275 0.311412 0
    outer loop
      vertex 8.17633 1.32858 20
      vertex 7.98508 0.74498 18.8
      vertex 7.98508 0.74498 20
    endloop
  endfacet
  facet normal -0.956948 0.290259 0
    outer loop
      vertex 7.95663 0.651184 18.8
      vertex 7.98508 0.74498 20
      vertex 7.98508 0.74498 18.8
    endloop
  endfacet
  facet normal -0.956948 0.290259 0
    outer loop
      vertex 7.98508 0.74498 20
      vertex 7.95663 0.651184 18.8
      vertex 7.95663 0.651184 20
    endloop
  endfacet
  facet normal -0.992358 0.123388 0
    outer loop
      vertex 7.88779 0.0975342 18.8
      vertex 7.95663 0.651184 20
      vertex 7.95663 0.651184 18.8
    endloop
  endfacet
  facet normal -0.992358 0.123388 0
    outer loop
      vertex 7.95663 0.651184 20
      vertex 7.88779 0.0975342 18.8
      vertex 7.88779 0.0975342 20
    endloop
  endfacet
  facet normal -0.995191 0.0979537 0
    outer loop
      vertex 7.87819 0 18.8
      vertex 7.88779 0.0975342 20
      vertex 7.88779 0.0975342 18.8
    endloop
  endfacet
  facet normal -0.995191 0.0979537 0
    outer loop
      vertex 7.88779 0.0975342 20
      vertex 7.87819 0 18.8
      vertex 7.87819 0 20
    endloop
  endfacet
  facet normal -0.995191 -0.0979537 0
    outer loop
      vertex 7.88779 -0.0975342 18.8
      vertex 7.87819 0 20
      vertex 7.87819 0 18.8
    endloop
  endfacet
  facet normal -0.995191 -0.0979537 0
    outer loop
      vertex 7.87819 0 20
      vertex 7.88779 -0.0975342 18.8
      vertex 7.88779 -0.0975342 20
    endloop
  endfacet
  facet normal -0.992358 -0.123388 0
    outer loop
      vertex 7.95663 -0.651184 18.8
      vertex 7.88779 -0.0975342 20
      vertex 7.88779 -0.0975342 18.8
    endloop
  endfacet
  facet normal -0.992358 -0.123388 0
    outer loop
      vertex 7.88779 -0.0975342 20
      vertex 7.95663 -0.651184 18.8
      vertex 7.95663 -0.651184 20
    endloop
  endfacet
  facet normal -0.956948 -0.290259 0
    outer loop
      vertex 7.98508 -0.74498 18.8
      vertex 7.95663 -0.651184 20
      vertex 7.95663 -0.651184 18.8
    endloop
  endfacet
  facet normal -0.956948 -0.290259 0
    outer loop
      vertex 7.95663 -0.651184 20
      vertex 7.98508 -0.74498 18.8
      vertex 7.98508 -0.74498 20
    endloop
  endfacet
  facet normal -0.950275 -0.311412 0
    outer loop
      vertex 8.17633 -1.32858 18.8
      vertex 7.98508 -0.74498 20
      vertex 7.98508 -0.74498 18.8
    endloop
  endfacet
  facet normal -0.950275 -0.311412 0
    outer loop
      vertex 7.98508 -0.74498 20
      vertex 8.17633 -1.32858 18.8
      vertex 8.17633 -1.32858 20
    endloop
  endfacet
  facet normal -0.919894 -0.392166 0
    outer loop
      vertex 8.34273 -1.7189 18.8
      vertex 8.17633 -1.32858 20
      vertex 8.17633 -1.32858 18.8
    endloop
  endfacet
  facet normal -0.919894 -0.392166 0
    outer loop
      vertex 8.17633 -1.32858 20
      vertex 8.34273 -1.7189 18.8
      vertex 8.34273 -1.7189 20
    endloop
  endfacet
  facet normal 0.25882 0.965926 -0
    outer loop
      vertex 8.34273 -1.7189 18.8
      vertex 6.49869 -1.22479 20
      vertex 8.34273 -1.7189 20
    endloop
  endfacet
  facet normal 0.25882 0.965926 0
    outer loop
      vertex 6.49869 -1.22479 20
      vertex 8.34273 -1.7189 18.8
      vertex 6.49869 -1.22479 18.8
    endloop
  endfacet
  facet normal 0.797759 -0.602976 0
    outer loop
      vertex -2.04395 1.06419 20
      vertex -2.00284 1.11858 18.8
      vertex -2.00284 1.11858 20
    endloop
  endfacet
  facet normal 0.797759 -0.602976 0
    outer loop
      vertex -2.00284 1.11858 18.8
      vertex -2.04395 1.06419 20
      vertex -2.04395 1.06419 18.8
    endloop
  endfacet
  facet normal 0.881892 -0.471451 0
    outer loop
      vertex -2.00284 1.11858 20
      vertex -1.95663 1.20502 18.8
      vertex -1.95663 1.20502 20
    endloop
  endfacet
  facet normal 0.881892 -0.471451 0
    outer loop
      vertex -1.95663 1.20502 18.8
      vertex -2.00284 1.11858 20
      vertex -2.00284 1.11858 18.8
    endloop
  endfacet
  facet normal 0.921158 -0.389189 0
    outer loop
      vertex -1.95663 1.20502 20
      vertex -1.94341 1.23631 18.8
      vertex -1.94341 1.23631 20
    endloop
  endfacet
  facet normal 0.921158 -0.389189 0
    outer loop
      vertex -1.94341 1.23631 18.8
      vertex -1.95663 1.20502 20
      vertex -1.95663 1.20502 18.8
    endloop
  endfacet
  facet normal -0.707092 -0.707121 0
    outer loop
      vertex -1.67149 0.964401 18.8
      vertex -1.94341 1.23631 20
      vertex -1.94341 1.23631 18.8
    endloop
  endfacet
  facet normal -0.707092 -0.707121 0
    outer loop
      vertex -1.94341 1.23631 20
      vertex -1.67149 0.964401 18.8
      vertex -1.67149 0.964401 20
    endloop
  endfacet
  facet normal 0.258792 0.965933 -0
    outer loop
      vertex -1.67149 0.964401 18.8
      vertex -2.04395 1.06419 20
      vertex -1.67149 0.964401 20
    endloop
  endfacet
  facet normal 0.258792 0.965933 0
    outer loop
      vertex -2.04395 1.06419 20
      vertex -1.67149 0.964401 18.8
      vertex -2.04395 1.06419 18.8
    endloop
  endfacet
  facet normal -0.921158 -0.389189 0
    outer loop
      vertex 1.95663 1.20502 18.8
      vertex 1.94341 1.23631 20
      vertex 1.94341 1.23631 18.8
    endloop
  endfacet
  facet normal -0.921158 -0.389189 0
    outer loop
      vertex 1.94341 1.23631 20
      vertex 1.95663 1.20502 18.8
      vertex 1.95663 1.20502 20
    endloop
  endfacet
  facet normal -0.881892 -0.471451 0
    outer loop
      vertex 2.00284 1.11858 18.8
      vertex 1.95663 1.20502 20
      vertex 1.95663 1.20502 18.8
    endloop
  endfacet
  facet normal -0.881892 -0.471451 0
    outer loop
      vertex 1.95663 1.20502 20
      vertex 2.00284 1.11858 18.8
      vertex 2.00284 1.11858 20
    endloop
  endfacet
  facet normal -0.797759 -0.602976 0
    outer loop
      vertex 2.04395 1.06419 18.8
      vertex 2.00284 1.11858 20
      vertex 2.00284 1.11858 18.8
    endloop
  endfacet
  facet normal -0.797759 -0.602976 0
    outer loop
      vertex 2.00284 1.11858 20
      vertex 2.04395 1.06419 18.8
      vertex 2.04395 1.06419 20
    endloop
  endfacet
  facet normal -0.258792 0.965933 0
    outer loop
      vertex 2.04395 1.06419 18.8
      vertex 1.67149 0.964401 20
      vertex 2.04395 1.06419 20
    endloop
  endfacet
  facet normal -0.258792 0.965933 0
    outer loop
      vertex 1.67149 0.964401 20
      vertex 2.04395 1.06419 18.8
      vertex 1.67149 0.964401 18.8
    endloop
  endfacet
  facet normal 0.707092 -0.707121 0
    outer loop
      vertex 1.67149 0.964401 20
      vertex 1.94341 1.23631 18.8
      vertex 1.94341 1.23631 20
    endloop
  endfacet
  facet normal 0.707092 -0.707121 0
    outer loop
      vertex 1.94341 1.23631 18.8
      vertex 1.67149 0.964401 20
      vertex 1.67149 0.964401 18.8
    endloop
  endfacet
  facet normal 0.956989 -0.290123 0
    outer loop
      vertex -5.1694 -0.56044 20
      vertex -5.14096 -0.466629 18.8
      vertex -5.14096 -0.466629 20
    endloop
  endfacet
  facet normal 0.956989 -0.290123 0
    outer loop
      vertex -5.14096 -0.466629 18.8
      vertex -5.1694 -0.56044 20
      vertex -5.1694 -0.56044 18.8
    endloop
  endfacet
  facet normal 0.992356 -0.123408 0
    outer loop
      vertex -5.14096 -0.466629 20
      vertex -5.09506 -0.0975342 18.8
      vertex -5.09506 -0.0975342 20
    endloop
  endfacet
  facet normal 0.992356 -0.123408 0
    outer loop
      vertex -5.09506 -0.0975342 18.8
      vertex -5.14096 -0.466629 20
      vertex -5.14096 -0.466629 18.8
    endloop
  endfacet
  facet normal 0.995181 -0.0980547 0
    outer loop
      vertex -5.09506 -0.0975342 20
      vertex -5.08545 0 18.8
      vertex -5.08545 0 20
    endloop
  endfacet
  facet normal 0.995181 -0.0980547 0
    outer loop
      vertex -5.08545 0 18.8
      vertex -5.09506 -0.0975342 20
      vertex -5.09506 -0.0975342 18.8
    endloop
  endfacet
  facet normal 0.995181 0.0980547 0
    outer loop
      vertex -5.08545 0 20
      vertex -5.09506 0.0975342 18.8
      vertex -5.09506 0.0975342 20
    endloop
  endfacet
  facet normal 0.995181 0.0980547 0
    outer loop
      vertex -5.09506 0.0975342 18.8
      vertex -5.08545 0 20
      vertex -5.08545 0 18.8
    endloop
  endfacet
  facet normal 0.992356 0.123408 0
    outer loop
      vertex -5.09506 0.0975342 20
      vertex -5.14096 0.466629 18.8
      vertex -5.14096 0.466629 20
    endloop
  endfacet
  facet normal 0.992356 0.123408 0
    outer loop
      vertex -5.14096 0.466629 18.8
      vertex -5.09506 0.0975342 20
      vertex -5.09506 0.0975342 18.8
    endloop
  endfacet
  facet normal 0.956989 0.290123 0
    outer loop
      vertex -5.14096 0.466629 20
      vertex -5.1694 0.56044 18.8
      vertex -5.1694 0.56044 20
    endloop
  endfacet
  facet normal 0.956989 0.290123 0
    outer loop
      vertex -5.1694 0.56044 18.8
      vertex -5.14096 0.466629 20
      vertex -5.14096 0.466629 18.8
    endloop
  endfacet
  facet normal 0.95027 0.311427 0
    outer loop
      vertex -5.1694 0.56044 20
      vertex -5.28012 0.898285 18.8
      vertex -5.28012 0.898285 20
    endloop
  endfacet
  facet normal 0.95027 0.311427 0
    outer loop
      vertex -5.28012 0.898285 18.8
      vertex -5.1694 0.56044 20
      vertex -5.1694 0.56044 18.8
    endloop
  endfacet
  facet normal -0.258824 -0.965924 0
    outer loop
      vertex -5.28012 0.898285 18.8
      vertex -3.43327 0.403412 20
      vertex -5.28012 0.898285 20
    endloop
  endfacet
  facet normal -0.258824 -0.965924 -0
    outer loop
      vertex -3.43327 0.403412 20
      vertex -5.28012 0.898285 18.8
      vertex -3.43327 0.403412 18.8
    endloop
  endfacet
  facet normal -0.923178 -0.384373 0
    outer loop
      vertex -3.43158 0.399353 18.8
      vertex -3.43327 0.403412 20
      vertex -3.43327 0.403412 18.8
    endloop
  endfacet
  facet normal -0.923178 -0.384373 0
    outer loop
      vertex -3.43327 0.403412 20
      vertex -3.43158 0.399353 18.8
      vertex -3.43158 0.399353 20
    endloop
  endfacet
  facet normal -0.919877 -0.392207 0
    outer loop
      vertex -3.34135 0.187729 18.8
      vertex -3.43158 0.399353 20
      vertex -3.43158 0.399353 18.8
    endloop
  endfacet
  facet normal -0.919877 -0.392207 0
    outer loop
      vertex -3.43158 0.399353 20
      vertex -3.34135 0.187729 18.8
      vertex -3.34135 0.187729 20
    endloop
  endfacet
  facet normal -0.950283 -0.311388 0
    outer loop
      vertex -3.30467 0.0757904 18.8
      vertex -3.34135 0.187729 20
      vertex -3.34135 0.187729 18.8
    endloop
  endfacet
  facet normal -0.950283 -0.311388 0
    outer loop
      vertex -3.34135 0.187729 20
      vertex -3.30467 0.0757904 18.8
      vertex -3.30467 0.0757904 20
    endloop
  endfacet
  facet normal -0.992348 -0.12347 0
    outer loop
      vertex -3.29524 0 18.8
      vertex -3.30467 0.0757904 20
      vertex -3.30467 0.0757904 18.8
    endloop
  endfacet
  facet normal -0.992348 -0.12347 0
    outer loop
      vertex -3.30467 0.0757904 20
      vertex -3.29524 0 18.8
      vertex -3.29524 0 20
    endloop
  endfacet
  facet normal -0.992348 0.12347 0
    outer loop
      vertex -3.30467 -0.0757904 18.8
      vertex -3.29524 0 20
      vertex -3.29524 0 18.8
    endloop
  endfacet
  facet normal -0.992348 0.12347 0
    outer loop
      vertex -3.29524 0 20
      vertex -3.30467 -0.0757904 18.8
      vertex -3.30467 -0.0757904 20
    endloop
  endfacet
  facet normal -0.950283 0.311388 0
    outer loop
      vertex -3.34135 -0.187729 18.8
      vertex -3.30467 -0.0757904 20
      vertex -3.30467 -0.0757904 18.8
    endloop
  endfacet
  facet normal -0.950283 0.311388 0
    outer loop
      vertex -3.30467 -0.0757904 20
      vertex -3.34135 -0.187729 18.8
      vertex -3.34135 -0.187729 20
    endloop
  endfacet
  facet normal -0.919877 0.392207 0
    outer loop
      vertex -3.43158 -0.399353 18.8
      vertex -3.34135 -0.187729 20
      vertex -3.34135 -0.187729 18.8
    endloop
  endfacet
  facet normal -0.919877 0.392207 0
    outer loop
      vertex -3.34135 -0.187729 20
      vertex -3.43158 -0.399353 18.8
      vertex -3.43158 -0.399353 20
    endloop
  endfacet
  facet normal -0.923178 0.384373 0
    outer loop
      vertex -3.43327 -0.403412 18.8
      vertex -3.43158 -0.399353 20
      vertex -3.43158 -0.399353 18.8
    endloop
  endfacet
  facet normal -0.923178 0.384373 0
    outer loop
      vertex -3.43158 -0.399353 20
      vertex -3.43327 -0.403412 18.8
      vertex -3.43327 -0.403412 20
    endloop
  endfacet
  facet normal -0.258824 0.965924 0
    outer loop
      vertex -3.43327 -0.403412 18.8
      vertex -5.28012 -0.898285 20
      vertex -3.43327 -0.403412 20
    endloop
  endfacet
  facet normal -0.258824 0.965924 0
    outer loop
      vertex -5.28012 -0.898285 20
      vertex -3.43327 -0.403412 18.8
      vertex -5.28012 -0.898285 18.8
    endloop
  endfacet
  facet normal 0.95027 -0.311427 0
    outer loop
      vertex -5.28012 -0.898285 20
      vertex -5.1694 -0.56044 18.8
      vertex -5.1694 -0.56044 20
    endloop
  endfacet
  facet normal 0.95027 -0.311427 0
    outer loop
      vertex -5.1694 -0.56044 18.8
      vertex -5.28012 -0.898285 20
      vertex -5.28012 -0.898285 18.8
    endloop
  endfacet
  facet normal 0.923178 0.384373 0
    outer loop
      vertex 3.43327 -0.403412 20
      vertex 3.43158 -0.399353 18.8
      vertex 3.43158 -0.399353 20
    endloop
  endfacet
  facet normal 0.923178 0.384373 0
    outer loop
      vertex 3.43158 -0.399353 18.8
      vertex 3.43327 -0.403412 20
      vertex 3.43327 -0.403412 18.8
    endloop
  endfacet
  facet normal 0.919877 0.392207 0
    outer loop
      vertex 3.43158 -0.399353 20
      vertex 3.34135 -0.187729 18.8
      vertex 3.34135 -0.187729 20
    endloop
  endfacet
  facet normal 0.919877 0.392207 0
    outer loop
      vertex 3.34135 -0.187729 18.8
      vertex 3.43158 -0.399353 20
      vertex 3.43158 -0.399353 18.8
    endloop
  endfacet
  facet normal 0.950283 0.311388 0
    outer loop
      vertex 3.34135 -0.187729 20
      vertex 3.30467 -0.0757904 18.8
      vertex 3.30467 -0.0757904 20
    endloop
  endfacet
  facet normal 0.950283 0.311388 0
    outer loop
      vertex 3.30467 -0.0757904 18.8
      vertex 3.34135 -0.187729 20
      vertex 3.34135 -0.187729 18.8
    endloop
  endfacet
  facet normal 0.992348 0.12347 0
    outer loop
      vertex 3.30467 -0.0757904 20
      vertex 3.29524 0 18.8
      vertex 3.29524 0 20
    endloop
  endfacet
  facet normal 0.992348 0.12347 0
    outer loop
      vertex 3.29524 0 18.8
      vertex 3.30467 -0.0757904 20
      vertex 3.30467 -0.0757904 18.8
    endloop
  endfacet
  facet normal 0.992348 -0.12347 0
    outer loop
      vertex 3.29524 0 20
      vertex 3.30467 0.0757904 18.8
      vertex 3.30467 0.0757904 20
    endloop
  endfacet
  facet normal 0.992348 -0.12347 0
    outer loop
      vertex 3.30467 0.0757904 18.8
      vertex 3.29524 0 20
      vertex 3.29524 0 18.8
    endloop
  endfacet
  facet normal 0.950283 -0.311388 0
    outer loop
      vertex 3.30467 0.0757904 20
      vertex 3.34135 0.187729 18.8
      vertex 3.34135 0.187729 20
    endloop
  endfacet
  facet normal 0.950283 -0.311388 0
    outer loop
      vertex 3.34135 0.187729 18.8
      vertex 3.30467 0.0757904 20
      vertex 3.30467 0.0757904 18.8
    endloop
  endfacet
  facet normal 0.919877 -0.392207 0
    outer loop
      vertex 3.34135 0.187729 20
      vertex 3.43158 0.399353 18.8
      vertex 3.43158 0.399353 20
    endloop
  endfacet
  facet normal 0.919877 -0.392207 0
    outer loop
      vertex 3.43158 0.399353 18.8
      vertex 3.34135 0.187729 20
      vertex 3.34135 0.187729 18.8
    endloop
  endfacet
  facet normal 0.923178 -0.384373 0
    outer loop
      vertex 3.43158 0.399353 20
      vertex 3.43327 0.403412 18.8
      vertex 3.43327 0.403412 20
    endloop
  endfacet
  facet normal 0.923178 -0.384373 0
    outer loop
      vertex 3.43327 0.403412 18.8
      vertex 3.43158 0.399353 20
      vertex 3.43158 0.399353 18.8
    endloop
  endfacet
  facet normal 0.258824 -0.965924 0
    outer loop
      vertex 3.43327 0.403412 18.8
      vertex 5.28012 0.898285 20
      vertex 3.43327 0.403412 20
    endloop
  endfacet
  facet normal 0.258824 -0.965924 0
    outer loop
      vertex 5.28012 0.898285 20
      vertex 3.43327 0.403412 18.8
      vertex 5.28012 0.898285 18.8
    endloop
  endfacet
  facet normal -0.95027 0.311427 0
    outer loop
      vertex 5.1694 0.56044 18.8
      vertex 5.28012 0.898285 20
      vertex 5.28012 0.898285 18.8
    endloop
  endfacet
  facet normal -0.95027 0.311427 0
    outer loop
      vertex 5.28012 0.898285 20
      vertex 5.1694 0.56044 18.8
      vertex 5.1694 0.56044 20
    endloop
  endfacet
  facet normal -0.956989 0.290123 0
    outer loop
      vertex 5.14096 0.466629 18.8
      vertex 5.1694 0.56044 20
      vertex 5.1694 0.56044 18.8
    endloop
  endfacet
  facet normal -0.956989 0.290123 0
    outer loop
      vertex 5.1694 0.56044 20
      vertex 5.14096 0.466629 18.8
      vertex 5.14096 0.466629 20
    endloop
  endfacet
  facet normal -0.992356 0.123408 0
    outer loop
      vertex 5.09506 0.0975342 18.8
      vertex 5.14096 0.466629 20
      vertex 5.14096 0.466629 18.8
    endloop
  endfacet
  facet normal -0.992356 0.123408 0
    outer loop
      vertex 5.14096 0.466629 20
      vertex 5.09506 0.0975342 18.8
      vertex 5.09506 0.0975342 20
    endloop
  endfacet
  facet normal -0.995181 0.0980547 0
    outer loop
      vertex 5.08545 0 18.8
      vertex 5.09506 0.0975342 20
      vertex 5.09506 0.0975342 18.8
    endloop
  endfacet
  facet normal -0.995181 0.0980547 0
    outer loop
      vertex 5.09506 0.0975342 20
      vertex 5.08545 0 18.8
      vertex 5.08545 0 20
    endloop
  endfacet
  facet normal -0.995181 -0.0980547 0
    outer loop
      vertex 5.09506 -0.0975342 18.8
      vertex 5.08545 0 20
      vertex 5.08545 0 18.8
    endloop
  endfacet
  facet normal -0.995181 -0.0980547 0
    outer loop
      vertex 5.08545 0 20
      vertex 5.09506 -0.0975342 18.8
      vertex 5.09506 -0.0975342 20
    endloop
  endfacet
  facet normal -0.992356 -0.123408 0
    outer loop
      vertex 5.14096 -0.466629 18.8
      vertex 5.09506 -0.0975342 20
      vertex 5.09506 -0.0975342 18.8
    endloop
  endfacet
  facet normal -0.992356 -0.123408 0
    outer loop
      vertex 5.09506 -0.0975342 20
      vertex 5.14096 -0.466629 18.8
      vertex 5.14096 -0.466629 20
    endloop
  endfacet
  facet normal -0.956989 -0.290123 0
    outer loop
      vertex 5.1694 -0.56044 18.8
      vertex 5.14096 -0.466629 20
      vertex 5.14096 -0.466629 18.8
    endloop
  endfacet
  facet normal -0.956989 -0.290123 0
    outer loop
      vertex 5.14096 -0.466629 20
      vertex 5.1694 -0.56044 18.8
      vertex 5.1694 -0.56044 20
    endloop
  endfacet
  facet normal -0.95027 -0.311427 0
    outer loop
      vertex 5.28012 -0.898285 18.8
      vertex 5.1694 -0.56044 20
      vertex 5.1694 -0.56044 18.8
    endloop
  endfacet
  facet normal -0.95027 -0.311427 0
    outer loop
      vertex 5.1694 -0.56044 20
      vertex 5.28012 -0.898285 18.8
      vertex 5.28012 -0.898285 20
    endloop
  endfacet
  facet normal 0.258824 0.965924 -0
    outer loop
      vertex 5.28012 -0.898285 18.8
      vertex 3.43327 -0.403412 20
      vertex 5.28012 -0.898285 20
    endloop
  endfacet
  facet normal 0.258824 0.965924 0
    outer loop
      vertex 3.43327 -0.403412 20
      vertex 5.28012 -0.898285 18.8
      vertex 3.43327 -0.403412 18.8
    endloop
  endfacet
  facet normal 0.995191 -0.0979537 0
    outer loop
      vertex -2.30232 -0.0975342 20
      vertex -2.29272 0 18.8
      vertex -2.29272 0 20
    endloop
  endfacet
  facet normal 0.995191 -0.0979537 0
    outer loop
      vertex -2.29272 0 18.8
      vertex -2.30232 -0.0975342 20
      vertex -2.30232 -0.0975342 18.8
    endloop
  endfacet
  facet normal 0.995191 0.0979537 0
    outer loop
      vertex -2.29272 0 20
      vertex -2.30232 0.0975342 18.8
      vertex -2.30232 0.0975342 20
    endloop
  endfacet
  facet normal 0.995191 0.0979537 0
    outer loop
      vertex -2.30232 0.0975342 18.8
      vertex -2.29272 0 20
      vertex -2.29272 0 18.8
    endloop
  endfacet
  facet normal 0.992199 0.124665 0
    outer loop
      vertex -2.30232 0.0975342 20
      vertex -2.30269 0.100479 18.8
      vertex -2.30269 0.100479 20
    endloop
  endfacet
  facet normal 0.992199 0.124665 0
    outer loop
      vertex -2.30269 0.100479 18.8
      vertex -2.30232 0.0975342 20
      vertex -2.30232 0.0975342 18.8
    endloop
  endfacet
  facet normal -0.258814 -0.965927 0
    outer loop
      vertex -2.30269 0.100479 18.8
      vertex -1.92769 0 20
      vertex -2.30269 0.100479 20
    endloop
  endfacet
  facet normal -0.258814 -0.965927 -0
    outer loop
      vertex -1.92769 0 20
      vertex -2.30269 0.100479 18.8
      vertex -1.92769 0 18.8
    endloop
  endfacet
  facet normal -0.258814 0.965927 0
    outer loop
      vertex -1.92769 0 18.8
      vertex -2.30269 -0.100479 20
      vertex -1.92769 0 20
    endloop
  endfacet
  facet normal -0.258814 0.965927 0
    outer loop
      vertex -2.30269 -0.100479 20
      vertex -1.92769 0 18.8
      vertex -2.30269 -0.100479 18.8
    endloop
  endfacet
  facet normal 0.992199 -0.124665 0
    outer loop
      vertex -2.30269 -0.100479 20
      vertex -2.30232 -0.0975342 18.8
      vertex -2.30232 -0.0975342 20
    endloop
  endfacet
  facet normal 0.992199 -0.124665 0
    outer loop
      vertex -2.30232 -0.0975342 18.8
      vertex -2.30269 -0.100479 20
      vertex -2.30269 -0.100479 18.8
    endloop
  endfacet
  facet normal 0.258814 -0.965927 0
    outer loop
      vertex 1.92769 0 18.8
      vertex 2.30269 0.100479 20
      vertex 1.92769 0 20
    endloop
  endfacet
  facet normal 0.258814 -0.965927 0
    outer loop
      vertex 2.30269 0.100479 20
      vertex 1.92769 0 18.8
      vertex 2.30269 0.100479 18.8
    endloop
  endfacet
  facet normal -0.992199 0.124665 0
    outer loop
      vertex 2.30232 0.0975342 18.8
      vertex 2.30269 0.100479 20
      vertex 2.30269 0.100479 18.8
    endloop
  endfacet
  facet normal -0.992199 0.124665 0
    outer loop
      vertex 2.30269 0.100479 20
      vertex 2.30232 0.0975342 18.8
      vertex 2.30232 0.0975342 20
    endloop
  endfacet
  facet normal -0.995191 0.0979537 0
    outer loop
      vertex 2.29272 0 18.8
      vertex 2.30232 0.0975342 20
      vertex 2.30232 0.0975342 18.8
    endloop
  endfacet
  facet normal -0.995191 0.0979537 0
    outer loop
      vertex 2.30232 0.0975342 20
      vertex 2.29272 0 18.8
      vertex 2.29272 0 20
    endloop
  endfacet
  facet normal -0.995191 -0.0979537 0
    outer loop
      vertex 2.30232 -0.0975342 18.8
      vertex 2.29272 0 20
      vertex 2.29272 0 18.8
    endloop
  endfacet
  facet normal -0.995191 -0.0979537 0
    outer loop
      vertex 2.29272 0 20
      vertex 2.30232 -0.0975342 18.8
      vertex 2.30232 -0.0975342 20
    endloop
  endfacet
  facet normal -0.992199 -0.124665 0
    outer loop
      vertex 2.30269 -0.100479 18.8
      vertex 2.30232 -0.0975342 20
      vertex 2.30232 -0.0975342 18.8
    endloop
  endfacet
  facet normal -0.992199 -0.124665 0
    outer loop
      vertex 2.30232 -0.0975342 20
      vertex 2.30269 -0.100479 18.8
      vertex 2.30269 -0.100479 20
    endloop
  endfacet
  facet normal 0.258814 0.965927 -0
    outer loop
      vertex 2.30269 -0.100479 18.8
      vertex 1.92769 0 20
      vertex 2.30269 -0.100479 20
    endloop
  endfacet
  facet normal 0.258814 0.965927 0
    outer loop
      vertex 1.92769 0 20
      vertex 2.30269 -0.100479 18.8
      vertex 1.92769 0 18.8
    endloop
  endfacet
  facet normal -0.258792 -0.965933 0
    outer loop
      vertex 1.67149 -0.964401 18.8
      vertex 2.04395 -1.06419 20
      vertex 1.67149 -0.964401 20
    endloop
  endfacet
  facet normal -0.258792 -0.965933 -0
    outer loop
      vertex 2.04395 -1.06419 20
      vertex 1.67149 -0.964401 18.8
      vertex 2.04395 -1.06419 18.8
    endloop
  endfacet
  facet normal -0.797759 0.602976 0
    outer loop
      vertex 2.00284 -1.11858 18.8
      vertex 2.04395 -1.06419 20
      vertex 2.04395 -1.06419 18.8
    endloop
  endfacet
  facet normal -0.797759 0.602976 0
    outer loop
      vertex 2.04395 -1.06419 20
      vertex 2.00284 -1.11858 18.8
      vertex 2.00284 -1.11858 20
    endloop
  endfacet
  facet normal -0.881892 0.471451 0
    outer loop
      vertex 1.95663 -1.20502 18.8
      vertex 2.00284 -1.11858 20
      vertex 2.00284 -1.11858 18.8
    endloop
  endfacet
  facet normal -0.881892 0.471451 0
    outer loop
      vertex 2.00284 -1.11858 20
      vertex 1.95663 -1.20502 18.8
      vertex 1.95663 -1.20502 20
    endloop
  endfacet
  facet normal -0.921158 0.389189 0
    outer loop
      vertex 1.94341 -1.23631 18.8
      vertex 1.95663 -1.20502 20
      vertex 1.95663 -1.20502 18.8
    endloop
  endfacet
  facet normal -0.921158 0.389189 0
    outer loop
      vertex 1.95663 -1.20502 20
      vertex 1.94341 -1.23631 18.8
      vertex 1.94341 -1.23631 20
    endloop
  endfacet
  facet normal 0.707092 0.707121 0
    outer loop
      vertex 1.94341 -1.23631 20
      vertex 1.67149 -0.964401 18.8
      vertex 1.67149 -0.964401 20
    endloop
  endfacet
  facet normal 0.707092 0.707121 0
    outer loop
      vertex 1.67149 -0.964401 18.8
      vertex 1.94341 -1.23631 20
      vertex 1.94341 -1.23631 18.8
    endloop
  endfacet
  facet normal 0.881892 0.471451 0
    outer loop
      vertex -1.95663 -1.20502 20
      vertex -2.00284 -1.11858 18.8
      vertex -2.00284 -1.11858 20
    endloop
  endfacet
  facet normal 0.881892 0.471451 0
    outer loop
      vertex -2.00284 -1.11858 18.8
      vertex -1.95663 -1.20502 20
      vertex -1.95663 -1.20502 18.8
    endloop
  endfacet
  facet normal 0.797759 0.602976 0
    outer loop
      vertex -2.00284 -1.11858 20
      vertex -2.04395 -1.06419 18.8
      vertex -2.04395 -1.06419 20
    endloop
  endfacet
  facet normal 0.797759 0.602976 0
    outer loop
      vertex -2.04395 -1.06419 18.8
      vertex -2.00284 -1.11858 20
      vertex -2.00284 -1.11858 18.8
    endloop
  endfacet
  facet normal 0.258792 -0.965933 0
    outer loop
      vertex -2.04395 -1.06419 18.8
      vertex -1.67149 -0.964401 20
      vertex -2.04395 -1.06419 20
    endloop
  endfacet
  facet normal 0.258792 -0.965933 0
    outer loop
      vertex -1.67149 -0.964401 20
      vertex -2.04395 -1.06419 18.8
      vertex -1.67149 -0.964401 18.8
    endloop
  endfacet
  facet normal -0.707092 0.707121 0
    outer loop
      vertex -1.94341 -1.23631 18.8
      vertex -1.67149 -0.964401 20
      vertex -1.67149 -0.964401 18.8
    endloop
  endfacet
  facet normal -0.707092 0.707121 0
    outer loop
      vertex -1.67149 -0.964401 20
      vertex -1.94341 -1.23631 18.8
      vertex -1.94341 -1.23631 20
    endloop
  endfacet
  facet normal 0.921158 0.389189 0
    outer loop
      vertex -1.94341 -1.23631 20
      vertex -1.95663 -1.20502 18.8
      vertex -1.95663 -1.20502 20
    endloop
  endfacet
  facet normal 0.921158 0.389189 0
    outer loop
      vertex -1.95663 -1.20502 18.8
      vertex -1.94341 -1.23631 20
      vertex -1.94341 -1.23631 18.8
    endloop
  endfacet
  facet normal 0.992737 -0.120304 0
    outer loop
      vertex 2.77051 -2.06342 20
      vertex 2.79449 -1.86554 18.8
      vertex 2.79449 -1.86554 20
    endloop
  endfacet
  facet normal 0.992737 -0.120304 0
    outer loop
      vertex 2.79449 -1.86554 18.8
      vertex 2.77051 -2.06342 20
      vertex 2.77051 -2.06342 18.8
    endloop
  endfacet
  facet normal 0.978647 -0.205546 0
    outer loop
      vertex 2.79449 -1.86554 20
      vertex 2.82552 -1.7178 18.8
      vertex 2.82552 -1.7178 20
    endloop
  endfacet
  facet normal 0.978647 -0.205546 0
    outer loop
      vertex 2.82552 -1.7178 18.8
      vertex 2.79449 -1.86554 20
      vertex 2.79449 -1.86554 18.8
    endloop
  endfacet
  facet normal 0.921114 -0.389292 0
    outer loop
      vertex 2.82552 -1.7178 20
      vertex 2.85622 -1.64516 18.8
      vertex 2.85622 -1.64516 20
    endloop
  endfacet
  facet normal 0.921114 -0.389292 0
    outer loop
      vertex 2.85622 -1.64516 18.8
      vertex 2.82552 -1.7178 20
      vertex 2.82552 -1.7178 18.8
    endloop
  endfacet
  facet normal 0.79772 -0.603028 0
    outer loop
      vertex 2.85622 -1.64516 20
      vertex 2.89949 -1.58792 18.8
      vertex 2.89949 -1.58792 20
    endloop
  endfacet
  facet normal 0.79772 -0.603028 0
    outer loop
      vertex 2.89949 -1.58792 18.8
      vertex 2.85622 -1.64516 20
      vertex 2.85622 -1.64516 18.8
    endloop
  endfacet
  facet normal 0.667274 -0.744812 0
    outer loop
      vertex 2.89949 -1.58792 18.8
      vertex 3.00035 -1.49756 20
      vertex 2.89949 -1.58792 20
    endloop
  endfacet
  facet normal 0.667274 -0.744812 0
    outer loop
      vertex 3.00035 -1.49756 20
      vertex 2.89949 -1.58792 18.8
      vertex 3.00035 -1.49756 18.8
    endloop
  endfacet
  facet normal 0.600531 -0.799602 0
    outer loop
      vertex 3.00035 -1.49756 18.8
      vertex 3.14491 -1.38899 20
      vertex 3.00035 -1.49756 20
    endloop
  endfacet
  facet normal 0.600531 -0.799602 0
    outer loop
      vertex 3.14491 -1.38899 20
      vertex 3.00035 -1.49756 18.8
      vertex 3.14491 -1.38899 18.8
    endloop
  endfacet
  facet normal 0.607951 -0.793974 0
    outer loop
      vertex 3.14491 -1.38899 18.8
      vertex 3.17372 -1.36693 20
      vertex 3.14491 -1.38899 20
    endloop
  endfacet
  facet normal 0.607951 -0.793974 0
    outer loop
      vertex 3.17372 -1.36693 20
      vertex 3.14491 -1.38899 18.8
      vertex 3.17372 -1.36693 18.8
    endloop
  endfacet
  facet normal -0.258813 -0.965928 0
    outer loop
      vertex 3.17372 -1.36693 18.8
      vertex 5.02162 -1.86206 20
      vertex 3.17372 -1.36693 20
    endloop
  endfacet
  facet normal -0.258813 -0.965928 -0
    outer loop
      vertex 5.02162 -1.86206 20
      vertex 3.17372 -1.36693 18.8
      vertex 5.02162 -1.86206 18.8
    endloop
  endfacet
  facet normal -0.634721 0.772742 0
    outer loop
      vertex 5.02162 -1.86206 18.8
      vertex 5.01283 -1.86928 20
      vertex 5.02162 -1.86206 20
    endloop
  endfacet
  facet normal -0.634721 0.772742 0
    outer loop
      vertex 5.01283 -1.86928 20
      vertex 5.02162 -1.86206 18.8
      vertex 5.01283 -1.86928 18.8
    endloop
  endfacet
  facet normal -0.667268 0.744818 0
    outer loop
      vertex 5.01283 -1.86928 18.8
      vertex 4.70789 -2.14247 20
      vertex 5.01283 -1.86928 20
    endloop
  endfacet
  facet normal -0.667268 0.744818 0
    outer loop
      vertex 4.70789 -2.14247 20
      vertex 5.01283 -1.86928 18.8
      vertex 4.70789 -2.14247 18.8
    endloop
  endfacet
  facet normal -0.772984 0.634426 0
    outer loop
      vertex 4.64571 -2.21823 18.8
      vertex 4.70789 -2.14247 20
      vertex 4.70789 -2.14247 18.8
    endloop
  endfacet
  facet normal -0.772984 0.634426 0
    outer loop
      vertex 4.70789 -2.14247 20
      vertex 4.64571 -2.21823 18.8
      vertex 4.64571 -2.21823 20
    endloop
  endfacet
  facet normal -0.7977 0.603054 0
    outer loop
      vertex 4.4214 -2.51494 18.8
      vertex 4.64571 -2.21823 20
      vertex 4.64571 -2.21823 18.8
    endloop
  endfacet
  facet normal -0.7977 0.603054 0
    outer loop
      vertex 4.64571 -2.21823 20
      vertex 4.4214 -2.51494 18.8
      vertex 4.4214 -2.51494 20
    endloop
  endfacet
  facet normal -0.881935 0.471372 0
    outer loop
      vertex 4.3752 -2.60138 18.8
      vertex 4.4214 -2.51494 20
      vertex 4.4214 -2.51494 18.8
    endloop
  endfacet
  facet normal -0.881935 0.471372 0
    outer loop
      vertex 4.4214 -2.51494 20
      vertex 4.3752 -2.60138 18.8
      vertex 4.3752 -2.60138 20
    endloop
  endfacet
  facet normal -0.921094 0.389339 0
    outer loop
      vertex 4.23039 -2.94397 18.8
      vertex 4.3752 -2.60138 20
      vertex 4.3752 -2.60138 18.8
    endloop
  endfacet
  facet normal -0.921094 0.389339 0
    outer loop
      vertex 4.3752 -2.60138 20
      vertex 4.23039 -2.94397 18.8
      vertex 4.23039 -2.94397 20
    endloop
  endfacet
  facet normal -0.95698 0.290155 0
    outer loop
      vertex 4.20195 -3.03777 18.8
      vertex 4.23039 -2.94397 20
      vertex 4.23039 -2.94397 18.8
    endloop
  endfacet
  facet normal -0.95698 0.290155 0
    outer loop
      vertex 4.23039 -2.94397 20
      vertex 4.20195 -3.03777 18.8
      vertex 4.20195 -3.03777 20
    endloop
  endfacet
  facet normal -0.97866 0.205488 0
    outer loop
      vertex 4.12263 -3.41554 18.8
      vertex 4.20195 -3.03777 20
      vertex 4.20195 -3.03777 18.8
    endloop
  endfacet
  facet normal -0.97866 0.205488 0
    outer loop
      vertex 4.20195 -3.03777 20
      vertex 4.12263 -3.41554 18.8
      vertex 4.12263 -3.41554 20
    endloop
  endfacet
  facet normal 0.707107 0.707107 0
    outer loop
      vertex 4.12263 -3.41554 20
      vertex 2.77051 -2.06342 18.8
      vertex 2.77051 -2.06342 20
    endloop
  endfacet
  facet normal 0.707107 0.707107 0
    outer loop
      vertex 2.77051 -2.06342 18.8
      vertex 4.12263 -3.41554 20
      vertex 4.12263 -3.41554 18.8
    endloop
  endfacet
  facet normal 0.95698 0.290155 0
    outer loop
      vertex -4.20195 -3.03777 20
      vertex -4.23039 -2.94397 18.8
      vertex -4.23039 -2.94397 20
    endloop
  endfacet
  facet normal 0.95698 0.290155 0
    outer loop
      vertex -4.23039 -2.94397 18.8
      vertex -4.20195 -3.03777 20
      vertex -4.20195 -3.03777 18.8
    endloop
  endfacet
  facet normal 0.921094 0.389339 0
    outer loop
      vertex -4.23039 -2.94397 20
      vertex -4.3752 -2.60138 18.8
      vertex -4.3752 -2.60138 20
    endloop
  endfacet
  facet normal 0.921094 0.389339 0
    outer loop
      vertex -4.3752 -2.60138 18.8
      vertex -4.23039 -2.94397 20
      vertex -4.23039 -2.94397 18.8
    endloop
  endfacet
  facet normal 0.881935 0.471372 0
    outer loop
      vertex -4.3752 -2.60138 20
      vertex -4.4214 -2.51494 18.8
      vertex -4.4214 -2.51494 20
    endloop
  endfacet
  facet normal 0.881935 0.471372 0
    outer loop
      vertex -4.4214 -2.51494 18.8
      vertex -4.3752 -2.60138 20
      vertex -4.3752 -2.60138 18.8
    endloop
  endfacet
  facet normal 0.7977 0.603054 0
    outer loop
      vertex -4.4214 -2.51494 20
      vertex -4.64571 -2.21823 18.8
      vertex -4.64571 -2.21823 20
    endloop
  endfacet
  facet normal 0.7977 0.603054 0
    outer loop
      vertex -4.64571 -2.21823 18.8
      vertex -4.4214 -2.51494 20
      vertex -4.4214 -2.51494 18.8
    endloop
  endfacet
  facet normal 0.772984 0.634426 0
    outer loop
      vertex -4.64571 -2.21823 20
      vertex -4.70789 -2.14247 18.8
      vertex -4.70789 -2.14247 20
    endloop
  endfacet
  facet normal 0.772984 0.634426 0
    outer loop
      vertex -4.70789 -2.14247 18.8
      vertex -4.64571 -2.21823 20
      vertex -4.64571 -2.21823 18.8
    endloop
  endfacet
  facet normal 0.667268 0.744818 -0
    outer loop
      vertex -4.70789 -2.14247 18.8
      vertex -5.01283 -1.86928 20
      vertex -4.70789 -2.14247 20
    endloop
  endfacet
  facet normal 0.667268 0.744818 0
    outer loop
      vertex -5.01283 -1.86928 20
      vertex -4.70789 -2.14247 18.8
      vertex -5.01283 -1.86928 18.8
    endloop
  endfacet
  facet normal 0.634721 0.772742 -0
    outer loop
      vertex -5.01283 -1.86928 18.8
      vertex -5.02162 -1.86206 20
      vertex -5.01283 -1.86928 20
    endloop
  endfacet
  facet normal 0.634721 0.772742 0
    outer loop
      vertex -5.02162 -1.86206 20
      vertex -5.01283 -1.86928 18.8
      vertex -5.02162 -1.86206 18.8
    endloop
  endfacet
  facet normal 0.258813 -0.965928 0
    outer loop
      vertex -5.02162 -1.86206 18.8
      vertex -3.17372 -1.36693 20
      vertex -5.02162 -1.86206 20
    endloop
  endfacet
  facet normal 0.258813 -0.965928 0
    outer loop
      vertex -3.17372 -1.36693 20
      vertex -5.02162 -1.86206 18.8
      vertex -3.17372 -1.36693 18.8
    endloop
  endfacet
  facet normal -0.607951 -0.793974 0
    outer loop
      vertex -3.17372 -1.36693 18.8
      vertex -3.14491 -1.38899 20
      vertex -3.17372 -1.36693 20
    endloop
  endfacet
  facet normal -0.607951 -0.793974 -0
    outer loop
      vertex -3.14491 -1.38899 20
      vertex -3.17372 -1.36693 18.8
      vertex -3.14491 -1.38899 18.8
    endloop
  endfacet
  facet normal -0.600531 -0.799602 0
    outer loop
      vertex -3.14491 -1.38899 18.8
      vertex -3.00035 -1.49756 20
      vertex -3.14491 -1.38899 20
    endloop
  endfacet
  facet normal -0.600531 -0.799602 -0
    outer loop
      vertex -3.00035 -1.49756 20
      vertex -3.14491 -1.38899 18.8
      vertex -3.00035 -1.49756 18.8
    endloop
  endfacet
  facet normal -0.667274 -0.744812 0
    outer loop
      vertex -3.00035 -1.49756 18.8
      vertex -2.89949 -1.58792 20
      vertex -3.00035 -1.49756 20
    endloop
  endfacet
  facet normal -0.667274 -0.744812 -0
    outer loop
      vertex -2.89949 -1.58792 20
      vertex -3.00035 -1.49756 18.8
      vertex -2.89949 -1.58792 18.8
    endloop
  endfacet
  facet normal -0.79772 -0.603028 0
    outer loop
      vertex -2.85622 -1.64516 18.8
      vertex -2.89949 -1.58792 20
      vertex -2.89949 -1.58792 18.8
    endloop
  endfacet
  facet normal -0.79772 -0.603028 0
    outer loop
      vertex -2.89949 -1.58792 20
      vertex -2.85622 -1.64516 18.8
      vertex -2.85622 -1.64516 20
    endloop
  endfacet
  facet normal -0.921114 -0.389292 0
    outer loop
      vertex -2.82552 -1.7178 18.8
      vertex -2.85622 -1.64516 20
      vertex -2.85622 -1.64516 18.8
    endloop
  endfacet
  facet normal -0.921114 -0.389292 0
    outer loop
      vertex -2.85622 -1.64516 20
      vertex -2.82552 -1.7178 18.8
      vertex -2.82552 -1.7178 20
    endloop
  endfacet
  facet normal -0.978647 -0.205546 0
    outer loop
      vertex -2.79449 -1.86554 18.8
      vertex -2.82552 -1.7178 20
      vertex -2.82552 -1.7178 18.8
    endloop
  endfacet
  facet normal -0.978647 -0.205546 0
    outer loop
      vertex -2.82552 -1.7178 20
      vertex -2.79449 -1.86554 18.8
      vertex -2.79449 -1.86554 20
    endloop
  endfacet
  facet normal -0.992737 -0.120304 0
    outer loop
      vertex -2.77051 -2.06342 18.8
      vertex -2.79449 -1.86554 20
      vertex -2.79449 -1.86554 18.8
    endloop
  endfacet
  facet normal -0.992737 -0.120304 0
    outer loop
      vertex -2.79449 -1.86554 20
      vertex -2.77051 -2.06342 18.8
      vertex -2.77051 -2.06342 20
    endloop
  endfacet
  facet normal -0.707107 0.707107 0
    outer loop
      vertex -4.12263 -3.41554 18.8
      vertex -2.77051 -2.06342 20
      vertex -2.77051 -2.06342 18.8
    endloop
  endfacet
  facet normal -0.707107 0.707107 0
    outer loop
      vertex -2.77051 -2.06342 20
      vertex -4.12263 -3.41554 18.8
      vertex -4.12263 -3.41554 20
    endloop
  endfacet
  facet normal 0.97866 0.205488 0
    outer loop
      vertex -4.12263 -3.41554 20
      vertex -4.20195 -3.03777 18.8
      vertex -4.20195 -3.03777 20
    endloop
  endfacet
  facet normal 0.97866 0.205488 0
    outer loop
      vertex -4.20195 -3.03777 18.8
      vertex -4.12263 -3.41554 20
      vertex -4.12263 -3.41554 18.8
    endloop
  endfacet
  facet normal 0.471451 0.881892 -0
    outer loop
      vertex -1.11858 -2.00284 18.8
      vertex -1.20502 -1.95663 20
      vertex -1.11858 -2.00284 20
    endloop
  endfacet
  facet normal 0.471451 0.881892 0
    outer loop
      vertex -1.20502 -1.95663 20
      vertex -1.11858 -2.00284 18.8
      vertex -1.20502 -1.95663 18.8
    endloop
  endfacet
  facet normal 0.389189 0.921158 -0
    outer loop
      vertex -1.20502 -1.95663 18.8
      vertex -1.23631 -1.94341 20
      vertex -1.20502 -1.95663 20
    endloop
  endfacet
  facet normal 0.389189 0.921158 0
    outer loop
      vertex -1.23631 -1.94341 20
      vertex -1.20502 -1.95663 18.8
      vertex -1.23631 -1.94341 18.8
    endloop
  endfacet
  facet normal 0.707121 -0.707092 0
    outer loop
      vertex -1.23631 -1.94341 20
      vertex -0.964401 -1.67149 18.8
      vertex -0.964401 -1.67149 20
    endloop
  endfacet
  facet normal 0.707121 -0.707092 0
    outer loop
      vertex -0.964401 -1.67149 18.8
      vertex -1.23631 -1.94341 20
      vertex -1.23631 -1.94341 18.8
    endloop
  endfacet
  facet normal -0.965933 0.258792 0
    outer loop
      vertex -1.06419 -2.04395 18.8
      vertex -0.964401 -1.67149 20
      vertex -0.964401 -1.67149 18.8
    endloop
  endfacet
  facet normal -0.965933 0.258792 0
    outer loop
      vertex -0.964401 -1.67149 20
      vertex -1.06419 -2.04395 18.8
      vertex -1.06419 -2.04395 20
    endloop
  endfacet
  facet normal 0.602976 0.797759 -0
    outer loop
      vertex -1.06419 -2.04395 18.8
      vertex -1.11858 -2.00284 20
      vertex -1.06419 -2.04395 20
    endloop
  endfacet
  facet normal 0.602976 0.797759 0
    outer loop
      vertex -1.11858 -2.00284 20
      vertex -1.06419 -2.04395 18.8
      vertex -1.11858 -2.00284 18.8
    endloop
  endfacet
  facet normal -0.707121 -0.707092 0
    outer loop
      vertex 1.23631 -1.94341 18.8
      vertex 0.964401 -1.67149 20
      vertex 0.964401 -1.67149 18.8
    endloop
  endfacet
  facet normal -0.707121 -0.707092 0
    outer loop
      vertex 0.964401 -1.67149 20
      vertex 1.23631 -1.94341 18.8
      vertex 1.23631 -1.94341 20
    endloop
  endfacet
  facet normal -0.389189 0.921158 0
    outer loop
      vertex 1.23631 -1.94341 18.8
      vertex 1.20502 -1.95663 20
      vertex 1.23631 -1.94341 20
    endloop
  endfacet
  facet normal -0.389189 0.921158 0
    outer loop
      vertex 1.20502 -1.95663 20
      vertex 1.23631 -1.94341 18.8
      vertex 1.20502 -1.95663 18.8
    endloop
  endfacet
  facet normal -0.471451 0.881892 0
    outer loop
      vertex 1.20502 -1.95663 18.8
      vertex 1.11858 -2.00284 20
      vertex 1.20502 -1.95663 20
    endloop
  endfacet
  facet normal -0.471451 0.881892 0
    outer loop
      vertex 1.11858 -2.00284 20
      vertex 1.20502 -1.95663 18.8
      vertex 1.11858 -2.00284 18.8
    endloop
  endfacet
  facet normal -0.602976 0.797759 0
    outer loop
      vertex 1.11858 -2.00284 18.8
      vertex 1.06419 -2.04395 20
      vertex 1.11858 -2.00284 20
    endloop
  endfacet
  facet normal -0.602976 0.797759 0
    outer loop
      vertex 1.06419 -2.04395 20
      vertex 1.11858 -2.00284 18.8
      vertex 1.06419 -2.04395 18.8
    endloop
  endfacet
  facet normal 0.965933 0.258792 0
    outer loop
      vertex 1.06419 -2.04395 20
      vertex 0.964401 -1.67149 18.8
      vertex 0.964401 -1.67149 20
    endloop
  endfacet
  facet normal 0.965933 0.258792 0
    outer loop
      vertex 0.964401 -1.67149 18.8
      vertex 1.06419 -2.04395 20
      vertex 1.06419 -2.04395 18.8
    endloop
  endfacet
  facet normal 0.0979537 0.995191 -0
    outer loop
      vertex 0.0975342 -2.30232 18.8
      vertex 0 -2.29272 20
      vertex 0.0975342 -2.30232 20
    endloop
  endfacet
  facet normal 0.0979537 0.995191 0
    outer loop
      vertex 0 -2.29272 20
      vertex 0.0975342 -2.30232 18.8
      vertex 0 -2.29272 18.8
    endloop
  endfacet
  facet normal -0.0979537 0.995191 0
    outer loop
      vertex 0 -2.29272 18.8
      vertex -0.0975342 -2.30232 20
      vertex 0 -2.29272 20
    endloop
  endfacet
  facet normal -0.0979537 0.995191 0
    outer loop
      vertex -0.0975342 -2.30232 20
      vertex 0 -2.29272 18.8
      vertex -0.0975342 -2.30232 18.8
    endloop
  endfacet
  facet normal -0.124665 0.992199 0
    outer loop
      vertex -0.0975342 -2.30232 18.8
      vertex -0.100479 -2.30269 20
      vertex -0.0975342 -2.30232 20
    endloop
  endfacet
  facet normal -0.124665 0.992199 0
    outer loop
      vertex -0.100479 -2.30269 20
      vertex -0.0975342 -2.30232 18.8
      vertex -0.100479 -2.30269 18.8
    endloop
  endfacet
  facet normal 0.965927 -0.258814 0
    outer loop
      vertex -0.100479 -2.30269 20
      vertex 0 -1.92769 18.8
      vertex 0 -1.92769 20
    endloop
  endfacet
  facet normal 0.965927 -0.258814 0
    outer loop
      vertex 0 -1.92769 18.8
      vertex -0.100479 -2.30269 20
      vertex -0.100479 -2.30269 18.8
    endloop
  endfacet
  facet normal -0.965927 -0.258814 0
    outer loop
      vertex 0.100479 -2.30269 18.8
      vertex 0 -1.92769 20
      vertex 0 -1.92769 18.8
    endloop
  endfacet
  facet normal -0.965927 -0.258814 0
    outer loop
      vertex 0 -1.92769 20
      vertex 0.100479 -2.30269 18.8
      vertex 0.100479 -2.30269 20
    endloop
  endfacet
  facet normal 0.124665 0.992199 -0
    outer loop
      vertex 0.100479 -2.30269 18.8
      vertex 0.0975342 -2.30232 20
      vertex 0.100479 -2.30269 20
    endloop
  endfacet
  facet normal 0.124665 0.992199 0
    outer loop
      vertex 0.0975342 -2.30232 20
      vertex 0.100479 -2.30269 18.8
      vertex 0.0975342 -2.30232 18.8
    endloop
  endfacet
  facet normal 0.978662 0.205476 0
    outer loop
      vertex -6.42194 -5.20647 20
      vertex -6.54813 -4.60544 18.8
      vertex -6.54813 -4.60544 20
    endloop
  endfacet
  facet normal 0.978662 0.205476 0
    outer loop
      vertex -6.54813 -4.60544 18.8
      vertex -6.42194 -5.20647 20
      vertex -6.42194 -5.20647 18.8
    endloop
  endfacet
  facet normal 0.95698 0.290155 0
    outer loop
      vertex -6.54813 -4.60544 20
      vertex -6.57657 -4.51164 18.8
      vertex -6.57657 -4.51164 20
    endloop
  endfacet
  facet normal 0.95698 0.290155 0
    outer loop
      vertex -6.57657 -4.51164 18.8
      vertex -6.54813 -4.60544 20
      vertex -6.54813 -4.60544 18.8
    endloop
  endfacet
  facet normal 0.921102 0.389322 0
    outer loop
      vertex -6.57657 -4.51164 20
      vertex -6.79378 -3.99774 18.8
      vertex -6.79378 -3.99774 20
    endloop
  endfacet
  facet normal 0.921102 0.389322 0
    outer loop
      vertex -6.79378 -3.99774 18.8
      vertex -6.57657 -4.51164 20
      vertex -6.57657 -4.51164 18.8
    endloop
  endfacet
  facet normal 0.881935 0.471372 0
    outer loop
      vertex -6.79378 -3.99774 20
      vertex -6.83998 -3.9113 18.8
      vertex -6.83998 -3.9113 20
    endloop
  endfacet
  facet normal 0.881935 0.471372 0
    outer loop
      vertex -6.83998 -3.9113 18.8
      vertex -6.79378 -3.99774 20
      vertex -6.79378 -3.99774 18.8
    endloop
  endfacet
  facet normal 0.797712 0.603038 0
    outer loop
      vertex -6.83998 -3.9113 20
      vertex -7.17642 -3.46625 18.8
      vertex -7.17642 -3.46625 20
    endloop
  endfacet
  facet normal 0.797712 0.603038 0
    outer loop
      vertex -7.17642 -3.46625 18.8
      vertex -6.83998 -3.9113 20
      vertex -6.83998 -3.9113 18.8
    endloop
  endfacet
  facet normal 0.772984 0.634426 0
    outer loop
      vertex -7.17642 -3.46625 20
      vertex -7.2386 -3.39049 18.8
      vertex -7.2386 -3.39049 20
    endloop
  endfacet
  facet normal 0.772984 0.634426 0
    outer loop
      vertex -7.2386 -3.39049 18.8
      vertex -7.17642 -3.46625 20
      vertex -7.17642 -3.46625 18.8
    endloop
  endfacet
  facet normal 0.667274 0.744812 -0
    outer loop
      vertex -7.2386 -3.39049 18.8
      vertex -7.69603 -2.98068 20
      vertex -7.2386 -3.39049 20
    endloop
  endfacet
  facet normal 0.667274 0.744812 0
    outer loop
      vertex -7.69603 -2.98068 20
      vertex -7.2386 -3.39049 18.8
      vertex -7.69603 -2.98068 18.8
    endloop
  endfacet
  facet normal 0.634376 0.773025 -0
    outer loop
      vertex -7.69603 -2.98068 18.8
      vertex -7.7718 -2.9185 20
      vertex -7.69603 -2.98068 20
    endloop
  endfacet
  facet normal 0.634376 0.773025 0
    outer loop
      vertex -7.7718 -2.9185 20
      vertex -7.69603 -2.98068 18.8
      vertex -7.7718 -2.9185 18.8
    endloop
  endfacet
  facet normal 0.600571 0.799571 -0
    outer loop
      vertex -7.7718 -2.9185 18.8
      vertex -8.08536 -2.68298 20
      vertex -7.7718 -2.9185 20
    endloop
  endfacet
  facet normal 0.600571 0.799571 0
    outer loop
      vertex -8.08536 -2.68298 20
      vertex -7.7718 -2.9185 18.8
      vertex -8.08536 -2.68298 18.8
    endloop
  endfacet
  facet normal 0.258819 -0.965926 0
    outer loop
      vertex -8.08536 -2.68298 18.8
      vertex -6.23915 -2.18829 20
      vertex -8.08536 -2.68298 20
    endloop
  endfacet
  facet normal 0.258819 -0.965926 0
    outer loop
      vertex -6.23915 -2.18829 20
      vertex -8.08536 -2.68298 18.8
      vertex -6.23915 -2.18829 18.8
    endloop
  endfacet
  facet normal -0.608079 -0.793876 0
    outer loop
      vertex -6.23915 -2.18829 18.8
      vertex -6.01205 -2.36224 20
      vertex -6.23915 -2.18829 20
    endloop
  endfacet
  facet normal -0.608079 -0.793876 -0
    outer loop
      vertex -6.01205 -2.36224 20
      vertex -6.23915 -2.18829 18.8
      vertex -6.01205 -2.36224 18.8
    endloop
  endfacet
  facet normal -0.600572 -0.79957 0
    outer loop
      vertex -6.01205 -2.36224 18.8
      vertex -5.68358 -2.60896 20
      vertex -6.01205 -2.36224 20
    endloop
  endfacet
  facet normal -0.600572 -0.79957 -0
    outer loop
      vertex -5.68358 -2.60896 20
      vertex -6.01205 -2.36224 18.8
      vertex -5.68358 -2.60896 18.8
    endloop
  endfacet
  facet normal -0.667274 -0.744812 0
    outer loop
      vertex -5.68358 -2.60896 18.8
      vertex -5.43018 -2.83598 20
      vertex -5.68358 -2.60896 20
    endloop
  endfacet
  facet normal -0.667274 -0.744812 -0
    outer loop
      vertex -5.43018 -2.83598 20
      vertex -5.68358 -2.60896 18.8
      vertex -5.43018 -2.83598 18.8
    endloop
  endfacet
  facet normal -0.797703 -0.603051 0
    outer loop
      vertex -5.27481 -3.0415 18.8
      vertex -5.43018 -2.83598 20
      vertex -5.43018 -2.83598 18.8
    endloop
  endfacet
  facet normal -0.797703 -0.603051 0
    outer loop
      vertex -5.43018 -2.83598 20
      vertex -5.27481 -3.0415 18.8
      vertex -5.27481 -3.0415 20
    endloop
  endfacet
  facet normal -0.921094 -0.389339 0
    outer loop
      vertex -5.17169 -3.28546 18.8
      vertex -5.27481 -3.0415 20
      vertex -5.27481 -3.0415 18.8
    endloop
  endfacet
  facet normal -0.921094 -0.389339 0
    outer loop
      vertex -5.27481 -3.0415 20
      vertex -5.17169 -3.28546 18.8
      vertex -5.17169 -3.28546 20
    endloop
  endfacet
  facet normal -0.978671 -0.205434 0
    outer loop
      vertex -5.09862 -3.63356 18.8
      vertex -5.17169 -3.28546 20
      vertex -5.17169 -3.28546 18.8
    endloop
  endfacet
  facet normal -0.978671 -0.205434 0
    outer loop
      vertex -5.17169 -3.28546 20
      vertex -5.09862 -3.63356 18.8
      vertex -5.09862 -3.63356 20
    endloop
  endfacet
  facet normal -0.992734 -0.120326 0
    outer loop
      vertex -5.04326 -4.0903 18.8
      vertex -5.09862 -3.63356 20
      vertex -5.09862 -3.63356 18.8
    endloop
  endfacet
  facet normal -0.992734 -0.120326 0
    outer loop
      vertex -5.09862 -3.63356 20
      vertex -5.04326 -4.0903 18.8
      vertex -5.04326 -4.0903 20
    endloop
  endfacet
  facet normal -0.991553 -0.129702 0
    outer loop
      vertex -5.01482 -4.30772 18.8
      vertex -5.04326 -4.0903 20
      vertex -5.04326 -4.0903 18.8
    endloop
  endfacet
  facet normal -0.991553 -0.129702 0
    outer loop
      vertex -5.04326 -4.0903 20
      vertex -5.01482 -4.30772 18.8
      vertex -5.01482 -4.30772 20
    endloop
  endfacet
  facet normal -0.707109 0.707104 0
    outer loop
      vertex -6.36699 -5.6599 18.8
      vertex -5.01482 -4.30772 20
      vertex -5.01482 -4.30772 18.8
    endloop
  endfacet
  facet normal -0.707109 0.707104 0
    outer loop
      vertex -5.01482 -4.30772 20
      vertex -6.36699 -5.6599 18.8
      vertex -6.36699 -5.6599 20
    endloop
  endfacet
  facet normal 0.992737 0.120307 0
    outer loop
      vertex -6.36699 -5.6599 20
      vertex -6.42194 -5.20647 18.8
      vertex -6.42194 -5.20647 20
    endloop
  endfacet
  facet normal 0.992737 0.120307 0
    outer loop
      vertex -6.42194 -5.20647 18.8
      vertex -6.36699 -5.6599 20
      vertex -6.36699 -5.6599 18.8
    endloop
  endfacet
  facet normal 0.991553 -0.129702 0
    outer loop
      vertex 5.01482 -4.30772 20
      vertex 5.04326 -4.0903 18.8
      vertex 5.04326 -4.0903 20
    endloop
  endfacet
  facet normal 0.991553 -0.129702 0
    outer loop
      vertex 5.04326 -4.0903 18.8
      vertex 5.01482 -4.30772 20
      vertex 5.01482 -4.30772 18.8
    endloop
  endfacet
  facet normal 0.992734 -0.120326 0
    outer loop
      vertex 5.04326 -4.0903 20
      vertex 5.09862 -3.63356 18.8
      vertex 5.09862 -3.63356 20
    endloop
  endfacet
  facet normal 0.992734 -0.120326 0
    outer loop
      vertex 5.09862 -3.63356 18.8
      vertex 5.04326 -4.0903 20
      vertex 5.04326 -4.0903 18.8
    endloop
  endfacet
  facet normal 0.978671 -0.205434 0
    outer loop
      vertex 5.09862 -3.63356 20
      vertex 5.17169 -3.28546 18.8
      vertex 5.17169 -3.28546 20
    endloop
  endfacet
  facet normal 0.978671 -0.205434 0
    outer loop
      vertex 5.17169 -3.28546 18.8
      vertex 5.09862 -3.63356 20
      vertex 5.09862 -3.63356 18.8
    endloop
  endfacet
  facet normal 0.921094 -0.389339 0
    outer loop
      vertex 5.17169 -3.28546 20
      vertex 5.27481 -3.0415 18.8
      vertex 5.27481 -3.0415 20
    endloop
  endfacet
  facet normal 0.921094 -0.389339 0
    outer loop
      vertex 5.27481 -3.0415 18.8
      vertex 5.17169 -3.28546 20
      vertex 5.17169 -3.28546 18.8
    endloop
  endfacet
  facet normal 0.797703 -0.603051 0
    outer loop
      vertex 5.27481 -3.0415 20
      vertex 5.43018 -2.83598 18.8
      vertex 5.43018 -2.83598 20
    endloop
  endfacet
  facet normal 0.797703 -0.603051 0
    outer loop
      vertex 5.43018 -2.83598 18.8
      vertex 5.27481 -3.0415 20
      vertex 5.27481 -3.0415 18.8
    endloop
  endfacet
  facet normal 0.667274 -0.744812 0
    outer loop
      vertex 5.43018 -2.83598 18.8
      vertex 5.68358 -2.60896 20
      vertex 5.43018 -2.83598 20
    endloop
  endfacet
  facet normal 0.667274 -0.744812 0
    outer loop
      vertex 5.68358 -2.60896 20
      vertex 5.43018 -2.83598 18.8
      vertex 5.68358 -2.60896 18.8
    endloop
  endfacet
  facet normal 0.600572 -0.79957 0
    outer loop
      vertex 5.68358 -2.60896 18.8
      vertex 6.01205 -2.36224 20
      vertex 5.68358 -2.60896 20
    endloop
  endfacet
  facet normal 0.600572 -0.79957 0
    outer loop
      vertex 6.01205 -2.36224 20
      vertex 5.68358 -2.60896 18.8
      vertex 6.01205 -2.36224 18.8
    endloop
  endfacet
  facet normal 0.608079 -0.793876 0
    outer loop
      vertex 6.01205 -2.36224 18.8
      vertex 6.23915 -2.18829 20
      vertex 6.01205 -2.36224 20
    endloop
  endfacet
  facet normal 0.608079 -0.793876 0
    outer loop
      vertex 6.23915 -2.18829 20
      vertex 6.01205 -2.36224 18.8
      vertex 6.23915 -2.18829 18.8
    endloop
  endfacet
  facet normal -0.258819 -0.965926 0
    outer loop
      vertex 6.23915 -2.18829 18.8
      vertex 8.08536 -2.68298 20
      vertex 6.23915 -2.18829 20
    endloop
  endfacet
  facet normal -0.258819 -0.965926 -0
    outer loop
      vertex 8.08536 -2.68298 20
      vertex 6.23915 -2.18829 18.8
      vertex 8.08536 -2.68298 18.8
    endloop
  endfacet
  facet normal -0.600571 0.799571 0
    outer loop
      vertex 8.08536 -2.68298 18.8
      vertex 7.7718 -2.9185 20
      vertex 8.08536 -2.68298 20
    endloop
  endfacet
  facet normal -0.600571 0.799571 0
    outer loop
      vertex 7.7718 -2.9185 20
      vertex 8.08536 -2.68298 18.8
      vertex 7.7718 -2.9185 18.8
    endloop
  endfacet
  facet normal -0.634376 0.773025 0
    outer loop
      vertex 7.7718 -2.9185 18.8
      vertex 7.69603 -2.98068 20
      vertex 7.7718 -2.9185 20
    endloop
  endfacet
  facet normal -0.634376 0.773025 0
    outer loop
      vertex 7.69603 -2.98068 20
      vertex 7.7718 -2.9185 18.8
      vertex 7.69603 -2.98068 18.8
    endloop
  endfacet
  facet normal -0.667274 0.744812 0
    outer loop
      vertex 7.69603 -2.98068 18.8
      vertex 7.2386 -3.39049 20
      vertex 7.69603 -2.98068 20
    endloop
  endfacet
  facet normal -0.667274 0.744812 0
    outer loop
      vertex 7.2386 -3.39049 20
      vertex 7.69603 -2.98068 18.8
      vertex 7.2386 -3.39049 18.8
    endloop
  endfacet
  facet normal -0.772984 0.634426 0
    outer loop
      vertex 7.17642 -3.46625 18.8
      vertex 7.2386 -3.39049 20
      vertex 7.2386 -3.39049 18.8
    endloop
  endfacet
  facet normal -0.772984 0.634426 0
    outer loop
      vertex 7.2386 -3.39049 20
      vertex 7.17642 -3.46625 18.8
      vertex 7.17642 -3.46625 20
    endloop
  endfacet
  facet normal -0.797712 0.603038 0
    outer loop
      vertex 6.83998 -3.9113 18.8
      vertex 7.17642 -3.46625 20
      vertex 7.17642 -3.46625 18.8
    endloop
  endfacet
  facet normal -0.797712 0.603038 0
    outer loop
      vertex 7.17642 -3.46625 20
      vertex 6.83998 -3.9113 18.8
      vertex 6.83998 -3.9113 20
    endloop
  endfacet
  facet normal -0.881935 0.471372 0
    outer loop
      vertex 6.79378 -3.99774 18.8
      vertex 6.83998 -3.9113 20
      vertex 6.83998 -3.9113 18.8
    endloop
  endfacet
  facet normal -0.881935 0.471372 0
    outer loop
      vertex 6.83998 -3.9113 20
      vertex 6.79378 -3.99774 18.8
      vertex 6.79378 -3.99774 20
    endloop
  endfacet
  facet normal -0.921102 0.389322 0
    outer loop
      vertex 6.57657 -4.51164 18.8
      vertex 6.79378 -3.99774 20
      vertex 6.79378 -3.99774 18.8
    endloop
  endfacet
  facet normal -0.921102 0.389322 0
    outer loop
      vertex 6.79378 -3.99774 20
      vertex 6.57657 -4.51164 18.8
      vertex 6.57657 -4.51164 20
    endloop
  endfacet
  facet normal -0.95698 0.290155 0
    outer loop
      vertex 6.54813 -4.60544 18.8
      vertex 6.57657 -4.51164 20
      vertex 6.57657 -4.51164 18.8
    endloop
  endfacet
  facet normal -0.95698 0.290155 0
    outer loop
      vertex 6.57657 -4.51164 20
      vertex 6.54813 -4.60544 18.8
      vertex 6.54813 -4.60544 20
    endloop
  endfacet
  facet normal -0.978662 0.205476 0
    outer loop
      vertex 6.42194 -5.20647 18.8
      vertex 6.54813 -4.60544 20
      vertex 6.54813 -4.60544 18.8
    endloop
  endfacet
  facet normal -0.978662 0.205476 0
    outer loop
      vertex 6.54813 -4.60544 20
      vertex 6.42194 -5.20647 18.8
      vertex 6.42194 -5.20647 20
    endloop
  endfacet
  facet normal -0.992737 0.120307 0
    outer loop
      vertex 6.36699 -5.6599 18.8
      vertex 6.42194 -5.20647 20
      vertex 6.42194 -5.20647 18.8
    endloop
  endfacet
  facet normal -0.992737 0.120307 0
    outer loop
      vertex 6.42194 -5.20647 20
      vertex 6.36699 -5.6599 18.8
      vertex 6.36699 -5.6599 20
    endloop
  endfacet
  facet normal 0.707109 0.707104 0
    outer loop
      vertex 6.36699 -5.6599 20
      vertex 5.01482 -4.30772 18.8
      vertex 5.01482 -4.30772 20
    endloop
  endfacet
  facet normal 0.707109 0.707104 0
    outer loop
      vertex 5.01482 -4.30772 18.8
      vertex 6.36699 -5.6599 20
      vertex 6.36699 -5.6599 18.8
    endloop
  endfacet
  facet normal 0.744818 0.667268 0
    outer loop
      vertex -1.86928 -5.01283 20
      vertex -2.14247 -4.70789 18.8
      vertex -2.14247 -4.70789 20
    endloop
  endfacet
  facet normal 0.744818 0.667268 0
    outer loop
      vertex -2.14247 -4.70789 18.8
      vertex -1.86928 -5.01283 20
      vertex -1.86928 -5.01283 18.8
    endloop
  endfacet
  facet normal 0.634426 0.772984 -0
    outer loop
      vertex -2.14247 -4.70789 18.8
      vertex -2.21823 -4.64571 20
      vertex -2.14247 -4.70789 20
    endloop
  endfacet
  facet normal 0.634426 0.772984 0
    outer loop
      vertex -2.21823 -4.64571 20
      vertex -2.14247 -4.70789 18.8
      vertex -2.21823 -4.64571 18.8
    endloop
  endfacet
  facet normal 0.603054 0.7977 -0
    outer loop
      vertex -2.21823 -4.64571 18.8
      vertex -2.51494 -4.4214 20
      vertex -2.21823 -4.64571 20
    endloop
  endfacet
  facet normal 0.603054 0.7977 0
    outer loop
      vertex -2.51494 -4.4214 20
      vertex -2.21823 -4.64571 18.8
      vertex -2.51494 -4.4214 18.8
    endloop
  endfacet
  facet normal 0.471372 0.881935 -0
    outer loop
      vertex -2.51494 -4.4214 18.8
      vertex -2.60138 -4.3752 20
      vertex -2.51494 -4.4214 20
    endloop
  endfacet
  facet normal 0.471372 0.881935 0
    outer loop
      vertex -2.60138 -4.3752 20
      vertex -2.51494 -4.4214 18.8
      vertex -2.60138 -4.3752 18.8
    endloop
  endfacet
  facet normal 0.389339 0.921094 -0
    outer loop
      vertex -2.60138 -4.3752 18.8
      vertex -2.94397 -4.23039 20
      vertex -2.60138 -4.3752 20
    endloop
  endfacet
  facet normal 0.389339 0.921094 0
    outer loop
      vertex -2.94397 -4.23039 20
      vertex -2.60138 -4.3752 18.8
      vertex -2.94397 -4.23039 18.8
    endloop
  endfacet
  facet normal 0.290155 0.95698 -0
    outer loop
      vertex -2.94397 -4.23039 18.8
      vertex -3.03777 -4.20195 20
      vertex -2.94397 -4.23039 20
    endloop
  endfacet
  facet normal 0.290155 0.95698 0
    outer loop
      vertex -3.03777 -4.20195 20
      vertex -2.94397 -4.23039 18.8
      vertex -3.03777 -4.20195 18.8
    endloop
  endfacet
  facet normal 0.205488 0.97866 -0
    outer loop
      vertex -3.03777 -4.20195 18.8
      vertex -3.41554 -4.12263 20
      vertex -3.03777 -4.20195 20
    endloop
  endfacet
  facet normal 0.205488 0.97866 0
    outer loop
      vertex -3.41554 -4.12263 20
      vertex -3.03777 -4.20195 18.8
      vertex -3.41554 -4.12263 18.8
    endloop
  endfacet
  facet normal 0.707107 -0.707107 0
    outer loop
      vertex -3.41554 -4.12263 20
      vertex -2.06342 -2.77051 18.8
      vertex -2.06342 -2.77051 20
    endloop
  endfacet
  facet normal 0.707107 -0.707107 0
    outer loop
      vertex -2.06342 -2.77051 18.8
      vertex -3.41554 -4.12263 20
      vertex -3.41554 -4.12263 18.8
    endloop
  endfacet
  facet normal -0.120304 -0.992737 0
    outer loop
      vertex -2.06342 -2.77051 18.8
      vertex -1.86554 -2.79449 20
      vertex -2.06342 -2.77051 20
    endloop
  endfacet
  facet normal -0.120304 -0.992737 -0
    outer loop
      vertex -1.86554 -2.79449 20
      vertex -2.06342 -2.77051 18.8
      vertex -1.86554 -2.79449 18.8
    endloop
  endfacet
  facet normal -0.205546 -0.978647 0
    outer loop
      vertex -1.86554 -2.79449 18.8
      vertex -1.7178 -2.82552 20
      vertex -1.86554 -2.79449 20
    endloop
  endfacet
  facet normal -0.205546 -0.978647 -0
    outer loop
      vertex -1.7178 -2.82552 20
      vertex -1.86554 -2.79449 18.8
      vertex -1.7178 -2.82552 18.8
    endloop
  endfacet
  facet normal -0.389292 -0.921114 0
    outer loop
      vertex -1.7178 -2.82552 18.8
      vertex -1.64516 -2.85622 20
      vertex -1.7178 -2.82552 20
    endloop
  endfacet
  facet normal -0.389292 -0.921114 -0
    outer loop
      vertex -1.64516 -2.85622 20
      vertex -1.7178 -2.82552 18.8
      vertex -1.64516 -2.85622 18.8
    endloop
  endfacet
  facet normal -0.603028 -0.79772 0
    outer loop
      vertex -1.64516 -2.85622 18.8
      vertex -1.58792 -2.89949 20
      vertex -1.64516 -2.85622 20
    endloop
  endfacet
  facet normal -0.603028 -0.79772 -0
    outer loop
      vertex -1.58792 -2.89949 20
      vertex -1.64516 -2.85622 18.8
      vertex -1.58792 -2.89949 18.8
    endloop
  endfacet
  facet normal -0.744812 -0.667274 0
    outer loop
      vertex -1.49756 -3.00035 18.8
      vertex -1.58792 -2.89949 20
      vertex -1.58792 -2.89949 18.8
    endloop
  endfacet
  facet normal -0.744812 -0.667274 0
    outer loop
      vertex -1.58792 -2.89949 20
      vertex -1.49756 -3.00035 18.8
      vertex -1.49756 -3.00035 20
    endloop
  endfacet
  facet normal -0.799589 -0.600548 0
    outer loop
      vertex -1.38882 -3.14513 18.8
      vertex -1.49756 -3.00035 20
      vertex -1.49756 -3.00035 18.8
    endloop
  endfacet
  facet normal -0.799589 -0.600548 0
    outer loop
      vertex -1.49756 -3.00035 20
      vertex -1.38882 -3.14513 18.8
      vertex -1.38882 -3.14513 20
    endloop
  endfacet
  facet normal -0.793995 -0.607924 0
    outer loop
      vertex -1.36693 -3.17372 18.8
      vertex -1.38882 -3.14513 20
      vertex -1.38882 -3.14513 18.8
    endloop
  endfacet
  facet normal -0.793995 -0.607924 0
    outer loop
      vertex -1.38882 -3.14513 20
      vertex -1.36693 -3.17372 18.8
      vertex -1.36693 -3.17372 20
    endloop
  endfacet
  facet normal -0.965928 0.258813 0
    outer loop
      vertex -1.86206 -5.02162 18.8
      vertex -1.36693 -3.17372 20
      vertex -1.36693 -3.17372 18.8
    endloop
  endfacet
  facet normal -0.965928 0.258813 0
    outer loop
      vertex -1.36693 -3.17372 20
      vertex -1.86206 -5.02162 18.8
      vertex -1.86206 -5.02162 20
    endloop
  endfacet
  facet normal 0.772742 0.634721 0
    outer loop
      vertex -1.86206 -5.02162 20
      vertex -1.86928 -5.01283 18.8
      vertex -1.86928 -5.01283 20
    endloop
  endfacet
  facet normal 0.772742 0.634721 0
    outer loop
      vertex -1.86928 -5.01283 18.8
      vertex -1.86206 -5.02162 20
      vertex -1.86206 -5.02162 18.8
    endloop
  endfacet
  facet normal 0.793974 -0.607951 0
    outer loop
      vertex 1.36693 -3.17372 20
      vertex 1.38899 -3.14491 18.8
      vertex 1.38899 -3.14491 20
    endloop
  endfacet
  facet normal 0.793974 -0.607951 0
    outer loop
      vertex 1.38899 -3.14491 18.8
      vertex 1.36693 -3.17372 20
      vertex 1.36693 -3.17372 18.8
    endloop
  endfacet
  facet normal 0.799602 -0.600531 0
    outer loop
      vertex 1.38899 -3.14491 20
      vertex 1.49756 -3.00035 18.8
      vertex 1.49756 -3.00035 20
    endloop
  endfacet
  facet normal 0.799602 -0.600531 0
    outer loop
      vertex 1.49756 -3.00035 18.8
      vertex 1.38899 -3.14491 20
      vertex 1.38899 -3.14491 18.8
    endloop
  endfacet
  facet normal 0.744812 -0.667274 0
    outer loop
      vertex 1.49756 -3.00035 20
      vertex 1.58792 -2.89949 18.8
      vertex 1.58792 -2.89949 20
    endloop
  endfacet
  facet normal 0.744812 -0.667274 0
    outer loop
      vertex 1.58792 -2.89949 18.8
      vertex 1.49756 -3.00035 20
      vertex 1.49756 -3.00035 18.8
    endloop
  endfacet
  facet normal 0.603028 -0.79772 0
    outer loop
      vertex 1.58792 -2.89949 18.8
      vertex 1.64516 -2.85622 20
      vertex 1.58792 -2.89949 20
    endloop
  endfacet
  facet normal 0.603028 -0.79772 0
    outer loop
      vertex 1.64516 -2.85622 20
      vertex 1.58792 -2.89949 18.8
      vertex 1.64516 -2.85622 18.8
    endloop
  endfacet
  facet normal 0.389292 -0.921114 0
    outer loop
      vertex 1.64516 -2.85622 18.8
      vertex 1.7178 -2.82552 20
      vertex 1.64516 -2.85622 20
    endloop
  endfacet
  facet normal 0.389292 -0.921114 0
    outer loop
      vertex 1.7178 -2.82552 20
      vertex 1.64516 -2.85622 18.8
      vertex 1.7178 -2.82552 18.8
    endloop
  endfacet
  facet normal 0.205546 -0.978647 0
    outer loop
      vertex 1.7178 -2.82552 18.8
      vertex 1.86554 -2.79449 20
      vertex 1.7178 -2.82552 20
    endloop
  endfacet
  facet normal 0.205546 -0.978647 0
    outer loop
      vertex 1.86554 -2.79449 20
      vertex 1.7178 -2.82552 18.8
      vertex 1.86554 -2.79449 18.8
    endloop
  endfacet
  facet normal 0.120304 -0.992737 0
    outer loop
      vertex 1.86554 -2.79449 18.8
      vertex 2.06342 -2.77051 20
      vertex 1.86554 -2.79449 20
    endloop
  endfacet
  facet normal 0.120304 -0.992737 0
    outer loop
      vertex 2.06342 -2.77051 20
      vertex 1.86554 -2.79449 18.8
      vertex 2.06342 -2.77051 18.8
    endloop
  endfacet
  facet normal -0.707107 -0.707107 0
    outer loop
      vertex 3.41554 -4.12263 18.8
      vertex 2.06342 -2.77051 20
      vertex 2.06342 -2.77051 18.8
    endloop
  endfacet
  facet normal -0.707107 -0.707107 0
    outer loop
      vertex 2.06342 -2.77051 20
      vertex 3.41554 -4.12263 18.8
      vertex 3.41554 -4.12263 20
    endloop
  endfacet
  facet normal -0.205488 0.97866 0
    outer loop
      vertex 3.41554 -4.12263 18.8
      vertex 3.03777 -4.20195 20
      vertex 3.41554 -4.12263 20
    endloop
  endfacet
  facet normal -0.205488 0.97866 0
    outer loop
      vertex 3.03777 -4.20195 20
      vertex 3.41554 -4.12263 18.8
      vertex 3.03777 -4.20195 18.8
    endloop
  endfacet
  facet normal -0.290155 0.95698 0
    outer loop
      vertex 3.03777 -4.20195 18.8
      vertex 2.94397 -4.23039 20
      vertex 3.03777 -4.20195 20
    endloop
  endfacet
  facet normal -0.290155 0.95698 0
    outer loop
      vertex 2.94397 -4.23039 20
      vertex 3.03777 -4.20195 18.8
      vertex 2.94397 -4.23039 18.8
    endloop
  endfacet
  facet normal -0.389339 0.921094 0
    outer loop
      vertex 2.94397 -4.23039 18.8
      vertex 2.60138 -4.3752 20
      vertex 2.94397 -4.23039 20
    endloop
  endfacet
  facet normal -0.389339 0.921094 0
    outer loop
      vertex 2.60138 -4.3752 20
      vertex 2.94397 -4.23039 18.8
      vertex 2.60138 -4.3752 18.8
    endloop
  endfacet
  facet normal -0.471372 0.881935 0
    outer loop
      vertex 2.60138 -4.3752 18.8
      vertex 2.51494 -4.4214 20
      vertex 2.60138 -4.3752 20
    endloop
  endfacet
  facet normal -0.471372 0.881935 0
    outer loop
      vertex 2.51494 -4.4214 20
      vertex 2.60138 -4.3752 18.8
      vertex 2.51494 -4.4214 18.8
    endloop
  endfacet
  facet normal -0.603054 0.7977 0
    outer loop
      vertex 2.51494 -4.4214 18.8
      vertex 2.21823 -4.64571 20
      vertex 2.51494 -4.4214 20
    endloop
  endfacet
  facet normal -0.603054 0.7977 0
    outer loop
      vertex 2.21823 -4.64571 20
      vertex 2.51494 -4.4214 18.8
      vertex 2.21823 -4.64571 18.8
    endloop
  endfacet
  facet normal -0.634426 0.772984 0
    outer loop
      vertex 2.21823 -4.64571 18.8
      vertex 2.14247 -4.70789 20
      vertex 2.21823 -4.64571 20
    endloop
  endfacet
  facet normal -0.634426 0.772984 0
    outer loop
      vertex 2.14247 -4.70789 20
      vertex 2.21823 -4.64571 18.8
      vertex 2.14247 -4.70789 18.8
    endloop
  endfacet
  facet normal -0.744818 0.667268 0
    outer loop
      vertex 1.86928 -5.01283 18.8
      vertex 2.14247 -4.70789 20
      vertex 2.14247 -4.70789 18.8
    endloop
  endfacet
  facet normal -0.744818 0.667268 0
    outer loop
      vertex 2.14247 -4.70789 20
      vertex 1.86928 -5.01283 18.8
      vertex 1.86928 -5.01283 20
    endloop
  endfacet
  facet normal -0.772742 0.634721 0
    outer loop
      vertex 1.86206 -5.02162 18.8
      vertex 1.86928 -5.01283 20
      vertex 1.86928 -5.01283 18.8
    endloop
  endfacet
  facet normal -0.772742 0.634721 0
    outer loop
      vertex 1.86928 -5.01283 20
      vertex 1.86206 -5.02162 18.8
      vertex 1.86206 -5.02162 20
    endloop
  endfacet
  facet normal 0.965928 0.258813 0
    outer loop
      vertex 1.86206 -5.02162 20
      vertex 1.36693 -3.17372 18.8
      vertex 1.36693 -3.17372 20
    endloop
  endfacet
  facet normal 0.965928 0.258813 0
    outer loop
      vertex 1.36693 -3.17372 18.8
      vertex 1.86206 -5.02162 20
      vertex 1.86206 -5.02162 18.8
    endloop
  endfacet
  facet normal 0.992734 0.120326 0
    outer loop
      vertex -8.61534 -7.88797 20
      vertex -8.72606 -6.97449 18.8
      vertex -8.72606 -6.97449 20
    endloop
  endfacet
  facet normal 0.992734 0.120326 0
    outer loop
      vertex -8.72606 -6.97449 18.8
      vertex -8.61534 -7.88797 20
      vertex -8.61534 -7.88797 18.8
    endloop
  endfacet
  facet normal 0.978669 0.205445 0
    outer loop
      vertex -8.72606 -6.97449 20
      vertex -8.89429 -6.1731 18.8
      vertex -8.89429 -6.1731 20
    endloop
  endfacet
  facet normal 0.978669 0.205445 0
    outer loop
      vertex -8.89429 -6.1731 18.8
      vertex -8.72606 -6.97449 20
      vertex -8.72606 -6.97449 18.8
    endloop
  endfacet
  facet normal 0.956951 0.290248 0
    outer loop
      vertex -8.89429 -6.1731 20
      vertex -8.92274 -6.0793 18.8
      vertex -8.92274 -6.0793 20
    endloop
  endfacet
  facet normal 0.956951 0.290248 0
    outer loop
      vertex -8.92274 -6.0793 18.8
      vertex -8.89429 -6.1731 20
      vertex -8.89429 -6.1731 18.8
    endloop
  endfacet
  facet normal 0.921099 0.389329 0
    outer loop
      vertex -8.92274 -6.0793 20
      vertex -9.21236 -5.3941 18.8
      vertex -9.21236 -5.3941 20
    endloop
  endfacet
  facet normal 0.921099 0.389329 0
    outer loop
      vertex -9.21236 -5.3941 18.8
      vertex -8.92274 -6.0793 20
      vertex -8.92274 -6.0793 18.8
    endloop
  endfacet
  facet normal 0.881935 0.471372 0
    outer loop
      vertex -9.21236 -5.3941 20
      vertex -9.25856 -5.30766 18.8
      vertex -9.25856 -5.30766 20
    endloop
  endfacet
  facet normal 0.881935 0.471372 0
    outer loop
      vertex -9.25856 -5.30766 18.8
      vertex -9.21236 -5.3941 20
      vertex -9.21236 -5.3941 18.8
    endloop
  endfacet
  facet normal 0.79771 0.603041 0
    outer loop
      vertex -9.25856 -5.30766 20
      vertex -9.70715 -4.71426 18.8
      vertex -9.70715 -4.71426 20
    endloop
  endfacet
  facet normal 0.79771 0.603041 0
    outer loop
      vertex -9.70715 -4.71426 18.8
      vertex -9.25856 -5.30766 20
      vertex -9.25856 -5.30766 18.8
    endloop
  endfacet
  facet normal 0.773025 0.634376 0
    outer loop
      vertex -9.70715 -4.71426 20
      vertex -9.76933 -4.63849 18.8
      vertex -9.76933 -4.63849 20
    endloop
  endfacet
  facet normal 0.773025 0.634376 0
    outer loop
      vertex -9.76933 -4.63849 18.8
      vertex -9.70715 -4.71426 20
      vertex -9.70715 -4.71426 18.8
    endloop
  endfacet
  facet normal 0.667281 0.744806 -0
    outer loop
      vertex -9.76933 -4.63849 18.8
      vertex -10.3792 -4.0921 20
      vertex -9.76933 -4.63849 20
    endloop
  endfacet
  facet normal 0.667281 0.744806 0
    outer loop
      vertex -10.3792 -4.0921 20
      vertex -9.76933 -4.63849 18.8
      vertex -10.3792 -4.0921 18.8
    endloop
  endfacet
  facet normal 0.634226 0.773148 -0
    outer loop
      vertex -10.3792 -4.0921 18.8
      vertex -10.455 -4.02992 20
      vertex -10.3792 -4.0921 20
    endloop
  endfacet
  facet normal 0.634226 0.773148 0
    outer loop
      vertex -10.455 -4.02992 20
      vertex -10.3792 -4.0921 18.8
      vertex -10.455 -4.02992 18.8
    endloop
  endfacet
  facet normal 0.600553 0.799585 -0
    outer loop
      vertex -10.455 -4.02992 18.8
      vertex -11.1537 -3.50514 20
      vertex -10.455 -4.02992 20
    endloop
  endfacet
  facet normal 0.600553 0.799585 0
    outer loop
      vertex -11.1537 -3.50514 20
      vertex -10.455 -4.02992 18.8
      vertex -11.1537 -3.50514 18.8
    endloop
  endfacet
  facet normal 0.258818 -0.965926 0
    outer loop
      vertex -11.1537 -3.50514 18.8
      vertex -9.30457 -3.00967 20
      vertex -11.1537 -3.50514 20
    endloop
  endfacet
  facet normal 0.258818 -0.965926 0
    outer loop
      vertex -9.30457 -3.00967 20
      vertex -11.1537 -3.50514 18.8
      vertex -9.30457 -3.00967 18.8
    endloop
  endfacet
  facet normal -0.608088 -0.79387 0
    outer loop
      vertex -9.30457 -3.00967 18.8
      vertex -8.87918 -3.33551 20
      vertex -9.30457 -3.00967 20
    endloop
  endfacet
  facet normal -0.608088 -0.79387 -0
    outer loop
      vertex -8.87918 -3.33551 20
      vertex -9.30457 -3.00967 18.8
      vertex -8.87918 -3.33551 18.8
    endloop
  endfacet
  facet normal -0.600566 -0.799575 0
    outer loop
      vertex -8.87918 -3.33551 18.8
      vertex -8.36667 -3.72046 20
      vertex -8.87918 -3.33551 20
    endloop
  endfacet
  facet normal -0.600566 -0.799575 -0
    outer loop
      vertex -8.36667 -3.72046 20
      vertex -8.87918 -3.33551 18.8
      vertex -8.36667 -3.72046 18.8
    endloop
  endfacet
  facet normal -0.667268 -0.744817 0
    outer loop
      vertex -8.36667 -3.72046 18.8
      vertex -7.96088 -4.084 20
      vertex -8.36667 -3.72046 20
    endloop
  endfacet
  facet normal -0.667268 -0.744817 -0
    outer loop
      vertex -7.96088 -4.084 20
      vertex -8.36667 -3.72046 18.8
      vertex -7.96088 -4.084 18.8
    endloop
  endfacet
  facet normal -0.797714 -0.603036 0
    outer loop
      vertex -7.69337 -4.43787 18.8
      vertex -7.96088 -4.084 20
      vertex -7.96088 -4.084 18.8
    endloop
  endfacet
  facet normal -0.797714 -0.603036 0
    outer loop
      vertex -7.96088 -4.084 20
      vertex -7.69337 -4.43787 18.8
      vertex -7.69337 -4.43787 20
    endloop
  endfacet
  facet normal -0.921117 -0.389286 0
    outer loop
      vertex -7.51785 -4.85318 18.8
      vertex -7.69337 -4.43787 20
      vertex -7.69337 -4.43787 18.8
    endloop
  endfacet
  facet normal -0.921117 -0.389286 0
    outer loop
      vertex -7.69337 -4.43787 20
      vertex -7.51785 -4.85318 18.8
      vertex -7.51785 -4.85318 20
    endloop
  endfacet
  facet normal -0.978669 -0.205446 0
    outer loop
      vertex -7.40273 -5.40157 18.8
      vertex -7.51785 -4.85318 20
      vertex -7.51785 -4.85318 18.8
    endloop
  endfacet
  facet normal -0.978669 -0.205446 0
    outer loop
      vertex -7.51785 -4.85318 20
      vertex -7.40273 -5.40157 18.8
      vertex -7.40273 -5.40157 20
    endloop
  endfacet
  facet normal -0.992735 -0.120324 0
    outer loop
      vertex -7.31969 -6.08669 18.8
      vertex -7.40273 -5.40157 20
      vertex -7.40273 -5.40157 18.8
    endloop
  endfacet
  facet normal -0.992735 -0.120324 0
    outer loop
      vertex -7.40273 -5.40157 20
      vertex -7.31969 -6.08669 18.8
      vertex -7.31969 -6.08669 20
    endloop
  endfacet
  facet normal -0.991557 -0.129672 0
    outer loop
      vertex -7.25887 -6.55176 18.8
      vertex -7.31969 -6.08669 20
      vertex -7.31969 -6.08669 18.8
    endloop
  endfacet
  facet normal -0.991557 -0.129672 0
    outer loop
      vertex -7.31969 -6.08669 20
      vertex -7.25887 -6.55176 18.8
      vertex -7.25887 -6.55176 20
    endloop
  endfacet
  facet normal -0.707112 0.707102 0
    outer loop
      vertex -8.61299 -7.9059 18.8
      vertex -7.25887 -6.55176 20
      vertex -7.25887 -6.55176 18.8
    endloop
  endfacet
  facet normal -0.707112 0.707102 0
    outer loop
      vertex -7.25887 -6.55176 20
      vertex -8.61299 -7.9059 18.8
      vertex -8.61299 -7.9059 20
    endloop
  endfacet
  facet normal 0.99152 0.129954 0
    outer loop
      vertex -8.61299 -7.9059 20
      vertex -8.61534 -7.88797 18.8
      vertex -8.61534 -7.88797 20
    endloop
  endfacet
  facet normal 0.99152 0.129954 0
    outer loop
      vertex -8.61534 -7.88797 18.8
      vertex -8.61299 -7.9059 20
      vertex -8.61299 -7.9059 18.8
    endloop
  endfacet
  facet normal 0.991557 -0.129672 0
    outer loop
      vertex 7.25887 -6.55176 20
      vertex 7.31969 -6.08669 18.8
      vertex 7.31969 -6.08669 20
    endloop
  endfacet
  facet normal 0.991557 -0.129672 0
    outer loop
      vertex 7.31969 -6.08669 18.8
      vertex 7.25887 -6.55176 20
      vertex 7.25887 -6.55176 18.8
    endloop
  endfacet
  facet normal 0.992735 -0.120324 0
    outer loop
      vertex 7.31969 -6.08669 20
      vertex 7.40273 -5.40157 18.8
      vertex 7.40273 -5.40157 20
    endloop
  endfacet
  facet normal 0.992735 -0.120324 0
    outer loop
      vertex 7.40273 -5.40157 18.8
      vertex 7.31969 -6.08669 20
      vertex 7.31969 -6.08669 18.8
    endloop
  endfacet
  facet normal 0.978669 -0.205446 0
    outer loop
      vertex 7.40273 -5.40157 20
      vertex 7.51785 -4.85318 18.8
      vertex 7.51785 -4.85318 20
    endloop
  endfacet
  facet normal 0.978669 -0.205446 0
    outer loop
      vertex 7.51785 -4.85318 18.8
      vertex 7.40273 -5.40157 20
      vertex 7.40273 -5.40157 18.8
    endloop
  endfacet
  facet normal 0.921117 -0.389286 0
    outer loop
      vertex 7.51785 -4.85318 20
      vertex 7.69337 -4.43787 18.8
      vertex 7.69337 -4.43787 20
    endloop
  endfacet
  facet normal 0.921117 -0.389286 0
    outer loop
      vertex 7.69337 -4.43787 18.8
      vertex 7.51785 -4.85318 20
      vertex 7.51785 -4.85318 18.8
    endloop
  endfacet
  facet normal 0.797714 -0.603036 0
    outer loop
      vertex 7.69337 -4.43787 20
      vertex 7.96088 -4.084 18.8
      vertex 7.96088 -4.084 20
    endloop
  endfacet
  facet normal 0.797714 -0.603036 0
    outer loop
      vertex 7.96088 -4.084 18.8
      vertex 7.69337 -4.43787 20
      vertex 7.69337 -4.43787 18.8
    endloop
  endfacet
  facet normal 0.667268 -0.744817 0
    outer loop
      vertex 7.96088 -4.084 18.8
      vertex 8.36667 -3.72046 20
      vertex 7.96088 -4.084 20
    endloop
  endfacet
  facet normal 0.667268 -0.744817 0
    outer loop
      vertex 8.36667 -3.72046 20
      vertex 7.96088 -4.084 18.8
      vertex 8.36667 -3.72046 18.8
    endloop
  endfacet
  facet normal 0.600566 -0.799575 0
    outer loop
      vertex 8.36667 -3.72046 18.8
      vertex 8.87918 -3.33551 20
      vertex 8.36667 -3.72046 20
    endloop
  endfacet
  facet normal 0.600566 -0.799575 0
    outer loop
      vertex 8.87918 -3.33551 20
      vertex 8.36667 -3.72046 18.8
      vertex 8.87918 -3.33551 18.8
    endloop
  endfacet
  facet normal 0.608088 -0.79387 0
    outer loop
      vertex 8.87918 -3.33551 18.8
      vertex 9.30457 -3.00967 20
      vertex 8.87918 -3.33551 20
    endloop
  endfacet
  facet normal 0.608088 -0.79387 0
    outer loop
      vertex 9.30457 -3.00967 20
      vertex 8.87918 -3.33551 18.8
      vertex 9.30457 -3.00967 18.8
    endloop
  endfacet
  facet normal -0.258818 -0.965926 0
    outer loop
      vertex 9.30457 -3.00967 18.8
      vertex 11.1537 -3.50514 20
      vertex 9.30457 -3.00967 20
    endloop
  endfacet
  facet normal -0.258818 -0.965926 -0
    outer loop
      vertex 11.1537 -3.50514 20
      vertex 9.30457 -3.00967 18.8
      vertex 11.1537 -3.50514 18.8
    endloop
  endfacet
  facet normal -0.600553 0.799585 0
    outer loop
      vertex 11.1537 -3.50514 18.8
      vertex 10.455 -4.02992 20
      vertex 11.1537 -3.50514 20
    endloop
  endfacet
  facet normal -0.600553 0.799585 0
    outer loop
      vertex 10.455 -4.02992 20
      vertex 11.1537 -3.50514 18.8
      vertex 10.455 -4.02992 18.8
    endloop
  endfacet
  facet normal -0.634226 0.773148 0
    outer loop
      vertex 10.455 -4.02992 18.8
      vertex 10.3792 -4.0921 20
      vertex 10.455 -4.02992 20
    endloop
  endfacet
  facet normal -0.634226 0.773148 0
    outer loop
      vertex 10.3792 -4.0921 20
      vertex 10.455 -4.02992 18.8
      vertex 10.3792 -4.0921 18.8
    endloop
  endfacet
  facet normal -0.667281 0.744806 0
    outer loop
      vertex 10.3792 -4.0921 18.8
      vertex 9.76933 -4.63849 20
      vertex 10.3792 -4.0921 20
    endloop
  endfacet
  facet normal -0.667281 0.744806 0
    outer loop
      vertex 9.76933 -4.63849 20
      vertex 10.3792 -4.0921 18.8
      vertex 9.76933 -4.63849 18.8
    endloop
  endfacet
  facet normal -0.773025 0.634376 0
    outer loop
      vertex 9.70715 -4.71426 18.8
      vertex 9.76933 -4.63849 20
      vertex 9.76933 -4.63849 18.8
    endloop
  endfacet
  facet normal -0.773025 0.634376 0
    outer loop
      vertex 9.76933 -4.63849 20
      vertex 9.70715 -4.71426 18.8
      vertex 9.70715 -4.71426 20
    endloop
  endfacet
  facet normal -0.79771 0.603041 0
    outer loop
      vertex 9.25856 -5.30766 18.8
      vertex 9.70715 -4.71426 20
      vertex 9.70715 -4.71426 18.8
    endloop
  endfacet
  facet normal -0.79771 0.603041 0
    outer loop
      vertex 9.70715 -4.71426 20
      vertex 9.25856 -5.30766 18.8
      vertex 9.25856 -5.30766 20
    endloop
  endfacet
  facet normal -0.881935 0.471372 0
    outer loop
      vertex 9.21236 -5.3941 18.8
      vertex 9.25856 -5.30766 20
      vertex 9.25856 -5.30766 18.8
    endloop
  endfacet
  facet normal -0.881935 0.471372 0
    outer loop
      vertex 9.25856 -5.30766 20
      vertex 9.21236 -5.3941 18.8
      vertex 9.21236 -5.3941 20
    endloop
  endfacet
  facet normal -0.921099 0.389329 0
    outer loop
      vertex 8.92274 -6.0793 18.8
      vertex 9.21236 -5.3941 20
      vertex 9.21236 -5.3941 18.8
    endloop
  endfacet
  facet normal -0.921099 0.389329 0
    outer loop
      vertex 9.21236 -5.3941 20
      vertex 8.92274 -6.0793 18.8
      vertex 8.92274 -6.0793 20
    endloop
  endfacet
  facet normal -0.956951 0.290248 0
    outer loop
      vertex 8.89429 -6.1731 18.8
      vertex 8.92274 -6.0793 20
      vertex 8.92274 -6.0793 18.8
    endloop
  endfacet
  facet normal -0.956951 0.290248 0
    outer loop
      vertex 8.92274 -6.0793 20
      vertex 8.89429 -6.1731 18.8
      vertex 8.89429 -6.1731 20
    endloop
  endfacet
  facet normal -0.978669 0.205445 0
    outer loop
      vertex 8.72606 -6.97449 18.8
      vertex 8.89429 -6.1731 20
      vertex 8.89429 -6.1731 18.8
    endloop
  endfacet
  facet normal -0.978669 0.205445 0
    outer loop
      vertex 8.89429 -6.1731 20
      vertex 8.72606 -6.97449 18.8
      vertex 8.72606 -6.97449 20
    endloop
  endfacet
  facet normal -0.992734 0.120326 0
    outer loop
      vertex 8.61534 -7.88797 18.8
      vertex 8.72606 -6.97449 20
      vertex 8.72606 -6.97449 18.8
    endloop
  endfacet
  facet normal -0.992734 0.120326 0
    outer loop
      vertex 8.72606 -6.97449 20
      vertex 8.61534 -7.88797 18.8
      vertex 8.61534 -7.88797 20
    endloop
  endfacet
  facet normal -0.99152 0.129954 0
    outer loop
      vertex 8.61299 -7.9059 18.8
      vertex 8.61534 -7.88797 20
      vertex 8.61534 -7.88797 18.8
    endloop
  endfacet
  facet normal -0.99152 0.129954 0
    outer loop
      vertex 8.61534 -7.88797 20
      vertex 8.61299 -7.9059 18.8
      vertex 8.61299 -7.9059 20
    endloop
  endfacet
  facet normal 0.707112 0.707102 0
    outer loop
      vertex 8.61299 -7.9059 20
      vertex 7.25887 -6.55176 18.8
      vertex 7.25887 -6.55176 20
    endloop
  endfacet
  facet normal 0.707112 0.707102 0
    outer loop
      vertex 7.25887 -6.55176 18.8
      vertex 8.61299 -7.9059 20
      vertex 8.61299 -7.9059 18.8
    endloop
  endfacet
  facet normal 0.290123 0.956989 -0
    outer loop
      vertex 0.56044 -5.1694 18.8
      vertex 0.466629 -5.14096 20
      vertex 0.56044 -5.1694 20
    endloop
  endfacet
  facet normal 0.290123 0.956989 0
    outer loop
      vertex 0.466629 -5.14096 20
      vertex 0.56044 -5.1694 18.8
      vertex 0.466629 -5.14096 18.8
    endloop
  endfacet
  facet normal 0.123408 0.992356 -0
    outer loop
      vertex 0.466629 -5.14096 18.8
      vertex 0.0975342 -5.09506 20
      vertex 0.466629 -5.14096 20
    endloop
  endfacet
  facet normal 0.123408 0.992356 0
    outer loop
      vertex 0.0975342 -5.09506 20
      vertex 0.466629 -5.14096 18.8
      vertex 0.0975342 -5.09506 18.8
    endloop
  endfacet
  facet normal 0.0980547 0.995181 -0
    outer loop
      vertex 0.0975342 -5.09506 18.8
      vertex 0 -5.08545 20
      vertex 0.0975342 -5.09506 20
    endloop
  endfacet
  facet normal 0.0980547 0.995181 0
    outer loop
      vertex 0 -5.08545 20
      vertex 0.0975342 -5.09506 18.8
      vertex 0 -5.08545 18.8
    endloop
  endfacet
  facet normal -0.0980547 0.995181 0
    outer loop
      vertex 0 -5.08545 18.8
      vertex -0.0975342 -5.09506 20
      vertex 0 -5.08545 20
    endloop
  endfacet
  facet normal -0.0980547 0.995181 0
    outer loop
      vertex -0.0975342 -5.09506 20
      vertex 0 -5.08545 18.8
      vertex -0.0975342 -5.09506 18.8
    endloop
  endfacet
  facet normal -0.123408 0.992356 0
    outer loop
      vertex -0.0975342 -5.09506 18.8
      vertex -0.466629 -5.14096 20
      vertex -0.0975342 -5.09506 20
    endloop
  endfacet
  facet normal -0.123408 0.992356 0
    outer loop
      vertex -0.466629 -5.14096 20
      vertex -0.0975342 -5.09506 18.8
      vertex -0.466629 -5.14096 18.8
    endloop
  endfacet
  facet normal -0.290123 0.956989 0
    outer loop
      vertex -0.466629 -5.14096 18.8
      vertex -0.56044 -5.1694 20
      vertex -0.466629 -5.14096 20
    endloop
  endfacet
  facet normal -0.290123 0.956989 0
    outer loop
      vertex -0.56044 -5.1694 20
      vertex -0.466629 -5.14096 18.8
      vertex -0.56044 -5.1694 18.8
    endloop
  endfacet
  facet normal -0.311427 0.95027 0
    outer loop
      vertex -0.56044 -5.1694 18.8
      vertex -0.898285 -5.28012 20
      vertex -0.56044 -5.1694 20
    endloop
  endfacet
  facet normal -0.311427 0.95027 0
    outer loop
      vertex -0.898285 -5.28012 20
      vertex -0.56044 -5.1694 18.8
      vertex -0.898285 -5.28012 18.8
    endloop
  endfacet
  facet normal 0.965924 -0.258824 0
    outer loop
      vertex -0.898285 -5.28012 20
      vertex -0.403412 -3.43327 18.8
      vertex -0.403412 -3.43327 20
    endloop
  endfacet
  facet normal 0.965924 -0.258824 0
    outer loop
      vertex -0.403412 -3.43327 18.8
      vertex -0.898285 -5.28012 20
      vertex -0.898285 -5.28012 18.8
    endloop
  endfacet
  facet normal 0.384373 -0.923178 0
    outer loop
      vertex -0.403412 -3.43327 18.8
      vertex -0.399353 -3.43158 20
      vertex -0.403412 -3.43327 20
    endloop
  endfacet
  facet normal 0.384373 -0.923178 0
    outer loop
      vertex -0.399353 -3.43158 20
      vertex -0.403412 -3.43327 18.8
      vertex -0.399353 -3.43158 18.8
    endloop
  endfacet
  facet normal 0.392207 -0.919877 0
    outer loop
      vertex -0.399353 -3.43158 18.8
      vertex -0.187729 -3.34135 20
      vertex -0.399353 -3.43158 20
    endloop
  endfacet
  facet normal 0.392207 -0.919877 0
    outer loop
      vertex -0.187729 -3.34135 20
      vertex -0.399353 -3.43158 18.8
      vertex -0.187729 -3.34135 18.8
    endloop
  endfacet
  facet normal 0.311388 -0.950283 0
    outer loop
      vertex -0.187729 -3.34135 18.8
      vertex -0.0757904 -3.30467 20
      vertex -0.187729 -3.34135 20
    endloop
  endfacet
  facet normal 0.311388 -0.950283 0
    outer loop
      vertex -0.0757904 -3.30467 20
      vertex -0.187729 -3.34135 18.8
      vertex -0.0757904 -3.30467 18.8
    endloop
  endfacet
  facet normal 0.12347 -0.992348 0
    outer loop
      vertex -0.0757904 -3.30467 18.8
      vertex 0 -3.29524 20
      vertex -0.0757904 -3.30467 20
    endloop
  endfacet
  facet normal 0.12347 -0.992348 0
    outer loop
      vertex 0 -3.29524 20
      vertex -0.0757904 -3.30467 18.8
      vertex 0 -3.29524 18.8
    endloop
  endfacet
  facet normal -0.12347 -0.992348 0
    outer loop
      vertex 0 -3.29524 18.8
      vertex 0.0757904 -3.30467 20
      vertex 0 -3.29524 20
    endloop
  endfacet
  facet normal -0.12347 -0.992348 -0
    outer loop
      vertex 0.0757904 -3.30467 20
      vertex 0 -3.29524 18.8
      vertex 0.0757904 -3.30467 18.8
    endloop
  endfacet
  facet normal -0.311388 -0.950283 0
    outer loop
      vertex 0.0757904 -3.30467 18.8
      vertex 0.187729 -3.34135 20
      vertex 0.0757904 -3.30467 20
    endloop
  endfacet
  facet normal -0.311388 -0.950283 -0
    outer loop
      vertex 0.187729 -3.34135 20
      vertex 0.0757904 -3.30467 18.8
      vertex 0.187729 -3.34135 18.8
    endloop
  endfacet
  facet normal -0.392207 -0.919877 0
    outer loop
      vertex 0.187729 -3.34135 18.8
      vertex 0.399353 -3.43158 20
      vertex 0.187729 -3.34135 20
    endloop
  endfacet
  facet normal -0.392207 -0.919877 -0
    outer loop
      vertex 0.399353 -3.43158 20
      vertex 0.187729 -3.34135 18.8
      vertex 0.399353 -3.43158 18.8
    endloop
  endfacet
  facet normal -0.384373 -0.923178 0
    outer loop
      vertex 0.399353 -3.43158 18.8
      vertex 0.403412 -3.43327 20
      vertex 0.399353 -3.43158 20
    endloop
  endfacet
  facet normal -0.384373 -0.923178 -0
    outer loop
      vertex 0.403412 -3.43327 20
      vertex 0.399353 -3.43158 18.8
      vertex 0.403412 -3.43327 18.8
    endloop
  endfacet
  facet normal -0.965924 -0.258824 0
    outer loop
      vertex 0.898285 -5.28012 18.8
      vertex 0.403412 -3.43327 20
      vertex 0.403412 -3.43327 18.8
    endloop
  endfacet
  facet normal -0.965924 -0.258824 0
    outer loop
      vertex 0.403412 -3.43327 20
      vertex 0.898285 -5.28012 18.8
      vertex 0.898285 -5.28012 20
    endloop
  endfacet
  facet normal 0.311427 0.95027 -0
    outer loop
      vertex 0.898285 -5.28012 18.8
      vertex 0.56044 -5.1694 20
      vertex 0.898285 -5.28012 20
    endloop
  endfacet
  facet normal 0.311427 0.95027 0
    outer loop
      vertex 0.56044 -5.1694 20
      vertex 0.898285 -5.28012 18.8
      vertex 0.56044 -5.1694 18.8
    endloop
  endfacet
  facet normal 0.992735 0.120325 0
    outer loop
      vertex -10.8918 -9.88435 20
      vertex -11.0302 -8.74249 18.8
      vertex -11.0302 -8.74249 20
    endloop
  endfacet
  facet normal 0.992735 0.120325 0
    outer loop
      vertex -11.0302 -8.74249 18.8
      vertex -10.8918 -9.88435 20
      vertex -10.8918 -9.88435 18.8
    endloop
  endfacet
  facet normal 0.978666 0.20546 0
    outer loop
      vertex -11.0302 -8.74249 20
      vertex -11.2405 -7.74077 18.8
      vertex -11.2405 -7.74077 20
    endloop
  endfacet
  facet normal 0.978666 0.20546 0
    outer loop
      vertex -11.2405 -7.74077 18.8
      vertex -11.0302 -8.74249 20
      vertex -11.0302 -8.74249 18.8
    endloop
  endfacet
  facet normal 0.957093 0.289781 0
    outer loop
      vertex -11.2405 -7.74077 20
      vertex -11.2689 -7.64697 18.8
      vertex -11.2689 -7.64697 20
    endloop
  endfacet
  facet normal 0.957093 0.289781 0
    outer loop
      vertex -11.2689 -7.64697 18.8
      vertex -11.2405 -7.74077 20
      vertex -11.2405 -7.74077 18.8
    endloop
  endfacet
  facet normal 0.921107 0.389311 0
    outer loop
      vertex -11.2689 -7.64697 20
      vertex -11.6309 -6.79048 18.8
      vertex -11.6309 -6.79048 20
    endloop
  endfacet
  facet normal 0.921107 0.389311 0
    outer loop
      vertex -11.6309 -6.79048 18.8
      vertex -11.2689 -7.64697 20
      vertex -11.2689 -7.64697 18.8
    endloop
  endfacet
  facet normal 0.881957 0.471329 0
    outer loop
      vertex -11.6309 -6.79048 20
      vertex -11.6771 -6.70403 18.8
      vertex -11.6771 -6.70403 20
    endloop
  endfacet
  facet normal 0.881957 0.471329 0
    outer loop
      vertex -11.6771 -6.70403 18.8
      vertex -11.6309 -6.79048 20
      vertex -11.6309 -6.79048 18.8
    endloop
  endfacet
  facet normal 0.797678 0.603084 0
    outer loop
      vertex -11.6771 -6.70403 20
      vertex -12.2379 -5.96228 18.8
      vertex -12.2379 -5.96228 20
    endloop
  endfacet
  facet normal 0.797678 0.603084 0
    outer loop
      vertex -12.2379 -5.96228 18.8
      vertex -11.6771 -6.70403 20
      vertex -11.6771 -6.70403 18.8
    endloop
  endfacet
  facet normal 0.773425 0.633888 0
    outer loop
      vertex -12.2379 -5.96228 20
      vertex -12.3 -5.88651 18.8
      vertex -12.3 -5.88651 20
    endloop
  endfacet
  facet normal 0.773425 0.633888 0
    outer loop
      vertex -12.3 -5.88651 18.8
      vertex -12.2379 -5.96228 20
      vertex -12.2379 -5.96228 18.8
    endloop
  endfacet
  facet normal 0.667252 0.744832 -0
    outer loop
      vertex -12.3 -5.88651 18.8
      vertex -13.0624 -5.20352 20
      vertex -12.3 -5.88651 20
    endloop
  endfacet
  facet normal 0.667252 0.744832 0
    outer loop
      vertex -13.0624 -5.20352 20
      vertex -12.3 -5.88651 18.8
      vertex -13.0624 -5.20352 18.8
    endloop
  endfacet
  facet normal 0.634226 0.773148 -0
    outer loop
      vertex -13.0624 -5.20352 18.8
      vertex -13.1382 -5.14134 20
      vertex -13.0624 -5.20352 20
    endloop
  endfacet
  facet normal 0.634226 0.773148 0
    outer loop
      vertex -13.1382 -5.14134 20
      vertex -13.0624 -5.20352 18.8
      vertex -13.1382 -5.14134 18.8
    endloop
  endfacet
  facet normal 0.600559 0.79958 -0
    outer loop
      vertex -13.1382 -5.14134 18.8
      vertex -14.0579 -4.45056 20
      vertex -13.1382 -5.14134 20
    endloop
  endfacet
  facet normal 0.600559 0.79958 0
    outer loop
      vertex -14.0579 -4.45056 20
      vertex -13.1382 -5.14134 18.8
      vertex -14.0579 -4.45056 18.8
    endloop
  endfacet
  facet normal 0.608215 0.793772 -0
    outer loop
      vertex -14.0579 -4.45056 18.8
      vertex -14.2196 -4.32666 20
      vertex -14.0579 -4.45056 20
    endloop
  endfacet
  facet normal 0.608215 0.793772 0
    outer loop
      vertex -14.2196 -4.32666 20
      vertex -14.0579 -4.45056 18.8
      vertex -14.2196 -4.32666 18.8
    endloop
  endfacet
  facet normal 0.258824 -0.965924 0
    outer loop
      vertex -14.2196 -4.32666 18.8
      vertex -12.37 -3.83105 20
      vertex -14.2196 -4.32666 20
    endloop
  endfacet
  facet normal 0.258824 -0.965924 0
    outer loop
      vertex -12.37 -3.83105 20
      vertex -14.2196 -4.32666 18.8
      vertex -12.37 -3.83105 18.8
    endloop
  endfacet
  facet normal -0.608079 -0.793877 0
    outer loop
      vertex -12.37 -3.83105 18.8
      vertex -11.7463 -4.30878 20
      vertex -12.37 -3.83105 20
    endloop
  endfacet
  facet normal -0.608079 -0.793877 -0
    outer loop
      vertex -11.7463 -4.30878 20
      vertex -12.37 -3.83105 18.8
      vertex -11.7463 -4.30878 18.8
    endloop
  endfacet
  facet normal -0.600584 -0.799562 0
    outer loop
      vertex -11.7463 -4.30878 18.8
      vertex -11.05 -4.8318 20
      vertex -11.7463 -4.30878 20
    endloop
  endfacet
  facet normal -0.600584 -0.799562 -0
    outer loop
      vertex -11.05 -4.8318 20
      vertex -11.7463 -4.30878 18.8
      vertex -11.05 -4.8318 18.8
    endloop
  endfacet
  facet normal -0.667201 -0.744877 0
    outer loop
      vertex -11.05 -4.8318 18.8
      vertex -10.4916 -5.33197 20
      vertex -11.05 -4.8318 20
    endloop
  endfacet
  facet normal -0.667201 -0.744877 -0
    outer loop
      vertex -10.4916 -5.33197 20
      vertex -11.05 -4.8318 18.8
      vertex -10.4916 -5.33197 18.8
    endloop
  endfacet
  facet normal -0.79778 -0.602949 0
    outer loop
      vertex -10.112 -5.83423 18.8
      vertex -10.4916 -5.33197 20
      vertex -10.4916 -5.33197 18.8
    endloop
  endfacet
  facet normal -0.79778 -0.602949 0
    outer loop
      vertex -10.4916 -5.33197 20
      vertex -10.112 -5.83423 18.8
      vertex -10.112 -5.83423 20
    endloop
  endfacet
  facet normal -0.921072 -0.389393 0
    outer loop
      vertex -9.86403 -6.42078 18.8
      vertex -10.112 -5.83423 20
      vertex -10.112 -5.83423 18.8
    endloop
  endfacet
  facet normal -0.921072 -0.389393 0
    outer loop
      vertex -10.112 -5.83423 20
      vertex -9.86403 -6.42078 18.8
      vertex -9.86403 -6.42078 20
    endloop
  endfacet
  facet normal -0.978666 -0.20546 0
    outer loop
      vertex -9.70683 -7.16957 18.8
      vertex -9.86403 -6.42078 20
      vertex -9.86403 -6.42078 18.8
    endloop
  endfacet
  facet normal -0.978666 -0.20546 0
    outer loop
      vertex -9.86403 -6.42078 20
      vertex -9.70683 -7.16957 18.8
      vertex -9.70683 -7.16957 20
    endloop
  endfacet
  facet normal -0.992737 -0.120302 0
    outer loop
      vertex -9.59613 -8.08307 18.8
      vertex -9.70683 -7.16957 20
      vertex -9.70683 -7.16957 18.8
    endloop
  endfacet
  facet normal -0.992737 -0.120302 0
    outer loop
      vertex -9.70683 -7.16957 20
      vertex -9.59613 -8.08307 18.8
      vertex -9.59613 -8.08307 20
    endloop
  endfacet
  facet normal -0.991553 -0.1297 0
    outer loop
      vertex -9.5029 -8.79581 18.8
      vertex -9.59613 -8.08307 20
      vertex -9.59613 -8.08307 18.8
    endloop
  endfacet
  facet normal -0.991553 -0.1297 0
    outer loop
      vertex -9.59613 -8.08307 20
      vertex -9.5029 -8.79581 18.8
      vertex -9.5029 -8.79581 20
    endloop
  endfacet
  facet normal -0.707104 0.707109 0
    outer loop
      vertex -10.857 -10.1499 18.8
      vertex -9.5029 -8.79581 20
      vertex -9.5029 -8.79581 18.8
    endloop
  endfacet
  facet normal -0.707104 0.707109 0
    outer loop
      vertex -9.5029 -8.79581 20
      vertex -10.857 -10.1499 18.8
      vertex -10.857 -10.1499 20
    endloop
  endfacet
  facet normal 0.991522 0.129938 0
    outer loop
      vertex -10.857 -10.1499 20
      vertex -10.8918 -9.88435 18.8
      vertex -10.8918 -9.88435 20
    endloop
  endfacet
  facet normal 0.991522 0.129938 0
    outer loop
      vertex -10.8918 -9.88435 18.8
      vertex -10.857 -10.1499 20
      vertex -10.857 -10.1499 18.8
    endloop
  endfacet
  facet normal 0.991553 -0.1297 0
    outer loop
      vertex 9.5029 -8.79581 20
      vertex 9.59613 -8.08307 18.8
      vertex 9.59613 -8.08307 20
    endloop
  endfacet
  facet normal 0.991553 -0.1297 0
    outer loop
      vertex 9.59613 -8.08307 18.8
      vertex 9.5029 -8.79581 20
      vertex 9.5029 -8.79581 18.8
    endloop
  endfacet
  facet normal 0.992737 -0.120302 0
    outer loop
      vertex 9.59613 -8.08307 20
      vertex 9.70683 -7.16957 18.8
      vertex 9.70683 -7.16957 20
    endloop
  endfacet
  facet normal 0.992737 -0.120302 0
    outer loop
      vertex 9.70683 -7.16957 18.8
      vertex 9.59613 -8.08307 20
      vertex 9.59613 -8.08307 18.8
    endloop
  endfacet
  facet normal 0.978666 -0.20546 0
    outer loop
      vertex 9.70683 -7.16957 20
      vertex 9.86403 -6.42078 18.8
      vertex 9.86403 -6.42078 20
    endloop
  endfacet
  facet normal 0.978666 -0.20546 0
    outer loop
      vertex 9.86403 -6.42078 18.8
      vertex 9.70683 -7.16957 20
      vertex 9.70683 -7.16957 18.8
    endloop
  endfacet
  facet normal 0.921072 -0.389393 0
    outer loop
      vertex 9.86403 -6.42078 20
      vertex 10.112 -5.83423 18.8
      vertex 10.112 -5.83423 20
    endloop
  endfacet
  facet normal 0.921072 -0.389393 0
    outer loop
      vertex 10.112 -5.83423 18.8
      vertex 9.86403 -6.42078 20
      vertex 9.86403 -6.42078 18.8
    endloop
  endfacet
  facet normal 0.79778 -0.602949 0
    outer loop
      vertex 10.112 -5.83423 20
      vertex 10.4916 -5.33197 18.8
      vertex 10.4916 -5.33197 20
    endloop
  endfacet
  facet normal 0.79778 -0.602949 0
    outer loop
      vertex 10.4916 -5.33197 18.8
      vertex 10.112 -5.83423 20
      vertex 10.112 -5.83423 18.8
    endloop
  endfacet
  facet normal 0.667201 -0.744877 0
    outer loop
      vertex 10.4916 -5.33197 18.8
      vertex 11.05 -4.8318 20
      vertex 10.4916 -5.33197 20
    endloop
  endfacet
  facet normal 0.667201 -0.744877 0
    outer loop
      vertex 11.05 -4.8318 20
      vertex 10.4916 -5.33197 18.8
      vertex 11.05 -4.8318 18.8
    endloop
  endfacet
  facet normal 0.600584 -0.799562 0
    outer loop
      vertex 11.05 -4.8318 18.8
      vertex 11.7463 -4.30878 20
      vertex 11.05 -4.8318 20
    endloop
  endfacet
  facet normal 0.600584 -0.799562 0
    outer loop
      vertex 11.7463 -4.30878 20
      vertex 11.05 -4.8318 18.8
      vertex 11.7463 -4.30878 18.8
    endloop
  endfacet
  facet normal 0.608079 -0.793877 0
    outer loop
      vertex 11.7463 -4.30878 18.8
      vertex 12.37 -3.83105 20
      vertex 11.7463 -4.30878 20
    endloop
  endfacet
  facet normal 0.608079 -0.793877 0
    outer loop
      vertex 12.37 -3.83105 20
      vertex 11.7463 -4.30878 18.8
      vertex 12.37 -3.83105 18.8
    endloop
  endfacet
  facet normal -0.258824 -0.965924 0
    outer loop
      vertex 12.37 -3.83105 18.8
      vertex 14.2196 -4.32666 20
      vertex 12.37 -3.83105 20
    endloop
  endfacet
  facet normal -0.258824 -0.965924 -0
    outer loop
      vertex 14.2196 -4.32666 20
      vertex 12.37 -3.83105 18.8
      vertex 14.2196 -4.32666 18.8
    endloop
  endfacet
  facet normal -0.608215 0.793772 0
    outer loop
      vertex 14.2196 -4.32666 18.8
      vertex 14.0579 -4.45056 20
      vertex 14.2196 -4.32666 20
    endloop
  endfacet
  facet normal -0.608215 0.793772 0
    outer loop
      vertex 14.0579 -4.45056 20
      vertex 14.2196 -4.32666 18.8
      vertex 14.0579 -4.45056 18.8
    endloop
  endfacet
  facet normal -0.600559 0.79958 0
    outer loop
      vertex 14.0579 -4.45056 18.8
      vertex 13.1382 -5.14134 20
      vertex 14.0579 -4.45056 20
    endloop
  endfacet
  facet normal -0.600559 0.79958 0
    outer loop
      vertex 13.1382 -5.14134 20
      vertex 14.0579 -4.45056 18.8
      vertex 13.1382 -5.14134 18.8
    endloop
  endfacet
  facet normal -0.634226 0.773148 0
    outer loop
      vertex 13.1382 -5.14134 18.8
      vertex 13.0624 -5.20352 20
      vertex 13.1382 -5.14134 20
    endloop
  endfacet
  facet normal -0.634226 0.773148 0
    outer loop
      vertex 13.0624 -5.20352 20
      vertex 13.1382 -5.14134 18.8
      vertex 13.0624 -5.20352 18.8
    endloop
  endfacet
  facet normal -0.667252 0.744832 0
    outer loop
      vertex 13.0624 -5.20352 18.8
      vertex 12.3 -5.88651 20
      vertex 13.0624 -5.20352 20
    endloop
  endfacet
  facet normal -0.667252 0.744832 0
    outer loop
      vertex 12.3 -5.88651 20
      vertex 13.0624 -5.20352 18.8
      vertex 12.3 -5.88651 18.8
    endloop
  endfacet
  facet normal -0.773425 0.633888 0
    outer loop
      vertex 12.2379 -5.96228 18.8
      vertex 12.3 -5.88651 20
      vertex 12.3 -5.88651 18.8
    endloop
  endfacet
  facet normal -0.773425 0.633888 0
    outer loop
      vertex 12.3 -5.88651 20
      vertex 12.2379 -5.96228 18.8
      vertex 12.2379 -5.96228 20
    endloop
  endfacet
  facet normal -0.797678 0.603084 0
    outer loop
      vertex 11.6771 -6.70403 18.8
      vertex 12.2379 -5.96228 20
      vertex 12.2379 -5.96228 18.8
    endloop
  endfacet
  facet normal -0.797678 0.603084 0
    outer loop
      vertex 12.2379 -5.96228 20
      vertex 11.6771 -6.70403 18.8
      vertex 11.6771 -6.70403 20
    endloop
  endfacet
  facet normal -0.881957 0.471329 0
    outer loop
      vertex 11.6309 -6.79048 18.8
      vertex 11.6771 -6.70403 20
      vertex 11.6771 -6.70403 18.8
    endloop
  endfacet
  facet normal -0.881957 0.471329 0
    outer loop
      vertex 11.6771 -6.70403 20
      vertex 11.6309 -6.79048 18.8
      vertex 11.6309 -6.79048 20
    endloop
  endfacet
  facet normal -0.921107 0.389311 0
    outer loop
      vertex 11.2689 -7.64697 18.8
      vertex 11.6309 -6.79048 20
      vertex 11.6309 -6.79048 18.8
    endloop
  endfacet
  facet normal -0.921107 0.389311 0
    outer loop
      vertex 11.6309 -6.79048 20
      vertex 11.2689 -7.64697 18.8
      vertex 11.2689 -7.64697 20
    endloop
  endfacet
  facet normal -0.957093 0.289781 0
    outer loop
      vertex 11.2405 -7.74077 18.8
      vertex 11.2689 -7.64697 20
      vertex 11.2689 -7.64697 18.8
    endloop
  endfacet
  facet normal -0.957093 0.289781 0
    outer loop
      vertex 11.2689 -7.64697 20
      vertex 11.2405 -7.74077 18.8
      vertex 11.2405 -7.74077 20
    endloop
  endfacet
  facet normal -0.978666 0.20546 0
    outer loop
      vertex 11.0302 -8.74249 18.8
      vertex 11.2405 -7.74077 20
      vertex 11.2405 -7.74077 18.8
    endloop
  endfacet
  facet normal -0.978666 0.20546 0
    outer loop
      vertex 11.2405 -7.74077 20
      vertex 11.0302 -8.74249 18.8
      vertex 11.0302 -8.74249 20
    endloop
  endfacet
  facet normal -0.992735 0.120325 0
    outer loop
      vertex 10.8918 -9.88435 18.8
      vertex 11.0302 -8.74249 20
      vertex 11.0302 -8.74249 18.8
    endloop
  endfacet
  facet normal -0.992735 0.120325 0
    outer loop
      vertex 11.0302 -8.74249 20
      vertex 10.8918 -9.88435 18.8
      vertex 10.8918 -9.88435 20
    endloop
  endfacet
  facet normal -0.991522 0.129938 0
    outer loop
      vertex 10.857 -10.1499 18.8
      vertex 10.8918 -9.88435 20
      vertex 10.8918 -9.88435 18.8
    endloop
  endfacet
  facet normal -0.991522 0.129938 0
    outer loop
      vertex 10.8918 -9.88435 20
      vertex 10.857 -10.1499 18.8
      vertex 10.857 -10.1499 20
    endloop
  endfacet
  facet normal 0.707104 0.707109 0
    outer loop
      vertex 10.857 -10.1499 20
      vertex 9.5029 -8.79581 18.8
      vertex 9.5029 -8.79581 20
    endloop
  endfacet
  facet normal 0.707104 0.707109 0
    outer loop
      vertex 9.5029 -8.79581 18.8
      vertex 10.857 -10.1499 20
      vertex 10.857 -10.1499 18.8
    endloop
  endfacet
  facet normal 0.773025 0.634376 0
    outer loop
      vertex -2.9185 -7.7718 20
      vertex -2.98068 -7.69603 18.8
      vertex -2.98068 -7.69603 20
    endloop
  endfacet
  facet normal 0.773025 0.634376 0
    outer loop
      vertex -2.98068 -7.69603 18.8
      vertex -2.9185 -7.7718 20
      vertex -2.9185 -7.7718 18.8
    endloop
  endfacet
  facet normal 0.744812 0.667274 0
    outer loop
      vertex -2.98068 -7.69603 20
      vertex -3.39049 -7.2386 18.8
      vertex -3.39049 -7.2386 20
    endloop
  endfacet
  facet normal 0.744812 0.667274 0
    outer loop
      vertex -3.39049 -7.2386 18.8
      vertex -2.98068 -7.69603 20
      vertex -2.98068 -7.69603 18.8
    endloop
  endfacet
  facet normal 0.634426 0.772984 -0
    outer loop
      vertex -3.39049 -7.2386 18.8
      vertex -3.46625 -7.17642 20
      vertex -3.39049 -7.2386 20
    endloop
  endfacet
  facet normal 0.634426 0.772984 0
    outer loop
      vertex -3.46625 -7.17642 20
      vertex -3.39049 -7.2386 18.8
      vertex -3.46625 -7.17642 18.8
    endloop
  endfacet
  facet normal 0.603038 0.797712 -0
    outer loop
      vertex -3.46625 -7.17642 18.8
      vertex -3.9113 -6.83998 20
      vertex -3.46625 -7.17642 20
    endloop
  endfacet
  facet normal 0.603038 0.797712 0
    outer loop
      vertex -3.9113 -6.83998 20
      vertex -3.46625 -7.17642 18.8
      vertex -3.9113 -6.83998 18.8
    endloop
  endfacet
  facet normal 0.471372 0.881935 -0
    outer loop
      vertex -3.9113 -6.83998 18.8
      vertex -3.99774 -6.79378 20
      vertex -3.9113 -6.83998 20
    endloop
  endfacet
  facet normal 0.471372 0.881935 0
    outer loop
      vertex -3.99774 -6.79378 20
      vertex -3.9113 -6.83998 18.8
      vertex -3.99774 -6.79378 18.8
    endloop
  endfacet
  facet normal 0.389322 0.921102 -0
    outer loop
      vertex -3.99774 -6.79378 18.8
      vertex -4.51164 -6.57657 20
      vertex -3.99774 -6.79378 20
    endloop
  endfacet
  facet normal 0.389322 0.921102 0
    outer loop
      vertex -4.51164 -6.57657 20
      vertex -3.99774 -6.79378 18.8
      vertex -4.51164 -6.57657 18.8
    endloop
  endfacet
  facet normal 0.290155 0.95698 -0
    outer loop
      vertex -4.51164 -6.57657 18.8
      vertex -4.60544 -6.54813 20
      vertex -4.51164 -6.57657 20
    endloop
  endfacet
  facet normal 0.290155 0.95698 0
    outer loop
      vertex -4.60544 -6.54813 20
      vertex -4.51164 -6.57657 18.8
      vertex -4.60544 -6.54813 18.8
    endloop
  endfacet
  facet normal 0.205476 0.978662 -0
    outer loop
      vertex -4.60544 -6.54813 18.8
      vertex -5.20647 -6.42194 20
      vertex -4.60544 -6.54813 20
    endloop
  endfacet
  facet normal 0.205476 0.978662 0
    outer loop
      vertex -5.20647 -6.42194 20
      vertex -4.60544 -6.54813 18.8
      vertex -5.20647 -6.42194 18.8
    endloop
  endfacet
  facet normal 0.120307 0.992737 -0
    outer loop
      vertex -5.20647 -6.42194 18.8
      vertex -5.6599 -6.36699 20
      vertex -5.20647 -6.42194 20
    endloop
  endfacet
  facet normal 0.120307 0.992737 0
    outer loop
      vertex -5.6599 -6.36699 20
      vertex -5.20647 -6.42194 18.8
      vertex -5.6599 -6.36699 18.8
    endloop
  endfacet
  facet normal 0.707104 -0.707109 0
    outer loop
      vertex -5.6599 -6.36699 20
      vertex -4.30772 -5.01482 18.8
      vertex -4.30772 -5.01482 20
    endloop
  endfacet
  facet normal 0.707104 -0.707109 0
    outer loop
      vertex -4.30772 -5.01482 18.8
      vertex -5.6599 -6.36699 20
      vertex -5.6599 -6.36699 18.8
    endloop
  endfacet
  facet normal -0.129702 -0.991553 0
    outer loop
      vertex -4.30772 -5.01482 18.8
      vertex -4.0903 -5.04326 20
      vertex -4.30772 -5.01482 20
    endloop
  endfacet
  facet normal -0.129702 -0.991553 -0
    outer loop
      vertex -4.0903 -5.04326 20
      vertex -4.30772 -5.01482 18.8
      vertex -4.0903 -5.04326 18.8
    endloop
  endfacet
  facet normal -0.120326 -0.992734 0
    outer loop
      vertex -4.0903 -5.04326 18.8
      vertex -3.63356 -5.09862 20
      vertex -4.0903 -5.04326 20
    endloop
  endfacet
  facet normal -0.120326 -0.992734 -0
    outer loop
      vertex -3.63356 -5.09862 20
      vertex -4.0903 -5.04326 18.8
      vertex -3.63356 -5.09862 18.8
    endloop
  endfacet
  facet normal -0.205434 -0.978671 0
    outer loop
      vertex -3.63356 -5.09862 18.8
      vertex -3.28546 -5.17169 20
      vertex -3.63356 -5.09862 20
    endloop
  endfacet
  facet normal -0.205434 -0.978671 -0
    outer loop
      vertex -3.28546 -5.17169 20
      vertex -3.63356 -5.09862 18.8
      vertex -3.28546 -5.17169 18.8
    endloop
  endfacet
  facet normal -0.389339 -0.921094 0
    outer loop
      vertex -3.28546 -5.17169 18.8
      vertex -3.0415 -5.27481 20
      vertex -3.28546 -5.17169 20
    endloop
  endfacet
  facet normal -0.389339 -0.921094 -0
    outer loop
      vertex -3.0415 -5.27481 20
      vertex -3.28546 -5.17169 18.8
      vertex -3.0415 -5.27481 18.8
    endloop
  endfacet
  facet normal -0.603051 -0.797703 0
    outer loop
      vertex -3.0415 -5.27481 18.8
      vertex -2.83598 -5.43018 20
      vertex -3.0415 -5.27481 20
    endloop
  endfacet
  facet normal -0.603051 -0.797703 -0
    outer loop
      vertex -2.83598 -5.43018 20
      vertex -3.0415 -5.27481 18.8
      vertex -2.83598 -5.43018 18.8
    endloop
  endfacet
  facet normal -0.744812 -0.667274 0
    outer loop
      vertex -2.60896 -5.68358 18.8
      vertex -2.83598 -5.43018 20
      vertex -2.83598 -5.43018 18.8
    endloop
  endfacet
  facet normal -0.744812 -0.667274 0
    outer loop
      vertex -2.83598 -5.43018 20
      vertex -2.60896 -5.68358 18.8
      vertex -2.60896 -5.68358 20
    endloop
  endfacet
  facet normal -0.79957 -0.600572 0
    outer loop
      vertex -2.36224 -6.01205 18.8
      vertex -2.60896 -5.68358 20
      vertex -2.60896 -5.68358 18.8
    endloop
  endfacet
  facet normal -0.79957 -0.600572 0
    outer loop
      vertex -2.60896 -5.68358 20
      vertex -2.36224 -6.01205 18.8
      vertex -2.36224 -6.01205 20
    endloop
  endfacet
  facet normal -0.793876 -0.608079 0
    outer loop
      vertex -2.18829 -6.23915 18.8
      vertex -2.36224 -6.01205 20
      vertex -2.36224 -6.01205 18.8
    endloop
  endfacet
  facet normal -0.793876 -0.608079 0
    outer loop
      vertex -2.36224 -6.01205 20
      vertex -2.18829 -6.23915 18.8
      vertex -2.18829 -6.23915 20
    endloop
  endfacet
  facet normal -0.965926 0.258819 0
    outer loop
      vertex -2.68298 -8.08536 18.8
      vertex -2.18829 -6.23915 20
      vertex -2.18829 -6.23915 18.8
    endloop
  endfacet
  facet normal -0.965926 0.258819 0
    outer loop
      vertex -2.18829 -6.23915 20
      vertex -2.68298 -8.08536 18.8
      vertex -2.68298 -8.08536 20
    endloop
  endfacet
  facet normal 0.799571 0.600571 0
    outer loop
      vertex -2.68298 -8.08536 20
      vertex -2.9185 -7.7718 18.8
      vertex -2.9185 -7.7718 20
    endloop
  endfacet
  facet normal 0.799571 0.600571 0
    outer loop
      vertex -2.9185 -7.7718 18.8
      vertex -2.68298 -8.08536 20
      vertex -2.68298 -8.08536 18.8
    endloop
  endfacet
  facet normal 0.793876 -0.608079 0
    outer loop
      vertex 2.18829 -6.23915 20
      vertex 2.36224 -6.01205 18.8
      vertex 2.36224 -6.01205 20
    endloop
  endfacet
  facet normal 0.793876 -0.608079 0
    outer loop
      vertex 2.36224 -6.01205 18.8
      vertex 2.18829 -6.23915 20
      vertex 2.18829 -6.23915 18.8
    endloop
  endfacet
  facet normal 0.79957 -0.600572 0
    outer loop
      vertex 2.36224 -6.01205 20
      vertex 2.60896 -5.68358 18.8
      vertex 2.60896 -5.68358 20
    endloop
  endfacet
  facet normal 0.79957 -0.600572 0
    outer loop
      vertex 2.60896 -5.68358 18.8
      vertex 2.36224 -6.01205 20
      vertex 2.36224 -6.01205 18.8
    endloop
  endfacet
  facet normal 0.744812 -0.667274 0
    outer loop
      vertex 2.60896 -5.68358 20
      vertex 2.83598 -5.43018 18.8
      vertex 2.83598 -5.43018 20
    endloop
  endfacet
  facet normal 0.744812 -0.667274 0
    outer loop
      vertex 2.83598 -5.43018 18.8
      vertex 2.60896 -5.68358 20
      vertex 2.60896 -5.68358 18.8
    endloop
  endfacet
  facet normal 0.603051 -0.797703 0
    outer loop
      vertex 2.83598 -5.43018 18.8
      vertex 3.0415 -5.27481 20
      vertex 2.83598 -5.43018 20
    endloop
  endfacet
  facet normal 0.603051 -0.797703 0
    outer loop
      vertex 3.0415 -5.27481 20
      vertex 2.83598 -5.43018 18.8
      vertex 3.0415 -5.27481 18.8
    endloop
  endfacet
  facet normal 0.389339 -0.921094 0
    outer loop
      vertex 3.0415 -5.27481 18.8
      vertex 3.28546 -5.17169 20
      vertex 3.0415 -5.27481 20
    endloop
  endfacet
  facet normal 0.389339 -0.921094 0
    outer loop
      vertex 3.28546 -5.17169 20
      vertex 3.0415 -5.27481 18.8
      vertex 3.28546 -5.17169 18.8
    endloop
  endfacet
  facet normal 0.205434 -0.978671 0
    outer loop
      vertex 3.28546 -5.17169 18.8
      vertex 3.63356 -5.09862 20
      vertex 3.28546 -5.17169 20
    endloop
  endfacet
  facet normal 0.205434 -0.978671 0
    outer loop
      vertex 3.63356 -5.09862 20
      vertex 3.28546 -5.17169 18.8
      vertex 3.63356 -5.09862 18.8
    endloop
  endfacet
  facet normal 0.120326 -0.992734 0
    outer loop
      vertex 3.63356 -5.09862 18.8
      vertex 4.0903 -5.04326 20
      vertex 3.63356 -5.09862 20
    endloop
  endfacet
  facet normal 0.120326 -0.992734 0
    outer loop
      vertex 4.0903 -5.04326 20
      vertex 3.63356 -5.09862 18.8
      vertex 4.0903 -5.04326 18.8
    endloop
  endfacet
  facet normal 0.129702 -0.991553 0
    outer loop
      vertex 4.0903 -5.04326 18.8
      vertex 4.30772 -5.01482 20
      vertex 4.0903 -5.04326 20
    endloop
  endfacet
  facet normal 0.129702 -0.991553 0
    outer loop
      vertex 4.30772 -5.01482 20
      vertex 4.0903 -5.04326 18.8
      vertex 4.30772 -5.01482 18.8
    endloop
  endfacet
  facet normal -0.707104 -0.707109 0
    outer loop
      vertex 5.6599 -6.36699 18.8
      vertex 4.30772 -5.01482 20
      vertex 4.30772 -5.01482 18.8
    endloop
  endfacet
  facet normal -0.707104 -0.707109 0
    outer loop
      vertex 4.30772 -5.01482 20
      vertex 5.6599 -6.36699 18.8
      vertex 5.6599 -6.36699 20
    endloop
  endfacet
  facet normal -0.120307 0.992737 0
    outer loop
      vertex 5.6599 -6.36699 18.8
      vertex 5.20647 -6.42194 20
      vertex 5.6599 -6.36699 20
    endloop
  endfacet
  facet normal -0.120307 0.992737 0
    outer loop
      vertex 5.20647 -6.42194 20
      vertex 5.6599 -6.36699 18.8
      vertex 5.20647 -6.42194 18.8
    endloop
  endfacet
  facet normal -0.205476 0.978662 0
    outer loop
      vertex 5.20647 -6.42194 18.8
      vertex 4.60544 -6.54813 20
      vertex 5.20647 -6.42194 20
    endloop
  endfacet
  facet normal -0.205476 0.978662 0
    outer loop
      vertex 4.60544 -6.54813 20
      vertex 5.20647 -6.42194 18.8
      vertex 4.60544 -6.54813 18.8
    endloop
  endfacet
  facet normal -0.290155 0.95698 0
    outer loop
      vertex 4.60544 -6.54813 18.8
      vertex 4.51164 -6.57657 20
      vertex 4.60544 -6.54813 20
    endloop
  endfacet
  facet normal -0.290155 0.95698 0
    outer loop
      vertex 4.51164 -6.57657 20
      vertex 4.60544 -6.54813 18.8
      vertex 4.51164 -6.57657 18.8
    endloop
  endfacet
  facet normal -0.389322 0.921102 0
    outer loop
      vertex 4.51164 -6.57657 18.8
      vertex 3.99774 -6.79378 20
      vertex 4.51164 -6.57657 20
    endloop
  endfacet
  facet normal -0.389322 0.921102 0
    outer loop
      vertex 3.99774 -6.79378 20
      vertex 4.51164 -6.57657 18.8
      vertex 3.99774 -6.79378 18.8
    endloop
  endfacet
  facet normal -0.471372 0.881935 0
    outer loop
      vertex 3.99774 -6.79378 18.8
      vertex 3.9113 -6.83998 20
      vertex 3.99774 -6.79378 20
    endloop
  endfacet
  facet normal -0.471372 0.881935 0
    outer loop
      vertex 3.9113 -6.83998 20
      vertex 3.99774 -6.79378 18.8
      vertex 3.9113 -6.83998 18.8
    endloop
  endfacet
  facet normal -0.603038 0.797712 0
    outer loop
      vertex 3.9113 -6.83998 18.8
      vertex 3.46625 -7.17642 20
      vertex 3.9113 -6.83998 20
    endloop
  endfacet
  facet normal -0.603038 0.797712 0
    outer loop
      vertex 3.46625 -7.17642 20
      vertex 3.9113 -6.83998 18.8
      vertex 3.46625 -7.17642 18.8
    endloop
  endfacet
  facet normal -0.634426 0.772984 0
    outer loop
      vertex 3.46625 -7.17642 18.8
      vertex 3.39049 -7.2386 20
      vertex 3.46625 -7.17642 20
    endloop
  endfacet
  facet normal -0.634426 0.772984 0
    outer loop
      vertex 3.39049 -7.2386 20
      vertex 3.46625 -7.17642 18.8
      vertex 3.39049 -7.2386 18.8
    endloop
  endfacet
  facet normal -0.744812 0.667274 0
    outer loop
      vertex 2.98068 -7.69603 18.8
      vertex 3.39049 -7.2386 20
      vertex 3.39049 -7.2386 18.8
    endloop
  endfacet
  facet normal -0.744812 0.667274 0
    outer loop
      vertex 3.39049 -7.2386 20
      vertex 2.98068 -7.69603 18.8
      vertex 2.98068 -7.69603 20
    endloop
  endfacet
  facet normal -0.773025 0.634376 0
    outer loop
      vertex 2.9185 -7.7718 18.8
      vertex 2.98068 -7.69603 20
      vertex 2.98068 -7.69603 18.8
    endloop
  endfacet
  facet normal -0.773025 0.634376 0
    outer loop
      vertex 2.98068 -7.69603 20
      vertex 2.9185 -7.7718 18.8
      vertex 2.9185 -7.7718 20
    endloop
  endfacet
  facet normal -0.799571 0.600571 0
    outer loop
      vertex 2.68298 -8.08536 18.8
      vertex 2.9185 -7.7718 20
      vertex 2.9185 -7.7718 18.8
    endloop
  endfacet
  facet normal -0.799571 0.600571 0
    outer loop
      vertex 2.9185 -7.7718 20
      vertex 2.68298 -8.08536 18.8
      vertex 2.68298 -8.08536 20
    endloop
  endfacet
  facet normal 0.965926 0.258819 0
    outer loop
      vertex 2.68298 -8.08536 20
      vertex 2.18829 -6.23915 18.8
      vertex 2.18829 -6.23915 20
    endloop
  endfacet
  facet normal 0.965926 0.258819 0
    outer loop
      vertex 2.18829 -6.23915 18.8
      vertex 2.68298 -8.08536 20
      vertex 2.68298 -8.08536 18.8
    endloop
  endfacet
  facet normal 0.311412 0.950275 -0
    outer loop
      vertex 1.32858 -8.17633 18.8
      vertex 0.74498 -7.98508 20
      vertex 1.32858 -8.17633 20
    endloop
  endfacet
  facet normal 0.311412 0.950275 0
    outer loop
      vertex 0.74498 -7.98508 20
      vertex 1.32858 -8.17633 18.8
      vertex 0.74498 -7.98508 18.8
    endloop
  endfacet
  facet normal 0.290259 0.956948 -0
    outer loop
      vertex 0.74498 -7.98508 18.8
      vertex 0.651184 -7.95663 20
      vertex 0.74498 -7.98508 20
    endloop
  endfacet
  facet normal 0.290259 0.956948 0
    outer loop
      vertex 0.651184 -7.95663 20
      vertex 0.74498 -7.98508 18.8
      vertex 0.651184 -7.95663 18.8
    endloop
  endfacet
  facet normal 0.123388 0.992358 -0
    outer loop
      vertex 0.651184 -7.95663 18.8
      vertex 0.0975342 -7.88779 20
      vertex 0.651184 -7.95663 20
    endloop
  endfacet
  facet normal 0.123388 0.992358 0
    outer loop
      vertex 0.0975342 -7.88779 20
      vertex 0.651184 -7.95663 18.8
      vertex 0.0975342 -7.88779 18.8
    endloop
  endfacet
  facet normal 0.0979537 0.995191 -0
    outer loop
      vertex 0.0975342 -7.88779 18.8
      vertex 0 -7.87819 20
      vertex 0.0975342 -7.88779 20
    endloop
  endfacet
  facet normal 0.0979537 0.995191 0
    outer loop
      vertex 0 -7.87819 20
      vertex 0.0975342 -7.88779 18.8
      vertex 0 -7.87819 18.8
    endloop
  endfacet
  facet normal -0.0979537 0.995191 0
    outer loop
      vertex 0 -7.87819 18.8
      vertex -0.0975342 -7.88779 20
      vertex 0 -7.87819 20
    endloop
  endfacet
  facet normal -0.0979537 0.995191 0
    outer loop
      vertex -0.0975342 -7.88779 20
      vertex 0 -7.87819 18.8
      vertex -0.0975342 -7.88779 18.8
    endloop
  endfacet
  facet normal -0.123388 0.992358 0
    outer loop
      vertex -0.0975342 -7.88779 18.8
      vertex -0.651184 -7.95663 20
      vertex -0.0975342 -7.88779 20
    endloop
  endfacet
  facet normal -0.123388 0.992358 0
    outer loop
      vertex -0.651184 -7.95663 20
      vertex -0.0975342 -7.88779 18.8
      vertex -0.651184 -7.95663 18.8
    endloop
  endfacet
  facet normal -0.290259 0.956948 0
    outer loop
      vertex -0.651184 -7.95663 18.8
      vertex -0.74498 -7.98508 20
      vertex -0.651184 -7.95663 20
    endloop
  endfacet
  facet normal -0.290259 0.956948 0
    outer loop
      vertex -0.74498 -7.98508 20
      vertex -0.651184 -7.95663 18.8
      vertex -0.74498 -7.98508 18.8
    endloop
  endfacet
  facet normal -0.311412 0.950275 0
    outer loop
      vertex -0.74498 -7.98508 18.8
      vertex -1.32858 -8.17633 20
      vertex -0.74498 -7.98508 20
    endloop
  endfacet
  facet normal -0.311412 0.950275 0
    outer loop
      vertex -1.32858 -8.17633 20
      vertex -0.74498 -7.98508 18.8
      vertex -1.32858 -8.17633 18.8
    endloop
  endfacet
  facet normal -0.392166 0.919894 0
    outer loop
      vertex -1.32858 -8.17633 18.8
      vertex -1.7189 -8.34273 20
      vertex -1.32858 -8.17633 20
    endloop
  endfacet
  facet normal -0.392166 0.919894 0
    outer loop
      vertex -1.7189 -8.34273 20
      vertex -1.32858 -8.17633 18.8
      vertex -1.7189 -8.34273 18.8
    endloop
  endfacet
  facet normal 0.965926 -0.25882 0
    outer loop
      vertex -1.7189 -8.34273 20
      vertex -1.22479 -6.49869 18.8
      vertex -1.22479 -6.49869 20
    endloop
  endfacet
  facet normal 0.965926 -0.25882 0
    outer loop
      vertex -1.22479 -6.49869 18.8
      vertex -1.7189 -8.34273 20
      vertex -1.7189 -8.34273 18.8
    endloop
  endfacet
  facet normal 0.383516 -0.923534 0
    outer loop
      vertex -1.22479 -6.49869 18.8
      vertex -0.990051 -6.40121 20
      vertex -1.22479 -6.49869 20
    endloop
  endfacet
  facet normal 0.383516 -0.923534 0
    outer loop
      vertex -0.990051 -6.40121 20
      vertex -1.22479 -6.49869 18.8
      vertex -0.990051 -6.40121 18.8
    endloop
  endfacet
  facet normal 0.392164 -0.919895 0
    outer loop
      vertex -0.990051 -6.40121 18.8
      vertex -0.566818 -6.22078 20
      vertex -0.990051 -6.40121 20
    endloop
  endfacet
  facet normal 0.392164 -0.919895 0
    outer loop
      vertex -0.566818 -6.22078 20
      vertex -0.990051 -6.40121 18.8
      vertex -0.566818 -6.22078 18.8
    endloop
  endfacet
  facet normal 0.311389 -0.950283 0
    outer loop
      vertex -0.566818 -6.22078 18.8
      vertex -0.260269 -6.12033 20
      vertex -0.566818 -6.22078 20
    endloop
  endfacet
  facet normal 0.311389 -0.950283 0
    outer loop
      vertex -0.260269 -6.12033 20
      vertex -0.566818 -6.22078 18.8
      vertex -0.260269 -6.12033 18.8
    endloop
  endfacet
  facet normal 0.123345 -0.992364 0
    outer loop
      vertex -0.260269 -6.12033 18.8
      vertex 0 -6.08798 20
      vertex -0.260269 -6.12033 20
    endloop
  endfacet
  facet normal 0.123345 -0.992364 0
    outer loop
      vertex 0 -6.08798 20
      vertex -0.260269 -6.12033 18.8
      vertex 0 -6.08798 18.8
    endloop
  endfacet
  facet normal -0.123345 -0.992364 0
    outer loop
      vertex 0 -6.08798 18.8
      vertex 0.260269 -6.12033 20
      vertex 0 -6.08798 20
    endloop
  endfacet
  facet normal -0.123345 -0.992364 -0
    outer loop
      vertex 0.260269 -6.12033 20
      vertex 0 -6.08798 18.8
      vertex 0.260269 -6.12033 18.8
    endloop
  endfacet
  facet normal -0.311389 -0.950283 0
    outer loop
      vertex 0.260269 -6.12033 18.8
      vertex 0.566818 -6.22078 20
      vertex 0.260269 -6.12033 20
    endloop
  endfacet
  facet normal -0.311389 -0.950283 -0
    outer loop
      vertex 0.566818 -6.22078 20
      vertex 0.260269 -6.12033 18.8
      vertex 0.566818 -6.22078 18.8
    endloop
  endfacet
  facet normal -0.392164 -0.919895 0
    outer loop
      vertex 0.566818 -6.22078 18.8
      vertex 0.990051 -6.40121 20
      vertex 0.566818 -6.22078 20
    endloop
  endfacet
  facet normal -0.392164 -0.919895 -0
    outer loop
      vertex 0.990051 -6.40121 20
      vertex 0.566818 -6.22078 18.8
      vertex 0.990051 -6.40121 18.8
    endloop
  endfacet
  facet normal -0.383516 -0.923534 0
    outer loop
      vertex 0.990051 -6.40121 18.8
      vertex 1.22479 -6.49869 20
      vertex 0.990051 -6.40121 20
    endloop
  endfacet
  facet normal -0.383516 -0.923534 -0
    outer loop
      vertex 1.22479 -6.49869 20
      vertex 0.990051 -6.40121 18.8
      vertex 1.22479 -6.49869 18.8
    endloop
  endfacet
  facet normal -0.965926 -0.25882 0
    outer loop
      vertex 1.7189 -8.34273 18.8
      vertex 1.22479 -6.49869 20
      vertex 1.22479 -6.49869 18.8
    endloop
  endfacet
  facet normal -0.965926 -0.25882 0
    outer loop
      vertex 1.22479 -6.49869 20
      vertex 1.7189 -8.34273 18.8
      vertex 1.7189 -8.34273 20
    endloop
  endfacet
  facet normal 0.392166 0.919894 -0
    outer loop
      vertex 1.7189 -8.34273 18.8
      vertex 1.32858 -8.17633 20
      vertex 1.7189 -8.34273 20
    endloop
  endfacet
  facet normal 0.392166 0.919894 0
    outer loop
      vertex 1.32858 -8.17633 20
      vertex 1.7189 -8.34273 18.8
      vertex 1.32858 -8.17633 18.8
    endloop
  endfacet
  facet normal 0.773148 0.634226 0
    outer loop
      vertex -4.02992 -10.455 20
      vertex -4.0921 -10.3792 18.8
      vertex -4.0921 -10.3792 20
    endloop
  endfacet
  facet normal 0.773148 0.634226 0
    outer loop
      vertex -4.0921 -10.3792 18.8
      vertex -4.02992 -10.455 20
      vertex -4.02992 -10.455 18.8
    endloop
  endfacet
  facet normal 0.744806 0.667281 0
    outer loop
      vertex -4.0921 -10.3792 20
      vertex -4.63849 -9.76933 18.8
      vertex -4.63849 -9.76933 20
    endloop
  endfacet
  facet normal 0.744806 0.667281 0
    outer loop
      vertex -4.63849 -9.76933 18.8
      vertex -4.0921 -10.3792 20
      vertex -4.0921 -10.3792 18.8
    endloop
  endfacet
  facet normal 0.634376 0.773025 -0
    outer loop
      vertex -4.63849 -9.76933 18.8
      vertex -4.71426 -9.70715 20
      vertex -4.63849 -9.76933 20
    endloop
  endfacet
  facet normal 0.634376 0.773025 0
    outer loop
      vertex -4.71426 -9.70715 20
      vertex -4.63849 -9.76933 18.8
      vertex -4.71426 -9.70715 18.8
    endloop
  endfacet
  facet normal 0.603041 0.79771 -0
    outer loop
      vertex -4.71426 -9.70715 18.8
      vertex -5.30766 -9.25856 20
      vertex -4.71426 -9.70715 20
    endloop
  endfacet
  facet normal 0.603041 0.79771 0
    outer loop
      vertex -5.30766 -9.25856 20
      vertex -4.71426 -9.70715 18.8
      vertex -5.30766 -9.25856 18.8
    endloop
  endfacet
  facet normal 0.471372 0.881935 -0
    outer loop
      vertex -5.30766 -9.25856 18.8
      vertex -5.3941 -9.21236 20
      vertex -5.30766 -9.25856 20
    endloop
  endfacet
  facet normal 0.471372 0.881935 0
    outer loop
      vertex -5.3941 -9.21236 20
      vertex -5.30766 -9.25856 18.8
      vertex -5.3941 -9.21236 18.8
    endloop
  endfacet
  facet normal 0.389329 0.921099 -0
    outer loop
      vertex -5.3941 -9.21236 18.8
      vertex -6.0793 -8.92274 20
      vertex -5.3941 -9.21236 20
    endloop
  endfacet
  facet normal 0.389329 0.921099 0
    outer loop
      vertex -6.0793 -8.92274 20
      vertex -5.3941 -9.21236 18.8
      vertex -6.0793 -8.92274 18.8
    endloop
  endfacet
  facet normal 0.290248 0.956951 -0
    outer loop
      vertex -6.0793 -8.92274 18.8
      vertex -6.1731 -8.89429 20
      vertex -6.0793 -8.92274 20
    endloop
  endfacet
  facet normal 0.290248 0.956951 0
    outer loop
      vertex -6.1731 -8.89429 20
      vertex -6.0793 -8.92274 18.8
      vertex -6.1731 -8.89429 18.8
    endloop
  endfacet
  facet normal 0.205445 0.978669 -0
    outer loop
      vertex -6.1731 -8.89429 18.8
      vertex -6.97449 -8.72606 20
      vertex -6.1731 -8.89429 20
    endloop
  endfacet
  facet normal 0.205445 0.978669 0
    outer loop
      vertex -6.97449 -8.72606 20
      vertex -6.1731 -8.89429 18.8
      vertex -6.97449 -8.72606 18.8
    endloop
  endfacet
  facet normal 0.120326 0.992734 -0
    outer loop
      vertex -6.97449 -8.72606 18.8
      vertex -7.88797 -8.61534 20
      vertex -6.97449 -8.72606 20
    endloop
  endfacet
  facet normal 0.120326 0.992734 0
    outer loop
      vertex -7.88797 -8.61534 20
      vertex -6.97449 -8.72606 18.8
      vertex -7.88797 -8.61534 18.8
    endloop
  endfacet
  facet normal 0.129954 0.99152 -0
    outer loop
      vertex -7.88797 -8.61534 18.8
      vertex -7.9059 -8.61299 20
      vertex -7.88797 -8.61534 20
    endloop
  endfacet
  facet normal 0.129954 0.99152 0
    outer loop
      vertex -7.9059 -8.61299 20
      vertex -7.88797 -8.61534 18.8
      vertex -7.9059 -8.61299 18.8
    endloop
  endfacet
  facet normal 0.707102 -0.707112 0
    outer loop
      vertex -7.9059 -8.61299 18.8
      vertex -6.55176 -7.25887 20
      vertex -7.9059 -8.61299 20
    endloop
  endfacet
  facet normal 0.707102 -0.707112 0
    outer loop
      vertex -6.55176 -7.25887 20
      vertex -7.9059 -8.61299 18.8
      vertex -6.55176 -7.25887 18.8
    endloop
  endfacet
  facet normal -0.129672 -0.991557 0
    outer loop
      vertex -6.55176 -7.25887 18.8
      vertex -6.08669 -7.31969 20
      vertex -6.55176 -7.25887 20
    endloop
  endfacet
  facet normal -0.129672 -0.991557 -0
    outer loop
      vertex -6.08669 -7.31969 20
      vertex -6.55176 -7.25887 18.8
      vertex -6.08669 -7.31969 18.8
    endloop
  endfacet
  facet normal -0.120324 -0.992735 0
    outer loop
      vertex -6.08669 -7.31969 18.8
      vertex -5.40157 -7.40273 20
      vertex -6.08669 -7.31969 20
    endloop
  endfacet
  facet normal -0.120324 -0.992735 -0
    outer loop
      vertex -5.40157 -7.40273 20
      vertex -6.08669 -7.31969 18.8
      vertex -5.40157 -7.40273 18.8
    endloop
  endfacet
  facet normal -0.205446 -0.978669 0
    outer loop
      vertex -5.40157 -7.40273 18.8
      vertex -4.85318 -7.51785 20
      vertex -5.40157 -7.40273 20
    endloop
  endfacet
  facet normal -0.205446 -0.978669 -0
    outer loop
      vertex -4.85318 -7.51785 20
      vertex -5.40157 -7.40273 18.8
      vertex -4.85318 -7.51785 18.8
    endloop
  endfacet
  facet normal -0.389286 -0.921117 0
    outer loop
      vertex -4.85318 -7.51785 18.8
      vertex -4.43787 -7.69337 20
      vertex -4.85318 -7.51785 20
    endloop
  endfacet
  facet normal -0.389286 -0.921117 -0
    outer loop
      vertex -4.43787 -7.69337 20
      vertex -4.85318 -7.51785 18.8
      vertex -4.43787 -7.69337 18.8
    endloop
  endfacet
  facet normal -0.603036 -0.797714 0
    outer loop
      vertex -4.43787 -7.69337 18.8
      vertex -4.084 -7.96088 20
      vertex -4.43787 -7.69337 20
    endloop
  endfacet
  facet normal -0.603036 -0.797714 -0
    outer loop
      vertex -4.084 -7.96088 20
      vertex -4.43787 -7.69337 18.8
      vertex -4.084 -7.96088 18.8
    endloop
  endfacet
  facet normal -0.744817 -0.667268 0
    outer loop
      vertex -3.72046 -8.36667 18.8
      vertex -4.084 -7.96088 20
      vertex -4.084 -7.96088 18.8
    endloop
  endfacet
  facet normal -0.744817 -0.667268 0
    outer loop
      vertex -4.084 -7.96088 20
      vertex -3.72046 -8.36667 18.8
      vertex -3.72046 -8.36667 20
    endloop
  endfacet
  facet normal -0.799575 -0.600566 0
    outer loop
      vertex -3.33551 -8.87918 18.8
      vertex -3.72046 -8.36667 20
      vertex -3.72046 -8.36667 18.8
    endloop
  endfacet
  facet normal -0.799575 -0.600566 0
    outer loop
      vertex -3.72046 -8.36667 20
      vertex -3.33551 -8.87918 18.8
      vertex -3.33551 -8.87918 20
    endloop
  endfacet
  facet normal -0.79387 -0.608088 0
    outer loop
      vertex -3.00967 -9.30457 18.8
      vertex -3.33551 -8.87918 20
      vertex -3.33551 -8.87918 18.8
    endloop
  endfacet
  facet normal -0.79387 -0.608088 0
    outer loop
      vertex -3.33551 -8.87918 20
      vertex -3.00967 -9.30457 18.8
      vertex -3.00967 -9.30457 20
    endloop
  endfacet
  facet normal -0.965926 0.258818 0
    outer loop
      vertex -3.50514 -11.1537 18.8
      vertex -3.00967 -9.30457 20
      vertex -3.00967 -9.30457 18.8
    endloop
  endfacet
  facet normal -0.965926 0.258818 0
    outer loop
      vertex -3.00967 -9.30457 20
      vertex -3.50514 -11.1537 18.8
      vertex -3.50514 -11.1537 20
    endloop
  endfacet
  facet normal 0.799585 0.600553 0
    outer loop
      vertex -3.50514 -11.1537 20
      vertex -4.02992 -10.455 18.8
      vertex -4.02992 -10.455 20
    endloop
  endfacet
  facet normal 0.799585 0.600553 0
    outer loop
      vertex -4.02992 -10.455 18.8
      vertex -3.50514 -11.1537 20
      vertex -3.50514 -11.1537 18.8
    endloop
  endfacet
  facet normal 0.79387 -0.608088 0
    outer loop
      vertex 3.00967 -9.30457 20
      vertex 3.33551 -8.87918 18.8
      vertex 3.33551 -8.87918 20
    endloop
  endfacet
  facet normal 0.79387 -0.608088 0
    outer loop
      vertex 3.33551 -8.87918 18.8
      vertex 3.00967 -9.30457 20
      vertex 3.00967 -9.30457 18.8
    endloop
  endfacet
  facet normal 0.799575 -0.600566 0
    outer loop
      vertex 3.33551 -8.87918 20
      vertex 3.72046 -8.36667 18.8
      vertex 3.72046 -8.36667 20
    endloop
  endfacet
  facet normal 0.799575 -0.600566 0
    outer loop
      vertex 3.72046 -8.36667 18.8
      vertex 3.33551 -8.87918 20
      vertex 3.33551 -8.87918 18.8
    endloop
  endfacet
  facet normal 0.744817 -0.667268 0
    outer loop
      vertex 3.72046 -8.36667 20
      vertex 4.084 -7.96088 18.8
      vertex 4.084 -7.96088 20
    endloop
  endfacet
  facet normal 0.744817 -0.667268 0
    outer loop
      vertex 4.084 -7.96088 18.8
      vertex 3.72046 -8.36667 20
      vertex 3.72046 -8.36667 18.8
    endloop
  endfacet
  facet normal 0.603036 -0.797714 0
    outer loop
      vertex 4.084 -7.96088 18.8
      vertex 4.43787 -7.69337 20
      vertex 4.084 -7.96088 20
    endloop
  endfacet
  facet normal 0.603036 -0.797714 0
    outer loop
      vertex 4.43787 -7.69337 20
      vertex 4.084 -7.96088 18.8
      vertex 4.43787 -7.69337 18.8
    endloop
  endfacet
  facet normal 0.389286 -0.921117 0
    outer loop
      vertex 4.43787 -7.69337 18.8
      vertex 4.85318 -7.51785 20
      vertex 4.43787 -7.69337 20
    endloop
  endfacet
  facet normal 0.389286 -0.921117 0
    outer loop
      vertex 4.85318 -7.51785 20
      vertex 4.43787 -7.69337 18.8
      vertex 4.85318 -7.51785 18.8
    endloop
  endfacet
  facet normal 0.205446 -0.978669 0
    outer loop
      vertex 4.85318 -7.51785 18.8
      vertex 5.40157 -7.40273 20
      vertex 4.85318 -7.51785 20
    endloop
  endfacet
  facet normal 0.205446 -0.978669 0
    outer loop
      vertex 5.40157 -7.40273 20
      vertex 4.85318 -7.51785 18.8
      vertex 5.40157 -7.40273 18.8
    endloop
  endfacet
  facet normal 0.120324 -0.992735 0
    outer loop
      vertex 5.40157 -7.40273 18.8
      vertex 6.08669 -7.31969 20
      vertex 5.40157 -7.40273 20
    endloop
  endfacet
  facet normal 0.120324 -0.992735 0
    outer loop
      vertex 6.08669 -7.31969 20
      vertex 5.40157 -7.40273 18.8
      vertex 6.08669 -7.31969 18.8
    endloop
  endfacet
  facet normal 0.129672 -0.991557 0
    outer loop
      vertex 6.08669 -7.31969 18.8
      vertex 6.55176 -7.25887 20
      vertex 6.08669 -7.31969 20
    endloop
  endfacet
  facet normal 0.129672 -0.991557 0
    outer loop
      vertex 6.55176 -7.25887 20
      vertex 6.08669 -7.31969 18.8
      vertex 6.55176 -7.25887 18.8
    endloop
  endfacet
  facet normal -0.707102 -0.707112 0
    outer loop
      vertex 6.55176 -7.25887 18.8
      vertex 7.9059 -8.61299 20
      vertex 6.55176 -7.25887 20
    endloop
  endfacet
  facet normal -0.707102 -0.707112 -0
    outer loop
      vertex 7.9059 -8.61299 20
      vertex 6.55176 -7.25887 18.8
      vertex 7.9059 -8.61299 18.8
    endloop
  endfacet
  facet normal -0.129954 0.99152 0
    outer loop
      vertex 7.9059 -8.61299 18.8
      vertex 7.88797 -8.61534 20
      vertex 7.9059 -8.61299 20
    endloop
  endfacet
  facet normal -0.129954 0.99152 0
    outer loop
      vertex 7.88797 -8.61534 20
      vertex 7.9059 -8.61299 18.8
      vertex 7.88797 -8.61534 18.8
    endloop
  endfacet
  facet normal -0.120326 0.992734 0
    outer loop
      vertex 7.88797 -8.61534 18.8
      vertex 6.97449 -8.72606 20
      vertex 7.88797 -8.61534 20
    endloop
  endfacet
  facet normal -0.120326 0.992734 0
    outer loop
      vertex 6.97449 -8.72606 20
      vertex 7.88797 -8.61534 18.8
      vertex 6.97449 -8.72606 18.8
    endloop
  endfacet
  facet normal -0.205445 0.978669 0
    outer loop
      vertex 6.97449 -8.72606 18.8
      vertex 6.1731 -8.89429 20
      vertex 6.97449 -8.72606 20
    endloop
  endfacet
  facet normal -0.205445 0.978669 0
    outer loop
      vertex 6.1731 -8.89429 20
      vertex 6.97449 -8.72606 18.8
      vertex 6.1731 -8.89429 18.8
    endloop
  endfacet
  facet normal -0.290248 0.956951 0
    outer loop
      vertex 6.1731 -8.89429 18.8
      vertex 6.0793 -8.92274 20
      vertex 6.1731 -8.89429 20
    endloop
  endfacet
  facet normal -0.290248 0.956951 0
    outer loop
      vertex 6.0793 -8.92274 20
      vertex 6.1731 -8.89429 18.8
      vertex 6.0793 -8.92274 18.8
    endloop
  endfacet
  facet normal -0.389329 0.921099 0
    outer loop
      vertex 6.0793 -8.92274 18.8
      vertex 5.3941 -9.21236 20
      vertex 6.0793 -8.92274 20
    endloop
  endfacet
  facet normal -0.389329 0.921099 0
    outer loop
      vertex 5.3941 -9.21236 20
      vertex 6.0793 -8.92274 18.8
      vertex 5.3941 -9.21236 18.8
    endloop
  endfacet
  facet normal -0.471372 0.881935 0
    outer loop
      vertex 5.3941 -9.21236 18.8
      vertex 5.30766 -9.25856 20
      vertex 5.3941 -9.21236 20
    endloop
  endfacet
  facet normal -0.471372 0.881935 0
    outer loop
      vertex 5.30766 -9.25856 20
      vertex 5.3941 -9.21236 18.8
      vertex 5.30766 -9.25856 18.8
    endloop
  endfacet
  facet normal -0.603041 0.79771 0
    outer loop
      vertex 5.30766 -9.25856 18.8
      vertex 4.71426 -9.70715 20
      vertex 5.30766 -9.25856 20
    endloop
  endfacet
  facet normal -0.603041 0.79771 0
    outer loop
      vertex 4.71426 -9.70715 20
      vertex 5.30766 -9.25856 18.8
      vertex 4.71426 -9.70715 18.8
    endloop
  endfacet
  facet normal -0.634376 0.773025 0
    outer loop
      vertex 4.71426 -9.70715 18.8
      vertex 4.63849 -9.76933 20
      vertex 4.71426 -9.70715 20
    endloop
  endfacet
  facet normal -0.634376 0.773025 0
    outer loop
      vertex 4.63849 -9.76933 20
      vertex 4.71426 -9.70715 18.8
      vertex 4.63849 -9.76933 18.8
    endloop
  endfacet
  facet normal -0.744806 0.667281 0
    outer loop
      vertex 4.0921 -10.3792 18.8
      vertex 4.63849 -9.76933 20
      vertex 4.63849 -9.76933 18.8
    endloop
  endfacet
  facet normal -0.744806 0.667281 0
    outer loop
      vertex 4.63849 -9.76933 20
      vertex 4.0921 -10.3792 18.8
      vertex 4.0921 -10.3792 20
    endloop
  endfacet
  facet normal -0.773148 0.634226 0
    outer loop
      vertex 4.02992 -10.455 18.8
      vertex 4.0921 -10.3792 20
      vertex 4.0921 -10.3792 18.8
    endloop
  endfacet
  facet normal -0.773148 0.634226 0
    outer loop
      vertex 4.0921 -10.3792 20
      vertex 4.02992 -10.455 18.8
      vertex 4.02992 -10.455 20
    endloop
  endfacet
  facet normal -0.799585 0.600553 0
    outer loop
      vertex 3.50514 -11.1537 18.8
      vertex 4.02992 -10.455 20
      vertex 4.02992 -10.455 18.8
    endloop
  endfacet
  facet normal -0.799585 0.600553 0
    outer loop
      vertex 4.02992 -10.455 20
      vertex 3.50514 -11.1537 18.8
      vertex 3.50514 -11.1537 20
    endloop
  endfacet
  facet normal 0.965926 0.258818 0
    outer loop
      vertex 3.50514 -11.1537 20
      vertex 3.00967 -9.30457 18.8
      vertex 3.00967 -9.30457 20
    endloop
  endfacet
  facet normal 0.965926 0.258818 0
    outer loop
      vertex 3.00967 -9.30457 18.8
      vertex 3.50514 -11.1537 20
      vertex 3.50514 -11.1537 18.8
    endloop
  endfacet
  facet normal 0.311411 0.950275 -0
    outer loop
      vertex 1.70767 -11.0558 18.8
      vertex 0.929535 -10.8008 20
      vertex 1.70767 -11.0558 20
    endloop
  endfacet
  facet normal 0.311411 0.950275 0
    outer loop
      vertex 0.929535 -10.8008 20
      vertex 1.70767 -11.0558 18.8
      vertex 0.929535 -10.8008 18.8
    endloop
  endfacet
  facet normal 0.290726 0.956806 -0
    outer loop
      vertex 0.929535 -10.8008 18.8
      vertex 0.835739 -10.7723 20
      vertex 0.929535 -10.8008 20
    endloop
  endfacet
  facet normal 0.290726 0.956806 0
    outer loop
      vertex 0.835739 -10.7723 20
      vertex 0.929535 -10.8008 18.8
      vertex 0.835739 -10.7723 18.8
    endloop
  endfacet
  facet normal 0.123405 0.992356 -0
    outer loop
      vertex 0.835739 -10.7723 18.8
      vertex 0.0975342 -10.6805 20
      vertex 0.835739 -10.7723 20
    endloop
  endfacet
  facet normal 0.123405 0.992356 0
    outer loop
      vertex 0.0975342 -10.6805 20
      vertex 0.835739 -10.7723 18.8
      vertex 0.0975342 -10.6805 18.8
    endloop
  endfacet
  facet normal 0.0979537 0.995191 -0
    outer loop
      vertex 0.0975342 -10.6805 18.8
      vertex 0 -10.6709 20
      vertex 0.0975342 -10.6805 20
    endloop
  endfacet
  facet normal 0.0979537 0.995191 0
    outer loop
      vertex 0 -10.6709 20
      vertex 0.0975342 -10.6805 18.8
      vertex 0 -10.6709 18.8
    endloop
  endfacet
  facet normal -0.0979537 0.995191 0
    outer loop
      vertex 0 -10.6709 18.8
      vertex -0.0975342 -10.6805 20
      vertex 0 -10.6709 20
    endloop
  endfacet
  facet normal -0.0979537 0.995191 0
    outer loop
      vertex -0.0975342 -10.6805 20
      vertex 0 -10.6709 18.8
      vertex -0.0975342 -10.6805 18.8
    endloop
  endfacet
  facet normal -0.123405 0.992356 0
    outer loop
      vertex -0.0975342 -10.6805 18.8
      vertex -0.835739 -10.7723 20
      vertex -0.0975342 -10.6805 20
    endloop
  endfacet
  facet normal -0.123405 0.992356 0
    outer loop
      vertex -0.835739 -10.7723 20
      vertex -0.0975342 -10.6805 18.8
      vertex -0.835739 -10.7723 18.8
    endloop
  endfacet
  facet normal -0.290726 0.956806 0
    outer loop
      vertex -0.835739 -10.7723 18.8
      vertex -0.929535 -10.8008 20
      vertex -0.835739 -10.7723 20
    endloop
  endfacet
  facet normal -0.290726 0.956806 0
    outer loop
      vertex -0.929535 -10.8008 20
      vertex -0.835739 -10.7723 18.8
      vertex -0.929535 -10.8008 18.8
    endloop
  endfacet
  facet normal -0.311411 0.950275 0
    outer loop
      vertex -0.929535 -10.8008 18.8
      vertex -1.70767 -11.0558 20
      vertex -0.929535 -10.8008 20
    endloop
  endfacet
  facet normal -0.311411 0.950275 0
    outer loop
      vertex -1.70767 -11.0558 20
      vertex -0.929535 -10.8008 18.8
      vertex -1.70767 -11.0558 18.8
    endloop
  endfacet
  facet normal -0.392177 0.91989 0
    outer loop
      vertex -1.70767 -11.0558 18.8
      vertex -2.54106 -11.4111 20
      vertex -1.70767 -11.0558 20
    endloop
  endfacet
  facet normal -0.392177 0.91989 0
    outer loop
      vertex -2.54106 -11.4111 20
      vertex -1.70767 -11.0558 18.8
      vertex -2.54106 -11.4111 18.8
    endloop
  endfacet
  facet normal 0.965927 -0.258813 0
    outer loop
      vertex -2.54106 -11.4111 20
      vertex -2.04617 -9.5641 18.8
      vertex -2.04617 -9.5641 20
    endloop
  endfacet
  facet normal 0.965927 -0.258813 0
    outer loop
      vertex -2.04617 -9.5641 18.8
      vertex -2.54106 -11.4111 20
      vertex -2.54106 -11.4111 18.8
    endloop
  endfacet
  facet normal 0.383457 -0.923559 0
    outer loop
      vertex -2.04617 -9.5641 18.8
      vertex -1.58075 -9.37086 20
      vertex -2.04617 -9.5641 20
    endloop
  endfacet
  facet normal 0.383457 -0.923559 0
    outer loop
      vertex -1.58075 -9.37086 20
      vertex -2.04617 -9.5641 18.8
      vertex -1.58075 -9.37086 18.8
    endloop
  endfacet
  facet normal 0.392186 -0.919886 0
    outer loop
      vertex -1.58075 -9.37086 18.8
      vertex -0.945908 -9.1002 20
      vertex -1.58075 -9.37086 20
    endloop
  endfacet
  facet normal 0.392186 -0.919886 0
    outer loop
      vertex -0.945908 -9.1002 20
      vertex -1.58075 -9.37086 18.8
      vertex -0.945908 -9.1002 18.8
    endloop
  endfacet
  facet normal 0.311372 -0.950288 0
    outer loop
      vertex -0.945908 -9.1002 18.8
      vertex -0.444901 -8.93604 20
      vertex -0.945908 -9.1002 20
    endloop
  endfacet
  facet normal 0.311372 -0.950288 0
    outer loop
      vertex -0.444901 -8.93604 20
      vertex -0.945908 -9.1002 18.8
      vertex -0.444901 -8.93604 18.8
    endloop
  endfacet
  facet normal 0.123414 -0.992355 0
    outer loop
      vertex -0.444901 -8.93604 18.8
      vertex 0 -8.88071 20
      vertex -0.444901 -8.93604 20
    endloop
  endfacet
  facet normal 0.123414 -0.992355 0
    outer loop
      vertex 0 -8.88071 20
      vertex -0.444901 -8.93604 18.8
      vertex 0 -8.88071 18.8
    endloop
  endfacet
  facet normal -0.123414 -0.992355 0
    outer loop
      vertex 0 -8.88071 18.8
      vertex 0.444901 -8.93604 20
      vertex 0 -8.88071 20
    endloop
  endfacet
  facet normal -0.123414 -0.992355 -0
    outer loop
      vertex 0.444901 -8.93604 20
      vertex 0 -8.88071 18.8
      vertex 0.444901 -8.93604 18.8
    endloop
  endfacet
  facet normal -0.311372 -0.950288 0
    outer loop
      vertex 0.444901 -8.93604 18.8
      vertex 0.945908 -9.1002 20
      vertex 0.444901 -8.93604 20
    endloop
  endfacet
  facet normal -0.311372 -0.950288 -0
    outer loop
      vertex 0.945908 -9.1002 20
      vertex 0.444901 -8.93604 18.8
      vertex 0.945908 -9.1002 18.8
    endloop
  endfacet
  facet normal -0.392186 -0.919886 0
    outer loop
      vertex 0.945908 -9.1002 18.8
      vertex 1.58075 -9.37086 20
      vertex 0.945908 -9.1002 20
    endloop
  endfacet
  facet normal -0.392186 -0.919886 -0
    outer loop
      vertex 1.58075 -9.37086 20
      vertex 0.945908 -9.1002 18.8
      vertex 1.58075 -9.37086 18.8
    endloop
  endfacet
  facet normal -0.383457 -0.923559 0
    outer loop
      vertex 1.58075 -9.37086 18.8
      vertex 2.04617 -9.5641 20
      vertex 1.58075 -9.37086 20
    endloop
  endfacet
  facet normal -0.383457 -0.923559 -0
    outer loop
      vertex 2.04617 -9.5641 20
      vertex 1.58075 -9.37086 18.8
      vertex 2.04617 -9.5641 18.8
    endloop
  endfacet
  facet normal -0.965927 -0.258813 0
    outer loop
      vertex 2.54106 -11.4111 18.8
      vertex 2.04617 -9.5641 20
      vertex 2.04617 -9.5641 18.8
    endloop
  endfacet
  facet normal -0.965927 -0.258813 0
    outer loop
      vertex 2.04617 -9.5641 20
      vertex 2.54106 -11.4111 18.8
      vertex 2.54106 -11.4111 20
    endloop
  endfacet
  facet normal 0.392177 0.91989 -0
    outer loop
      vertex 2.54106 -11.4111 18.8
      vertex 1.70767 -11.0558 20
      vertex 2.54106 -11.4111 20
    endloop
  endfacet
  facet normal 0.392177 0.91989 0
    outer loop
      vertex 1.70767 -11.0558 20
      vertex 2.54106 -11.4111 18.8
      vertex 1.70767 -11.0558 18.8
    endloop
  endfacet
  facet normal 0.79958 0.600559 0
    outer loop
      vertex -4.45056 -14.0579 20
      vertex -5.14134 -13.1382 18.8
      vertex -5.14134 -13.1382 20
    endloop
  endfacet
  facet normal 0.79958 0.600559 0
    outer loop
      vertex -5.14134 -13.1382 18.8
      vertex -4.45056 -14.0579 20
      vertex -4.45056 -14.0579 18.8
    endloop
  endfacet
  facet normal 0.773148 0.634226 0
    outer loop
      vertex -5.14134 -13.1382 20
      vertex -5.20352 -13.0624 18.8
      vertex -5.20352 -13.0624 20
    endloop
  endfacet
  facet normal 0.773148 0.634226 0
    outer loop
      vertex -5.20352 -13.0624 18.8
      vertex -5.14134 -13.1382 20
      vertex -5.14134 -13.1382 18.8
    endloop
  endfacet
  facet normal 0.744832 0.667252 0
    outer loop
      vertex -5.20352 -13.0624 20
      vertex -5.88651 -12.3 18.8
      vertex -5.88651 -12.3 20
    endloop
  endfacet
  facet normal 0.744832 0.667252 0
    outer loop
      vertex -5.88651 -12.3 18.8
      vertex -5.20352 -13.0624 20
      vertex -5.20352 -13.0624 18.8
    endloop
  endfacet
  facet normal 0.633888 0.773425 -0
    outer loop
      vertex -5.88651 -12.3 18.8
      vertex -5.96228 -12.2379 20
      vertex -5.88651 -12.3 20
    endloop
  endfacet
  facet normal 0.633888 0.773425 0
    outer loop
      vertex -5.96228 -12.2379 20
      vertex -5.88651 -12.3 18.8
      vertex -5.96228 -12.2379 18.8
    endloop
  endfacet
  facet normal 0.603084 0.797678 -0
    outer loop
      vertex -5.96228 -12.2379 18.8
      vertex -6.70403 -11.6771 20
      vertex -5.96228 -12.2379 20
    endloop
  endfacet
  facet normal 0.603084 0.797678 0
    outer loop
      vertex -6.70403 -11.6771 20
      vertex -5.96228 -12.2379 18.8
      vertex -6.70403 -11.6771 18.8
    endloop
  endfacet
  facet normal 0.471329 0.881957 -0
    outer loop
      vertex -6.70403 -11.6771 18.8
      vertex -6.79048 -11.6309 20
      vertex -6.70403 -11.6771 20
    endloop
  endfacet
  facet normal 0.471329 0.881957 0
    outer loop
      vertex -6.79048 -11.6309 20
      vertex -6.70403 -11.6771 18.8
      vertex -6.79048 -11.6309 18.8
    endloop
  endfacet
  facet normal 0.389311 0.921107 -0
    outer loop
      vertex -6.79048 -11.6309 18.8
      vertex -7.64697 -11.2689 20
      vertex -6.79048 -11.6309 20
    endloop
  endfacet
  facet normal 0.389311 0.921107 0
    outer loop
      vertex -7.64697 -11.2689 20
      vertex -6.79048 -11.6309 18.8
      vertex -7.64697 -11.2689 18.8
    endloop
  endfacet
  facet normal 0.289781 0.957093 -0
    outer loop
      vertex -7.64697 -11.2689 18.8
      vertex -7.74077 -11.2405 20
      vertex -7.64697 -11.2689 20
    endloop
  endfacet
  facet normal 0.289781 0.957093 0
    outer loop
      vertex -7.74077 -11.2405 20
      vertex -7.64697 -11.2689 18.8
      vertex -7.74077 -11.2405 18.8
    endloop
  endfacet
  facet normal 0.20546 0.978666 -0
    outer loop
      vertex -7.74077 -11.2405 18.8
      vertex -8.74249 -11.0302 20
      vertex -7.74077 -11.2405 20
    endloop
  endfacet
  facet normal 0.20546 0.978666 0
    outer loop
      vertex -8.74249 -11.0302 20
      vertex -7.74077 -11.2405 18.8
      vertex -8.74249 -11.0302 18.8
    endloop
  endfacet
  facet normal 0.120325 0.992735 -0
    outer loop
      vertex -8.74249 -11.0302 18.8
      vertex -9.88435 -10.8918 20
      vertex -8.74249 -11.0302 20
    endloop
  endfacet
  facet normal 0.120325 0.992735 0
    outer loop
      vertex -9.88435 -10.8918 20
      vertex -8.74249 -11.0302 18.8
      vertex -9.88435 -10.8918 18.8
    endloop
  endfacet
  facet normal 0.129938 0.991522 -0
    outer loop
      vertex -9.88435 -10.8918 18.8
      vertex -10.1499 -10.857 20
      vertex -9.88435 -10.8918 20
    endloop
  endfacet
  facet normal 0.129938 0.991522 0
    outer loop
      vertex -10.1499 -10.857 20
      vertex -9.88435 -10.8918 18.8
      vertex -10.1499 -10.857 18.8
    endloop
  endfacet
  facet normal 0.707109 -0.707104 0
    outer loop
      vertex -10.1499 -10.857 20
      vertex -8.79581 -9.5029 18.8
      vertex -8.79581 -9.5029 20
    endloop
  endfacet
  facet normal 0.707109 -0.707104 0
    outer loop
      vertex -8.79581 -9.5029 18.8
      vertex -10.1499 -10.857 20
      vertex -10.1499 -10.857 18.8
    endloop
  endfacet
  facet normal -0.1297 -0.991553 0
    outer loop
      vertex -8.79581 -9.5029 18.8
      vertex -8.08307 -9.59613 20
      vertex -8.79581 -9.5029 20
    endloop
  endfacet
  facet normal -0.1297 -0.991553 -0
    outer loop
      vertex -8.08307 -9.59613 20
      vertex -8.79581 -9.5029 18.8
      vertex -8.08307 -9.59613 18.8
    endloop
  endfacet
  facet normal -0.120302 -0.992737 0
    outer loop
      vertex -8.08307 -9.59613 18.8
      vertex -7.16957 -9.70683 20
      vertex -8.08307 -9.59613 20
    endloop
  endfacet
  facet normal -0.120302 -0.992737 -0
    outer loop
      vertex -7.16957 -9.70683 20
      vertex -8.08307 -9.59613 18.8
      vertex -7.16957 -9.70683 18.8
    endloop
  endfacet
  facet normal -0.20546 -0.978666 0
    outer loop
      vertex -7.16957 -9.70683 18.8
      vertex -6.42078 -9.86403 20
      vertex -7.16957 -9.70683 20
    endloop
  endfacet
  facet normal -0.20546 -0.978666 -0
    outer loop
      vertex -6.42078 -9.86403 20
      vertex -7.16957 -9.70683 18.8
      vertex -6.42078 -9.86403 18.8
    endloop
  endfacet
  facet normal -0.389393 -0.921072 0
    outer loop
      vertex -6.42078 -9.86403 18.8
      vertex -5.83423 -10.112 20
      vertex -6.42078 -9.86403 20
    endloop
  endfacet
  facet normal -0.389393 -0.921072 -0
    outer loop
      vertex -5.83423 -10.112 20
      vertex -6.42078 -9.86403 18.8
      vertex -5.83423 -10.112 18.8
    endloop
  endfacet
  facet normal -0.602949 -0.79778 0
    outer loop
      vertex -5.83423 -10.112 18.8
      vertex -5.33197 -10.4916 20
      vertex -5.83423 -10.112 20
    endloop
  endfacet
  facet normal -0.602949 -0.79778 -0
    outer loop
      vertex -5.33197 -10.4916 20
      vertex -5.83423 -10.112 18.8
      vertex -5.33197 -10.4916 18.8
    endloop
  endfacet
  facet normal -0.744877 -0.667201 0
    outer loop
      vertex -4.8318 -11.05 18.8
      vertex -5.33197 -10.4916 20
      vertex -5.33197 -10.4916 18.8
    endloop
  endfacet
  facet normal -0.744877 -0.667201 0
    outer loop
      vertex -5.33197 -10.4916 20
      vertex -4.8318 -11.05 18.8
      vertex -4.8318 -11.05 20
    endloop
  endfacet
  facet normal -0.799562 -0.600584 0
    outer loop
      vertex -4.30878 -11.7463 18.8
      vertex -4.8318 -11.05 20
      vertex -4.8318 -11.05 18.8
    endloop
  endfacet
  facet normal -0.799562 -0.600584 0
    outer loop
      vertex -4.8318 -11.05 20
      vertex -4.30878 -11.7463 18.8
      vertex -4.30878 -11.7463 20
    endloop
  endfacet
  facet normal -0.793877 -0.608079 0
    outer loop
      vertex -3.83105 -12.37 18.8
      vertex -4.30878 -11.7463 20
      vertex -4.30878 -11.7463 18.8
    endloop
  endfacet
  facet normal -0.793877 -0.608079 0
    outer loop
      vertex -4.30878 -11.7463 20
      vertex -3.83105 -12.37 18.8
      vertex -3.83105 -12.37 20
    endloop
  endfacet
  facet normal -0.965924 0.258824 0
    outer loop
      vertex -4.32666 -14.2196 18.8
      vertex -3.83105 -12.37 20
      vertex -3.83105 -12.37 18.8
    endloop
  endfacet
  facet normal -0.965924 0.258824 0
    outer loop
      vertex -3.83105 -12.37 20
      vertex -4.32666 -14.2196 18.8
      vertex -4.32666 -14.2196 20
    endloop
  endfacet
  facet normal 0.793772 0.608215 0
    outer loop
      vertex -4.32666 -14.2196 20
      vertex -4.45056 -14.0579 18.8
      vertex -4.45056 -14.0579 20
    endloop
  endfacet
  facet normal 0.793772 0.608215 0
    outer loop
      vertex -4.45056 -14.0579 18.8
      vertex -4.32666 -14.2196 20
      vertex -4.32666 -14.2196 18.8
    endloop
  endfacet
  facet normal 0.793877 -0.608079 0
    outer loop
      vertex 3.83105 -12.37 20
      vertex 4.30878 -11.7463 18.8
      vertex 4.30878 -11.7463 20
    endloop
  endfacet
  facet normal 0.793877 -0.608079 0
    outer loop
      vertex 4.30878 -11.7463 18.8
      vertex 3.83105 -12.37 20
      vertex 3.83105 -12.37 18.8
    endloop
  endfacet
  facet normal 0.799562 -0.600584 0
    outer loop
      vertex 4.30878 -11.7463 20
      vertex 4.8318 -11.05 18.8
      vertex 4.8318 -11.05 20
    endloop
  endfacet
  facet normal 0.799562 -0.600584 0
    outer loop
      vertex 4.8318 -11.05 18.8
      vertex 4.30878 -11.7463 20
      vertex 4.30878 -11.7463 18.8
    endloop
  endfacet
  facet normal 0.744877 -0.667201 0
    outer loop
      vertex 4.8318 -11.05 20
      vertex 5.33197 -10.4916 18.8
      vertex 5.33197 -10.4916 20
    endloop
  endfacet
  facet normal 0.744877 -0.667201 0
    outer loop
      vertex 5.33197 -10.4916 18.8
      vertex 4.8318 -11.05 20
      vertex 4.8318 -11.05 18.8
    endloop
  endfacet
  facet normal 0.602949 -0.79778 0
    outer loop
      vertex 5.33197 -10.4916 18.8
      vertex 5.83423 -10.112 20
      vertex 5.33197 -10.4916 20
    endloop
  endfacet
  facet normal 0.602949 -0.79778 0
    outer loop
      vertex 5.83423 -10.112 20
      vertex 5.33197 -10.4916 18.8
      vertex 5.83423 -10.112 18.8
    endloop
  endfacet
  facet normal 0.389393 -0.921072 0
    outer loop
      vertex 5.83423 -10.112 18.8
      vertex 6.42078 -9.86403 20
      vertex 5.83423 -10.112 20
    endloop
  endfacet
  facet normal 0.389393 -0.921072 0
    outer loop
      vertex 6.42078 -9.86403 20
      vertex 5.83423 -10.112 18.8
      vertex 6.42078 -9.86403 18.8
    endloop
  endfacet
  facet normal 0.20546 -0.978666 0
    outer loop
      vertex 6.42078 -9.86403 18.8
      vertex 7.16957 -9.70683 20
      vertex 6.42078 -9.86403 20
    endloop
  endfacet
  facet normal 0.20546 -0.978666 0
    outer loop
      vertex 7.16957 -9.70683 20
      vertex 6.42078 -9.86403 18.8
      vertex 7.16957 -9.70683 18.8
    endloop
  endfacet
  facet normal 0.120302 -0.992737 0
    outer loop
      vertex 7.16957 -9.70683 18.8
      vertex 8.08307 -9.59613 20
      vertex 7.16957 -9.70683 20
    endloop
  endfacet
  facet normal 0.120302 -0.992737 0
    outer loop
      vertex 8.08307 -9.59613 20
      vertex 7.16957 -9.70683 18.8
      vertex 8.08307 -9.59613 18.8
    endloop
  endfacet
  facet normal 0.1297 -0.991553 0
    outer loop
      vertex 8.08307 -9.59613 18.8
      vertex 8.79581 -9.5029 20
      vertex 8.08307 -9.59613 20
    endloop
  endfacet
  facet normal 0.1297 -0.991553 0
    outer loop
      vertex 8.79581 -9.5029 20
      vertex 8.08307 -9.59613 18.8
      vertex 8.79581 -9.5029 18.8
    endloop
  endfacet
  facet normal -0.707109 -0.707104 0
    outer loop
      vertex 10.1499 -10.857 18.8
      vertex 8.79581 -9.5029 20
      vertex 8.79581 -9.5029 18.8
    endloop
  endfacet
  facet normal -0.707109 -0.707104 0
    outer loop
      vertex 8.79581 -9.5029 20
      vertex 10.1499 -10.857 18.8
      vertex 10.1499 -10.857 20
    endloop
  endfacet
  facet normal -0.129938 0.991522 0
    outer loop
      vertex 10.1499 -10.857 18.8
      vertex 9.88435 -10.8918 20
      vertex 10.1499 -10.857 20
    endloop
  endfacet
  facet normal -0.129938 0.991522 0
    outer loop
      vertex 9.88435 -10.8918 20
      vertex 10.1499 -10.857 18.8
      vertex 9.88435 -10.8918 18.8
    endloop
  endfacet
  facet normal -0.120325 0.992735 0
    outer loop
      vertex 9.88435 -10.8918 18.8
      vertex 8.74249 -11.0302 20
      vertex 9.88435 -10.8918 20
    endloop
  endfacet
  facet normal -0.120325 0.992735 0
    outer loop
      vertex 8.74249 -11.0302 20
      vertex 9.88435 -10.8918 18.8
      vertex 8.74249 -11.0302 18.8
    endloop
  endfacet
  facet normal -0.20546 0.978666 0
    outer loop
      vertex 8.74249 -11.0302 18.8
      vertex 7.74077 -11.2405 20
      vertex 8.74249 -11.0302 20
    endloop
  endfacet
  facet normal -0.20546 0.978666 0
    outer loop
      vertex 7.74077 -11.2405 20
      vertex 8.74249 -11.0302 18.8
      vertex 7.74077 -11.2405 18.8
    endloop
  endfacet
  facet normal -0.289781 0.957093 0
    outer loop
      vertex 7.74077 -11.2405 18.8
      vertex 7.64697 -11.2689 20
      vertex 7.74077 -11.2405 20
    endloop
  endfacet
  facet normal -0.289781 0.957093 0
    outer loop
      vertex 7.64697 -11.2689 20
      vertex 7.74077 -11.2405 18.8
      vertex 7.64697 -11.2689 18.8
    endloop
  endfacet
  facet normal -0.389311 0.921107 0
    outer loop
      vertex 7.64697 -11.2689 18.8
      vertex 6.79048 -11.6309 20
      vertex 7.64697 -11.2689 20
    endloop
  endfacet
  facet normal -0.389311 0.921107 0
    outer loop
      vertex 6.79048 -11.6309 20
      vertex 7.64697 -11.2689 18.8
      vertex 6.79048 -11.6309 18.8
    endloop
  endfacet
  facet normal -0.471329 0.881957 0
    outer loop
      vertex 6.79048 -11.6309 18.8
      vertex 6.70403 -11.6771 20
      vertex 6.79048 -11.6309 20
    endloop
  endfacet
  facet normal -0.471329 0.881957 0
    outer loop
      vertex 6.70403 -11.6771 20
      vertex 6.79048 -11.6309 18.8
      vertex 6.70403 -11.6771 18.8
    endloop
  endfacet
  facet normal -0.603084 0.797678 0
    outer loop
      vertex 6.70403 -11.6771 18.8
      vertex 5.96228 -12.2379 20
      vertex 6.70403 -11.6771 20
    endloop
  endfacet
  facet normal -0.603084 0.797678 0
    outer loop
      vertex 5.96228 -12.2379 20
      vertex 6.70403 -11.6771 18.8
      vertex 5.96228 -12.2379 18.8
    endloop
  endfacet
  facet normal -0.633888 0.773425 0
    outer loop
      vertex 5.96228 -12.2379 18.8
      vertex 5.88651 -12.3 20
      vertex 5.96228 -12.2379 20
    endloop
  endfacet
  facet normal -0.633888 0.773425 0
    outer loop
      vertex 5.88651 -12.3 20
      vertex 5.96228 -12.2379 18.8
      vertex 5.88651 -12.3 18.8
    endloop
  endfacet
  facet normal -0.744832 0.667252 0
    outer loop
      vertex 5.20352 -13.0624 18.8
      vertex 5.88651 -12.3 20
      vertex 5.88651 -12.3 18.8
    endloop
  endfacet
  facet normal -0.744832 0.667252 0
    outer loop
      vertex 5.88651 -12.3 20
      vertex 5.20352 -13.0624 18.8
      vertex 5.20352 -13.0624 20
    endloop
  endfacet
  facet normal -0.773148 0.634226 0
    outer loop
      vertex 5.14134 -13.1382 18.8
      vertex 5.20352 -13.0624 20
      vertex 5.20352 -13.0624 18.8
    endloop
  endfacet
  facet normal -0.773148 0.634226 0
    outer loop
      vertex 5.20352 -13.0624 20
      vertex 5.14134 -13.1382 18.8
      vertex 5.14134 -13.1382 20
    endloop
  endfacet
  facet normal -0.79958 0.600559 0
    outer loop
      vertex 4.45056 -14.0579 18.8
      vertex 5.14134 -13.1382 20
      vertex 5.14134 -13.1382 18.8
    endloop
  endfacet
  facet normal -0.79958 0.600559 0
    outer loop
      vertex 5.14134 -13.1382 20
      vertex 4.45056 -14.0579 18.8
      vertex 4.45056 -14.0579 20
    endloop
  endfacet
  facet normal -0.793772 0.608215 0
    outer loop
      vertex 4.32666 -14.2196 18.8
      vertex 4.45056 -14.0579 20
      vertex 4.45056 -14.0579 18.8
    endloop
  endfacet
  facet normal -0.793772 0.608215 0
    outer loop
      vertex 4.45056 -14.0579 20
      vertex 4.32666 -14.2196 18.8
      vertex 4.32666 -14.2196 20
    endloop
  endfacet
  facet normal 0.965924 0.258824 0
    outer loop
      vertex 4.32666 -14.2196 20
      vertex 3.83105 -12.37 18.8
      vertex 3.83105 -12.37 20
    endloop
  endfacet
  facet normal 0.965924 0.258824 0
    outer loop
      vertex 3.83105 -12.37 18.8
      vertex 4.32666 -14.2196 20
      vertex 4.32666 -14.2196 18.8
    endloop
  endfacet
  facet normal 0.392186 0.919886 -0
    outer loop
      vertex 3.14482 -14.3863 18.8
      vertex 2.08675 -13.9352 20
      vertex 3.14482 -14.3863 20
    endloop
  endfacet
  facet normal 0.392186 0.919886 0
    outer loop
      vertex 2.08675 -13.9352 20
      vertex 3.14482 -14.3863 18.8
      vertex 2.08675 -13.9352 18.8
    endloop
  endfacet
  facet normal 0.311452 0.950262 -0
    outer loop
      vertex 2.08675 -13.9352 18.8
      vertex 1.11407 -13.6164 20
      vertex 2.08675 -13.9352 20
    endloop
  endfacet
  facet normal 0.311452 0.950262 0
    outer loop
      vertex 1.11407 -13.6164 20
      vertex 2.08675 -13.9352 18.8
      vertex 1.11407 -13.6164 18.8
    endloop
  endfacet
  facet normal 0.289809 0.957084 -0
    outer loop
      vertex 1.11407 -13.6164 18.8
      vertex 1.02028 -13.588 20
      vertex 1.11407 -13.6164 20
    endloop
  endfacet
  facet normal 0.289809 0.957084 0
    outer loop
      vertex 1.02028 -13.588 20
      vertex 1.11407 -13.6164 18.8
      vertex 1.02028 -13.588 18.8
    endloop
  endfacet
  facet normal 0.123354 0.992363 -0
    outer loop
      vertex 1.02028 -13.588 18.8
      vertex 0.0975342 -13.4733 20
      vertex 1.02028 -13.588 20
    endloop
  endfacet
  facet normal 0.123354 0.992363 0
    outer loop
      vertex 0.0975342 -13.4733 20
      vertex 1.02028 -13.588 18.8
      vertex 0.0975342 -13.4733 18.8
    endloop
  endfacet
  facet normal 0.0989641 0.995091 -0
    outer loop
      vertex 0.0975342 -13.4733 18.8
      vertex 0 -13.4636 20
      vertex 0.0975342 -13.4733 20
    endloop
  endfacet
  facet normal 0.0989641 0.995091 0
    outer loop
      vertex 0 -13.4636 20
      vertex 0.0975342 -13.4733 18.8
      vertex 0 -13.4636 18.8
    endloop
  endfacet
  facet normal -0.0989641 0.995091 0
    outer loop
      vertex 0 -13.4636 18.8
      vertex -0.0975342 -13.4733 20
      vertex 0 -13.4636 20
    endloop
  endfacet
  facet normal -0.0989641 0.995091 0
    outer loop
      vertex -0.0975342 -13.4733 20
      vertex 0 -13.4636 18.8
      vertex -0.0975342 -13.4733 18.8
    endloop
  endfacet
  facet normal -0.123354 0.992363 0
    outer loop
      vertex -0.0975342 -13.4733 18.8
      vertex -1.02028 -13.588 20
      vertex -0.0975342 -13.4733 20
    endloop
  endfacet
  facet normal -0.123354 0.992363 0
    outer loop
      vertex -1.02028 -13.588 20
      vertex -0.0975342 -13.4733 18.8
      vertex -1.02028 -13.588 18.8
    endloop
  endfacet
  facet normal -0.289809 0.957084 0
    outer loop
      vertex -1.02028 -13.588 18.8
      vertex -1.11407 -13.6164 20
      vertex -1.02028 -13.588 20
    endloop
  endfacet
  facet normal -0.289809 0.957084 0
    outer loop
      vertex -1.11407 -13.6164 20
      vertex -1.02028 -13.588 18.8
      vertex -1.11407 -13.6164 18.8
    endloop
  endfacet
  facet normal -0.311452 0.950262 0
    outer loop
      vertex -1.11407 -13.6164 18.8
      vertex -2.08675 -13.9352 20
      vertex -1.11407 -13.6164 20
    endloop
  endfacet
  facet normal -0.311452 0.950262 0
    outer loop
      vertex -2.08675 -13.9352 20
      vertex -1.11407 -13.6164 18.8
      vertex -2.08675 -13.9352 18.8
    endloop
  endfacet
  facet normal -0.392186 0.919886 0
    outer loop
      vertex -2.08675 -13.9352 18.8
      vertex -3.14482 -14.3863 20
      vertex -2.08675 -13.9352 20
    endloop
  endfacet
  facet normal -0.392186 0.919886 0
    outer loop
      vertex -3.14482 -14.3863 20
      vertex -2.08675 -13.9352 18.8
      vertex -3.14482 -14.3863 18.8
    endloop
  endfacet
  facet normal -0.383214 0.92366 0
    outer loop
      vertex -3.14482 -14.3863 18.8
      vertex -3.36247 -14.4766 20
      vertex -3.14482 -14.3863 20
    endloop
  endfacet
  facet normal -0.383214 0.92366 0
    outer loop
      vertex -3.36247 -14.4766 20
      vertex -3.14482 -14.3863 18.8
      vertex -3.36247 -14.4766 18.8
    endloop
  endfacet
  facet normal 0.965926 -0.25882 0
    outer loop
      vertex -3.36247 -14.4766 20
      vertex -2.86754 -12.6295 18.8
      vertex -2.86754 -12.6295 20
    endloop
  endfacet
  facet normal 0.965926 -0.25882 0
    outer loop
      vertex -2.86754 -12.6295 18.8
      vertex -3.36247 -14.4766 20
      vertex -3.36247 -14.4766 18.8
    endloop
  endfacet
  facet normal 0.383442 -0.923565 0
    outer loop
      vertex -2.86754 -12.6295 18.8
      vertex -2.17145 -12.3405 20
      vertex -2.86754 -12.6295 20
    endloop
  endfacet
  facet normal 0.383442 -0.923565 0
    outer loop
      vertex -2.17145 -12.3405 20
      vertex -2.86754 -12.6295 18.8
      vertex -2.17145 -12.3405 18.8
    endloop
  endfacet
  facet normal 0.392199 -0.91988 0
    outer loop
      vertex -2.17145 -12.3405 18.8
      vertex -1.32498 -11.9796 20
      vertex -2.17145 -12.3405 20
    endloop
  endfacet
  facet normal 0.392199 -0.91988 0
    outer loop
      vertex -1.32498 -11.9796 20
      vertex -2.17145 -12.3405 18.8
      vertex -1.32498 -11.9796 18.8
    endloop
  endfacet
  facet normal 0.311371 -0.950289 0
    outer loop
      vertex -1.32498 -11.9796 18.8
      vertex -0.62944 -11.7517 20
      vertex -1.32498 -11.9796 20
    endloop
  endfacet
  facet normal 0.311371 -0.950289 0
    outer loop
      vertex -0.62944 -11.7517 20
      vertex -1.32498 -11.9796 18.8
      vertex -0.62944 -11.7517 18.8
    endloop
  endfacet
  facet normal 0.123445 -0.992351 0
    outer loop
      vertex -0.62944 -11.7517 18.8
      vertex 0 -11.6734 20
      vertex -0.62944 -11.7517 20
    endloop
  endfacet
  facet normal 0.123445 -0.992351 0
    outer loop
      vertex 0 -11.6734 20
      vertex -0.62944 -11.7517 18.8
      vertex 0 -11.6734 18.8
    endloop
  endfacet
  facet normal -0.123445 -0.992351 0
    outer loop
      vertex 0 -11.6734 18.8
      vertex 0.62944 -11.7517 20
      vertex 0 -11.6734 20
    endloop
  endfacet
  facet normal -0.123445 -0.992351 -0
    outer loop
      vertex 0.62944 -11.7517 20
      vertex 0 -11.6734 18.8
      vertex 0.62944 -11.7517 18.8
    endloop
  endfacet
  facet normal -0.311371 -0.950289 0
    outer loop
      vertex 0.62944 -11.7517 18.8
      vertex 1.32498 -11.9796 20
      vertex 0.62944 -11.7517 20
    endloop
  endfacet
  facet normal -0.311371 -0.950289 -0
    outer loop
      vertex 1.32498 -11.9796 20
      vertex 0.62944 -11.7517 18.8
      vertex 1.32498 -11.9796 18.8
    endloop
  endfacet
  facet normal -0.392199 -0.91988 0
    outer loop
      vertex 1.32498 -11.9796 18.8
      vertex 2.17145 -12.3405 20
      vertex 1.32498 -11.9796 20
    endloop
  endfacet
  facet normal -0.392199 -0.91988 -0
    outer loop
      vertex 2.17145 -12.3405 20
      vertex 1.32498 -11.9796 18.8
      vertex 2.17145 -12.3405 18.8
    endloop
  endfacet
  facet normal -0.383442 -0.923565 0
    outer loop
      vertex 2.17145 -12.3405 18.8
      vertex 2.86754 -12.6295 20
      vertex 2.17145 -12.3405 20
    endloop
  endfacet
  facet normal -0.383442 -0.923565 -0
    outer loop
      vertex 2.86754 -12.6295 20
      vertex 2.17145 -12.3405 18.8
      vertex 2.86754 -12.6295 18.8
    endloop
  endfacet
  facet normal -0.965926 -0.25882 0
    outer loop
      vertex 3.36247 -14.4766 18.8
      vertex 2.86754 -12.6295 20
      vertex 2.86754 -12.6295 18.8
    endloop
  endfacet
  facet normal -0.965926 -0.25882 0
    outer loop
      vertex 2.86754 -12.6295 20
      vertex 3.36247 -14.4766 18.8
      vertex 3.36247 -14.4766 20
    endloop
  endfacet
  facet normal 0.383214 0.92366 -0
    outer loop
      vertex 3.36247 -14.4766 18.8
      vertex 3.14482 -14.3863 20
      vertex 3.36247 -14.4766 20
    endloop
  endfacet
  facet normal 0.383214 0.92366 0
    outer loop
      vertex 3.14482 -14.3863 20
      vertex 3.36247 -14.4766 18.8
      vertex 3.14482 -14.3863 18.8
    endloop
  endfacet
endsolid OpenSCAD_Model
