solid OpenSCAD_Model
  facet normal -0.0173727 -0.706998 0.707002
    outer loop
      vertex -0.785082 -15.9807 3.75
      vertex -0.858684 -17.4789 2.25
      vertex 0 -17.5 2.25
    endloop
  endfacet
  facet normal 0.535506 0.461981 -0.70697
    outer loop
      vertex 13.5277 11.1019 0.5
      vertex 12.5962 11.4165 0
      vertex 12.9666 11.7523 0.5
    endloop
  endfacet
  facet normal -0.705295 0.0520357 0.707002
    outer loop
      vertex -17.4157 1.7153 2.25
      vertex -17.4789 0.858684 2.25
      vertex -15.9807 0.785082 3.75
    endloop
  endfacet
  facet normal -0.707 0.0173805 0.707
    outer loop
      vertex -15.9807 0.785082 3.75
      vertex -17.5 0 2.25
      vertex -16 0 3.75
    endloop
  endfacet
  facet normal -0.706998 0.0173727 0.707002
    outer loop
      vertex -17.4789 0.858684 2.25
      vertex -17.5 0 2.25
      vertex -15.9807 0.785082 3.75
    endloop
  endfacet
  facet normal 0.578206 -0.407252 -0.706982
    outer loop
      vertex 14.5507 -9.72248 0.5
      vertex 14.0561 -10.4247 0.5
      vertex 14.135 -9.44469 0
    endloop
  endfacet
  facet normal -0.597469 0.378393 0.707001
    outer loop
      vertex -13.3035 8.88912 3.75
      vertex -14.5507 9.72248 2.25
      vertex -13.7237 8.22564 3.75
    endloop
  endfacet
  facet normal 0.435054 -0.557568 0.706998
    outer loop
      vertex 11.1019 -13.5277 2.25
      vertex 10.1503 -12.3682 3.75
      vertex 10.4247 -14.0561 2.25
    endloop
  endfacet
  facet normal -0.487623 -0.512207 0.707013
    outer loop
      vertex -11.3137 -11.3137 3.75
      vertex -12.3744 -12.3744 2.25
      vertex -10.7449 -11.8552 3.75
    endloop
  endfacet
  facet normal -0.707 -0.0173805 0.707
    outer loop
      vertex -16 0 3.75
      vertex -17.5 0 2.25
      vertex -15.9807 -0.785082 3.75
    endloop
  endfacet
  facet normal 0.701879 0.0866294 0.707009
    outer loop
      vertex 17.3106 2.56778 2.25
      vertex 15.8268 2.34769 3.75
      vertex 15.923 1.56827 3.75
    endloop
  endfacet
  facet normal 0.681615 -0.188589 -0.70699
    outer loop
      vertex 16.9755 -4.25215 0.5
      vertex 16.268 -4.93484 0
      vertex 16.4905 -4.13066 0
    endloop
  endfacet
  facet normal -0.705321 -0.0519633 0.706981
    outer loop
      vertex -15.9807 -0.785082 3.75
      vertex -17.4157 -1.7153 2.25
      vertex -15.923 -1.56827 3.75
    endloop
  endfacet
  facet normal 0.696811 -0.120952 0.706983
    outer loop
      vertex 17.3106 -2.56778 2.25
      vertex 15.6926 -3.12144 3.75
      vertex 17.1637 -3.41408 2.25
    endloop
  endfacet
  facet normal -0.487646 -0.512138 -0.707047
    outer loop
      vertex -11.4165 -12.5962 0
      vertex -12.3744 -12.3744 0.5
      vertex -12.0208 -12.0208 0
    endloop
  endfacet
  facet normal -0.487633 0.512254 -0.706972
    outer loop
      vertex -11.4165 12.5962 0
      vertex -12.3744 12.3744 0.5
      vertex -11.7523 12.9666 0.5
    endloop
  endfacet
  facet normal 0.0173727 0.706998 -0.707002
    outer loop
      vertex 0.83415 16.9795 0
      vertex 0 17.5 0.5
      vertex 0.858684 17.4789 0.5
    endloop
  endfacet
  facet normal 0.348537 -0.615362 0.707002
    outer loop
      vertex 8.9968 -15.0103 2.25
      vertex 8.22564 -13.7237 3.75
      vertex 8.24944 -15.4336 2.25
    endloop
  endfacet
  facet normal 0.690027 -0.154935 -0.707006
    outer loop
      vertex 17.1637 -3.41408 0.5
      vertex 16.4905 -4.13066 0
      vertex 16.6733 -3.31653 0
    endloop
  endfacet
  facet normal 0.286635 0.646527 0.706996
    outer loop
      vertex 6.69696 16.1679 2.25
      vertex 6.12293 14.7821 3.75
      vertex 6.84088 14.4638 3.75
    endloop
  endfacet
  facet normal -0.615362 -0.348537 0.707002
    outer loop
      vertex -13.7237 -8.22564 3.75
      vertex -15.4336 -8.24944 2.25
      vertex -15.0103 -8.9968 2.25
    endloop
  endfacet
  facet normal 0.254501 0.659838 0.706996
    outer loop
      vertex 6.69696 16.1679 2.25
      vertex 5.39024 15.0647 3.75
      vertex 6.12293 14.7821 3.75
    endloop
  endfacet
  facet normal -0.659837 0.254502 0.706997
    outer loop
      vertex -16.1679 6.69696 2.25
      vertex -16.477 5.89557 2.25
      vertex -15.0647 5.39024 3.75
    endloop
  endfacet
  facet normal 0.254502 0.659837 0.706997
    outer loop
      vertex 5.89557 16.477 2.25
      vertex 5.39024 15.0647 3.75
      vertex 6.69696 16.1679 2.25
    endloop
  endfacet
  facet normal 0.407225 0.578212 0.706993
    outer loop
      vertex 10.4247 14.0561 2.25
      vertex 8.88912 13.3035 3.75
      vertex 9.53119 12.8513 3.75
    endloop
  endfacet
  facet normal -0.706998 -0.0173727 0.707002
    outer loop
      vertex -15.9807 -0.785082 3.75
      vertex -17.5 0 2.25
      vertex -17.4789 -0.858684 2.25
    endloop
  endfacet
  facet normal 0.963803 -0.266614 0
    outer loop
      vertex 16.7465 -5.07998 2.25
      vertex 16.9755 -4.25215 0.5
      vertex 16.9755 -4.25215 2.25
    endloop
  endfacet
  facet normal 0.963803 -0.266614 0
    outer loop
      vertex 16.9755 -4.25215 0.5
      vertex 16.7465 -5.07998 2.25
      vertex 16.7465 -5.07998 0.5
    endloop
  endfacet
  facet normal 0.31375 -0.949505 0
    outer loop
      vertex 5.07998 -16.7465 0.5
      vertex 5.89557 -16.477 2.25
      vertex 5.07998 -16.7465 2.25
    endloop
  endfacet
  facet normal 0.31375 -0.949505 0
    outer loop
      vertex 5.89557 -16.477 2.25
      vertex 5.07998 -16.7465 0.5
      vertex 5.89557 -16.477 0.5
    endloop
  endfacet
  facet normal -0.0865374 -0.701916 0.706983
    outer loop
      vertex -1.56827 -15.923 3.75
      vertex -2.56778 -17.3106 2.25
      vertex -1.7153 -17.4157 2.25
    endloop
  endfacet
  facet normal -0.707 0.0173752 -0.707
    outer loop
      vertex -17 0 0
      vertex -17.5 0 0.5
      vertex -16.9795 0.83415 0
    endloop
  endfacet
  facet normal 0.286649 0.646545 -0.706973
    outer loop
      vertex 7.26844 15.3678 0
      vertex 6.50562 15.706 0
      vertex 6.69696 16.1679 0.5
    endloop
  endfacet
  facet normal 0.461962 -0.535485 0.706999
    outer loop
      vertex 11.7523 -12.9666 2.25
      vertex 10.1503 -12.3682 3.75
      vertex 11.1019 -13.5277 2.25
    endloop
  endfacet
  facet normal -0.557552 -0.435074 -0.706998
    outer loop
      vertex -13.5277 -11.1019 0.5
      vertex -13.6545 -10.1269 0
      vertex -13.1412 -10.7847 0
    endloop
  endfacet
  facet normal -0.57584 -0.817562 0
    outer loop
      vertex -10.4247 -14.0561 0.5
      vertex -9.72248 -14.5507 2.25
      vertex -10.4247 -14.0561 2.25
    endloop
  endfacet
  facet normal -0.57584 -0.817562 -0
    outer loop
      vertex -9.72248 -14.5507 2.25
      vertex -10.4247 -14.0561 0.5
      vertex -9.72248 -14.5507 0.5
    endloop
  endfacet
  facet normal -0.705295 -0.0520357 0.707002
    outer loop
      vertex -15.9807 -0.785082 3.75
      vertex -17.4789 -0.858684 2.25
      vertex -17.4157 -1.7153 2.25
    endloop
  endfacet
  facet normal -0.120854 0.696802 0.707009
    outer loop
      vertex -2.56778 17.3106 2.25
      vertex -3.12144 15.6926 3.75
      vertex -2.34769 15.8268 3.75
    endloop
  endfacet
  facet normal -0.317977 0.631694 0.707004
    outer loop
      vertex -6.84088 14.4638 3.75
      vertex -8.24944 15.4336 2.25
      vertex -7.54235 14.1107 3.75
    endloop
  endfacet
  facet normal 0.705295 -0.0520357 0.707002
    outer loop
      vertex 17.4789 -0.858684 2.25
      vertex 15.9807 -0.785082 3.75
      vertex 17.4157 -1.7153 2.25
    endloop
  endfacet
  facet normal 0.997289 -0.0735787 0
    outer loop
      vertex 17.4157 -1.7153 2.25
      vertex 17.4789 -0.858684 0.5
      vertex 17.4789 -0.858684 2.25
    endloop
  endfacet
  facet normal 0.997289 -0.0735787 0
    outer loop
      vertex 17.4789 -0.858684 0.5
      vertex 17.4157 -1.7153 2.25
      vertex 17.4157 -1.7153 0.5
    endloop
  endfacet
  facet normal -0.348537 0.615362 0.707002
    outer loop
      vertex -8.24944 15.4336 2.25
      vertex -8.9968 15.0103 2.25
      vertex -8.22564 13.7237 3.75
    endloop
  endfacet
  facet normal -0.0866294 -0.701879 0.707009
    outer loop
      vertex -2.34769 -15.8268 3.75
      vertex -2.56778 -17.3106 2.25
      vertex -1.56827 -15.923 3.75
    endloop
  endfacet
  facet normal 0.653214 -0.757174 0
    outer loop
      vertex 11.1019 -13.5277 0.5
      vertex 11.7523 -12.9666 2.25
      vertex 11.1019 -13.5277 2.25
    endloop
  endfacet
  facet normal 0.653214 -0.757174 0
    outer loop
      vertex 11.7523 -12.9666 2.25
      vertex 11.1019 -13.5277 0.5
      vertex 11.7523 -12.9666 0.5
    endloop
  endfacet
  facet normal -0.348528 0.615364 0.707004
    outer loop
      vertex -7.54235 14.1107 3.75
      vertex -8.24944 15.4336 2.25
      vertex -8.22564 13.7237 3.75
    endloop
  endfacet
  facet normal -0.0865361 -0.701892 -0.707008
    outer loop
      vertex -1.66629 -16.9181 0
      vertex -2.56778 -17.3106 0.5
      vertex -2.49442 -16.816 0
    endloop
  endfacet
  facet normal 0.701916 0.0865374 0.706983
    outer loop
      vertex 17.3106 2.56778 2.25
      vertex 15.923 1.56827 3.75
      vertex 17.4157 1.7153 2.25
    endloop
  endfacet
  facet normal 0.120948 -0.696788 -0.707007
    outer loop
      vertex 3.41408 -17.1637 0.5
      vertex 2.56778 -17.3106 0.5
      vertex 3.31653 -16.6733 0
    endloop
  endfacet
  facet normal -0.512207 -0.487623 0.707013
    outer loop
      vertex -11.8552 -10.7449 3.75
      vertex -12.3744 -12.3744 2.25
      vertex -11.3137 -11.3137 3.75
    endloop
  endfacet
  facet normal 0.696811 0.120952 0.706983
    outer loop
      vertex 17.1637 3.41408 2.25
      vertex 15.6926 3.12144 3.75
      vertex 17.3106 2.56778 2.25
    endloop
  endfacet
  facet normal 0.221799 -0.671511 0.707021
    outer loop
      vertex 5.39024 -15.0647 3.75
      vertex 4.64455 -15.311 3.75
      vertex 5.07998 -16.7465 2.25
    endloop
  endfacet
  facet normal 0.22189 -0.671506 0.706997
    outer loop
      vertex 5.39024 -15.0647 3.75
      vertex 5.07998 -16.7465 2.25
      vertex 5.89557 -16.477 2.25
    endloop
  endfacet
  facet normal 0.615395 -0.348556 -0.706964
    outer loop
      vertex 15.0103 -8.9968 0.5
      vertex 14.9927 -8.01374 0
      vertex 15.4336 -8.24944 0.5
    endloop
  endfacet
  facet normal -0.999698 0.0245651 0
    outer loop
      vertex -17.5 0 0.5
      vertex -17.4789 0.858684 2.25
      vertex -17.4789 0.858684 0.5
    endloop
  endfacet
  facet normal -0.999698 0.0245651 0
    outer loop
      vertex -17.4789 0.858684 2.25
      vertex -17.5 0 0.5
      vertex -17.5 0 2.25
    endloop
  endfacet
  facet normal -0.557568 0.435054 0.706998
    outer loop
      vertex -13.5277 11.1019 2.25
      vertex -14.0561 10.4247 2.25
      vertex -12.3682 10.1503 3.75
    endloop
  endfacet
  facet normal 0.597465 -0.378397 0.707002
    outer loop
      vertex 15.0103 -8.9968 2.25
      vertex 13.7237 -8.22564 3.75
      vertex 14.5507 -9.72248 2.25
    endloop
  endfacet
  facet normal -0.120952 0.696811 0.706983
    outer loop
      vertex -2.56778 17.3106 2.25
      vertex -3.41408 17.1637 2.25
      vertex -3.12144 15.6926 3.75
    endloop
  endfacet
  facet normal -0.154984 -0.690033 0.70699
    outer loop
      vertex -3.88768 -15.5205 3.75
      vertex -4.25215 -16.9755 2.25
      vertex -3.12144 -15.6926 3.75
    endloop
  endfacet
  facet normal -0.631694 0.317976 0.707003
    outer loop
      vertex -15.4336 8.24944 2.25
      vertex -15.8198 7.48221 2.25
      vertex -14.4638 6.84088 3.75
    endloop
  endfacet
  facet normal 0.286649 -0.646545 -0.706973
    outer loop
      vertex 6.69696 -16.1679 0.5
      vertex 6.50562 -15.706 0
      vertex 7.26844 -15.3678 0
    endloop
  endfacet
  facet normal -0.557584 0.435067 -0.706977
    outer loop
      vertex -13.6545 10.1269 0
      vertex -14.0561 10.4247 0.5
      vertex -13.5277 11.1019 0.5
    endloop
  endfacet
  facet normal -0.615165 -0.788398 0
    outer loop
      vertex -11.1019 -13.5277 0.5
      vertex -10.4247 -14.0561 2.25
      vertex -11.1019 -13.5277 2.25
    endloop
  endfacet
  facet normal -0.615165 -0.788398 -0
    outer loop
      vertex -10.4247 -14.0561 2.25
      vertex -11.1019 -13.5277 0.5
      vertex -10.4247 -14.0561 0.5
    endloop
  endfacet
  facet normal -0.681615 0.188589 -0.70699
    outer loop
      vertex -16.4905 4.13066 0
      vertex -16.9755 4.25215 0.5
      vertex -16.268 4.93484 0
    endloop
  endfacet
  facet normal 0.597473 -0.378347 -0.707021
    outer loop
      vertex 15.0103 -8.9968 0.5
      vertex 14.135 -9.44469 0
      vertex 14.5814 -8.73975 0
    endloop
  endfacet
  facet normal 0.254501 -0.659838 0.706996
    outer loop
      vertex 6.12293 -14.7821 3.75
      vertex 5.39024 -15.0647 3.75
      vertex 6.69696 -16.1679 2.25
    endloop
  endfacet
  facet normal 0.646533 0.286607 -0.707002
    outer loop
      vertex 16.1679 6.69696 0.5
      vertex 15.3678 7.26844 0
      vertex 15.8198 7.48221 0.5
    endloop
  endfacet
  facet normal -0.631717 0.317935 -0.707002
    outer loop
      vertex -15.3678 7.26844 0
      vertex -15.8198 7.48221 0.5
      vertex -14.9927 8.01374 0
    endloop
  endfacet
  facet normal 0.154958 -0.690039 -0.70699
    outer loop
      vertex 4.25215 -16.9755 0.5
      vertex 3.41408 -17.1637 0.5
      vertex 4.13066 -16.4905 0
    endloop
  endfacet
  facet normal 0.671511 -0.221799 0.707021
    outer loop
      vertex 15.311 -4.64455 3.75
      vertex 15.0647 -5.39024 3.75
      vertex 16.7465 -5.07998 2.25
    endloop
  endfacet
  facet normal -0.0245651 0.999698 0
    outer loop
      vertex 0 17.5 0.5
      vertex -0.858684 17.4789 2.25
      vertex 0 17.5 2.25
    endloop
  endfacet
  facet normal -0.0245651 0.999698 0
    outer loop
      vertex -0.858684 17.4789 2.25
      vertex 0 17.5 0.5
      vertex -0.858684 17.4789 0.5
    endloop
  endfacet
  facet normal 0.0173727 0.706998 0.707002
    outer loop
      vertex 0.858684 17.4789 2.25
      vertex 0 17.5 2.25
      vertex 0.785082 15.9807 3.75
    endloop
  endfacet
  facet normal 0.188548 -0.681596 0.70702
    outer loop
      vertex 4.64455 -15.311 3.75
      vertex 4.25215 -16.9755 2.25
      vertex 5.07998 -16.7465 2.25
    endloop
  endfacet
  facet normal 0.435072 -0.55756 0.706993
    outer loop
      vertex 10.1503 -12.3682 3.75
      vertex 9.53119 -12.8513 3.75
      vertex 10.4247 -14.0561 2.25
    endloop
  endfacet
  facet normal 0.154958 0.690039 -0.70699
    outer loop
      vertex 4.13066 16.4905 0
      vertex 3.41408 17.1637 0.5
      vertex 4.25215 16.9755 0.5
    endloop
  endfacet
  facet normal 0.188664 -0.681595 0.706989
    outer loop
      vertex 4.64455 -15.311 3.75
      vertex 3.88768 -15.5205 3.75
      vertex 4.25215 -16.9755 2.25
    endloop
  endfacet
  facet normal 0.707 -0.0173752 -0.707
    outer loop
      vertex 17.5 0 0.5
      vertex 16.9795 -0.83415 0
      vertex 17 0 0
    endloop
  endfacet
  facet normal 0.706998 -0.0173727 0.707002
    outer loop
      vertex 17.5 0 2.25
      vertex 15.9807 -0.785082 3.75
      vertex 17.4789 -0.858684 2.25
    endloop
  endfacet
  facet normal -0.492833 0.870124 0
    outer loop
      vertex -8.24944 15.4336 0.5
      vertex -8.9968 15.0103 2.25
      vertex -8.24944 15.4336 2.25
    endloop
  endfacet
  facet normal -0.492833 0.870124 0
    outer loop
      vertex -8.9968 15.0103 2.25
      vertex -8.24944 15.4336 0.5
      vertex -8.9968 15.0103 0.5
    endloop
  endfacet
  facet normal -0.317977 -0.631694 0.707004
    outer loop
      vertex -7.54235 -14.1107 3.75
      vertex -8.24944 -15.4336 2.25
      vertex -6.84088 -14.4638 3.75
    endloop
  endfacet
  facet normal -0.512138 -0.487646 -0.707047
    outer loop
      vertex -12.3744 -12.3744 0.5
      vertex -12.5962 -11.4165 0
      vertex -12.0208 -12.0208 0
    endloop
  endfacet
  facet normal 0.359864 -0.933005 0
    outer loop
      vertex 5.89557 -16.477 0.5
      vertex 6.69696 -16.1679 2.25
      vertex 5.89557 -16.477 2.25
    endloop
  endfacet
  facet normal 0.359864 -0.933005 0
    outer loop
      vertex 6.69696 -16.1679 2.25
      vertex 5.89557 -16.477 0.5
      vertex 6.69696 -16.1679 0.5
    endloop
  endfacet
  facet normal -0.254501 -0.659838 0.706996
    outer loop
      vertex -6.12293 -14.7821 3.75
      vertex -6.69696 -16.1679 2.25
      vertex -5.39024 -15.0647 3.75
    endloop
  endfacet
  facet normal 0.254502 -0.659837 0.706997
    outer loop
      vertex 6.69696 -16.1679 2.25
      vertex 5.39024 -15.0647 3.75
      vertex 5.89557 -16.477 2.25
    endloop
  endfacet
  facet normal -0.221882 -0.671485 -0.707019
    outer loop
      vertex -5.07998 -16.7465 0.5
      vertex -5.72713 -16.0062 0
      vertex -4.93484 -16.268 0
    endloop
  endfacet
  facet normal 0.615364 0.348528 0.707004
    outer loop
      vertex 15.4336 8.24944 2.25
      vertex 13.7237 8.22564 3.75
      vertex 14.1107 7.54235 3.75
    endloop
  endfacet
  facet normal 0.0173752 -0.707 -0.707
    outer loop
      vertex 0.83415 -16.9795 0
      vertex 0 -17.5 0.5
      vertex 0 -17 0
    endloop
  endfacet
  facet normal 0.535054 -0.844818 0
    outer loop
      vertex 8.9968 -15.0103 0.5
      vertex 9.72248 -14.5507 2.25
      vertex 8.9968 -15.0103 2.25
    endloop
  endfacet
  facet normal 0.535054 -0.844818 0
    outer loop
      vertex 9.72248 -14.5507 2.25
      vertex 8.9968 -15.0103 0.5
      vertex 9.72248 -14.5507 0.5
    endloop
  endfacet
  facet normal 0.933005 0.359864 0
    outer loop
      vertex 16.477 5.89557 2.25
      vertex 16.1679 6.69696 0.5
      vertex 16.1679 6.69696 2.25
    endloop
  endfacet
  facet normal 0.933005 0.359864 0
    outer loop
      vertex 16.1679 6.69696 0.5
      vertex 16.477 5.89557 2.25
      vertex 16.477 5.89557 0.5
    endloop
  endfacet
  facet normal 0.44962 -0.89322 0
    outer loop
      vertex 7.48221 -15.8198 0.5
      vertex 8.24944 -15.4336 2.25
      vertex 7.48221 -15.8198 2.25
    endloop
  endfacet
  facet normal 0.44962 -0.89322 0
    outer loop
      vertex 8.24944 -15.4336 2.25
      vertex 7.48221 -15.8198 0.5
      vertex 8.24944 -15.4336 0.5
    endloop
  endfacet
  facet normal 0.9142 -0.405263 0
    outer loop
      vertex 15.8198 -7.48221 2.25
      vertex 16.1679 -6.69696 0.5
      vertex 16.1679 -6.69696 2.25
    endloop
  endfacet
  facet normal 0.9142 -0.405263 0
    outer loop
      vertex 16.1679 -6.69696 0.5
      vertex 15.8198 -7.48221 2.25
      vertex 15.8198 -7.48221 0.5
    endloop
  endfacet
  facet normal 0.535485 -0.461962 0.706999
    outer loop
      vertex 13.5277 -11.1019 2.25
      vertex 12.3682 -10.1503 3.75
      vertex 12.9666 -11.7523 2.25
    endloop
  endfacet
  facet normal 0.317976 -0.631694 0.707003
    outer loop
      vertex 8.24944 -15.4336 2.25
      vertex 6.84088 -14.4638 3.75
      vertex 7.48221 -15.8198 2.25
    endloop
  endfacet
  facet normal -0.597465 -0.378397 0.707002
    outer loop
      vertex -13.7237 -8.22564 3.75
      vertex -15.0103 -8.9968 2.25
      vertex -14.5507 -9.72248 2.25
    endloop
  endfacet
  facet normal 0.512207 -0.487623 0.707013
    outer loop
      vertex 11.8552 -10.7449 3.75
      vertex 11.3137 -11.3137 3.75
      vertex 12.3744 -12.3744 2.25
    endloop
  endfacet
  facet normal 0.985267 -0.171022 0
    outer loop
      vertex 17.1637 -3.41408 2.25
      vertex 17.3106 -2.56778 0.5
      vertex 17.3106 -2.56778 2.25
    endloop
  endfacet
  facet normal 0.985267 -0.171022 0
    outer loop
      vertex 17.3106 -2.56778 0.5
      vertex 17.1637 -3.41408 2.25
      vertex 17.1637 -3.41408 0.5
    endloop
  endfacet
  facet normal 0.949505 -0.31375 0
    outer loop
      vertex 16.477 -5.89557 2.25
      vertex 16.7465 -5.07998 0.5
      vertex 16.7465 -5.07998 2.25
    endloop
  endfacet
  facet normal 0.949505 -0.31375 0
    outer loop
      vertex 16.7465 -5.07998 0.5
      vertex 16.477 -5.89557 2.25
      vertex 16.477 -5.89557 0.5
    endloop
  endfacet
  facet normal -0.615364 -0.348528 0.707004
    outer loop
      vertex -14.1107 -7.54235 3.75
      vertex -15.4336 -8.24944 2.25
      vertex -13.7237 -8.22564 3.75
    endloop
  endfacet
  facet normal -0.681596 0.188548 0.70702
    outer loop
      vertex -16.7465 5.07998 2.25
      vertex -16.9755 4.25215 2.25
      vertex -15.311 4.64455 3.75
    endloop
  endfacet
  facet normal -0.597482 0.378407 -0.706982
    outer loop
      vertex -14.135 9.44469 0
      vertex -15.0103 8.9968 0.5
      vertex -14.5507 9.72248 0.5
    endloop
  endfacet
  facet normal -0.671511 0.221799 0.707021
    outer loop
      vertex -15.0647 5.39024 3.75
      vertex -16.7465 5.07998 2.25
      vertex -15.311 4.64455 3.75
    endloop
  endfacet
  facet normal -0.975701 -0.219107 0
    outer loop
      vertex -16.9755 -4.25215 0.5
      vertex -17.1637 -3.41408 2.25
      vertex -17.1637 -3.41408 0.5
    endloop
  endfacet
  facet normal -0.975701 -0.219107 0
    outer loop
      vertex -17.1637 -3.41408 2.25
      vertex -16.9755 -4.25215 0.5
      vertex -16.9755 -4.25215 2.25
    endloop
  endfacet
  facet normal 0.578212 0.407251 -0.706978
    outer loop
      vertex 14.135 9.44469 0
      vertex 13.6545 10.1269 0
      vertex 14.0561 10.4247 0.5
    endloop
  endfacet
  facet normal -0.254501 0.659838 0.706996
    outer loop
      vertex -5.39024 15.0647 3.75
      vertex -6.69696 16.1679 2.25
      vertex -6.12293 14.7821 3.75
    endloop
  endfacet
  facet normal -0.405263 -0.9142 0
    outer loop
      vertex -7.48221 -15.8198 0.5
      vertex -6.69696 -16.1679 2.25
      vertex -7.48221 -15.8198 2.25
    endloop
  endfacet
  facet normal -0.405263 -0.9142 -0
    outer loop
      vertex -6.69696 -16.1679 2.25
      vertex -7.48221 -15.8198 0.5
      vertex -6.69696 -16.1679 0.5
    endloop
  endfacet
  facet normal -0.535054 -0.844818 0
    outer loop
      vertex -9.72248 -14.5507 0.5
      vertex -8.9968 -15.0103 2.25
      vertex -9.72248 -14.5507 2.25
    endloop
  endfacet
  facet normal -0.535054 -0.844818 -0
    outer loop
      vertex -8.9968 -15.0103 2.25
      vertex -9.72248 -14.5507 0.5
      vertex -8.9968 -15.0103 0.5
    endloop
  endfacet
  facet normal 0.870124 0.492833 0
    outer loop
      vertex 15.4336 8.24944 2.25
      vertex 15.0103 8.9968 0.5
      vertex 15.0103 8.9968 2.25
    endloop
  endfacet
  facet normal 0.870124 0.492833 0
    outer loop
      vertex 15.0103 8.9968 0.5
      vertex 15.4336 8.24944 2.25
      vertex 15.4336 8.24944 0.5
    endloop
  endfacet
  facet normal -0.578206 0.407252 -0.706982
    outer loop
      vertex -14.135 9.44469 0
      vertex -14.5507 9.72248 0.5
      vertex -14.0561 10.4247 0.5
    endloop
  endfacet
  facet normal -0.985267 0.171022 0
    outer loop
      vertex -17.3106 2.56778 0.5
      vertex -17.1637 3.41408 2.25
      vertex -17.1637 3.41408 0.5
    endloop
  endfacet
  facet normal -0.985267 0.171022 0
    outer loop
      vertex -17.1637 3.41408 2.25
      vertex -17.3106 2.56778 0.5
      vertex -17.3106 2.56778 2.25
    endloop
  endfacet
  facet normal -0.933005 -0.359864 0
    outer loop
      vertex -16.1679 -6.69696 0.5
      vertex -16.477 -5.89557 2.25
      vertex -16.477 -5.89557 0.5
    endloop
  endfacet
  facet normal -0.933005 -0.359864 0
    outer loop
      vertex -16.477 -5.89557 2.25
      vertex -16.1679 -6.69696 0.5
      vertex -16.1679 -6.69696 2.25
    endloop
  endfacet
  facet normal 0.992486 0.122361 0
    outer loop
      vertex 17.4157 1.7153 2.25
      vertex 17.3106 2.56778 0.5
      vertex 17.3106 2.56778 2.25
    endloop
  endfacet
  facet normal 0.992486 0.122361 0
    outer loop
      vertex 17.3106 2.56778 0.5
      vertex 17.4157 1.7153 2.25
      vertex 17.4157 1.7153 0.5
    endloop
  endfacet
  facet normal 0.286635 -0.646527 0.706996
    outer loop
      vertex 6.84088 -14.4638 3.75
      vertex 6.12293 -14.7821 3.75
      vertex 6.69696 -16.1679 2.25
    endloop
  endfacet
  facet normal -0.0173805 -0.707 0.707
    outer loop
      vertex 0 -16 3.75
      vertex -0.785082 -15.9807 3.75
      vertex 0 -17.5 2.25
    endloop
  endfacet
  facet normal 0.378393 -0.597469 0.707001
    outer loop
      vertex 8.88912 -13.3035 3.75
      vertex 8.22564 -13.7237 3.75
      vertex 9.72248 -14.5507 2.25
    endloop
  endfacet
  facet normal 0.689487 -0.724299 0
    outer loop
      vertex 11.7523 -12.9666 0.5
      vertex 12.3744 -12.3744 2.25
      vertex 11.7523 -12.9666 2.25
    endloop
  endfacet
  facet normal 0.689487 -0.724299 0
    outer loop
      vertex 12.3744 -12.3744 2.25
      vertex 11.7523 -12.9666 0.5
      vertex 12.3744 -12.3744 0.5
    endloop
  endfacet
  facet normal -0.435072 0.55756 0.706993
    outer loop
      vertex -9.53119 12.8513 3.75
      vertex -10.4247 14.0561 2.25
      vertex -10.1503 12.3682 3.75
    endloop
  endfacet
  facet normal -0.188589 -0.681615 -0.70699
    outer loop
      vertex -4.25215 -16.9755 0.5
      vertex -4.93484 -16.268 0
      vertex -4.13066 -16.4905 0
    endloop
  endfacet
  facet normal 0.724299 0.689487 0
    outer loop
      vertex 12.9666 11.7523 2.25
      vertex 12.3744 12.3744 0.5
      vertex 12.3744 12.3744 2.25
    endloop
  endfacet
  facet normal 0.724299 0.689487 0
    outer loop
      vertex 12.3744 12.3744 0.5
      vertex 12.9666 11.7523 2.25
      vertex 12.9666 11.7523 0.5
    endloop
  endfacet
  facet normal -0.701879 0.0866294 0.707009
    outer loop
      vertex -15.8268 2.34769 3.75
      vertex -17.3106 2.56778 2.25
      vertex -15.923 1.56827 3.75
    endloop
  endfacet
  facet normal 0.659837 -0.254502 0.706997
    outer loop
      vertex 16.477 -5.89557 2.25
      vertex 15.0647 -5.39024 3.75
      vertex 16.1679 -6.69696 2.25
    endloop
  endfacet
  facet normal -0.512207 0.487623 0.707013
    outer loop
      vertex -11.3137 11.3137 3.75
      vertex -12.3744 12.3744 2.25
      vertex -11.8552 10.7449 3.75
    endloop
  endfacet
  facet normal -0.154959 0.690046 0.706983
    outer loop
      vertex -3.41408 17.1637 2.25
      vertex -4.25215 16.9755 2.25
      vertex -3.12144 15.6926 3.75
    endloop
  endfacet
  facet normal 0.0735787 0.997289 -0
    outer loop
      vertex 1.7153 17.4157 0.5
      vertex 0.858684 17.4789 2.25
      vertex 1.7153 17.4157 2.25
    endloop
  endfacet
  facet normal 0.0735787 0.997289 0
    outer loop
      vertex 0.858684 17.4789 2.25
      vertex 1.7153 17.4157 0.5
      vertex 0.858684 17.4789 0.5
    endloop
  endfacet
  facet normal -0.188548 -0.681596 -0.707019
    outer loop
      vertex -4.25215 -16.9755 0.5
      vertex -5.07998 -16.7465 0.5
      vertex -4.93484 -16.268 0
    endloop
  endfacet
  facet normal -0.154984 0.690033 0.70699
    outer loop
      vertex -3.12144 15.6926 3.75
      vertex -4.25215 16.9755 2.25
      vertex -3.88768 15.5205 3.75
    endloop
  endfacet
  facet normal -0.671511 -0.221799 0.707021
    outer loop
      vertex -15.311 -4.64455 3.75
      vertex -16.7465 -5.07998 2.25
      vertex -15.0647 -5.39024 3.75
    endloop
  endfacet
  facet normal 0.120952 -0.696811 0.706983
    outer loop
      vertex 3.12144 -15.6926 3.75
      vertex 2.56778 -17.3106 2.25
      vertex 3.41408 -17.1637 2.25
    endloop
  endfacet
  facet normal 0.171022 0.985267 -0
    outer loop
      vertex 3.41408 17.1637 0.5
      vertex 2.56778 17.3106 2.25
      vertex 3.41408 17.1637 2.25
    endloop
  endfacet
  facet normal 0.171022 0.985267 0
    outer loop
      vertex 2.56778 17.3106 2.25
      vertex 3.41408 17.1637 0.5
      vertex 2.56778 17.3106 0.5
    endloop
  endfacet
  facet normal 0.975701 0.219107 0
    outer loop
      vertex 17.1637 3.41408 2.25
      vertex 16.9755 4.25215 0.5
      vertex 16.9755 4.25215 2.25
    endloop
  endfacet
  facet normal 0.975701 0.219107 0
    outer loop
      vertex 16.9755 4.25215 0.5
      vertex 17.1637 3.41408 2.25
      vertex 17.1637 3.41408 0.5
    endloop
  endfacet
  facet normal -0.461962 -0.535485 0.706999
    outer loop
      vertex -10.1503 -12.3682 3.75
      vertex -11.7523 -12.9666 2.25
      vertex -11.1019 -13.5277 2.25
    endloop
  endfacet
  facet normal 0.999698 -0.0245651 0
    outer loop
      vertex 17.4789 -0.858684 2.25
      vertex 17.5 0 0.5
      vertex 17.5 0 2.25
    endloop
  endfacet
  facet normal 0.999698 -0.0245651 0
    outer loop
      vertex 17.5 0 0.5
      vertex 17.4789 -0.858684 2.25
      vertex 17.4789 -0.858684 0.5
    endloop
  endfacet
  facet normal 0.992486 -0.122361 0
    outer loop
      vertex 17.3106 -2.56778 2.25
      vertex 17.4157 -1.7153 0.5
      vertex 17.4157 -1.7153 2.25
    endloop
  endfacet
  facet normal 0.992486 -0.122361 0
    outer loop
      vertex 17.4157 -1.7153 0.5
      vertex 17.3106 -2.56778 2.25
      vertex 17.3106 -2.56778 0.5
    endloop
  endfacet
  facet normal 0.690046 -0.154959 0.706983
    outer loop
      vertex 17.1637 -3.41408 2.25
      vertex 15.6926 -3.12144 3.75
      vertex 16.9755 -4.25215 2.25
    endloop
  endfacet
  facet normal -0.435074 0.557552 -0.706998
    outer loop
      vertex -10.7847 13.1412 0
      vertex -11.1019 13.5277 0.5
      vertex -10.1269 13.6545 0
    endloop
  endfacet
  facet normal 0.378397 -0.597465 0.707002
    outer loop
      vertex 9.72248 -14.5507 2.25
      vertex 8.22564 -13.7237 3.75
      vertex 8.9968 -15.0103 2.25
    endloop
  endfacet
  facet normal 0.707 0.0173805 0.707
    outer loop
      vertex 17.5 0 2.25
      vertex 15.9807 0.785082 3.75
      vertex 16 0 3.75
    endloop
  endfacet
  facet normal 0.57584 0.817562 -0
    outer loop
      vertex 10.4247 14.0561 0.5
      vertex 9.72248 14.5507 2.25
      vertex 10.4247 14.0561 2.25
    endloop
  endfacet
  facet normal 0.57584 0.817562 0
    outer loop
      vertex 9.72248 14.5507 2.25
      vertex 10.4247 14.0561 0.5
      vertex 9.72248 14.5507 0.5
    endloop
  endfacet
  facet normal 0.757174 -0.653214 0
    outer loop
      vertex 12.9666 -11.7523 2.25
      vertex 13.5277 -11.1019 0.5
      vertex 13.5277 -11.1019 2.25
    endloop
  endfacet
  facet normal 0.757174 -0.653214 0
    outer loop
      vertex 13.5277 -11.1019 0.5
      vertex 12.9666 -11.7523 2.25
      vertex 12.9666 -11.7523 0.5
    endloop
  endfacet
  facet normal -0.70529 0.0520403 -0.707006
    outer loop
      vertex -16.9795 0.83415 0
      vertex -17.4157 1.7153 0.5
      vertex -16.9181 1.66629 0
    endloop
  endfacet
  facet normal -0.188548 -0.681596 0.70702
    outer loop
      vertex -4.64455 -15.311 3.75
      vertex -5.07998 -16.7465 2.25
      vertex -4.25215 -16.9755 2.25
    endloop
  endfacet
  facet normal 0.788398 -0.615165 0
    outer loop
      vertex 13.5277 -11.1019 2.25
      vertex 14.0561 -10.4247 0.5
      vertex 14.0561 -10.4247 2.25
    endloop
  endfacet
  facet normal 0.788398 -0.615165 0
    outer loop
      vertex 14.0561 -10.4247 0.5
      vertex 13.5277 -11.1019 2.25
      vertex 13.5277 -11.1019 0.5
    endloop
  endfacet
  facet normal -0.631694 -0.317976 0.707003
    outer loop
      vertex -14.4638 -6.84088 3.75
      vertex -15.8198 -7.48221 2.25
      vertex -15.4336 -8.24944 2.25
    endloop
  endfacet
  facet normal 0.631694 -0.317977 0.707004
    outer loop
      vertex 14.4638 -6.84088 3.75
      vertex 14.1107 -7.54235 3.75
      vertex 15.4336 -8.24944 2.25
    endloop
  endfacet
  facet normal 0.631694 0.317976 0.707003
    outer loop
      vertex 15.4336 8.24944 2.25
      vertex 14.4638 6.84088 3.75
      vertex 15.8198 7.48221 2.25
    endloop
  endfacet
  facet normal 0.48761 -0.512229 0.707006
    outer loop
      vertex 12.3744 -12.3744 2.25
      vertex 10.7449 -11.8552 3.75
      vertex 11.7523 -12.9666 2.25
    endloop
  endfacet
  facet normal -0.690046 -0.154959 0.706983
    outer loop
      vertex -15.6926 -3.12144 3.75
      vertex -17.1637 -3.41408 2.25
      vertex -16.9755 -4.25215 2.25
    endloop
  endfacet
  facet normal 0.221799 0.671511 0.707021
    outer loop
      vertex 5.07998 16.7465 2.25
      vertex 4.64455 15.311 3.75
      vertex 5.39024 15.0647 3.75
    endloop
  endfacet
  facet normal -0.0173805 0.707 0.707
    outer loop
      vertex 0 17.5 2.25
      vertex -0.785082 15.9807 3.75
      vertex 0 16 3.75
    endloop
  endfacet
  facet normal -0.817562 -0.57584 0
    outer loop
      vertex -14.0561 -10.4247 0.5
      vertex -14.5507 -9.72248 2.25
      vertex -14.5507 -9.72248 0.5
    endloop
  endfacet
  facet normal -0.817562 -0.57584 0
    outer loop
      vertex -14.5507 -9.72248 2.25
      vertex -14.0561 -10.4247 0.5
      vertex -14.0561 -10.4247 2.25
    endloop
  endfacet
  facet normal 0.659817 0.254495 -0.707018
    outer loop
      vertex 16.477 5.89557 0.5
      vertex 16.0062 5.72713 0
      vertex 16.1679 6.69696 0.5
    endloop
  endfacet
  facet normal -0.615362 0.348537 0.707002
    outer loop
      vertex -15.0103 8.9968 2.25
      vertex -15.4336 8.24944 2.25
      vertex -13.7237 8.22564 3.75
    endloop
  endfacet
  facet normal 0.266614 -0.963803 0
    outer loop
      vertex 4.25215 -16.9755 0.5
      vertex 5.07998 -16.7465 2.25
      vertex 4.25215 -16.9755 2.25
    endloop
  endfacet
  facet normal 0.266614 -0.963803 0
    outer loop
      vertex 5.07998 -16.7465 2.25
      vertex 4.25215 -16.9755 0.5
      vertex 5.07998 -16.7465 0.5
    endloop
  endfacet
  facet normal 0.615165 -0.788398 0
    outer loop
      vertex 10.4247 -14.0561 0.5
      vertex 11.1019 -13.5277 2.25
      vertex 10.4247 -14.0561 2.25
    endloop
  endfacet
  facet normal 0.615165 -0.788398 0
    outer loop
      vertex 11.1019 -13.5277 2.25
      vertex 10.4247 -14.0561 0.5
      vertex 11.1019 -13.5277 0.5
    endloop
  endfacet
  facet normal -0.31375 -0.949505 0
    outer loop
      vertex -5.89557 -16.477 0.5
      vertex -5.07998 -16.7465 2.25
      vertex -5.89557 -16.477 2.25
    endloop
  endfacet
  facet normal -0.31375 -0.949505 -0
    outer loop
      vertex -5.07998 -16.7465 2.25
      vertex -5.89557 -16.477 0.5
      vertex -5.07998 -16.7465 0.5
    endloop
  endfacet
  facet normal -0.254502 0.659837 0.706997
    outer loop
      vertex -5.89557 16.477 2.25
      vertex -6.69696 16.1679 2.25
      vertex -5.39024 15.0647 3.75
    endloop
  endfacet
  facet normal 0.154959 -0.690046 0.706983
    outer loop
      vertex 4.25215 -16.9755 2.25
      vertex 3.12144 -15.6926 3.75
      vertex 3.41408 -17.1637 2.25
    endloop
  endfacet
  facet normal 0.154984 0.690033 0.70699
    outer loop
      vertex 4.25215 16.9755 2.25
      vertex 3.12144 15.6926 3.75
      vertex 3.88768 15.5205 3.75
    endloop
  endfacet
  facet normal -0.378393 0.597469 0.707001
    outer loop
      vertex -8.22564 13.7237 3.75
      vertex -9.72248 14.5507 2.25
      vertex -8.88912 13.3035 3.75
    endloop
  endfacet
  facet normal 0.317994 -0.631731 -0.706963
    outer loop
      vertex 8.24944 -15.4336 0.5
      vertex 7.48221 -15.8198 0.5
      vertex 8.01374 -14.9927 0
    endloop
  endfacet
  facet normal -0.653214 -0.757174 0
    outer loop
      vertex -11.7523 -12.9666 0.5
      vertex -11.1019 -13.5277 2.25
      vertex -11.7523 -12.9666 2.25
    endloop
  endfacet
  facet normal -0.653214 -0.757174 -0
    outer loop
      vertex -11.1019 -13.5277 2.25
      vertex -11.7523 -12.9666 0.5
      vertex -11.1019 -13.5277 0.5
    endloop
  endfacet
  facet normal -0.512229 0.48761 0.707006
    outer loop
      vertex -12.3744 12.3744 2.25
      vertex -12.9666 11.7523 2.25
      vertex -11.8552 10.7449 3.75
    endloop
  endfacet
  facet normal 0.0866294 -0.701879 0.707009
    outer loop
      vertex 2.34769 -15.8268 3.75
      vertex 1.56827 -15.923 3.75
      vertex 2.56778 -17.3106 2.25
    endloop
  endfacet
  facet normal 0.844818 -0.535054 0
    outer loop
      vertex 14.5507 -9.72248 2.25
      vertex 15.0103 -8.9968 0.5
      vertex 15.0103 -8.9968 2.25
    endloop
  endfacet
  facet normal 0.844818 -0.535054 0
    outer loop
      vertex 15.0103 -8.9968 0.5
      vertex 14.5507 -9.72248 2.25
      vertex 14.5507 -9.72248 0.5
    endloop
  endfacet
  facet normal 0.681615 0.188589 -0.70699
    outer loop
      vertex 16.4905 4.13066 0
      vertex 16.268 4.93484 0
      vertex 16.9755 4.25215 0.5
    endloop
  endfacet
  facet normal -0.690033 0.154984 0.70699
    outer loop
      vertex -15.5205 3.88768 3.75
      vertex -16.9755 4.25215 2.25
      vertex -15.6926 3.12144 3.75
    endloop
  endfacet
  facet normal -0.701916 0.0865374 0.706983
    outer loop
      vertex -17.3106 2.56778 2.25
      vertex -17.4157 1.7153 2.25
      vertex -15.923 1.56827 3.75
    endloop
  endfacet
  facet normal 0.615362 -0.348537 0.707002
    outer loop
      vertex 15.4336 -8.24944 2.25
      vertex 13.7237 -8.22564 3.75
      vertex 15.0103 -8.9968 2.25
    endloop
  endfacet
  facet normal 0.89322 -0.44962 0
    outer loop
      vertex 15.4336 -8.24944 2.25
      vertex 15.8198 -7.48221 0.5
      vertex 15.8198 -7.48221 2.25
    endloop
  endfacet
  facet normal 0.89322 -0.44962 0
    outer loop
      vertex 15.8198 -7.48221 0.5
      vertex 15.4336 -8.24944 2.25
      vertex 15.4336 -8.24944 0.5
    endloop
  endfacet
  facet normal -0.671506 0.22189 0.706997
    outer loop
      vertex -16.477 5.89557 2.25
      vertex -16.7465 5.07998 2.25
      vertex -15.0647 5.39024 3.75
    endloop
  endfacet
  facet normal 0.681596 -0.188548 0.70702
    outer loop
      vertex 16.9755 -4.25215 2.25
      vertex 15.311 -4.64455 3.75
      vertex 16.7465 -5.07998 2.25
    endloop
  endfacet
  facet normal 0.535506 -0.461981 -0.70697
    outer loop
      vertex 12.9666 -11.7523 0.5
      vertex 12.5962 -11.4165 0
      vertex 13.5277 -11.1019 0.5
    endloop
  endfacet
  facet normal -0.705321 0.0519633 0.706981
    outer loop
      vertex -15.923 1.56827 3.75
      vertex -17.4157 1.7153 2.25
      vertex -15.9807 0.785082 3.75
    endloop
  endfacet
  facet normal 0.122361 -0.992486 0
    outer loop
      vertex 1.7153 -17.4157 0.5
      vertex 2.56778 -17.3106 2.25
      vertex 1.7153 -17.4157 2.25
    endloop
  endfacet
  facet normal 0.122361 -0.992486 0
    outer loop
      vertex 2.56778 -17.3106 2.25
      vertex 1.7153 -17.4157 0.5
      vertex 2.56778 -17.3106 0.5
    endloop
  endfacet
  facet normal -0.696811 0.120952 0.706983
    outer loop
      vertex -17.1637 3.41408 2.25
      vertex -17.3106 2.56778 2.25
      vertex -15.6926 3.12144 3.75
    endloop
  endfacet
  facet normal -0.690046 0.154959 0.706983
    outer loop
      vertex -16.9755 4.25215 2.25
      vertex -17.1637 3.41408 2.25
      vertex -15.6926 3.12144 3.75
    endloop
  endfacet
  facet normal -0.671485 0.221882 -0.707019
    outer loop
      vertex -16.268 4.93484 0
      vertex -16.7465 5.07998 0.5
      vertex -16.0062 5.72713 0
    endloop
  endfacet
  facet normal -0.706998 -0.0173727 -0.707002
    outer loop
      vertex -17.4789 -0.858684 0.5
      vertex -17.5 0 0.5
      vertex -16.9795 -0.83415 0
    endloop
  endfacet
  facet normal -0.870124 0.492833 0
    outer loop
      vertex -15.4336 8.24944 0.5
      vertex -15.0103 8.9968 2.25
      vertex -15.0103 8.9968 0.5
    endloop
  endfacet
  facet normal -0.870124 0.492833 0
    outer loop
      vertex -15.0103 8.9968 2.25
      vertex -15.4336 8.24944 0.5
      vertex -15.4336 8.24944 2.25
    endloop
  endfacet
  facet normal 0.615395 0.348556 -0.706964
    outer loop
      vertex 15.4336 8.24944 0.5
      vertex 14.9927 8.01374 0
      vertex 15.0103 8.9968 0.5
    endloop
  endfacet
  facet normal 0.188548 0.681596 -0.707019
    outer loop
      vertex 4.93484 16.268 0
      vertex 4.25215 16.9755 0.5
      vertex 5.07998 16.7465 0.5
    endloop
  endfacet
  facet normal -0.154935 -0.690027 -0.707006
    outer loop
      vertex -3.41408 -17.1637 0.5
      vertex -4.13066 -16.4905 0
      vertex -3.31653 -16.6733 0
    endloop
  endfacet
  facet normal -0.89322 0.44962 0
    outer loop
      vertex -15.8198 7.48221 0.5
      vertex -15.4336 8.24944 2.25
      vertex -15.4336 8.24944 0.5
    endloop
  endfacet
  facet normal -0.89322 0.44962 0
    outer loop
      vertex -15.4336 8.24944 2.25
      vertex -15.8198 7.48221 0.5
      vertex -15.8198 7.48221 2.25
    endloop
  endfacet
  facet normal -0.933005 0.359864 0
    outer loop
      vertex -16.477 5.89557 0.5
      vertex -16.1679 6.69696 2.25
      vertex -16.1679 6.69696 0.5
    endloop
  endfacet
  facet normal -0.933005 0.359864 0
    outer loop
      vertex -16.1679 6.69696 2.25
      vertex -16.477 5.89557 0.5
      vertex -16.477 5.89557 2.25
    endloop
  endfacet
  facet normal -0.646533 -0.286607 -0.707002
    outer loop
      vertex -15.8198 -7.48221 0.5
      vertex -16.1679 -6.69696 0.5
      vertex -15.3678 -7.26844 0
    endloop
  endfacet
  facet normal -0.788398 0.615165 0
    outer loop
      vertex -14.0561 10.4247 0.5
      vertex -13.5277 11.1019 2.25
      vertex -13.5277 11.1019 0.5
    endloop
  endfacet
  facet normal -0.788398 0.615165 0
    outer loop
      vertex -13.5277 11.1019 2.25
      vertex -14.0561 10.4247 0.5
      vertex -14.0561 10.4247 2.25
    endloop
  endfacet
  facet normal -0.597465 0.378397 0.707002
    outer loop
      vertex -14.5507 9.72248 2.25
      vertex -15.0103 8.9968 2.25
      vertex -13.7237 8.22564 3.75
    endloop
  endfacet
  facet normal -0.435067 -0.557584 -0.706977
    outer loop
      vertex -10.4247 -14.0561 0.5
      vertex -11.1019 -13.5277 0.5
      vertex -10.1269 -13.6545 0
    endloop
  endfacet
  facet normal -0.286635 0.646527 0.706996
    outer loop
      vertex -6.69696 16.1679 2.25
      vertex -6.84088 14.4638 3.75
      vertex -6.12293 14.7821 3.75
    endloop
  endfacet
  facet normal -0.221883 0.671485 -0.707019
    outer loop
      vertex -5.72713 16.0062 0
      vertex -5.89557 16.477 0.5
      vertex -5.07998 16.7465 0.5
    endloop
  endfacet
  facet normal 0.154984 -0.690033 0.70699
    outer loop
      vertex 3.88768 -15.5205 3.75
      vertex 3.12144 -15.6926 3.75
      vertex 4.25215 -16.9755 2.25
    endloop
  endfacet
  facet normal 0.348537 0.615362 0.707002
    outer loop
      vertex 8.24944 15.4336 2.25
      vertex 8.22564 13.7237 3.75
      vertex 8.9968 15.0103 2.25
    endloop
  endfacet
  facet normal 0.0519633 -0.705321 0.706981
    outer loop
      vertex 1.56827 -15.923 3.75
      vertex 0.785082 -15.9807 3.75
      vertex 1.7153 -17.4157 2.25
    endloop
  endfacet
  facet normal 0.706998 0.0173727 0.707002
    outer loop
      vertex 17.4789 0.858684 2.25
      vertex 15.9807 0.785082 3.75
      vertex 17.5 0 2.25
    endloop
  endfacet
  facet normal 0.407225 -0.578212 0.706993
    outer loop
      vertex 9.53119 -12.8513 3.75
      vertex 8.88912 -13.3035 3.75
      vertex 10.4247 -14.0561 2.25
    endloop
  endfacet
  facet normal 0.999698 0.0245651 0
    outer loop
      vertex 17.5 0 2.25
      vertex 17.4789 0.858684 0.5
      vertex 17.4789 0.858684 2.25
    endloop
  endfacet
  facet normal 0.999698 0.0245651 0
    outer loop
      vertex 17.4789 0.858684 0.5
      vertex 17.5 0 2.25
      vertex 17.5 0 0.5
    endloop
  endfacet
  facet normal 0.512254 0.487633 -0.706972
    outer loop
      vertex 12.5962 11.4165 0
      vertex 12.3744 12.3744 0.5
      vertex 12.9666 11.7523 0.5
    endloop
  endfacet
  facet normal 0.997289 0.0735787 0
    outer loop
      vertex 17.4789 0.858684 2.25
      vertex 17.4157 1.7153 0.5
      vertex 17.4157 1.7153 2.25
    endloop
  endfacet
  facet normal 0.997289 0.0735787 0
    outer loop
      vertex 17.4157 1.7153 0.5
      vertex 17.4789 0.858684 2.25
      vertex 17.4789 0.858684 0.5
    endloop
  endfacet
  facet normal -0.512254 0.487633 -0.706972
    outer loop
      vertex -12.5962 11.4165 0
      vertex -12.9666 11.7523 0.5
      vertex -12.3744 12.3744 0.5
    endloop
  endfacet
  facet normal 0.9142 0.405263 0
    outer loop
      vertex 16.1679 6.69696 2.25
      vertex 15.8198 7.48221 0.5
      vertex 15.8198 7.48221 2.25
    endloop
  endfacet
  facet normal 0.9142 0.405263 0
    outer loop
      vertex 15.8198 7.48221 0.5
      vertex 16.1679 6.69696 2.25
      vertex 16.1679 6.69696 0.5
    endloop
  endfacet
  facet normal 0.817562 0.57584 0
    outer loop
      vertex 14.5507 9.72248 2.25
      vertex 14.0561 10.4247 0.5
      vertex 14.0561 10.4247 2.25
    endloop
  endfacet
  facet normal 0.817562 0.57584 0
    outer loop
      vertex 14.0561 10.4247 0.5
      vertex 14.5507 9.72248 2.25
      vertex 14.5507 9.72248 0.5
    endloop
  endfacet
  facet normal -0.254502 -0.659837 0.706997
    outer loop
      vertex -5.39024 -15.0647 3.75
      vertex -6.69696 -16.1679 2.25
      vertex -5.89557 -16.477 2.25
    endloop
  endfacet
  facet normal -0.435054 0.557568 0.706998
    outer loop
      vertex -10.4247 14.0561 2.25
      vertex -11.1019 13.5277 2.25
      vertex -10.1503 12.3682 3.75
    endloop
  endfacet
  facet normal 0.348556 0.615395 -0.706964
    outer loop
      vertex 8.9968 15.0103 0.5
      vertex 8.01374 14.9927 0
      vertex 8.24944 15.4336 0.5
    endloop
  endfacet
  facet normal 0.557568 0.435054 0.706998
    outer loop
      vertex 13.5277 11.1019 2.25
      vertex 12.3682 10.1503 3.75
      vertex 14.0561 10.4247 2.25
    endloop
  endfacet
  facet normal -0.286649 0.646545 -0.706973
    outer loop
      vertex -6.50562 15.706 0
      vertex -7.26844 15.3678 0
      vertex -6.69696 16.1679 0.5
    endloop
  endfacet
  facet normal -0.487623 0.512207 0.707013
    outer loop
      vertex -10.7449 11.8552 3.75
      vertex -12.3744 12.3744 2.25
      vertex -11.3137 11.3137 3.75
    endloop
  endfacet
  facet normal -0.578212 0.407225 0.706993
    outer loop
      vertex -12.8513 9.53119 3.75
      vertex -14.0561 10.4247 2.25
      vertex -13.3035 8.88912 3.75
    endloop
  endfacet
  facet normal 0.286606 -0.646531 0.707004
    outer loop
      vertex 6.84088 -14.4638 3.75
      vertex 6.69696 -16.1679 2.25
      vertex 7.48221 -15.8198 2.25
    endloop
  endfacet
  facet normal -0.535462 -0.461978 0.707006
    outer loop
      vertex -12.3682 -10.1503 3.75
      vertex -12.9666 -11.7523 2.25
      vertex -11.8552 -10.7449 3.75
    endloop
  endfacet
  facet normal 0.0520357 0.705295 0.707002
    outer loop
      vertex 0.858684 17.4789 2.25
      vertex 0.785082 15.9807 3.75
      vertex 1.7153 17.4157 2.25
    endloop
  endfacet
  facet normal 0.122361 0.992486 -0
    outer loop
      vertex 2.56778 17.3106 0.5
      vertex 1.7153 17.4157 2.25
      vertex 2.56778 17.3106 2.25
    endloop
  endfacet
  facet normal 0.122361 0.992486 0
    outer loop
      vertex 1.7153 17.4157 2.25
      vertex 2.56778 17.3106 0.5
      vertex 1.7153 17.4157 0.5
    endloop
  endfacet
  facet normal 0.631717 -0.317935 -0.707002
    outer loop
      vertex 15.8198 -7.48221 0.5
      vertex 14.9927 -8.01374 0
      vertex 15.3678 -7.26844 0
    endloop
  endfacet
  facet normal 0.696788 -0.120948 -0.707007
    outer loop
      vertex 17.1637 -3.41408 0.5
      vertex 16.6733 -3.31653 0
      vertex 17.3106 -2.56778 0.5
    endloop
  endfacet
  facet normal 0.671485 -0.221883 -0.707019
    outer loop
      vertex 16.477 -5.89557 0.5
      vertex 16.0062 -5.72713 0
      vertex 16.7465 -5.07998 0.5
    endloop
  endfacet
  facet normal 0.219107 0.975701 -0
    outer loop
      vertex 4.25215 16.9755 0.5
      vertex 3.41408 17.1637 2.25
      vertex 4.25215 16.9755 2.25
    endloop
  endfacet
  facet normal 0.219107 0.975701 0
    outer loop
      vertex 3.41408 17.1637 2.25
      vertex 4.25215 16.9755 0.5
      vertex 3.41408 17.1637 0.5
    endloop
  endfacet
  facet normal 0.671506 -0.22189 0.706997
    outer loop
      vertex 16.7465 -5.07998 2.25
      vertex 15.0647 -5.39024 3.75
      vertex 16.477 -5.89557 2.25
    endloop
  endfacet
  facet normal 0.407242 -0.578191 0.707
    outer loop
      vertex 10.4247 -14.0561 2.25
      vertex 8.88912 -13.3035 3.75
      vertex 9.72248 -14.5507 2.25
    endloop
  endfacet
  facet normal 0.171022 -0.985267 0
    outer loop
      vertex 2.56778 -17.3106 0.5
      vertex 3.41408 -17.1637 2.25
      vertex 2.56778 -17.3106 2.25
    endloop
  endfacet
  facet normal 0.171022 -0.985267 0
    outer loop
      vertex 3.41408 -17.1637 2.25
      vertex 2.56778 -17.3106 0.5
      vertex 3.41408 -17.1637 0.5
    endloop
  endfacet
  facet normal -0.690027 0.154935 -0.707006
    outer loop
      vertex -16.6733 3.31653 0
      vertex -17.1637 3.41408 0.5
      vertex -16.4905 4.13066 0
    endloop
  endfacet
  facet normal 0.631731 -0.317994 -0.706963
    outer loop
      vertex 15.4336 -8.24944 0.5
      vertex 14.9927 -8.01374 0
      vertex 15.8198 -7.48221 0.5
    endloop
  endfacet
  facet normal 0.646545 -0.286649 -0.706973
    outer loop
      vertex 16.1679 -6.69696 0.5
      vertex 15.3678 -7.26844 0
      vertex 15.706 -6.50562 0
    endloop
  endfacet
  facet normal 0.348556 -0.615395 -0.706964
    outer loop
      vertex 8.24944 -15.4336 0.5
      vertex 8.01374 -14.9927 0
      vertex 8.9968 -15.0103 0.5
    endloop
  endfacet
  facet normal 0.188548 -0.681596 -0.707019
    outer loop
      vertex 5.07998 -16.7465 0.5
      vertex 4.25215 -16.9755 0.5
      vertex 4.93484 -16.268 0
    endloop
  endfacet
  facet normal 0.512254 -0.487633 -0.706972
    outer loop
      vertex 12.9666 -11.7523 0.5
      vertex 12.3744 -12.3744 0.5
      vertex 12.5962 -11.4165 0
    endloop
  endfacet
  facet normal 0.557568 -0.435054 0.706998
    outer loop
      vertex 14.0561 -10.4247 2.25
      vertex 12.3682 -10.1503 3.75
      vertex 13.5277 -11.1019 2.25
    endloop
  endfacet
  facet normal 0.188589 -0.681615 -0.70699
    outer loop
      vertex 4.25215 -16.9755 0.5
      vertex 4.13066 -16.4905 0
      vertex 4.93484 -16.268 0
    endloop
  endfacet
  facet normal 0.120854 -0.696802 0.707009
    outer loop
      vertex 3.12144 -15.6926 3.75
      vertex 2.34769 -15.8268 3.75
      vertex 2.56778 -17.3106 2.25
    endloop
  endfacet
  facet normal 0.435074 0.557552 -0.706998
    outer loop
      vertex 10.7847 13.1412 0
      vertex 10.1269 13.6545 0
      vertex 11.1019 13.5277 0.5
    endloop
  endfacet
  facet normal 0.487623 -0.512207 0.707013
    outer loop
      vertex 11.3137 -11.3137 3.75
      vertex 10.7449 -11.8552 3.75
      vertex 12.3744 -12.3744 2.25
    endloop
  endfacet
  facet normal -0.696802 -0.120854 0.707009
    outer loop
      vertex -15.8268 -2.34769 3.75
      vertex -17.3106 -2.56778 2.25
      vertex -15.6926 -3.12144 3.75
    endloop
  endfacet
  facet normal 0.0865374 -0.701916 0.706983
    outer loop
      vertex 2.56778 -17.3106 2.25
      vertex 1.56827 -15.923 3.75
      vertex 1.7153 -17.4157 2.25
    endloop
  endfacet
  facet normal 0.681595 0.188664 0.706989
    outer loop
      vertex 16.9755 4.25215 2.25
      vertex 15.311 4.64455 3.75
      vertex 15.5205 3.88768 3.75
    endloop
  endfacet
  facet normal 0.659838 -0.254501 0.706996
    outer loop
      vertex 15.0647 -5.39024 3.75
      vertex 14.7821 -6.12293 3.75
      vertex 16.1679 -6.69696 2.25
    endloop
  endfacet
  facet normal -0.631731 -0.317994 -0.706963
    outer loop
      vertex -15.4336 -8.24944 0.5
      vertex -15.8198 -7.48221 0.5
      vertex -14.9927 -8.01374 0
    endloop
  endfacet
  facet normal -0.557584 -0.435067 -0.706977
    outer loop
      vertex -13.5277 -11.1019 0.5
      vertex -14.0561 -10.4247 0.5
      vertex -13.6545 -10.1269 0
    endloop
  endfacet
  facet normal -0.681596 -0.188548 0.70702
    outer loop
      vertex -15.311 -4.64455 3.75
      vertex -16.9755 -4.25215 2.25
      vertex -16.7465 -5.07998 2.25
    endloop
  endfacet
  facet normal 0.461978 -0.535462 0.707006
    outer loop
      vertex 10.7449 -11.8552 3.75
      vertex 10.1503 -12.3682 3.75
      vertex 11.7523 -12.9666 2.25
    endloop
  endfacet
  facet normal 0.701893 -0.0865345 -0.707006
    outer loop
      vertex 17.3106 -2.56778 0.5
      vertex 16.9181 -1.66629 0
      vertex 17.4157 -1.7153 0.5
    endloop
  endfacet
  facet normal -0.0519633 -0.705321 0.706981
    outer loop
      vertex -1.56827 -15.923 3.75
      vertex -1.7153 -17.4157 2.25
      vertex -0.785082 -15.9807 3.75
    endloop
  endfacet
  facet normal 0.615364 -0.348528 0.707004
    outer loop
      vertex 14.1107 -7.54235 3.75
      vertex 13.7237 -8.22564 3.75
      vertex 15.4336 -8.24944 2.25
    endloop
  endfacet
  facet normal -0.681595 0.188664 0.706989
    outer loop
      vertex -15.311 4.64455 3.75
      vertex -16.9755 4.25215 2.25
      vertex -15.5205 3.88768 3.75
    endloop
  endfacet
  facet normal 0.348528 0.615364 0.707004
    outer loop
      vertex 8.24944 15.4336 2.25
      vertex 7.54235 14.1107 3.75
      vertex 8.22564 13.7237 3.75
    endloop
  endfacet
  facet normal -0.706998 0.0173727 -0.707002
    outer loop
      vertex -16.9795 0.83415 0
      vertex -17.5 0 0.5
      vertex -17.4789 0.858684 0.5
    endloop
  endfacet
  facet normal 0.696802 0.120854 0.707009
    outer loop
      vertex 17.3106 2.56778 2.25
      vertex 15.6926 3.12144 3.75
      vertex 15.8268 2.34769 3.75
    endloop
  endfacet
  facet normal -0.221799 -0.671511 0.707021
    outer loop
      vertex -4.64455 -15.311 3.75
      vertex -5.39024 -15.0647 3.75
      vertex -5.07998 -16.7465 2.25
    endloop
  endfacet
  facet normal -0.578212 0.407251 -0.706978
    outer loop
      vertex -13.6545 10.1269 0
      vertex -14.135 9.44469 0
      vertex -14.0561 10.4247 0.5
    endloop
  endfacet
  facet normal -0.317976 -0.631694 0.707003
    outer loop
      vertex -6.84088 -14.4638 3.75
      vertex -8.24944 -15.4336 2.25
      vertex -7.48221 -15.8198 2.25
    endloop
  endfacet
  facet normal -0.461981 0.535506 -0.70697
    outer loop
      vertex -11.4165 12.5962 0
      vertex -11.7523 12.9666 0.5
      vertex -11.1019 13.5277 0.5
    endloop
  endfacet
  facet normal 0.57584 -0.817562 0
    outer loop
      vertex 9.72248 -14.5507 0.5
      vertex 10.4247 -14.0561 2.25
      vertex 9.72248 -14.5507 2.25
    endloop
  endfacet
  facet normal 0.57584 -0.817562 0
    outer loop
      vertex 10.4247 -14.0561 2.25
      vertex 9.72248 -14.5507 0.5
      vertex 10.4247 -14.0561 0.5
    endloop
  endfacet
  facet normal -0.696802 0.120854 0.707009
    outer loop
      vertex -15.6926 3.12144 3.75
      vertex -17.3106 2.56778 2.25
      vertex -15.8268 2.34769 3.75
    endloop
  endfacet
  facet normal 0.55756 -0.435072 0.706993
    outer loop
      vertex 12.8513 -9.53119 3.75
      vertex 12.3682 -10.1503 3.75
      vertex 14.0561 -10.4247 2.25
    endloop
  endfacet
  facet normal -0.757174 -0.653214 0
    outer loop
      vertex -12.9666 -11.7523 0.5
      vertex -13.5277 -11.1019 2.25
      vertex -13.5277 -11.1019 0.5
    endloop
  endfacet
  facet normal -0.757174 -0.653214 0
    outer loop
      vertex -13.5277 -11.1019 2.25
      vertex -12.9666 -11.7523 0.5
      vertex -12.9666 -11.7523 2.25
    endloop
  endfacet
  facet normal 0.0865374 0.701916 0.706983
    outer loop
      vertex 1.7153 17.4157 2.25
      vertex 1.56827 15.923 3.75
      vertex 2.56778 17.3106 2.25
    endloop
  endfacet
  facet normal 0.0173805 0.707 0.707
    outer loop
      vertex 0 17.5 2.25
      vertex 0 16 3.75
      vertex 0.785082 15.9807 3.75
    endloop
  endfacet
  facet normal 0.597469 -0.378393 0.707001
    outer loop
      vertex 13.7237 -8.22564 3.75
      vertex 13.3035 -8.88912 3.75
      vertex 14.5507 -9.72248 2.25
    endloop
  endfacet
  facet normal 0.578191 -0.407242 0.707
    outer loop
      vertex 14.5507 -9.72248 2.25
      vertex 13.3035 -8.88912 3.75
      vertex 14.0561 -10.4247 2.25
    endloop
  endfacet
  facet normal -0.963803 -0.266614 0
    outer loop
      vertex -16.7465 -5.07998 0.5
      vertex -16.9755 -4.25215 2.25
      vertex -16.9755 -4.25215 0.5
    endloop
  endfacet
  facet normal -0.963803 -0.266614 0
    outer loop
      vertex -16.9755 -4.25215 2.25
      vertex -16.7465 -5.07998 0.5
      vertex -16.7465 -5.07998 2.25
    endloop
  endfacet
  facet normal 0.0519633 0.705321 0.706981
    outer loop
      vertex 1.7153 17.4157 2.25
      vertex 0.785082 15.9807 3.75
      vertex 1.56827 15.923 3.75
    endloop
  endfacet
  facet normal 0.681595 -0.188664 0.706989
    outer loop
      vertex 15.5205 -3.88768 3.75
      vertex 15.311 -4.64455 3.75
      vertex 16.9755 -4.25215 2.25
    endloop
  endfacet
  facet normal 0.690033 -0.154984 0.70699
    outer loop
      vertex 15.6926 -3.12144 3.75
      vertex 15.5205 -3.88768 3.75
      vertex 16.9755 -4.25215 2.25
    endloop
  endfacet
  facet normal 0.705321 -0.0519633 0.706981
    outer loop
      vertex 15.9807 -0.785082 3.75
      vertex 15.923 -1.56827 3.75
      vertex 17.4157 -1.7153 2.25
    endloop
  endfacet
  facet normal -0.615364 0.348528 0.707004
    outer loop
      vertex -13.7237 8.22564 3.75
      vertex -15.4336 8.24944 2.25
      vertex -14.1107 7.54235 3.75
    endloop
  endfacet
  facet normal -0.631694 0.317977 0.707004
    outer loop
      vertex -14.1107 7.54235 3.75
      vertex -15.4336 8.24944 2.25
      vertex -14.4638 6.84088 3.75
    endloop
  endfacet
  facet normal -0.578191 0.407242 0.707
    outer loop
      vertex -14.0561 10.4247 2.25
      vertex -14.5507 9.72248 2.25
      vertex -13.3035 8.88912 3.75
    endloop
  endfacet
  facet normal 0.120952 0.696811 0.706983
    outer loop
      vertex 3.41408 17.1637 2.25
      vertex 2.56778 17.3106 2.25
      vertex 3.12144 15.6926 3.75
    endloop
  endfacet
  facet normal 0.646531 0.286606 0.707004
    outer loop
      vertex 15.8198 7.48221 2.25
      vertex 14.4638 6.84088 3.75
      vertex 16.1679 6.69696 2.25
    endloop
  endfacet
  facet normal 0.0866294 0.701879 0.707009
    outer loop
      vertex 2.56778 17.3106 2.25
      vertex 1.56827 15.923 3.75
      vertex 2.34769 15.8268 3.75
    endloop
  endfacet
  facet normal -0.597469 -0.378393 0.707001
    outer loop
      vertex -13.7237 -8.22564 3.75
      vertex -14.5507 -9.72248 2.25
      vertex -13.3035 -8.88912 3.75
    endloop
  endfacet
  facet normal 0.407242 0.578191 0.707
    outer loop
      vertex 9.72248 14.5507 2.25
      vertex 8.88912 13.3035 3.75
      vertex 10.4247 14.0561 2.25
    endloop
  endfacet
  facet normal -0.646545 -0.286649 -0.706973
    outer loop
      vertex -15.3678 -7.26844 0
      vertex -16.1679 -6.69696 0.5
      vertex -15.706 -6.50562 0
    endloop
  endfacet
  facet normal -0.997289 0.0735787 0
    outer loop
      vertex -17.4789 0.858684 0.5
      vertex -17.4157 1.7153 2.25
      vertex -17.4157 1.7153 0.5
    endloop
  endfacet
  facet normal -0.997289 0.0735787 0
    outer loop
      vertex -17.4157 1.7153 2.25
      vertex -17.4789 0.858684 0.5
      vertex -17.4789 0.858684 2.25
    endloop
  endfacet
  facet normal -0.985267 -0.171022 0
    outer loop
      vertex -17.1637 -3.41408 0.5
      vertex -17.3106 -2.56778 2.25
      vertex -17.3106 -2.56778 0.5
    endloop
  endfacet
  facet normal -0.985267 -0.171022 0
    outer loop
      vertex -17.3106 -2.56778 2.25
      vertex -17.1637 -3.41408 0.5
      vertex -17.1637 -3.41408 2.25
    endloop
  endfacet
  facet normal 0.154935 0.690027 -0.707006
    outer loop
      vertex 4.13066 16.4905 0
      vertex 3.31653 16.6733 0
      vertex 3.41408 17.1637 0.5
    endloop
  endfacet
  facet normal -0.378407 -0.597482 -0.706982
    outer loop
      vertex -8.9968 -15.0103 0.5
      vertex -9.72248 -14.5507 0.5
      vertex -9.44469 -14.135 0
    endloop
  endfacet
  facet normal -0.646531 0.286606 0.707004
    outer loop
      vertex -15.8198 7.48221 2.25
      vertex -16.1679 6.69696 2.25
      vertex -14.4638 6.84088 3.75
    endloop
  endfacet
  facet normal 0.0865345 0.701893 -0.707006
    outer loop
      vertex 2.56778 17.3106 0.5
      vertex 1.66629 16.9181 0
      vertex 1.7153 17.4157 0.5
    endloop
  endfacet
  facet normal 0.671485 -0.221882 -0.707019
    outer loop
      vertex 16.7465 -5.07998 0.5
      vertex 16.0062 -5.72713 0
      vertex 16.268 -4.93484 0
    endloop
  endfacet
  facet normal 0.254495 0.659817 -0.707018
    outer loop
      vertex 6.69696 16.1679 0.5
      vertex 5.72713 16.0062 0
      vertex 5.89557 16.477 0.5
    endloop
  endfacet
  facet normal -0.317994 0.631731 -0.706963
    outer loop
      vertex -8.01374 14.9927 0
      vertex -8.24944 15.4336 0.5
      vertex -7.48221 15.8198 0.5
    endloop
  endfacet
  facet normal 0.286607 -0.646533 -0.707002
    outer loop
      vertex 7.48221 -15.8198 0.5
      vertex 6.69696 -16.1679 0.5
      vertex 7.26844 -15.3678 0
    endloop
  endfacet
  facet normal -0.188589 0.681615 -0.70699
    outer loop
      vertex -4.13066 16.4905 0
      vertex -4.93484 16.268 0
      vertex -4.25215 16.9755 0.5
    endloop
  endfacet
  facet normal -0.653214 0.757174 0
    outer loop
      vertex -11.1019 13.5277 0.5
      vertex -11.7523 12.9666 2.25
      vertex -11.1019 13.5277 2.25
    endloop
  endfacet
  facet normal -0.653214 0.757174 0
    outer loop
      vertex -11.7523 12.9666 2.25
      vertex -11.1019 13.5277 0.5
      vertex -11.7523 12.9666 0.5
    endloop
  endfacet
  facet normal 0.631717 0.317935 -0.707002
    outer loop
      vertex 15.3678 7.26844 0
      vertex 14.9927 8.01374 0
      vertex 15.8198 7.48221 0.5
    endloop
  endfacet
  facet normal 0.578212 0.407225 0.706993
    outer loop
      vertex 14.0561 10.4247 2.25
      vertex 12.8513 9.53119 3.75
      vertex 13.3035 8.88912 3.75
    endloop
  endfacet
  facet normal -0.689487 0.724299 0
    outer loop
      vertex -11.7523 12.9666 0.5
      vertex -12.3744 12.3744 2.25
      vertex -11.7523 12.9666 2.25
    endloop
  endfacet
  facet normal -0.689487 0.724299 0
    outer loop
      vertex -12.3744 12.3744 2.25
      vertex -11.7523 12.9666 0.5
      vertex -12.3744 12.3744 0.5
    endloop
  endfacet
  facet normal 0.671511 0.221799 0.707021
    outer loop
      vertex 16.7465 5.07998 2.25
      vertex 15.0647 5.39024 3.75
      vertex 15.311 4.64455 3.75
    endloop
  endfacet
  facet normal -0.844818 0.535054 0
    outer loop
      vertex -15.0103 8.9968 0.5
      vertex -14.5507 9.72248 2.25
      vertex -14.5507 9.72248 0.5
    endloop
  endfacet
  facet normal -0.844818 0.535054 0
    outer loop
      vertex -14.5507 9.72248 2.25
      vertex -15.0103 8.9968 0.5
      vertex -15.0103 8.9968 2.25
    endloop
  endfacet
  facet normal -0.817562 0.57584 0
    outer loop
      vertex -14.5507 9.72248 0.5
      vertex -14.0561 10.4247 2.25
      vertex -14.0561 10.4247 0.5
    endloop
  endfacet
  facet normal -0.817562 0.57584 0
    outer loop
      vertex -14.0561 10.4247 2.25
      vertex -14.5507 9.72248 0.5
      vertex -14.5507 9.72248 2.25
    endloop
  endfacet
  facet normal 0.707 -0.0173805 0.707
    outer loop
      vertex 16 0 3.75
      vertex 15.9807 -0.785082 3.75
      vertex 17.5 0 2.25
    endloop
  endfacet
  facet normal -0.788398 -0.615165 0
    outer loop
      vertex -13.5277 -11.1019 0.5
      vertex -14.0561 -10.4247 2.25
      vertex -14.0561 -10.4247 0.5
    endloop
  endfacet
  facet normal -0.788398 -0.615165 0
    outer loop
      vertex -14.0561 -10.4247 2.25
      vertex -13.5277 -11.1019 0.5
      vertex -13.5277 -11.1019 2.25
    endloop
  endfacet
  facet normal -0.0866294 0.701879 0.707009
    outer loop
      vertex -1.56827 15.923 3.75
      vertex -2.56778 17.3106 2.25
      vertex -2.34769 15.8268 3.75
    endloop
  endfacet
  facet normal 0.535462 0.461978 0.707006
    outer loop
      vertex 12.9666 11.7523 2.25
      vertex 11.8552 10.7449 3.75
      vertex 12.3682 10.1503 3.75
    endloop
  endfacet
  facet normal 0.188664 0.681595 0.706989
    outer loop
      vertex 4.25215 16.9755 2.25
      vertex 3.88768 15.5205 3.75
      vertex 4.64455 15.311 3.75
    endloop
  endfacet
  facet normal 0.985267 0.171022 0
    outer loop
      vertex 17.3106 2.56778 2.25
      vertex 17.1637 3.41408 0.5
      vertex 17.1637 3.41408 2.25
    endloop
  endfacet
  facet normal 0.985267 0.171022 0
    outer loop
      vertex 17.1637 3.41408 0.5
      vertex 17.3106 2.56778 2.25
      vertex 17.3106 2.56778 0.5
    endloop
  endfacet
  facet normal 0.120854 0.696802 0.707009
    outer loop
      vertex 2.56778 17.3106 2.25
      vertex 2.34769 15.8268 3.75
      vertex 3.12144 15.6926 3.75
    endloop
  endfacet
  facet normal 0.631694 0.317977 0.707004
    outer loop
      vertex 15.4336 8.24944 2.25
      vertex 14.1107 7.54235 3.75
      vertex 14.4638 6.84088 3.75
    endloop
  endfacet
  facet normal -0.22189 -0.671506 0.706997
    outer loop
      vertex -5.39024 -15.0647 3.75
      vertex -5.89557 -16.477 2.25
      vertex -5.07998 -16.7465 2.25
    endloop
  endfacet
  facet normal 0.597469 0.378393 0.707001
    outer loop
      vertex 14.5507 9.72248 2.25
      vertex 13.3035 8.88912 3.75
      vertex 13.7237 8.22564 3.75
    endloop
  endfacet
  facet normal -0.0173727 -0.706998 -0.707002
    outer loop
      vertex 0 -17.5 0.5
      vertex -0.858684 -17.4789 0.5
      vertex -0.83415 -16.9795 0
    endloop
  endfacet
  facet normal -0.724299 0.689487 0
    outer loop
      vertex -12.9666 11.7523 0.5
      vertex -12.3744 12.3744 2.25
      vertex -12.3744 12.3744 0.5
    endloop
  endfacet
  facet normal -0.724299 0.689487 0
    outer loop
      vertex -12.3744 12.3744 2.25
      vertex -12.9666 11.7523 0.5
      vertex -12.9666 11.7523 2.25
    endloop
  endfacet
  facet normal 0.933005 -0.359864 0
    outer loop
      vertex 16.1679 -6.69696 2.25
      vertex 16.477 -5.89557 0.5
      vertex 16.477 -5.89557 2.25
    endloop
  endfacet
  facet normal 0.933005 -0.359864 0
    outer loop
      vertex 16.477 -5.89557 0.5
      vertex 16.1679 -6.69696 2.25
      vertex 16.1679 -6.69696 0.5
    endloop
  endfacet
  facet normal 0.55756 0.435072 0.706993
    outer loop
      vertex 14.0561 10.4247 2.25
      vertex 12.3682 10.1503 3.75
      vertex 12.8513 9.53119 3.75
    endloop
  endfacet
  facet normal -0.631717 -0.317935 -0.707002
    outer loop
      vertex -14.9927 -8.01374 0
      vertex -15.8198 -7.48221 0.5
      vertex -15.3678 -7.26844 0
    endloop
  endfacet
  facet normal 0.154959 0.690046 0.706983
    outer loop
      vertex 3.41408 17.1637 2.25
      vertex 3.12144 15.6926 3.75
      vertex 4.25215 16.9755 2.25
    endloop
  endfacet
  facet normal 0.578212 -0.407225 0.706993
    outer loop
      vertex 13.3035 -8.88912 3.75
      vertex 12.8513 -9.53119 3.75
      vertex 14.0561 -10.4247 2.25
    endloop
  endfacet
  facet normal -0.286635 -0.646527 0.706996
    outer loop
      vertex -6.12293 -14.7821 3.75
      vertex -6.84088 -14.4638 3.75
      vertex -6.69696 -16.1679 2.25
    endloop
  endfacet
  facet normal -0.0865374 0.701916 0.706983
    outer loop
      vertex -1.7153 17.4157 2.25
      vertex -2.56778 17.3106 2.25
      vertex -1.56827 15.923 3.75
    endloop
  endfacet
  facet normal -0.378393 -0.597469 0.707001
    outer loop
      vertex -8.88912 -13.3035 3.75
      vertex -9.72248 -14.5507 2.25
      vertex -8.22564 -13.7237 3.75
    endloop
  endfacet
  facet normal -0.55756 0.435072 0.706993
    outer loop
      vertex -12.3682 10.1503 3.75
      vertex -14.0561 10.4247 2.25
      vertex -12.8513 9.53119 3.75
    endloop
  endfacet
  facet normal -0.188664 0.681595 0.706989
    outer loop
      vertex -4.25215 16.9755 2.25
      vertex -4.64455 15.311 3.75
      vertex -3.88768 15.5205 3.75
    endloop
  endfacet
  facet normal -0.286649 -0.646545 -0.706973
    outer loop
      vertex -6.69696 -16.1679 0.5
      vertex -7.26844 -15.3678 0
      vertex -6.50562 -15.706 0
    endloop
  endfacet
  facet normal 0.254461 0.659878 -0.706973
    outer loop
      vertex 6.50562 15.706 0
      vertex 5.72713 16.0062 0
      vertex 6.69696 16.1679 0.5
    endloop
  endfacet
  facet normal 0.461978 0.535462 0.707006
    outer loop
      vertex 11.7523 12.9666 2.25
      vertex 10.1503 12.3682 3.75
      vertex 10.7449 11.8552 3.75
    endloop
  endfacet
  facet normal 0.188548 0.681596 0.70702
    outer loop
      vertex 5.07998 16.7465 2.25
      vertex 4.25215 16.9755 2.25
      vertex 4.64455 15.311 3.75
    endloop
  endfacet
  facet normal -0.154959 -0.690046 0.706983
    outer loop
      vertex -3.12144 -15.6926 3.75
      vertex -4.25215 -16.9755 2.25
      vertex -3.41408 -17.1637 2.25
    endloop
  endfacet
  facet normal -0.120952 -0.696811 0.706983
    outer loop
      vertex -3.12144 -15.6926 3.75
      vertex -3.41408 -17.1637 2.25
      vertex -2.56778 -17.3106 2.25
    endloop
  endfacet
  facet normal 0.48761 0.512229 0.707006
    outer loop
      vertex 11.7523 12.9666 2.25
      vertex 10.7449 11.8552 3.75
      vertex 12.3744 12.3744 2.25
    endloop
  endfacet
  facet normal 0.487623 0.512207 0.707013
    outer loop
      vertex 12.3744 12.3744 2.25
      vertex 10.7449 11.8552 3.75
      vertex 11.3137 11.3137 3.75
    endloop
  endfacet
  facet normal 0.22189 0.671506 0.706997
    outer loop
      vertex 5.89557 16.477 2.25
      vertex 5.07998 16.7465 2.25
      vertex 5.39024 15.0647 3.75
    endloop
  endfacet
  facet normal 0.266614 0.963803 -0
    outer loop
      vertex 5.07998 16.7465 0.5
      vertex 4.25215 16.9755 2.25
      vertex 5.07998 16.7465 2.25
    endloop
  endfacet
  facet normal 0.266614 0.963803 0
    outer loop
      vertex 4.25215 16.9755 2.25
      vertex 5.07998 16.7465 0.5
      vertex 4.25215 16.9755 0.5
    endloop
  endfacet
  facet normal 0.646527 0.286635 0.706996
    outer loop
      vertex 16.1679 6.69696 2.25
      vertex 14.4638 6.84088 3.75
      vertex 14.7821 6.12293 3.75
    endloop
  endfacet
  facet normal -0.0735787 0.997289 0
    outer loop
      vertex -0.858684 17.4789 0.5
      vertex -1.7153 17.4157 2.25
      vertex -0.858684 17.4789 2.25
    endloop
  endfacet
  facet normal -0.0735787 0.997289 0
    outer loop
      vertex -1.7153 17.4157 2.25
      vertex -0.858684 17.4789 0.5
      vertex -1.7153 17.4157 0.5
    endloop
  endfacet
  facet normal 0.706998 -0.0173727 -0.707002
    outer loop
      vertex 17.4789 -0.858684 0.5
      vertex 16.9795 -0.83415 0
      vertex 17.5 0 0.5
    endloop
  endfacet
  facet normal 0.705295 -0.0520357 -0.707002
    outer loop
      vertex 17.4157 -1.7153 0.5
      vertex 16.9795 -0.83415 0
      vertex 17.4789 -0.858684 0.5
    endloop
  endfacet
  facet normal 0.557552 0.435074 -0.706998
    outer loop
      vertex 13.6545 10.1269 0
      vertex 13.1412 10.7847 0
      vertex 13.5277 11.1019 0.5
    endloop
  endfacet
  facet normal 0.975701 -0.219107 0
    outer loop
      vertex 16.9755 -4.25215 2.25
      vertex 17.1637 -3.41408 0.5
      vertex 17.1637 -3.41408 2.25
    endloop
  endfacet
  facet normal 0.975701 -0.219107 0
    outer loop
      vertex 17.1637 -3.41408 0.5
      vertex 16.9755 -4.25215 2.25
      vertex 16.9755 -4.25215 0.5
    endloop
  endfacet
  facet normal -0.597473 0.378347 -0.707021
    outer loop
      vertex -14.5814 8.73975 0
      vertex -15.0103 8.9968 0.5
      vertex -14.135 9.44469 0
    endloop
  endfacet
  facet normal 0.120947 0.696787 -0.707007
    outer loop
      vertex 3.31653 16.6733 0
      vertex 2.49442 16.816 0
      vertex 2.56778 17.3106 0.5
    endloop
  endfacet
  facet normal -0.0520357 -0.705295 -0.707002
    outer loop
      vertex -0.858684 -17.4789 0.5
      vertex -1.7153 -17.4157 0.5
      vertex -0.83415 -16.9795 0
    endloop
  endfacet
  facet normal 0.646545 0.286649 -0.706973
    outer loop
      vertex 15.706 6.50562 0
      vertex 15.3678 7.26844 0
      vertex 16.1679 6.69696 0.5
    endloop
  endfacet
  facet normal 0.188589 0.681615 -0.70699
    outer loop
      vertex 4.93484 16.268 0
      vertex 4.13066 16.4905 0
      vertex 4.25215 16.9755 0.5
    endloop
  endfacet
  facet normal -0.188548 0.681596 -0.707019
    outer loop
      vertex -4.93484 16.268 0
      vertex -5.07998 16.7465 0.5
      vertex -4.25215 16.9755 0.5
    endloop
  endfacet
  facet normal 0.70529 0.0520403 -0.707006
    outer loop
      vertex 16.9795 0.83415 0
      vertex 16.9181 1.66629 0
      vertex 17.4157 1.7153 0.5
    endloop
  endfacet
  facet normal 0.405263 -0.9142 0
    outer loop
      vertex 6.69696 -16.1679 0.5
      vertex 7.48221 -15.8198 2.25
      vertex 6.69696 -16.1679 2.25
    endloop
  endfacet
  facet normal 0.405263 -0.9142 0
    outer loop
      vertex 7.48221 -15.8198 2.25
      vertex 6.69696 -16.1679 0.5
      vertex 7.48221 -15.8198 0.5
    endloop
  endfacet
  facet normal 0.535462 -0.461978 0.707006
    outer loop
      vertex 12.3682 -10.1503 3.75
      vertex 11.8552 -10.7449 3.75
      vertex 12.9666 -11.7523 2.25
    endloop
  endfacet
  facet normal 0.512229 -0.48761 0.707006
    outer loop
      vertex 12.9666 -11.7523 2.25
      vertex 11.8552 -10.7449 3.75
      vertex 12.3744 -12.3744 2.25
    endloop
  endfacet
  facet normal 0.0735787 -0.997289 0
    outer loop
      vertex 0.858684 -17.4789 0.5
      vertex 1.7153 -17.4157 2.25
      vertex 0.858684 -17.4789 2.25
    endloop
  endfacet
  facet normal 0.0735787 -0.997289 0
    outer loop
      vertex 1.7153 -17.4157 2.25
      vertex 0.858684 -17.4789 0.5
      vertex 1.7153 -17.4157 0.5
    endloop
  endfacet
  facet normal 0.0245651 -0.999698 0
    outer loop
      vertex 0 -17.5 0.5
      vertex 0.858684 -17.4789 2.25
      vertex 0 -17.5 2.25
    endloop
  endfacet
  facet normal 0.0245651 -0.999698 0
    outer loop
      vertex 0.858684 -17.4789 2.25
      vertex 0 -17.5 0.5
      vertex 0.858684 -17.4789 0.5
    endloop
  endfacet
  facet normal -0.615395 0.348556 -0.706964
    outer loop
      vertex -14.9927 8.01374 0
      vertex -15.4336 8.24944 0.5
      vertex -15.0103 8.9968 0.5
    endloop
  endfacet
  facet normal 0.557584 -0.435067 -0.706977
    outer loop
      vertex 14.0561 -10.4247 0.5
      vertex 13.5277 -11.1019 0.5
      vertex 13.6545 -10.1269 0
    endloop
  endfacet
  facet normal -0.171022 0.985267 0
    outer loop
      vertex -2.56778 17.3106 0.5
      vertex -3.41408 17.1637 2.25
      vertex -2.56778 17.3106 2.25
    endloop
  endfacet
  facet normal -0.171022 0.985267 0
    outer loop
      vertex -3.41408 17.1637 2.25
      vertex -2.56778 17.3106 0.5
      vertex -3.41408 17.1637 0.5
    endloop
  endfacet
  facet normal 0.154935 -0.690027 -0.707006
    outer loop
      vertex 3.41408 -17.1637 0.5
      vertex 3.31653 -16.6733 0
      vertex 4.13066 -16.4905 0
    endloop
  endfacet
  facet normal -0.659838 -0.254501 0.706996
    outer loop
      vertex -15.0647 -5.39024 3.75
      vertex -16.1679 -6.69696 2.25
      vertex -14.7821 -6.12293 3.75
    endloop
  endfacet
  facet normal -0.844818 -0.535054 0
    outer loop
      vertex -14.5507 -9.72248 0.5
      vertex -15.0103 -8.9968 2.25
      vertex -15.0103 -8.9968 0.5
    endloop
  endfacet
  facet normal -0.844818 -0.535054 0
    outer loop
      vertex -15.0103 -8.9968 2.25
      vertex -14.5507 -9.72248 0.5
      vertex -14.5507 -9.72248 2.25
    endloop
  endfacet
  facet normal -0.870124 -0.492833 0
    outer loop
      vertex -15.0103 -8.9968 0.5
      vertex -15.4336 -8.24944 2.25
      vertex -15.4336 -8.24944 0.5
    endloop
  endfacet
  facet normal -0.870124 -0.492833 0
    outer loop
      vertex -15.4336 -8.24944 2.25
      vertex -15.0103 -8.9968 0.5
      vertex -15.0103 -8.9968 2.25
    endloop
  endfacet
  facet normal 0.701879 -0.0866294 0.707009
    outer loop
      vertex 15.923 -1.56827 3.75
      vertex 15.8268 -2.34769 3.75
      vertex 17.3106 -2.56778 2.25
    endloop
  endfacet
  facet normal 0.631694 -0.317976 0.707003
    outer loop
      vertex 15.8198 -7.48221 2.25
      vertex 14.4638 -6.84088 3.75
      vertex 15.4336 -8.24944 2.25
    endloop
  endfacet
  facet normal 0.646531 -0.286606 0.707004
    outer loop
      vertex 16.1679 -6.69696 2.25
      vertex 14.4638 -6.84088 3.75
      vertex 15.8198 -7.48221 2.25
    endloop
  endfacet
  facet normal -0.171022 -0.985267 0
    outer loop
      vertex -3.41408 -17.1637 0.5
      vertex -2.56778 -17.3106 2.25
      vertex -3.41408 -17.1637 2.25
    endloop
  endfacet
  facet normal -0.171022 -0.985267 -0
    outer loop
      vertex -2.56778 -17.3106 2.25
      vertex -3.41408 -17.1637 0.5
      vertex -2.56778 -17.3106 0.5
    endloop
  endfacet
  facet normal -0.0520357 -0.705295 0.707002
    outer loop
      vertex -0.785082 -15.9807 3.75
      vertex -1.7153 -17.4157 2.25
      vertex -0.858684 -17.4789 2.25
    endloop
  endfacet
  facet normal 0.317977 -0.631694 0.707004
    outer loop
      vertex 7.54235 -14.1107 3.75
      vertex 6.84088 -14.4638 3.75
      vertex 8.24944 -15.4336 2.25
    endloop
  endfacet
  facet normal 0.348528 -0.615364 0.707004
    outer loop
      vertex 8.22564 -13.7237 3.75
      vertex 7.54235 -14.1107 3.75
      vertex 8.24944 -15.4336 2.25
    endloop
  endfacet
  facet normal -0.120854 -0.696802 0.707009
    outer loop
      vertex -2.34769 -15.8268 3.75
      vertex -3.12144 -15.6926 3.75
      vertex -2.56778 -17.3106 2.25
    endloop
  endfacet
  facet normal -0.286606 -0.646531 0.707004
    outer loop
      vertex -6.84088 -14.4638 3.75
      vertex -7.48221 -15.8198 2.25
      vertex -6.69696 -16.1679 2.25
    endloop
  endfacet
  facet normal 0.317977 0.631694 0.707004
    outer loop
      vertex 8.24944 15.4336 2.25
      vertex 6.84088 14.4638 3.75
      vertex 7.54235 14.1107 3.75
    endloop
  endfacet
  facet normal 0.435072 0.55756 0.706993
    outer loop
      vertex 10.4247 14.0561 2.25
      vertex 9.53119 12.8513 3.75
      vertex 10.1503 12.3682 3.75
    endloop
  endfacet
  facet normal -0.0735787 -0.997289 0
    outer loop
      vertex -1.7153 -17.4157 0.5
      vertex -0.858684 -17.4789 2.25
      vertex -1.7153 -17.4157 2.25
    endloop
  endfacet
  facet normal -0.0735787 -0.997289 -0
    outer loop
      vertex -0.858684 -17.4789 2.25
      vertex -1.7153 -17.4157 0.5
      vertex -0.858684 -17.4789 0.5
    endloop
  endfacet
  facet normal -0.120948 -0.696788 -0.707007
    outer loop
      vertex -2.56778 -17.3106 0.5
      vertex -3.41408 -17.1637 0.5
      vertex -3.31653 -16.6733 0
    endloop
  endfacet
  facet normal -0.154935 0.690027 -0.707006
    outer loop
      vertex -3.31653 16.6733 0
      vertex -4.13066 16.4905 0
      vertex -3.41408 17.1637 0.5
    endloop
  endfacet
  facet normal -0.407252 -0.578206 -0.706982
    outer loop
      vertex -9.72248 -14.5507 0.5
      vertex -10.4247 -14.0561 0.5
      vertex -9.44469 -14.135 0
    endloop
  endfacet
  facet normal -0.646527 0.286635 0.706996
    outer loop
      vertex -14.4638 6.84088 3.75
      vertex -16.1679 6.69696 2.25
      vertex -14.7821 6.12293 3.75
    endloop
  endfacet
  facet normal -0.659838 0.254501 0.706996
    outer loop
      vertex -14.7821 6.12293 3.75
      vertex -16.1679 6.69696 2.25
      vertex -15.0647 5.39024 3.75
    endloop
  endfacet
  facet normal -0.461978 0.535462 0.707006
    outer loop
      vertex -10.1503 12.3682 3.75
      vertex -11.7523 12.9666 2.25
      vertex -10.7449 11.8552 3.75
    endloop
  endfacet
  facet normal -0.407225 0.578212 0.706993
    outer loop
      vertex -8.88912 13.3035 3.75
      vertex -10.4247 14.0561 2.25
      vertex -9.53119 12.8513 3.75
    endloop
  endfacet
  facet normal 0.701916 -0.0865374 0.706983
    outer loop
      vertex 17.4157 -1.7153 2.25
      vertex 15.923 -1.56827 3.75
      vertex 17.3106 -2.56778 2.25
    endloop
  endfacet
  facet normal 0.512207 0.487623 0.707013
    outer loop
      vertex 12.3744 12.3744 2.25
      vertex 11.3137 11.3137 3.75
      vertex 11.8552 10.7449 3.75
    endloop
  endfacet
  facet normal -0.992486 0.122361 0
    outer loop
      vertex -17.4157 1.7153 0.5
      vertex -17.3106 2.56778 2.25
      vertex -17.3106 2.56778 0.5
    endloop
  endfacet
  facet normal -0.992486 0.122361 0
    outer loop
      vertex -17.3106 2.56778 2.25
      vertex -17.4157 1.7153 0.5
      vertex -17.4157 1.7153 2.25
    endloop
  endfacet
  facet normal -0.997289 -0.0735787 0
    outer loop
      vertex -17.4157 -1.7153 0.5
      vertex -17.4789 -0.858684 2.25
      vertex -17.4789 -0.858684 0.5
    endloop
  endfacet
  facet normal -0.997289 -0.0735787 0
    outer loop
      vertex -17.4789 -0.858684 2.25
      vertex -17.4157 -1.7153 0.5
      vertex -17.4157 -1.7153 2.25
    endloop
  endfacet
  facet normal -0.949505 -0.31375 0
    outer loop
      vertex -16.477 -5.89557 0.5
      vertex -16.7465 -5.07998 2.25
      vertex -16.7465 -5.07998 0.5
    endloop
  endfacet
  facet normal -0.949505 -0.31375 0
    outer loop
      vertex -16.7465 -5.07998 2.25
      vertex -16.477 -5.89557 0.5
      vertex -16.477 -5.89557 2.25
    endloop
  endfacet
  facet normal -0.696811 -0.120952 0.706983
    outer loop
      vertex -15.6926 -3.12144 3.75
      vertex -17.3106 -2.56778 2.25
      vertex -17.1637 -3.41408 2.25
    endloop
  endfacet
  facet normal -0.696788 -0.120948 -0.707007
    outer loop
      vertex -17.1637 -3.41408 0.5
      vertex -17.3106 -2.56778 0.5
      vertex -16.6733 -3.31653 0
    endloop
  endfacet
  facet normal 0.557584 0.435067 -0.706977
    outer loop
      vertex 13.6545 10.1269 0
      vertex 13.5277 11.1019 0.5
      vertex 14.0561 10.4247 0.5
    endloop
  endfacet
  facet normal -0.120948 0.696788 -0.707007
    outer loop
      vertex -3.31653 16.6733 0
      vertex -3.41408 17.1637 0.5
      vertex -2.56778 17.3106 0.5
    endloop
  endfacet
  facet normal -0.646533 0.286607 -0.707002
    outer loop
      vertex -15.3678 7.26844 0
      vertex -16.1679 6.69696 0.5
      vertex -15.8198 7.48221 0.5
    endloop
  endfacet
  facet normal 0.407251 -0.578212 -0.706978
    outer loop
      vertex 10.4247 -14.0561 0.5
      vertex 9.44469 -14.135 0
      vertex 10.1269 -13.6545 0
    endloop
  endfacet
  facet normal 0.120948 0.696788 -0.707007
    outer loop
      vertex 3.31653 16.6733 0
      vertex 2.56778 17.3106 0.5
      vertex 3.41408 17.1637 0.5
    endloop
  endfacet
  facet normal 0.407251 0.578212 -0.706978
    outer loop
      vertex 10.1269 13.6545 0
      vertex 9.44469 14.135 0
      vertex 10.4247 14.0561 0.5
    endloop
  endfacet
  facet normal -0.378407 0.597482 -0.706982
    outer loop
      vertex -9.44469 14.135 0
      vertex -9.72248 14.5507 0.5
      vertex -8.9968 15.0103 0.5
    endloop
  endfacet
  facet normal -0.999698 -0.0245651 0
    outer loop
      vertex -17.4789 -0.858684 0.5
      vertex -17.5 0 2.25
      vertex -17.5 0 0.5
    endloop
  endfacet
  facet normal -0.999698 -0.0245651 0
    outer loop
      vertex -17.5 0 2.25
      vertex -17.4789 -0.858684 0.5
      vertex -17.4789 -0.858684 2.25
    endloop
  endfacet
  facet normal 0.671485 0.221883 -0.707019
    outer loop
      vertex 16.7465 5.07998 0.5
      vertex 16.0062 5.72713 0
      vertex 16.477 5.89557 0.5
    endloop
  endfacet
  facet normal 0.0173805 -0.707 0.707
    outer loop
      vertex 0 -16 3.75
      vertex 0 -17.5 2.25
      vertex 0.785082 -15.9807 3.75
    endloop
  endfacet
  facet normal -0.266614 0.963803 0
    outer loop
      vertex -4.25215 16.9755 0.5
      vertex -5.07998 16.7465 2.25
      vertex -4.25215 16.9755 2.25
    endloop
  endfacet
  facet normal -0.266614 0.963803 0
    outer loop
      vertex -5.07998 16.7465 2.25
      vertex -4.25215 16.9755 0.5
      vertex -5.07998 16.7465 0.5
    endloop
  endfacet
  facet normal 0.597465 0.378397 0.707002
    outer loop
      vertex 14.5507 9.72248 2.25
      vertex 13.7237 8.22564 3.75
      vertex 15.0103 8.9968 2.25
    endloop
  endfacet
  facet normal -0.461962 0.535485 0.706999
    outer loop
      vertex -11.1019 13.5277 2.25
      vertex -11.7523 12.9666 2.25
      vertex -10.1503 12.3682 3.75
    endloop
  endfacet
  facet normal -0.757174 0.653214 0
    outer loop
      vertex -13.5277 11.1019 0.5
      vertex -12.9666 11.7523 2.25
      vertex -12.9666 11.7523 0.5
    endloop
  endfacet
  facet normal -0.757174 0.653214 0
    outer loop
      vertex -12.9666 11.7523 2.25
      vertex -13.5277 11.1019 0.5
      vertex -13.5277 11.1019 2.25
    endloop
  endfacet
  facet normal -0.535485 0.461962 0.706999
    outer loop
      vertex -12.9666 11.7523 2.25
      vertex -13.5277 11.1019 2.25
      vertex -12.3682 10.1503 3.75
    endloop
  endfacet
  facet normal -0.696787 -0.120947 -0.707007
    outer loop
      vertex -16.6733 -3.31653 0
      vertex -17.3106 -2.56778 0.5
      vertex -16.816 -2.49442 0
    endloop
  endfacet
  facet normal -0.0865361 0.701892 -0.707008
    outer loop
      vertex -2.49442 16.816 0
      vertex -2.56778 17.3106 0.5
      vertex -1.66629 16.9181 0
    endloop
  endfacet
  facet normal -0.188664 -0.681595 0.706989
    outer loop
      vertex -3.88768 -15.5205 3.75
      vertex -4.64455 -15.311 3.75
      vertex -4.25215 -16.9755 2.25
    endloop
  endfacet
  facet normal -0.578212 -0.407225 0.706993
    outer loop
      vertex -13.3035 -8.88912 3.75
      vertex -14.0561 -10.4247 2.25
      vertex -12.8513 -9.53119 3.75
    endloop
  endfacet
  facet normal -0.407225 -0.578212 0.706993
    outer loop
      vertex -9.53119 -12.8513 3.75
      vertex -10.4247 -14.0561 2.25
      vertex -8.88912 -13.3035 3.75
    endloop
  endfacet
  facet normal 0.646527 -0.286635 0.706996
    outer loop
      vertex 14.7821 -6.12293 3.75
      vertex 14.4638 -6.84088 3.75
      vertex 16.1679 -6.69696 2.25
    endloop
  endfacet
  facet normal 0.0173727 -0.706998 0.707002
    outer loop
      vertex 0.785082 -15.9807 3.75
      vertex 0 -17.5 2.25
      vertex 0.858684 -17.4789 2.25
    endloop
  endfacet
  facet normal -0.407242 0.578191 0.707
    outer loop
      vertex -9.72248 14.5507 2.25
      vertex -10.4247 14.0561 2.25
      vertex -8.88912 13.3035 3.75
    endloop
  endfacet
  facet normal 0.705295 0.0520357 0.707002
    outer loop
      vertex 17.4157 1.7153 2.25
      vertex 15.9807 0.785082 3.75
      vertex 17.4789 0.858684 2.25
    endloop
  endfacet
  facet normal 0.681596 0.188548 0.70702
    outer loop
      vertex 16.7465 5.07998 2.25
      vertex 15.311 4.64455 3.75
      vertex 16.9755 4.25215 2.25
    endloop
  endfacet
  facet normal 0.963803 0.266614 0
    outer loop
      vertex 16.9755 4.25215 2.25
      vertex 16.7465 5.07998 0.5
      vertex 16.7465 5.07998 2.25
    endloop
  endfacet
  facet normal 0.963803 0.266614 0
    outer loop
      vertex 16.7465 5.07998 0.5
      vertex 16.9755 4.25215 2.25
      vertex 16.9755 4.25215 0.5
    endloop
  endfacet
  facet normal 0.378397 0.597465 0.707002
    outer loop
      vertex 8.9968 15.0103 2.25
      vertex 8.22564 13.7237 3.75
      vertex 9.72248 14.5507 2.25
    endloop
  endfacet
  facet normal -0.0519633 0.705321 0.706981
    outer loop
      vertex -0.785082 15.9807 3.75
      vertex -1.7153 17.4157 2.25
      vertex -1.56827 15.923 3.75
    endloop
  endfacet
  facet normal 0.0520357 -0.705295 0.707002
    outer loop
      vertex 1.7153 -17.4157 2.25
      vertex 0.785082 -15.9807 3.75
      vertex 0.858684 -17.4789 2.25
    endloop
  endfacet
  facet normal -0.48761 0.512229 0.707006
    outer loop
      vertex -11.7523 12.9666 2.25
      vertex -12.3744 12.3744 2.25
      vertex -10.7449 11.8552 3.75
    endloop
  endfacet
  facet normal 0.487646 -0.512138 -0.707047
    outer loop
      vertex 12.3744 -12.3744 0.5
      vertex 11.4165 -12.5962 0
      vertex 12.0208 -12.0208 0
    endloop
  endfacet
  facet normal 0.788398 0.615165 0
    outer loop
      vertex 14.0561 10.4247 2.25
      vertex 13.5277 11.1019 0.5
      vertex 13.5277 11.1019 2.25
    endloop
  endfacet
  facet normal 0.788398 0.615165 0
    outer loop
      vertex 13.5277 11.1019 0.5
      vertex 14.0561 10.4247 2.25
      vertex 14.0561 10.4247 0.5
    endloop
  endfacet
  facet normal 0.705321 0.0519633 0.706981
    outer loop
      vertex 17.4157 1.7153 2.25
      vertex 15.923 1.56827 3.75
      vertex 15.9807 0.785082 3.75
    endloop
  endfacet
  facet normal 0.701892 0.0865361 -0.707008
    outer loop
      vertex 16.9181 1.66629 0
      vertex 16.816 2.49442 0
      vertex 17.3106 2.56778 0.5
    endloop
  endfacet
  facet normal 0.0520357 0.705295 -0.707002
    outer loop
      vertex 1.7153 17.4157 0.5
      vertex 0.83415 16.9795 0
      vertex 0.858684 17.4789 0.5
    endloop
  endfacet
  facet normal 0.221882 0.671485 -0.707019
    outer loop
      vertex 5.72713 16.0062 0
      vertex 4.93484 16.268 0
      vertex 5.07998 16.7465 0.5
    endloop
  endfacet
  facet normal 0.221883 0.671485 -0.707019
    outer loop
      vertex 5.72713 16.0062 0
      vertex 5.07998 16.7465 0.5
      vertex 5.89557 16.477 0.5
    endloop
  endfacet
  facet normal -0.348537 -0.615362 0.707002
    outer loop
      vertex -8.22564 -13.7237 3.75
      vertex -8.9968 -15.0103 2.25
      vertex -8.24944 -15.4336 2.25
    endloop
  endfacet
  facet normal 0.378347 0.597473 -0.707021
    outer loop
      vertex 9.44469 14.135 0
      vertex 8.73975 14.5814 0
      vertex 8.9968 15.0103 0.5
    endloop
  endfacet
  facet normal 0.435067 0.557584 -0.706977
    outer loop
      vertex 11.1019 13.5277 0.5
      vertex 10.1269 13.6545 0
      vertex 10.4247 14.0561 0.5
    endloop
  endfacet
  facet normal 0.435054 0.557568 0.706998
    outer loop
      vertex 10.4247 14.0561 2.25
      vertex 10.1503 12.3682 3.75
      vertex 11.1019 13.5277 2.25
    endloop
  endfacet
  facet normal 0.286606 0.646531 0.707004
    outer loop
      vertex 7.48221 15.8198 2.25
      vertex 6.69696 16.1679 2.25
      vertex 6.84088 14.4638 3.75
    endloop
  endfacet
  facet normal 0.696802 -0.120854 0.707009
    outer loop
      vertex 15.8268 -2.34769 3.75
      vertex 15.6926 -3.12144 3.75
      vertex 17.3106 -2.56778 2.25
    endloop
  endfacet
  facet normal 0.512229 0.48761 0.707006
    outer loop
      vertex 12.3744 12.3744 2.25
      vertex 11.8552 10.7449 3.75
      vertex 12.9666 11.7523 2.25
    endloop
  endfacet
  facet normal 0.535485 0.461962 0.706999
    outer loop
      vertex 12.9666 11.7523 2.25
      vertex 12.3682 10.1503 3.75
      vertex 13.5277 11.1019 2.25
    endloop
  endfacet
  facet normal 0.31375 0.949505 -0
    outer loop
      vertex 5.89557 16.477 0.5
      vertex 5.07998 16.7465 2.25
      vertex 5.89557 16.477 2.25
    endloop
  endfacet
  facet normal 0.31375 0.949505 0
    outer loop
      vertex 5.07998 16.7465 2.25
      vertex 5.89557 16.477 0.5
      vertex 5.07998 16.7465 0.5
    endloop
  endfacet
  facet normal 0.696787 0.120947 -0.707007
    outer loop
      vertex 16.816 2.49442 0
      vertex 16.6733 3.31653 0
      vertex 17.3106 2.56778 0.5
    endloop
  endfacet
  facet normal 0.817562 -0.57584 0
    outer loop
      vertex 14.0561 -10.4247 2.25
      vertex 14.5507 -9.72248 0.5
      vertex 14.5507 -9.72248 2.25
    endloop
  endfacet
  facet normal 0.817562 -0.57584 0
    outer loop
      vertex 14.5507 -9.72248 0.5
      vertex 14.0561 -10.4247 2.25
      vertex 14.0561 -10.4247 0.5
    endloop
  endfacet
  facet normal 0.512138 0.487646 -0.707047
    outer loop
      vertex 12.5962 11.4165 0
      vertex 12.0208 12.0208 0
      vertex 12.3744 12.3744 0.5
    endloop
  endfacet
  facet normal -0.57584 0.817562 0
    outer loop
      vertex -9.72248 14.5507 0.5
      vertex -10.4247 14.0561 2.25
      vertex -9.72248 14.5507 2.25
    endloop
  endfacet
  facet normal -0.57584 0.817562 0
    outer loop
      vertex -10.4247 14.0561 2.25
      vertex -9.72248 14.5507 0.5
      vertex -10.4247 14.0561 0.5
    endloop
  endfacet
  facet normal -0.405263 0.9142 0
    outer loop
      vertex -6.69696 16.1679 0.5
      vertex -7.48221 15.8198 2.25
      vertex -6.69696 16.1679 2.25
    endloop
  endfacet
  facet normal -0.405263 0.9142 0
    outer loop
      vertex -7.48221 15.8198 2.25
      vertex -6.69696 16.1679 0.5
      vertex -7.48221 15.8198 0.5
    endloop
  endfacet
  facet normal 0.597482 -0.378407 -0.706982
    outer loop
      vertex 14.5507 -9.72248 0.5
      vertex 14.135 -9.44469 0
      vertex 15.0103 -8.9968 0.5
    endloop
  endfacet
  facet normal -0.535506 0.461981 -0.70697
    outer loop
      vertex -12.5962 11.4165 0
      vertex -13.5277 11.1019 0.5
      vertex -12.9666 11.7523 0.5
    endloop
  endfacet
  facet normal 0.870124 -0.492833 0
    outer loop
      vertex 15.0103 -8.9968 2.25
      vertex 15.4336 -8.24944 0.5
      vertex 15.4336 -8.24944 2.25
    endloop
  endfacet
  facet normal 0.870124 -0.492833 0
    outer loop
      vertex 15.4336 -8.24944 0.5
      vertex 15.0103 -8.9968 2.25
      vertex 15.0103 -8.9968 0.5
    endloop
  endfacet
  facet normal 0.254461 -0.659878 -0.706973
    outer loop
      vertex 6.69696 -16.1679 0.5
      vertex 5.72713 -16.0062 0
      vertex 6.50562 -15.706 0
    endloop
  endfacet
  facet normal -0.949505 0.31375 0
    outer loop
      vertex -16.7465 5.07998 0.5
      vertex -16.477 5.89557 2.25
      vertex -16.477 5.89557 0.5
    endloop
  endfacet
  facet normal -0.949505 0.31375 0
    outer loop
      vertex -16.477 5.89557 2.25
      vertex -16.7465 5.07998 0.5
      vertex -16.7465 5.07998 2.25
    endloop
  endfacet
  facet normal 0.492833 -0.870124 0
    outer loop
      vertex 8.24944 -15.4336 0.5
      vertex 8.9968 -15.0103 2.25
      vertex 8.24944 -15.4336 2.25
    endloop
  endfacet
  facet normal 0.492833 -0.870124 0
    outer loop
      vertex 8.9968 -15.0103 2.25
      vertex 8.24944 -15.4336 0.5
      vertex 8.9968 -15.0103 0.5
    endloop
  endfacet
  facet normal -0.254461 0.659878 -0.706973
    outer loop
      vertex -6.50562 15.706 0
      vertex -6.69696 16.1679 0.5
      vertex -5.72713 16.0062 0
    endloop
  endfacet
  facet normal -0.286606 0.646531 0.707004
    outer loop
      vertex -6.69696 16.1679 2.25
      vertex -7.48221 15.8198 2.25
      vertex -6.84088 14.4638 3.75
    endloop
  endfacet
  facet normal -0.221882 0.671485 -0.707019
    outer loop
      vertex -4.93484 16.268 0
      vertex -5.72713 16.0062 0
      vertex -5.07998 16.7465 0.5
    endloop
  endfacet
  facet normal -0.535485 -0.461962 0.706999
    outer loop
      vertex -12.3682 -10.1503 3.75
      vertex -13.5277 -11.1019 2.25
      vertex -12.9666 -11.7523 2.25
    endloop
  endfacet
  facet normal -0.512254 -0.487633 -0.706972
    outer loop
      vertex -12.3744 -12.3744 0.5
      vertex -12.9666 -11.7523 0.5
      vertex -12.5962 -11.4165 0
    endloop
  endfacet
  facet normal -0.646531 -0.286606 0.707004
    outer loop
      vertex -14.4638 -6.84088 3.75
      vertex -16.1679 -6.69696 2.25
      vertex -15.8198 -7.48221 2.25
    endloop
  endfacet
  facet normal -0.646527 -0.286635 0.706996
    outer loop
      vertex -14.7821 -6.12293 3.75
      vertex -16.1679 -6.69696 2.25
      vertex -14.4638 -6.84088 3.75
    endloop
  endfacet
  facet normal -0.0245651 -0.999698 0
    outer loop
      vertex -0.858684 -17.4789 0.5
      vertex 0 -17.5 2.25
      vertex -0.858684 -17.4789 2.25
    endloop
  endfacet
  facet normal -0.0245651 -0.999698 -0
    outer loop
      vertex 0 -17.5 2.25
      vertex -0.858684 -17.4789 0.5
      vertex 0 -17.5 0.5
    endloop
  endfacet
  facet normal -0.435054 -0.557568 0.706998
    outer loop
      vertex -10.1503 -12.3682 3.75
      vertex -11.1019 -13.5277 2.25
      vertex -10.4247 -14.0561 2.25
    endloop
  endfacet
  facet normal -0.535462 0.461978 0.707006
    outer loop
      vertex -11.8552 10.7449 3.75
      vertex -12.9666 11.7523 2.25
      vertex -12.3682 10.1503 3.75
    endloop
  endfacet
  facet normal -0.512229 -0.48761 0.707006
    outer loop
      vertex -11.8552 -10.7449 3.75
      vertex -12.9666 -11.7523 2.25
      vertex -12.3744 -12.3744 2.25
    endloop
  endfacet
  facet normal -0.122361 -0.992486 0
    outer loop
      vertex -2.56778 -17.3106 0.5
      vertex -1.7153 -17.4157 2.25
      vertex -2.56778 -17.3106 2.25
    endloop
  endfacet
  facet normal -0.122361 -0.992486 -0
    outer loop
      vertex -1.7153 -17.4157 2.25
      vertex -2.56778 -17.3106 0.5
      vertex -1.7153 -17.4157 0.5
    endloop
  endfacet
  facet normal -0.219107 -0.975701 0
    outer loop
      vertex -4.25215 -16.9755 0.5
      vertex -3.41408 -17.1637 2.25
      vertex -4.25215 -16.9755 2.25
    endloop
  endfacet
  facet normal -0.219107 -0.975701 -0
    outer loop
      vertex -3.41408 -17.1637 2.25
      vertex -4.25215 -16.9755 0.5
      vertex -3.41408 -17.1637 0.5
    endloop
  endfacet
  facet normal -0.696788 0.120948 -0.707007
    outer loop
      vertex -16.6733 3.31653 0
      vertex -17.3106 2.56778 0.5
      vertex -17.1637 3.41408 0.5
    endloop
  endfacet
  facet normal -0.992486 -0.122361 0
    outer loop
      vertex -17.3106 -2.56778 0.5
      vertex -17.4157 -1.7153 2.25
      vertex -17.4157 -1.7153 0.5
    endloop
  endfacet
  facet normal -0.992486 -0.122361 0
    outer loop
      vertex -17.4157 -1.7153 2.25
      vertex -17.3106 -2.56778 0.5
      vertex -17.3106 -2.56778 2.25
    endloop
  endfacet
  facet normal -0.671485 -0.221883 -0.707019
    outer loop
      vertex -16.477 -5.89557 0.5
      vertex -16.7465 -5.07998 0.5
      vertex -16.0062 -5.72713 0
    endloop
  endfacet
  facet normal -0.266614 -0.963803 0
    outer loop
      vertex -5.07998 -16.7465 0.5
      vertex -4.25215 -16.9755 2.25
      vertex -5.07998 -16.7465 2.25
    endloop
  endfacet
  facet normal -0.266614 -0.963803 -0
    outer loop
      vertex -4.25215 -16.9755 2.25
      vertex -5.07998 -16.7465 0.5
      vertex -4.25215 -16.9755 0.5
    endloop
  endfacet
  facet normal -0.359864 -0.933005 0
    outer loop
      vertex -6.69696 -16.1679 0.5
      vertex -5.89557 -16.477 2.25
      vertex -6.69696 -16.1679 2.25
    endloop
  endfacet
  facet normal -0.359864 -0.933005 -0
    outer loop
      vertex -5.89557 -16.477 2.25
      vertex -6.69696 -16.1679 0.5
      vertex -5.89557 -16.477 0.5
    endloop
  endfacet
  facet normal -0.646545 0.286649 -0.706973
    outer loop
      vertex -15.706 6.50562 0
      vertex -16.1679 6.69696 0.5
      vertex -15.3678 7.26844 0
    endloop
  endfacet
  facet normal -0.348528 -0.615364 0.707004
    outer loop
      vertex -8.22564 -13.7237 3.75
      vertex -8.24944 -15.4336 2.25
      vertex -7.54235 -14.1107 3.75
    endloop
  endfacet
  facet normal -0.378397 -0.597465 0.707002
    outer loop
      vertex -8.22564 -13.7237 3.75
      vertex -9.72248 -14.5507 2.25
      vertex -8.9968 -15.0103 2.25
    endloop
  endfacet
  facet normal -0.48761 -0.512229 0.707006
    outer loop
      vertex -10.7449 -11.8552 3.75
      vertex -12.3744 -12.3744 2.25
      vertex -11.7523 -12.9666 2.25
    endloop
  endfacet
  facet normal 0.690039 -0.154958 -0.70699
    outer loop
      vertex 16.9755 -4.25215 0.5
      vertex 16.4905 -4.13066 0
      vertex 17.1637 -3.41408 0.5
    endloop
  endfacet
  facet normal -0.705295 -0.0520357 -0.707002
    outer loop
      vertex -17.4157 -1.7153 0.5
      vertex -17.4789 -0.858684 0.5
      vertex -16.9795 -0.83415 0
    endloop
  endfacet
  facet normal 0.0173727 -0.706998 -0.707002
    outer loop
      vertex 0.858684 -17.4789 0.5
      vertex 0 -17.5 0.5
      vertex 0.83415 -16.9795 0
    endloop
  endfacet
  facet normal -0.407251 -0.578212 -0.706978
    outer loop
      vertex -9.44469 -14.135 0
      vertex -10.4247 -14.0561 0.5
      vertex -10.1269 -13.6545 0
    endloop
  endfacet
  facet normal 0.407252 -0.578206 -0.706982
    outer loop
      vertex 9.72248 -14.5507 0.5
      vertex 9.44469 -14.135 0
      vertex 10.4247 -14.0561 0.5
    endloop
  endfacet
  facet normal -0.701879 -0.0866294 0.707009
    outer loop
      vertex -15.923 -1.56827 3.75
      vertex -17.3106 -2.56778 2.25
      vertex -15.8268 -2.34769 3.75
    endloop
  endfacet
  facet normal -0.701916 -0.0865374 0.706983
    outer loop
      vertex -15.923 -1.56827 3.75
      vertex -17.4157 -1.7153 2.25
      vertex -17.3106 -2.56778 2.25
    endloop
  endfacet
  facet normal 0.0245651 0.999698 -0
    outer loop
      vertex 0.858684 17.4789 0.5
      vertex 0 17.5 2.25
      vertex 0.858684 17.4789 2.25
    endloop
  endfacet
  facet normal 0.0245651 0.999698 0
    outer loop
      vertex 0 17.5 2.25
      vertex 0.858684 17.4789 0.5
      vertex 0 17.5 0.5
    endloop
  endfacet
  facet normal 0.681596 0.188548 -0.707019
    outer loop
      vertex 16.9755 4.25215 0.5
      vertex 16.268 4.93484 0
      vertex 16.7465 5.07998 0.5
    endloop
  endfacet
  facet normal -0.0520357 0.705295 0.707002
    outer loop
      vertex -0.858684 17.4789 2.25
      vertex -1.7153 17.4157 2.25
      vertex -0.785082 15.9807 3.75
    endloop
  endfacet
  facet normal -0.0173727 0.706998 0.707002
    outer loop
      vertex 0 17.5 2.25
      vertex -0.858684 17.4789 2.25
      vertex -0.785082 15.9807 3.75
    endloop
  endfacet
  facet normal 0.70529 -0.0520403 -0.707006
    outer loop
      vertex 17.4157 -1.7153 0.5
      vertex 16.9181 -1.66629 0
      vertex 16.9795 -0.83415 0
    endloop
  endfacet
  facet normal 0.615311 -0.348587 -0.707022
    outer loop
      vertex 15.0103 -8.9968 0.5
      vertex 14.5814 -8.73975 0
      vertex 14.9927 -8.01374 0
    endloop
  endfacet
  facet normal 0.0865361 -0.701892 -0.707008
    outer loop
      vertex 2.56778 -17.3106 0.5
      vertex 1.66629 -16.9181 0
      vertex 2.49442 -16.816 0
    endloop
  endfacet
  facet normal -0.487646 0.512138 -0.707047
    outer loop
      vertex -12.0208 12.0208 0
      vertex -12.3744 12.3744 0.5
      vertex -11.4165 12.5962 0
    endloop
  endfacet
  facet normal -0.615311 0.348587 -0.707022
    outer loop
      vertex -14.9927 8.01374 0
      vertex -15.0103 8.9968 0.5
      vertex -14.5814 8.73975 0
    endloop
  endfacet
  facet normal -0.512138 0.487646 -0.707047
    outer loop
      vertex -12.0208 12.0208 0
      vertex -12.5962 11.4165 0
      vertex -12.3744 12.3744 0.5
    endloop
  endfacet
  facet normal -0.317935 0.631717 -0.707002
    outer loop
      vertex -7.26844 15.3678 0
      vertex -8.01374 14.9927 0
      vertex -7.48221 15.8198 0.5
    endloop
  endfacet
  facet normal -0.221799 0.671511 0.707021
    outer loop
      vertex -5.07998 16.7465 2.25
      vertex -5.39024 15.0647 3.75
      vertex -4.64455 15.311 3.75
    endloop
  endfacet
  facet normal -0.188548 0.681596 0.70702
    outer loop
      vertex -4.25215 16.9755 2.25
      vertex -5.07998 16.7465 2.25
      vertex -4.64455 15.311 3.75
    endloop
  endfacet
  facet normal -0.254495 0.659817 -0.707018
    outer loop
      vertex -5.72713 16.0062 0
      vertex -6.69696 16.1679 0.5
      vertex -5.89557 16.477 0.5
    endloop
  endfacet
  facet normal -0.535507 -0.461936 -0.706999
    outer loop
      vertex -12.5962 -11.4165 0
      vertex -13.5277 -11.1019 0.5
      vertex -13.1412 -10.7847 0
    endloop
  endfacet
  facet normal 0.0520403 -0.70529 -0.707006
    outer loop
      vertex 1.7153 -17.4157 0.5
      vertex 0.83415 -16.9795 0
      vertex 1.66629 -16.9181 0
    endloop
  endfacet
  facet normal -0.690039 -0.154958 -0.70699
    outer loop
      vertex -16.9755 -4.25215 0.5
      vertex -17.1637 -3.41408 0.5
      vertex -16.4905 -4.13066 0
    endloop
  endfacet
  facet normal -0.348587 -0.615311 -0.707022
    outer loop
      vertex -8.01374 -14.9927 0
      vertex -8.9968 -15.0103 0.5
      vertex -8.73975 -14.5814 0
    endloop
  endfacet
  facet normal 0.254495 -0.659817 -0.707018
    outer loop
      vertex 5.89557 -16.477 0.5
      vertex 5.72713 -16.0062 0
      vertex 6.69696 -16.1679 0.5
    endloop
  endfacet
  facet normal 0.221883 -0.671485 -0.707019
    outer loop
      vertex 5.89557 -16.477 0.5
      vertex 5.07998 -16.7465 0.5
      vertex 5.72713 -16.0062 0
    endloop
  endfacet
  facet normal -0.724299 -0.689487 0
    outer loop
      vertex -12.3744 -12.3744 0.5
      vertex -12.9666 -11.7523 2.25
      vertex -12.9666 -11.7523 0.5
    endloop
  endfacet
  facet normal -0.724299 -0.689487 0
    outer loop
      vertex -12.9666 -11.7523 2.25
      vertex -12.3744 -12.3744 0.5
      vertex -12.3744 -12.3744 2.25
    endloop
  endfacet
  facet normal -0.461978 -0.535462 0.707006
    outer loop
      vertex -10.7449 -11.8552 3.75
      vertex -11.7523 -12.9666 2.25
      vertex -10.1503 -12.3682 3.75
    endloop
  endfacet
  facet normal -0.407252 0.578206 -0.706982
    outer loop
      vertex -9.44469 14.135 0
      vertex -10.4247 14.0561 0.5
      vertex -9.72248 14.5507 0.5
    endloop
  endfacet
  facet normal 0.461936 0.535507 -0.706999
    outer loop
      vertex 11.4165 12.5962 0
      vertex 10.7847 13.1412 0
      vertex 11.1019 13.5277 0.5
    endloop
  endfacet
  facet normal -0.378397 0.597465 0.707002
    outer loop
      vertex -8.9968 15.0103 2.25
      vertex -9.72248 14.5507 2.25
      vertex -8.22564 13.7237 3.75
    endloop
  endfacet
  facet normal 0.690033 0.154984 0.70699
    outer loop
      vertex 16.9755 4.25215 2.25
      vertex 15.5205 3.88768 3.75
      vertex 15.6926 3.12144 3.75
    endloop
  endfacet
  facet normal 0.690046 0.154959 0.706983
    outer loop
      vertex 16.9755 4.25215 2.25
      vertex 15.6926 3.12144 3.75
      vertex 17.1637 3.41408 2.25
    endloop
  endfacet
  facet normal 0.659837 0.254502 0.706997
    outer loop
      vertex 16.1679 6.69696 2.25
      vertex 15.0647 5.39024 3.75
      vertex 16.477 5.89557 2.25
    endloop
  endfacet
  facet normal 0.671506 0.22189 0.706997
    outer loop
      vertex 16.477 5.89557 2.25
      vertex 15.0647 5.39024 3.75
      vertex 16.7465 5.07998 2.25
    endloop
  endfacet
  facet normal 0.844818 0.535054 0
    outer loop
      vertex 15.0103 8.9968 2.25
      vertex 14.5507 9.72248 0.5
      vertex 14.5507 9.72248 2.25
    endloop
  endfacet
  facet normal 0.844818 0.535054 0
    outer loop
      vertex 14.5507 9.72248 0.5
      vertex 15.0103 8.9968 2.25
      vertex 15.0103 8.9968 0.5
    endloop
  endfacet
  facet normal 0.89322 0.44962 0
    outer loop
      vertex 15.8198 7.48221 2.25
      vertex 15.4336 8.24944 0.5
      vertex 15.4336 8.24944 2.25
    endloop
  endfacet
  facet normal 0.89322 0.44962 0
    outer loop
      vertex 15.4336 8.24944 0.5
      vertex 15.8198 7.48221 2.25
      vertex 15.8198 7.48221 0.5
    endloop
  endfacet
  facet normal 0.671485 0.221882 -0.707019
    outer loop
      vertex 16.268 4.93484 0
      vertex 16.0062 5.72713 0
      vertex 16.7465 5.07998 0.5
    endloop
  endfacet
  facet normal 0.535507 0.461936 -0.706999
    outer loop
      vertex 13.1412 10.7847 0
      vertex 12.5962 11.4165 0
      vertex 13.5277 11.1019 0.5
    endloop
  endfacet
  facet normal -0.659878 0.254461 -0.706973
    outer loop
      vertex -16.0062 5.72713 0
      vertex -16.1679 6.69696 0.5
      vertex -15.706 6.50562 0
    endloop
  endfacet
  facet normal 0.615165 0.788398 -0
    outer loop
      vertex 11.1019 13.5277 0.5
      vertex 10.4247 14.0561 2.25
      vertex 11.1019 13.5277 2.25
    endloop
  endfacet
  facet normal 0.615165 0.788398 0
    outer loop
      vertex 10.4247 14.0561 2.25
      vertex 11.1019 13.5277 0.5
      vertex 10.4247 14.0561 0.5
    endloop
  endfacet
  facet normal 0.317935 -0.631717 -0.707002
    outer loop
      vertex 7.48221 -15.8198 0.5
      vertex 7.26844 -15.3678 0
      vertex 8.01374 -14.9927 0
    endloop
  endfacet
  facet normal 0.378393 0.597469 0.707001
    outer loop
      vertex 9.72248 14.5507 2.25
      vertex 8.22564 13.7237 3.75
      vertex 8.88912 13.3035 3.75
    endloop
  endfacet
  facet normal 0.405263 0.9142 -0
    outer loop
      vertex 7.48221 15.8198 0.5
      vertex 6.69696 16.1679 2.25
      vertex 7.48221 15.8198 2.25
    endloop
  endfacet
  facet normal 0.405263 0.9142 0
    outer loop
      vertex 6.69696 16.1679 2.25
      vertex 7.48221 15.8198 0.5
      vertex 6.69696 16.1679 0.5
    endloop
  endfacet
  facet normal 0.286607 0.646533 -0.707002
    outer loop
      vertex 7.26844 15.3678 0
      vertex 6.69696 16.1679 0.5
      vertex 7.48221 15.8198 0.5
    endloop
  endfacet
  facet normal 0.44962 0.89322 -0
    outer loop
      vertex 8.24944 15.4336 0.5
      vertex 7.48221 15.8198 2.25
      vertex 8.24944 15.4336 2.25
    endloop
  endfacet
  facet normal 0.44962 0.89322 0
    outer loop
      vertex 7.48221 15.8198 2.25
      vertex 8.24944 15.4336 0.5
      vertex 7.48221 15.8198 0.5
    endloop
  endfacet
  facet normal 0.317976 0.631694 0.707003
    outer loop
      vertex 7.48221 15.8198 2.25
      vertex 6.84088 14.4638 3.75
      vertex 8.24944 15.4336 2.25
    endloop
  endfacet
  facet normal 0.757174 0.653214 0
    outer loop
      vertex 13.5277 11.1019 2.25
      vertex 12.9666 11.7523 0.5
      vertex 12.9666 11.7523 2.25
    endloop
  endfacet
  facet normal 0.757174 0.653214 0
    outer loop
      vertex 12.9666 11.7523 0.5
      vertex 13.5277 11.1019 2.25
      vertex 13.5277 11.1019 0.5
    endloop
  endfacet
  facet normal 0.359864 0.933005 -0
    outer loop
      vertex 6.69696 16.1679 0.5
      vertex 5.89557 16.477 2.25
      vertex 6.69696 16.1679 2.25
    endloop
  endfacet
  facet normal 0.359864 0.933005 0
    outer loop
      vertex 5.89557 16.477 2.25
      vertex 6.69696 16.1679 0.5
      vertex 5.89557 16.477 0.5
    endloop
  endfacet
  facet normal 0.681596 -0.188548 -0.707019
    outer loop
      vertex 16.7465 -5.07998 0.5
      vertex 16.268 -4.93484 0
      vertex 16.9755 -4.25215 0.5
    endloop
  endfacet
  facet normal 0.646533 -0.286607 -0.707002
    outer loop
      vertex 15.8198 -7.48221 0.5
      vertex 15.3678 -7.26844 0
      vertex 16.1679 -6.69696 0.5
    endloop
  endfacet
  facet normal 0.659878 0.254461 -0.706973
    outer loop
      vertex 16.0062 5.72713 0
      vertex 15.706 6.50562 0
      vertex 16.1679 6.69696 0.5
    endloop
  endfacet
  facet normal -0.407251 0.578212 -0.706978
    outer loop
      vertex -10.1269 13.6545 0
      vertex -10.4247 14.0561 0.5
      vertex -9.44469 14.135 0
    endloop
  endfacet
  facet normal 0.0865345 -0.701893 -0.707006
    outer loop
      vertex 1.7153 -17.4157 0.5
      vertex 1.66629 -16.9181 0
      vertex 2.56778 -17.3106 0.5
    endloop
  endfacet
  facet normal 0.557552 -0.435074 -0.706998
    outer loop
      vertex 13.5277 -11.1019 0.5
      vertex 13.1412 -10.7847 0
      vertex 13.6545 -10.1269 0
    endloop
  endfacet
  facet normal 0.578212 -0.407251 -0.706978
    outer loop
      vertex 14.0561 -10.4247 0.5
      vertex 13.6545 -10.1269 0
      vertex 14.135 -9.44469 0
    endloop
  endfacet
  facet normal 0.221882 -0.671485 -0.707019
    outer loop
      vertex 5.07998 -16.7465 0.5
      vertex 4.93484 -16.268 0
      vertex 5.72713 -16.0062 0
    endloop
  endfacet
  facet normal 0.690027 0.154935 -0.707006
    outer loop
      vertex 16.6733 3.31653 0
      vertex 16.4905 4.13066 0
      vertex 17.1637 3.41408 0.5
    endloop
  endfacet
  facet normal -0.378347 -0.597473 -0.707021
    outer loop
      vertex -8.9968 -15.0103 0.5
      vertex -9.44469 -14.135 0
      vertex -8.73975 -14.5814 0
    endloop
  endfacet
  facet normal -0.254495 -0.659817 -0.707018
    outer loop
      vertex -5.89557 -16.477 0.5
      vertex -6.69696 -16.1679 0.5
      vertex -5.72713 -16.0062 0
    endloop
  endfacet
  facet normal -0.0520403 0.70529 -0.707006
    outer loop
      vertex -1.66629 16.9181 0
      vertex -1.7153 17.4157 0.5
      vertex -0.83415 16.9795 0
    endloop
  endfacet
  facet normal -0.0520357 0.705295 -0.707002
    outer loop
      vertex -0.83415 16.9795 0
      vertex -1.7153 17.4157 0.5
      vertex -0.858684 17.4789 0.5
    endloop
  endfacet
  facet normal -0.701892 0.0865361 -0.707008
    outer loop
      vertex -16.9181 1.66629 0
      vertex -17.3106 2.56778 0.5
      vertex -16.816 2.49442 0
    endloop
  endfacet
  facet normal -0.461936 0.535507 -0.706999
    outer loop
      vertex -10.7847 13.1412 0
      vertex -11.4165 12.5962 0
      vertex -11.1019 13.5277 0.5
    endloop
  endfacet
  facet normal 0.659878 -0.254461 -0.706973
    outer loop
      vertex 16.1679 -6.69696 0.5
      vertex 15.706 -6.50562 0
      vertex 16.0062 -5.72713 0
    endloop
  endfacet
  facet normal -0.615311 -0.348587 -0.707022
    outer loop
      vertex -14.5814 -8.73975 0
      vertex -15.0103 -8.9968 0.5
      vertex -14.9927 -8.01374 0
    endloop
  endfacet
  facet normal 0.690039 0.154958 -0.70699
    outer loop
      vertex 17.1637 3.41408 0.5
      vertex 16.4905 4.13066 0
      vertex 16.9755 4.25215 0.5
    endloop
  endfacet
  facet normal 0.219107 -0.975701 0
    outer loop
      vertex 3.41408 -17.1637 0.5
      vertex 4.25215 -16.9755 2.25
      vertex 3.41408 -17.1637 2.25
    endloop
  endfacet
  facet normal 0.219107 -0.975701 0
    outer loop
      vertex 4.25215 -16.9755 2.25
      vertex 3.41408 -17.1637 0.5
      vertex 4.25215 -16.9755 0.5
    endloop
  endfacet
  facet normal -0.154958 -0.690039 -0.70699
    outer loop
      vertex -3.41408 -17.1637 0.5
      vertex -4.25215 -16.9755 0.5
      vertex -4.13066 -16.4905 0
    endloop
  endfacet
  facet normal -0.317935 -0.631717 -0.707002
    outer loop
      vertex -7.48221 -15.8198 0.5
      vertex -8.01374 -14.9927 0
      vertex -7.26844 -15.3678 0
    endloop
  endfacet
  facet normal -0.535506 -0.461981 -0.70697
    outer loop
      vertex -12.9666 -11.7523 0.5
      vertex -13.5277 -11.1019 0.5
      vertex -12.5962 -11.4165 0
    endloop
  endfacet
  facet normal -0.0173727 0.706998 -0.707002
    outer loop
      vertex -0.83415 16.9795 0
      vertex -0.858684 17.4789 0.5
      vertex 0 17.5 0.5
    endloop
  endfacet
  facet normal -0.631694 -0.317977 0.707004
    outer loop
      vertex -14.4638 -6.84088 3.75
      vertex -15.4336 -8.24944 2.25
      vertex -14.1107 -7.54235 3.75
    endloop
  endfacet
  facet normal -0.659837 -0.254502 0.706997
    outer loop
      vertex -15.0647 -5.39024 3.75
      vertex -16.477 -5.89557 2.25
      vertex -16.1679 -6.69696 2.25
    endloop
  endfacet
  facet normal -0.671506 -0.22189 0.706997
    outer loop
      vertex -15.0647 -5.39024 3.75
      vertex -16.7465 -5.07998 2.25
      vertex -16.477 -5.89557 2.25
    endloop
  endfacet
  facet normal 0.597482 0.378407 -0.706982
    outer loop
      vertex 15.0103 8.9968 0.5
      vertex 14.135 9.44469 0
      vertex 14.5507 9.72248 0.5
    endloop
  endfacet
  facet normal -0.705295 0.0520357 -0.707002
    outer loop
      vertex -16.9795 0.83415 0
      vertex -17.4789 0.858684 0.5
      vertex -17.4157 1.7153 0.5
    endloop
  endfacet
  facet normal -0.535507 0.461936 -0.706999
    outer loop
      vertex -13.1412 10.7847 0
      vertex -13.5277 11.1019 0.5
      vertex -12.5962 11.4165 0
    endloop
  endfacet
  facet normal -0.492833 -0.870124 0
    outer loop
      vertex -8.9968 -15.0103 0.5
      vertex -8.24944 -15.4336 2.25
      vertex -8.9968 -15.0103 2.25
    endloop
  endfacet
  facet normal -0.492833 -0.870124 -0
    outer loop
      vertex -8.24944 -15.4336 2.25
      vertex -8.9968 -15.0103 0.5
      vertex -8.24944 -15.4336 0.5
    endloop
  endfacet
  facet normal -0.348556 -0.615395 -0.706964
    outer loop
      vertex -8.24944 -15.4336 0.5
      vertex -8.9968 -15.0103 0.5
      vertex -8.01374 -14.9927 0
    endloop
  endfacet
  facet normal -0.696787 0.120947 -0.707007
    outer loop
      vertex -16.816 2.49442 0
      vertex -17.3106 2.56778 0.5
      vertex -16.6733 3.31653 0
    endloop
  endfacet
  facet normal -0.317994 -0.631731 -0.706963
    outer loop
      vertex -7.48221 -15.8198 0.5
      vertex -8.24944 -15.4336 0.5
      vertex -8.01374 -14.9927 0
    endloop
  endfacet
  facet normal 0.317935 0.631717 -0.707002
    outer loop
      vertex 8.01374 14.9927 0
      vertex 7.26844 15.3678 0
      vertex 7.48221 15.8198 0.5
    endloop
  endfacet
  facet normal -0.9142 -0.405263 0
    outer loop
      vertex -15.8198 -7.48221 0.5
      vertex -16.1679 -6.69696 2.25
      vertex -16.1679 -6.69696 0.5
    endloop
  endfacet
  facet normal -0.9142 -0.405263 0
    outer loop
      vertex -16.1679 -6.69696 2.25
      vertex -15.8198 -7.48221 0.5
      vertex -15.8198 -7.48221 2.25
    endloop
  endfacet
  facet normal -0.348556 0.615395 -0.706964
    outer loop
      vertex -8.01374 14.9927 0
      vertex -8.9968 15.0103 0.5
      vertex -8.24944 15.4336 0.5
    endloop
  endfacet
  facet normal -0.535054 0.844818 0
    outer loop
      vertex -8.9968 15.0103 0.5
      vertex -9.72248 14.5507 2.25
      vertex -8.9968 15.0103 2.25
    endloop
  endfacet
  facet normal -0.535054 0.844818 0
    outer loop
      vertex -9.72248 14.5507 2.25
      vertex -8.9968 15.0103 0.5
      vertex -9.72248 14.5507 0.5
    endloop
  endfacet
  facet normal -0.681595 -0.188664 0.706989
    outer loop
      vertex -15.5205 -3.88768 3.75
      vertex -16.9755 -4.25215 2.25
      vertex -15.311 -4.64455 3.75
    endloop
  endfacet
  facet normal -0.690033 -0.154984 0.70699
    outer loop
      vertex -15.6926 -3.12144 3.75
      vertex -16.9755 -4.25215 2.25
      vertex -15.5205 -3.88768 3.75
    endloop
  endfacet
  facet normal 0.724299 -0.689487 0
    outer loop
      vertex 12.3744 -12.3744 2.25
      vertex 12.9666 -11.7523 0.5
      vertex 12.9666 -11.7523 2.25
    endloop
  endfacet
  facet normal 0.724299 -0.689487 0
    outer loop
      vertex 12.9666 -11.7523 0.5
      vertex 12.3744 -12.3744 2.25
      vertex 12.3744 -12.3744 0.5
    endloop
  endfacet
  facet normal 0.701892 -0.0865361 -0.707008
    outer loop
      vertex 17.3106 -2.56778 0.5
      vertex 16.816 -2.49442 0
      vertex 16.9181 -1.66629 0
    endloop
  endfacet
  facet normal -0.0865345 0.701893 -0.707006
    outer loop
      vertex -1.66629 16.9181 0
      vertex -2.56778 17.3106 0.5
      vertex -1.7153 17.4157 0.5
    endloop
  endfacet
  facet normal -0.122361 0.992486 0
    outer loop
      vertex -1.7153 17.4157 0.5
      vertex -2.56778 17.3106 2.25
      vertex -1.7153 17.4157 2.25
    endloop
  endfacet
  facet normal -0.122361 0.992486 0
    outer loop
      vertex -2.56778 17.3106 2.25
      vertex -1.7153 17.4157 0.5
      vertex -2.56778 17.3106 0.5
    endloop
  endfacet
  facet normal -0.120947 0.696787 -0.707007
    outer loop
      vertex -2.49442 16.816 0
      vertex -3.31653 16.6733 0
      vertex -2.56778 17.3106 0.5
    endloop
  endfacet
  facet normal -0.557552 0.435074 -0.706998
    outer loop
      vertex -13.1412 10.7847 0
      vertex -13.6545 10.1269 0
      vertex -13.5277 11.1019 0.5
    endloop
  endfacet
  facet normal 0.0173752 0.707 -0.707
    outer loop
      vertex 0.83415 16.9795 0
      vertex 0 17 0
      vertex 0 17.5 0.5
    endloop
  endfacet
  facet normal -0.221883 -0.671485 -0.707019
    outer loop
      vertex -5.07998 -16.7465 0.5
      vertex -5.89557 -16.477 0.5
      vertex -5.72713 -16.0062 0
    endloop
  endfacet
  facet normal 0.659817 -0.254495 -0.707018
    outer loop
      vertex 16.1679 -6.69696 0.5
      vertex 16.0062 -5.72713 0
      vertex 16.477 -5.89557 0.5
    endloop
  endfacet
  facet normal 0.0520403 0.70529 -0.707006
    outer loop
      vertex 1.66629 16.9181 0
      vertex 0.83415 16.9795 0
      vertex 1.7153 17.4157 0.5
    endloop
  endfacet
  facet normal 0.0865361 0.701892 -0.707008
    outer loop
      vertex 2.49442 16.816 0
      vertex 1.66629 16.9181 0
      vertex 2.56778 17.3106 0.5
    endloop
  endfacet
  facet normal -0.154958 0.690039 -0.70699
    outer loop
      vertex -4.13066 16.4905 0
      vertex -4.25215 16.9755 0.5
      vertex -3.41408 17.1637 0.5
    endloop
  endfacet
  facet normal -0.219107 0.975701 0
    outer loop
      vertex -3.41408 17.1637 0.5
      vertex -4.25215 16.9755 2.25
      vertex -3.41408 17.1637 2.25
    endloop
  endfacet
  facet normal -0.219107 0.975701 0
    outer loop
      vertex -4.25215 16.9755 2.25
      vertex -3.41408 17.1637 0.5
      vertex -4.25215 16.9755 0.5
    endloop
  endfacet
  facet normal -0.31375 0.949505 0
    outer loop
      vertex -5.07998 16.7465 0.5
      vertex -5.89557 16.477 2.25
      vertex -5.07998 16.7465 2.25
    endloop
  endfacet
  facet normal -0.31375 0.949505 0
    outer loop
      vertex -5.89557 16.477 2.25
      vertex -5.07998 16.7465 0.5
      vertex -5.89557 16.477 0.5
    endloop
  endfacet
  facet normal -0.359864 0.933005 0
    outer loop
      vertex -5.89557 16.477 0.5
      vertex -6.69696 16.1679 2.25
      vertex -5.89557 16.477 2.25
    endloop
  endfacet
  facet normal -0.359864 0.933005 0
    outer loop
      vertex -6.69696 16.1679 2.25
      vertex -5.89557 16.477 0.5
      vertex -6.69696 16.1679 0.5
    endloop
  endfacet
  facet normal -0.0520403 -0.70529 -0.707006
    outer loop
      vertex -0.83415 -16.9795 0
      vertex -1.7153 -17.4157 0.5
      vertex -1.66629 -16.9181 0
    endloop
  endfacet
  facet normal 0.0520357 -0.705295 -0.707002
    outer loop
      vertex 0.858684 -17.4789 0.5
      vertex 0.83415 -16.9795 0
      vertex 1.7153 -17.4157 0.5
    endloop
  endfacet
  facet normal -0.286607 0.646533 -0.707002
    outer loop
      vertex -7.26844 15.3678 0
      vertex -7.48221 15.8198 0.5
      vertex -6.69696 16.1679 0.5
    endloop
  endfacet
  facet normal -0.0173752 -0.707 -0.707
    outer loop
      vertex 0 -17.5 0.5
      vertex -0.83415 -16.9795 0
      vertex 0 -17 0
    endloop
  endfacet
  facet normal -0.690039 0.154958 -0.70699
    outer loop
      vertex -16.4905 4.13066 0
      vertex -17.1637 3.41408 0.5
      vertex -16.9755 4.25215 0.5
    endloop
  endfacet
  facet normal -0.55756 -0.435072 0.706993
    outer loop
      vertex -12.8513 -9.53119 3.75
      vertex -14.0561 -10.4247 2.25
      vertex -12.3682 -10.1503 3.75
    endloop
  endfacet
  facet normal -0.435074 -0.557552 -0.706998
    outer loop
      vertex -10.1269 -13.6545 0
      vertex -11.1019 -13.5277 0.5
      vertex -10.7847 -13.1412 0
    endloop
  endfacet
  facet normal 0.659838 0.254501 0.706996
    outer loop
      vertex 16.1679 6.69696 2.25
      vertex 14.7821 6.12293 3.75
      vertex 15.0647 5.39024 3.75
    endloop
  endfacet
  facet normal -0.435067 0.557584 -0.706977
    outer loop
      vertex -10.1269 13.6545 0
      vertex -11.1019 13.5277 0.5
      vertex -10.4247 14.0561 0.5
    endloop
  endfacet
  facet normal -0.615165 0.788398 0
    outer loop
      vertex -10.4247 14.0561 0.5
      vertex -11.1019 13.5277 2.25
      vertex -10.4247 14.0561 2.25
    endloop
  endfacet
  facet normal -0.615165 0.788398 0
    outer loop
      vertex -11.1019 13.5277 2.25
      vertex -10.4247 14.0561 0.5
      vertex -11.1019 13.5277 0.5
    endloop
  endfacet
  facet normal 0.949505 0.31375 0
    outer loop
      vertex 16.7465 5.07998 2.25
      vertex 16.477 5.89557 0.5
      vertex 16.477 5.89557 2.25
    endloop
  endfacet
  facet normal 0.949505 0.31375 0
    outer loop
      vertex 16.477 5.89557 0.5
      vertex 16.7465 5.07998 2.25
      vertex 16.7465 5.07998 0.5
    endloop
  endfacet
  facet normal 0.615362 0.348537 0.707002
    outer loop
      vertex 15.0103 8.9968 2.25
      vertex 13.7237 8.22564 3.75
      vertex 15.4336 8.24944 2.25
    endloop
  endfacet
  facet normal 0.578191 0.407242 0.707
    outer loop
      vertex 14.0561 10.4247 2.25
      vertex 13.3035 8.88912 3.75
      vertex 14.5507 9.72248 2.25
    endloop
  endfacet
  facet normal 0.578206 0.407252 -0.706982
    outer loop
      vertex 14.135 9.44469 0
      vertex 14.0561 10.4247 0.5
      vertex 14.5507 9.72248 0.5
    endloop
  endfacet
  facet normal 0.461962 0.535485 0.706999
    outer loop
      vertex 11.1019 13.5277 2.25
      vertex 10.1503 12.3682 3.75
      vertex 11.7523 12.9666 2.25
    endloop
  endfacet
  facet normal 0.535054 0.844818 -0
    outer loop
      vertex 9.72248 14.5507 0.5
      vertex 8.9968 15.0103 2.25
      vertex 9.72248 14.5507 2.25
    endloop
  endfacet
  facet normal 0.535054 0.844818 0
    outer loop
      vertex 8.9968 15.0103 2.25
      vertex 9.72248 14.5507 0.5
      vertex 8.9968 15.0103 0.5
    endloop
  endfacet
  facet normal -0.435072 -0.55756 0.706993
    outer loop
      vertex -10.1503 -12.3682 3.75
      vertex -10.4247 -14.0561 2.25
      vertex -9.53119 -12.8513 3.75
    endloop
  endfacet
  facet normal 0.492833 0.870124 -0
    outer loop
      vertex 8.9968 15.0103 0.5
      vertex 8.24944 15.4336 2.25
      vertex 8.9968 15.0103 2.25
    endloop
  endfacet
  facet normal 0.492833 0.870124 0
    outer loop
      vertex 8.24944 15.4336 2.25
      vertex 8.9968 15.0103 0.5
      vertex 8.24944 15.4336 0.5
    endloop
  endfacet
  facet normal -0.0865345 -0.701893 -0.707006
    outer loop
      vertex -1.7153 -17.4157 0.5
      vertex -2.56778 -17.3106 0.5
      vertex -1.66629 -16.9181 0
    endloop
  endfacet
  facet normal -0.690027 -0.154935 -0.707006
    outer loop
      vertex -16.4905 -4.13066 0
      vertex -17.1637 -3.41408 0.5
      vertex -16.6733 -3.31653 0
    endloop
  endfacet
  facet normal 0.120947 -0.696787 -0.707007
    outer loop
      vertex 2.56778 -17.3106 0.5
      vertex 2.49442 -16.816 0
      vertex 3.31653 -16.6733 0
    endloop
  endfacet
  facet normal 0.487633 0.512254 -0.706972
    outer loop
      vertex 12.3744 12.3744 0.5
      vertex 11.4165 12.5962 0
      vertex 11.7523 12.9666 0.5
    endloop
  endfacet
  facet normal 0.378347 -0.597473 -0.707021
    outer loop
      vertex 8.9968 -15.0103 0.5
      vertex 8.73975 -14.5814 0
      vertex 9.44469 -14.135 0
    endloop
  endfacet
  facet normal 0.696788 0.120948 -0.707007
    outer loop
      vertex 17.3106 2.56778 0.5
      vertex 16.6733 3.31653 0
      vertex 17.1637 3.41408 0.5
    endloop
  endfacet
  facet normal -0.286607 -0.646533 -0.707002
    outer loop
      vertex -6.69696 -16.1679 0.5
      vertex -7.48221 -15.8198 0.5
      vertex -7.26844 -15.3678 0
    endloop
  endfacet
  facet normal 0.348587 0.615311 -0.707022
    outer loop
      vertex 8.73975 14.5814 0
      vertex 8.01374 14.9927 0
      vertex 8.9968 15.0103 0.5
    endloop
  endfacet
  facet normal 0.317994 0.631731 -0.706963
    outer loop
      vertex 8.01374 14.9927 0
      vertex 7.48221 15.8198 0.5
      vertex 8.24944 15.4336 0.5
    endloop
  endfacet
  facet normal 0.631731 0.317994 -0.706963
    outer loop
      vertex 15.8198 7.48221 0.5
      vertex 14.9927 8.01374 0
      vertex 15.4336 8.24944 0.5
    endloop
  endfacet
  facet normal -0.615395 -0.348556 -0.706964
    outer loop
      vertex -15.0103 -8.9968 0.5
      vertex -15.4336 -8.24944 0.5
      vertex -14.9927 -8.01374 0
    endloop
  endfacet
  facet normal -0.578212 -0.407251 -0.706978
    outer loop
      vertex -14.0561 -10.4247 0.5
      vertex -14.135 -9.44469 0
      vertex -13.6545 -10.1269 0
    endloop
  endfacet
  facet normal -0.557568 -0.435054 0.706998
    outer loop
      vertex -12.3682 -10.1503 3.75
      vertex -14.0561 -10.4247 2.25
      vertex -13.5277 -11.1019 2.25
    endloop
  endfacet
  facet normal -0.0173752 0.707 -0.707
    outer loop
      vertex 0 17 0
      vertex -0.83415 16.9795 0
      vertex 0 17.5 0.5
    endloop
  endfacet
  facet normal -0.89322 -0.44962 0
    outer loop
      vertex -15.4336 -8.24944 0.5
      vertex -15.8198 -7.48221 2.25
      vertex -15.8198 -7.48221 0.5
    endloop
  endfacet
  facet normal -0.89322 -0.44962 0
    outer loop
      vertex -15.8198 -7.48221 2.25
      vertex -15.4336 -8.24944 0.5
      vertex -15.4336 -8.24944 2.25
    endloop
  endfacet
  facet normal -0.578206 -0.407252 -0.706982
    outer loop
      vertex -14.0561 -10.4247 0.5
      vertex -14.5507 -9.72248 0.5
      vertex -14.135 -9.44469 0
    endloop
  endfacet
  facet normal -0.659817 -0.254495 -0.707018
    outer loop
      vertex -16.1679 -6.69696 0.5
      vertex -16.477 -5.89557 0.5
      vertex -16.0062 -5.72713 0
    endloop
  endfacet
  facet normal -0.671485 0.221883 -0.707019
    outer loop
      vertex -16.0062 5.72713 0
      vertex -16.7465 5.07998 0.5
      vertex -16.477 5.89557 0.5
    endloop
  endfacet
  facet normal -0.254461 -0.659878 -0.706973
    outer loop
      vertex -5.72713 -16.0062 0
      vertex -6.69696 -16.1679 0.5
      vertex -6.50562 -15.706 0
    endloop
  endfacet
  facet normal -0.659878 -0.254461 -0.706973
    outer loop
      vertex -15.706 -6.50562 0
      vertex -16.1679 -6.69696 0.5
      vertex -16.0062 -5.72713 0
    endloop
  endfacet
  facet normal 0.615311 0.348587 -0.707022
    outer loop
      vertex 14.9927 8.01374 0
      vertex 14.5814 8.73975 0
      vertex 15.0103 8.9968 0.5
    endloop
  endfacet
  facet normal -0.689487 -0.724299 0
    outer loop
      vertex -12.3744 -12.3744 0.5
      vertex -11.7523 -12.9666 2.25
      vertex -12.3744 -12.3744 2.25
    endloop
  endfacet
  facet normal -0.689487 -0.724299 -0
    outer loop
      vertex -11.7523 -12.9666 2.25
      vertex -12.3744 -12.3744 0.5
      vertex -11.7523 -12.9666 0.5
    endloop
  endfacet
  facet normal -0.701893 0.0865345 -0.707006
    outer loop
      vertex -16.9181 1.66629 0
      vertex -17.4157 1.7153 0.5
      vertex -17.3106 2.56778 0.5
    endloop
  endfacet
  facet normal -0.407242 -0.578191 0.707
    outer loop
      vertex -8.88912 -13.3035 3.75
      vertex -10.4247 -14.0561 2.25
      vertex -9.72248 -14.5507 2.25
    endloop
  endfacet
  facet normal -0.44962 -0.89322 0
    outer loop
      vertex -8.24944 -15.4336 0.5
      vertex -7.48221 -15.8198 2.25
      vertex -8.24944 -15.4336 2.25
    endloop
  endfacet
  facet normal -0.44962 -0.89322 -0
    outer loop
      vertex -7.48221 -15.8198 2.25
      vertex -8.24944 -15.4336 0.5
      vertex -7.48221 -15.8198 0.5
    endloop
  endfacet
  facet normal -0.681615 -0.188589 -0.70699
    outer loop
      vertex -16.268 -4.93484 0
      vertex -16.9755 -4.25215 0.5
      vertex -16.4905 -4.13066 0
    endloop
  endfacet
  facet normal -0.378347 0.597473 -0.707021
    outer loop
      vertex -8.73975 14.5814 0
      vertex -9.44469 14.135 0
      vertex -8.9968 15.0103 0.5
    endloop
  endfacet
  facet normal -0.681596 -0.188548 -0.707019
    outer loop
      vertex -16.7465 -5.07998 0.5
      vertex -16.9755 -4.25215 0.5
      vertex -16.268 -4.93484 0
    endloop
  endfacet
  facet normal -0.671485 -0.221882 -0.707019
    outer loop
      vertex -16.0062 -5.72713 0
      vertex -16.7465 -5.07998 0.5
      vertex -16.268 -4.93484 0
    endloop
  endfacet
  facet normal 0.701893 0.0865345 -0.707006
    outer loop
      vertex 17.4157 1.7153 0.5
      vertex 16.9181 1.66629 0
      vertex 17.3106 2.56778 0.5
    endloop
  endfacet
  facet normal 0.487633 -0.512254 -0.706972
    outer loop
      vertex 11.7523 -12.9666 0.5
      vertex 11.4165 -12.5962 0
      vertex 12.3744 -12.3744 0.5
    endloop
  endfacet
  facet normal -0.348587 0.615311 -0.707022
    outer loop
      vertex -8.73975 14.5814 0
      vertex -8.9968 15.0103 0.5
      vertex -8.01374 14.9927 0
    endloop
  endfacet
  facet normal 0.461981 -0.535506 -0.70697
    outer loop
      vertex 11.7523 -12.9666 0.5
      vertex 11.1019 -13.5277 0.5
      vertex 11.4165 -12.5962 0
    endloop
  endfacet
  facet normal 0.512138 -0.487646 -0.707047
    outer loop
      vertex 12.3744 -12.3744 0.5
      vertex 12.0208 -12.0208 0
      vertex 12.5962 -11.4165 0
    endloop
  endfacet
  facet normal -0.22189 0.671506 0.706997
    outer loop
      vertex -5.07998 16.7465 2.25
      vertex -5.89557 16.477 2.25
      vertex -5.39024 15.0647 3.75
    endloop
  endfacet
  facet normal -0.44962 0.89322 0
    outer loop
      vertex -7.48221 15.8198 0.5
      vertex -8.24944 15.4336 2.25
      vertex -7.48221 15.8198 2.25
    endloop
  endfacet
  facet normal -0.44962 0.89322 0
    outer loop
      vertex -8.24944 15.4336 2.25
      vertex -7.48221 15.8198 0.5
      vertex -8.24944 15.4336 0.5
    endloop
  endfacet
  facet normal -0.317976 0.631694 0.707003
    outer loop
      vertex -7.48221 15.8198 2.25
      vertex -8.24944 15.4336 2.25
      vertex -6.84088 14.4638 3.75
    endloop
  endfacet
  facet normal -0.120947 -0.696787 -0.707007
    outer loop
      vertex -2.56778 -17.3106 0.5
      vertex -3.31653 -16.6733 0
      vertex -2.49442 -16.816 0
    endloop
  endfacet
  facet normal 0.435074 -0.557552 -0.706998
    outer loop
      vertex 11.1019 -13.5277 0.5
      vertex 10.1269 -13.6545 0
      vertex 10.7847 -13.1412 0
    endloop
  endfacet
  facet normal -0.975701 0.219107 0
    outer loop
      vertex -17.1637 3.41408 0.5
      vertex -16.9755 4.25215 2.25
      vertex -16.9755 4.25215 0.5
    endloop
  endfacet
  facet normal -0.975701 0.219107 0
    outer loop
      vertex -16.9755 4.25215 2.25
      vertex -17.1637 3.41408 0.5
      vertex -17.1637 3.41408 2.25
    endloop
  endfacet
  facet normal -0.631731 0.317994 -0.706963
    outer loop
      vertex -14.9927 8.01374 0
      vertex -15.8198 7.48221 0.5
      vertex -15.4336 8.24944 0.5
    endloop
  endfacet
  facet normal -0.578191 -0.407242 0.707
    outer loop
      vertex -13.3035 -8.88912 3.75
      vertex -14.5507 -9.72248 2.25
      vertex -14.0561 -10.4247 2.25
    endloop
  endfacet
  facet normal -0.487633 -0.512254 -0.706972
    outer loop
      vertex -11.7523 -12.9666 0.5
      vertex -12.3744 -12.3744 0.5
      vertex -11.4165 -12.5962 0
    endloop
  endfacet
  facet normal 0.696787 -0.120947 -0.707007
    outer loop
      vertex 17.3106 -2.56778 0.5
      vertex 16.6733 -3.31653 0
      vertex 16.816 -2.49442 0
    endloop
  endfacet
  facet normal 0.535507 -0.461936 -0.706999
    outer loop
      vertex 13.5277 -11.1019 0.5
      vertex 12.5962 -11.4165 0
      vertex 13.1412 -10.7847 0
    endloop
  endfacet
  facet normal -0.701893 -0.0865345 -0.707006
    outer loop
      vertex -17.3106 -2.56778 0.5
      vertex -17.4157 -1.7153 0.5
      vertex -16.9181 -1.66629 0
    endloop
  endfacet
  facet normal 0.487646 0.512138 -0.707047
    outer loop
      vertex 12.0208 12.0208 0
      vertex 11.4165 12.5962 0
      vertex 12.3744 12.3744 0.5
    endloop
  endfacet
  facet normal 0.653214 0.757174 -0
    outer loop
      vertex 11.7523 12.9666 0.5
      vertex 11.1019 13.5277 2.25
      vertex 11.7523 12.9666 2.25
    endloop
  endfacet
  facet normal 0.653214 0.757174 0
    outer loop
      vertex 11.1019 13.5277 2.25
      vertex 11.7523 12.9666 0.5
      vertex 11.1019 13.5277 0.5
    endloop
  endfacet
  facet normal 0.461981 0.535506 -0.70697
    outer loop
      vertex 11.4165 12.5962 0
      vertex 11.1019 13.5277 0.5
      vertex 11.7523 12.9666 0.5
    endloop
  endfacet
  facet normal 0.378407 0.597482 -0.706982
    outer loop
      vertex 9.44469 14.135 0
      vertex 8.9968 15.0103 0.5
      vertex 9.72248 14.5507 0.5
    endloop
  endfacet
  facet normal 0.407252 0.578206 -0.706982
    outer loop
      vertex 10.4247 14.0561 0.5
      vertex 9.44469 14.135 0
      vertex 9.72248 14.5507 0.5
    endloop
  endfacet
  facet normal -0.701892 -0.0865361 -0.707008
    outer loop
      vertex -16.816 -2.49442 0
      vertex -17.3106 -2.56778 0.5
      vertex -16.9181 -1.66629 0
    endloop
  endfacet
  facet normal 0.597473 0.378347 -0.707021
    outer loop
      vertex 14.5814 8.73975 0
      vertex 14.135 9.44469 0
      vertex 15.0103 8.9968 0.5
    endloop
  endfacet
  facet normal 0.435067 -0.557584 -0.706977
    outer loop
      vertex 10.4247 -14.0561 0.5
      vertex 10.1269 -13.6545 0
      vertex 11.1019 -13.5277 0.5
    endloop
  endfacet
  facet normal -0.597482 -0.378407 -0.706982
    outer loop
      vertex -14.5507 -9.72248 0.5
      vertex -15.0103 -8.9968 0.5
      vertex -14.135 -9.44469 0
    endloop
  endfacet
  facet normal -0.659817 0.254495 -0.707018
    outer loop
      vertex -16.0062 5.72713 0
      vertex -16.477 5.89557 0.5
      vertex -16.1679 6.69696 0.5
    endloop
  endfacet
  facet normal -0.707 -0.0173752 -0.707
    outer loop
      vertex -16.9795 -0.83415 0
      vertex -17.5 0 0.5
      vertex -17 0 0
    endloop
  endfacet
  facet normal 0.378407 -0.597482 -0.706982
    outer loop
      vertex 9.72248 -14.5507 0.5
      vertex 8.9968 -15.0103 0.5
      vertex 9.44469 -14.135 0
    endloop
  endfacet
  facet normal -0.681596 0.188548 -0.707019
    outer loop
      vertex -16.268 4.93484 0
      vertex -16.9755 4.25215 0.5
      vertex -16.7465 5.07998 0.5
    endloop
  endfacet
  facet normal -0.963803 0.266614 0
    outer loop
      vertex -16.9755 4.25215 0.5
      vertex -16.7465 5.07998 2.25
      vertex -16.7465 5.07998 0.5
    endloop
  endfacet
  facet normal -0.963803 0.266614 0
    outer loop
      vertex -16.7465 5.07998 2.25
      vertex -16.9755 4.25215 0.5
      vertex -16.9755 4.25215 2.25
    endloop
  endfacet
  facet normal -0.9142 0.405263 0
    outer loop
      vertex -16.1679 6.69696 0.5
      vertex -15.8198 7.48221 2.25
      vertex -15.8198 7.48221 0.5
    endloop
  endfacet
  facet normal -0.9142 0.405263 0
    outer loop
      vertex -15.8198 7.48221 2.25
      vertex -16.1679 6.69696 0.5
      vertex -16.1679 6.69696 2.25
    endloop
  endfacet
  facet normal -0.461981 -0.535506 -0.70697
    outer loop
      vertex -11.1019 -13.5277 0.5
      vertex -11.7523 -12.9666 0.5
      vertex -11.4165 -12.5962 0
    endloop
  endfacet
  facet normal -0.461936 -0.535507 -0.706999
    outer loop
      vertex -11.1019 -13.5277 0.5
      vertex -11.4165 -12.5962 0
      vertex -10.7847 -13.1412 0
    endloop
  endfacet
  facet normal 0.461936 -0.535507 -0.706999
    outer loop
      vertex 11.1019 -13.5277 0.5
      vertex 10.7847 -13.1412 0
      vertex 11.4165 -12.5962 0
    endloop
  endfacet
  facet normal 0.689487 0.724299 -0
    outer loop
      vertex 12.3744 12.3744 0.5
      vertex 11.7523 12.9666 2.25
      vertex 12.3744 12.3744 2.25
    endloop
  endfacet
  facet normal 0.689487 0.724299 0
    outer loop
      vertex 11.7523 12.9666 2.25
      vertex 12.3744 12.3744 0.5
      vertex 11.7523 12.9666 0.5
    endloop
  endfacet
  facet normal -0.597473 -0.378347 -0.707021
    outer loop
      vertex -14.135 -9.44469 0
      vertex -15.0103 -8.9968 0.5
      vertex -14.5814 -8.73975 0
    endloop
  endfacet
  facet normal 0.348587 -0.615311 -0.707022
    outer loop
      vertex 8.9968 -15.0103 0.5
      vertex 8.01374 -14.9927 0
      vertex 8.73975 -14.5814 0
    endloop
  endfacet
  facet normal -0.70529 -0.0520403 -0.707006
    outer loop
      vertex -16.9181 -1.66629 0
      vertex -17.4157 -1.7153 0.5
      vertex -16.9795 -0.83415 0
    endloop
  endfacet
  facet normal 0 0 -1
    outer loop
      vertex 14.8897 -0.0141305 0
      vertex 17 0 0
      vertex 16.9795 -0.83415 0
    endloop
  endfacet
  facet normal 0 0 -1
    outer loop
      vertex 14.8721 -0.730617 0
      vertex 16.9795 -0.83415 0
      vertex 16.9181 -1.66629 0
    endloop
  endfacet
  facet normal -0 0 -1
    outer loop
      vertex 17 0 0
      vertex 14.8897 -0.0141305 0
      vertex 14.89 0 0
    endloop
  endfacet
  facet normal 0 0 -1
    outer loop
      vertex 14.8183 -1.45947 0
      vertex 16.9181 -1.66629 0
      vertex 16.816 -2.49442 0
    endloop
  endfacet
  facet normal 0 0 -1
    outer loop
      vertex 14.8897 0.0141305 0
      vertex 17 0 0
      vertex 14.89 0 0
    endloop
  endfacet
  facet normal 0 0 -1
    outer loop
      vertex 14.7288 -2.18482 0
      vertex 16.816 -2.49442 0
      vertex 16.6733 -3.31653 0
    endloop
  endfacet
  facet normal 0 0 -1
    outer loop
      vertex 17 0 0
      vertex 14.8897 0.0141305 0
      vertex 16.9795 0.83415 0
    endloop
  endfacet
  facet normal 0 0 -1
    outer loop
      vertex 14.6039 -2.90489 0
      vertex 16.6733 -3.31653 0
      vertex 16.4905 -4.13066 0
    endloop
  endfacet
  facet normal 0 0 -1
    outer loop
      vertex 14.8721 0.730617 0
      vertex 16.9795 0.83415 0
      vertex 14.8897 0.0141305 0
    endloop
  endfacet
  facet normal 0 0 -1
    outer loop
      vertex 14.44 -3.6316 0
      vertex 16.4905 -4.13066 0
      vertex 16.268 -4.93484 0
    endloop
  endfacet
  facet normal -0 0 -1
    outer loop
      vertex 16.9795 0.83415 0
      vertex 14.8721 0.730617 0
      vertex 16.9181 1.66629 0
    endloop
  endfacet
  facet normal 0 0 -1
    outer loop
      vertex 14.2444 -4.33576 0
      vertex 16.268 -4.93484 0
      vertex 16.0062 -5.72713 0
    endloop
  endfacet
  facet normal 0 0 -1
    outer loop
      vertex 14.8193 1.44538 0
      vertex 16.9181 1.66629 0
      vertex 14.8721 0.730617 0
    endloop
  endfacet
  facet normal 0 0 -1
    outer loop
      vertex 14.0196 -5.01629 0
      vertex 16.0062 -5.72713 0
      vertex 15.706 -6.50562 0
    endloop
  endfacet
  facet normal 0 0 -1
    outer loop
      vertex 14.8183 1.45947 0
      vertex 16.9181 1.66629 0
      vertex 14.8193 1.44538 0
    endloop
  endfacet
  facet normal 0 0 -1
    outer loop
      vertex 13.7566 -5.69816 0
      vertex 15.706 -6.50562 0
      vertex 15.3678 -7.26844 0
    endloop
  endfacet
  facet normal 0 0 -1
    outer loop
      vertex 14.7306 2.17079 0
      vertex 16.816 2.49442 0
      vertex 14.8183 1.45947 0
    endloop
  endfacet
  facet normal 0 0 -1
    outer loop
      vertex 13.454 -6.37892 0
      vertex 15.3678 -7.26844 0
      vertex 14.9927 -8.01374 0
    endloop
  endfacet
  facet normal 0 0 -1
    outer loop
      vertex 14.7288 2.18482 0
      vertex 16.816 2.49442 0
      vertex 14.7306 2.17079 0
    endloop
  endfacet
  facet normal -0 0 -1
    outer loop
      vertex 16.816 2.49442 0
      vertex 14.7288 2.18482 0
      vertex 16.6733 3.31653 0
    endloop
  endfacet
  facet normal -0 0 -1
    outer loop
      vertex 16.9181 1.66629 0
      vertex 14.8183 1.45947 0
      vertex 16.816 2.49442 0
    endloop
  endfacet
  facet normal 0 0 -1
    outer loop
      vertex 16.9795 -0.83415 0
      vertex 14.8721 -0.730617 0
      vertex 14.8897 -0.0141305 0
    endloop
  endfacet
  facet normal 0 0 -1
    outer loop
      vertex 16.9181 -1.66629 0
      vertex 14.8193 -1.44538 0
      vertex 14.8721 -0.730617 0
    endloop
  endfacet
  facet normal 0 0 -1
    outer loop
      vertex 16.9181 -1.66629 0
      vertex 14.8183 -1.45947 0
      vertex 14.8193 -1.44538 0
    endloop
  endfacet
  facet normal 0 0 -1
    outer loop
      vertex 16.816 -2.49442 0
      vertex 14.7306 -2.17079 0
      vertex 14.8183 -1.45947 0
    endloop
  endfacet
  facet normal 0 0 -1
    outer loop
      vertex 16.816 -2.49442 0
      vertex 14.7288 -2.18482 0
      vertex 14.7306 -2.17079 0
    endloop
  endfacet
  facet normal 0 0 -1
    outer loop
      vertex 16.6733 -3.31653 0
      vertex 14.6063 -2.89097 0
      vertex 14.7288 -2.18482 0
    endloop
  endfacet
  facet normal 0 0 -1
    outer loop
      vertex 16.6733 -3.31653 0
      vertex 14.6039 -2.90489 0
      vertex 14.6063 -2.89097 0
    endloop
  endfacet
  facet normal 0 0 -1
    outer loop
      vertex 13.1318 -7.0191 0
      vertex 14.9927 -8.01374 0
      vertex 14.5814 -8.73975 0
    endloop
  endfacet
  facet normal 0 0 -1
    outer loop
      vertex 16.4905 -4.13066 0
      vertex 14.4469 -3.60418 0
      vertex 14.6039 -2.90489 0
    endloop
  endfacet
  facet normal 0 0 -1
    outer loop
      vertex 16.4905 -4.13066 0
      vertex 14.4438 -3.61797 0
      vertex 14.4469 -3.60418 0
    endloop
  endfacet
  facet normal 0 0 -1
    outer loop
      vertex 16.4905 -4.13066 0
      vertex 14.44 -3.6316 0
      vertex 14.4438 -3.61797 0
    endloop
  endfacet
  facet normal 0 0 -1
    outer loop
      vertex 16.268 -4.93484 0
      vertex 14.2488 -4.32234 0
      vertex 14.44 -3.6316 0
    endloop
  endfacet
  facet normal 0 0 -1
    outer loop
      vertex 16.268 -4.93484 0
      vertex 14.2444 -4.33576 0
      vertex 14.2488 -4.32234 0
    endloop
  endfacet
  facet normal 0 0 -1
    outer loop
      vertex 12.7716 -7.65499 0
      vertex 14.5814 -8.73975 0
      vertex 14.135 -9.44469 0
    endloop
  endfacet
  facet normal 0 0 -1
    outer loop
      vertex 16.0062 -5.72713 0
      vertex 14.0196 -5.01629 0
      vertex 14.2444 -4.33576 0
    endloop
  endfacet
  facet normal 0 0 -1
    outer loop
      vertex 15.706 -6.50562 0
      vertex 13.7617 -5.68497 0
      vertex 14.0196 -5.01629 0
    endloop
  endfacet
  facet normal 0 0 -1
    outer loop
      vertex 15.706 -6.50562 0
      vertex 13.7566 -5.69816 0
      vertex 13.7617 -5.68497 0
    endloop
  endfacet
  facet normal 0 0 -1
    outer loop
      vertex 12.3724 -8.284 0
      vertex 14.135 -9.44469 0
      vertex 13.6545 -10.1269 0
    endloop
  endfacet
  facet normal 0 0 -1
    outer loop
      vertex 15.3678 -7.26844 0
      vertex 13.4661 -6.35337 0
      vertex 13.7566 -5.69816 0
    endloop
  endfacet
  facet normal 0 0 -1
    outer loop
      vertex 15.3678 -7.26844 0
      vertex 13.4604 -6.36629 0
      vertex 13.4661 -6.35337 0
    endloop
  endfacet
  facet normal 0 0 -1
    outer loop
      vertex 15.3678 -7.26844 0
      vertex 13.454 -6.37892 0
      vertex 13.4604 -6.36629 0
    endloop
  endfacet
  facet normal 0 0 -1
    outer loop
      vertex 11.9598 -8.86996 0
      vertex 13.6545 -10.1269 0
      vertex 13.1412 -10.7847 0
    endloop
  endfacet
  facet normal 0 0 -1
    outer loop
      vertex 14.9927 -8.01374 0
      vertex 13.1318 -7.0191 0
      vertex 13.454 -6.37892 0
    endloop
  endfacet
  facet normal 0 0 -1
    outer loop
      vertex 14.5814 -8.73975 0
      vertex 12.7785 -7.64269 0
      vertex 13.1318 -7.0191 0
    endloop
  endfacet
  facet normal 0 0 -1
    outer loop
      vertex 14.5814 -8.73975 0
      vertex 12.7716 -7.65499 0
      vertex 12.7785 -7.64269 0
    endloop
  endfacet
  facet normal 0 0 -1
    outer loop
      vertex 11.5009 -9.45682 0
      vertex 13.1412 -10.7847 0
      vertex 12.5962 -11.4165 0
    endloop
  endfacet
  facet normal 0 0 -1
    outer loop
      vertex 14.135 -9.44469 0
      vertex 12.3881 -8.2605 0
      vertex 12.7716 -7.65499 0
    endloop
  endfacet
  facet normal 0 0 -1
    outer loop
      vertex 14.135 -9.44469 0
      vertex 12.3806 -8.27244 0
      vertex 12.3881 -8.2605 0
    endloop
  endfacet
  facet normal 0 0 -1
    outer loop
      vertex 14.135 -9.44469 0
      vertex 12.3724 -8.284 0
      vertex 12.3806 -8.27244 0
    endloop
  endfacet
  facet normal 0 0 -1
    outer loop
      vertex 11.0328 -9.99951 0
      vertex 12.5962 -11.4165 0
      vertex 12.0208 -12.0208 0
    endloop
  endfacet
  facet normal 0 0 -1
    outer loop
      vertex 13.6545 -10.1269 0
      vertex 11.9598 -8.86996 0
      vertex 12.3724 -8.284 0
    endloop
  endfacet
  facet normal 0 0 -1
    outer loop
      vertex 13.1412 -10.7847 0
      vertex 11.5188 -9.43497 0
      vertex 11.9598 -8.86996 0
    endloop
  endfacet
  facet normal 0 0 -1
    outer loop
      vertex 13.1412 -10.7847 0
      vertex 11.5101 -9.44612 0
      vertex 11.5188 -9.43497 0
    endloop
  endfacet
  facet normal 0 0 -1
    outer loop
      vertex 13.1412 -10.7847 0
      vertex 11.5009 -9.45682 0
      vertex 11.5101 -9.44612 0
    endloop
  endfacet
  facet normal 0 0 -1
    outer loop
      vertex 10.5186 -10.5386 0
      vertex 12.0208 -12.0208 0
      vertex 11.4165 -12.5962 0
    endloop
  endfacet
  facet normal 0 0 -1
    outer loop
      vertex 12.5962 -11.4165 0
      vertex 11.0328 -9.99951 0
      vertex 11.5009 -9.45682 0
    endloop
  endfacet
  facet normal 0 0 -1
    outer loop
      vertex 9.99951 -11.0328 0
      vertex 11.4165 -12.5962 0
      vertex 10.7847 -13.1412 0
    endloop
  endfacet
  facet normal 0 0 -1
    outer loop
      vertex 12.0208 -12.0208 0
      vertex 10.5386 -10.5186 0
      vertex 11.0328 -9.99951 0
    endloop
  endfacet
  facet normal 0 0 -1
    outer loop
      vertex 12.0208 -12.0208 0
      vertex 10.5288 -10.5288 0
      vertex 10.5386 -10.5186 0
    endloop
  endfacet
  facet normal 0 0 -1
    outer loop
      vertex 12.0208 -12.0208 0
      vertex 10.5186 -10.5386 0
      vertex 10.5288 -10.5288 0
    endloop
  endfacet
  facet normal 0 0 -1
    outer loop
      vertex 9.43497 -11.5188 0
      vertex 10.7847 -13.1412 0
      vertex 10.1269 -13.6545 0
    endloop
  endfacet
  facet normal 0 0 -1
    outer loop
      vertex 11.4165 -12.5962 0
      vertex 9.99951 -11.0328 0
      vertex 10.5186 -10.5386 0
    endloop
  endfacet
  facet normal 0 0 -1
    outer loop
      vertex 10.7847 -13.1412 0
      vertex 9.45682 -11.5009 0
      vertex 9.99951 -11.0328 0
    endloop
  endfacet
  facet normal 0 0 -1
    outer loop
      vertex 10.7847 -13.1412 0
      vertex 9.44612 -11.5101 0
      vertex 9.45682 -11.5009 0
    endloop
  endfacet
  facet normal 0 0 -1
    outer loop
      vertex 8.86996 -11.9598 0
      vertex 10.1269 -13.6545 0
      vertex 9.44469 -14.135 0
    endloop
  endfacet
  facet normal 0 0 -1
    outer loop
      vertex 10.7847 -13.1412 0
      vertex 9.43497 -11.5188 0
      vertex 9.44612 -11.5101 0
    endloop
  endfacet
  facet normal 0 0 -1
    outer loop
      vertex 10.1269 -13.6545 0
      vertex 8.86996 -11.9598 0
      vertex 9.43497 -11.5188 0
    endloop
  endfacet
  facet normal 0 0 -1
    outer loop
      vertex 8.2605 -12.3881 0
      vertex 9.44469 -14.135 0
      vertex 8.73975 -14.5814 0
    endloop
  endfacet
  facet normal 0 0 -1
    outer loop
      vertex 9.44469 -14.135 0
      vertex 8.284 -12.3724 0
      vertex 8.86996 -11.9598 0
    endloop
  endfacet
  facet normal 0 0 -1
    outer loop
      vertex 9.44469 -14.135 0
      vertex 8.27244 -12.3806 0
      vertex 8.284 -12.3724 0
    endloop
  endfacet
  facet normal 0 0 -1
    outer loop
      vertex 9.44469 -14.135 0
      vertex 8.2605 -12.3881 0
      vertex 8.27244 -12.3806 0
    endloop
  endfacet
  facet normal 0 0 -1
    outer loop
      vertex 7.64269 -12.7785 0
      vertex 8.73975 -14.5814 0
      vertex 8.01374 -14.9927 0
    endloop
  endfacet
  facet normal 0 0 -1
    outer loop
      vertex 8.73975 -14.5814 0
      vertex 7.65499 -12.7716 0
      vertex 8.2605 -12.3881 0
    endloop
  endfacet
  facet normal 0 0 -1
    outer loop
      vertex 8.73975 -14.5814 0
      vertex 7.64269 -12.7785 0
      vertex 7.65499 -12.7716 0
    endloop
  endfacet
  facet normal 0 0 -1
    outer loop
      vertex 7.0191 -13.1318 0
      vertex 8.01374 -14.9927 0
      vertex 7.26844 -15.3678 0
    endloop
  endfacet
  facet normal 0 0 -1
    outer loop
      vertex 8.01374 -14.9927 0
      vertex 7.0191 -13.1318 0
      vertex 7.64269 -12.7785 0
    endloop
  endfacet
  facet normal 0 0 -1
    outer loop
      vertex 6.35337 -13.4661 0
      vertex 7.26844 -15.3678 0
      vertex 6.50562 -15.706 0
    endloop
  endfacet
  facet normal 0 0 -1
    outer loop
      vertex 7.26844 -15.3678 0
      vertex 6.37892 -13.454 0
      vertex 7.0191 -13.1318 0
    endloop
  endfacet
  facet normal 0 0 -1
    outer loop
      vertex 7.26844 -15.3678 0
      vertex 6.36629 -13.4604 0
      vertex 6.37892 -13.454 0
    endloop
  endfacet
  facet normal 0 0 -1
    outer loop
      vertex 7.26844 -15.3678 0
      vertex 6.35337 -13.4661 0
      vertex 6.36629 -13.4604 0
    endloop
  endfacet
  facet normal 0 0 -1
    outer loop
      vertex 5.68497 -13.7617 0
      vertex 6.50562 -15.706 0
      vertex 5.72713 -16.0062 0
    endloop
  endfacet
  facet normal 0 0 -1
    outer loop
      vertex 6.50562 -15.706 0
      vertex 5.69816 -13.7566 0
      vertex 6.35337 -13.4661 0
    endloop
  endfacet
  facet normal 0 0 -1
    outer loop
      vertex 6.50562 -15.706 0
      vertex 5.68497 -13.7617 0
      vertex 5.69816 -13.7566 0
    endloop
  endfacet
  facet normal 0 0 -1
    outer loop
      vertex 5.72713 -16.0062 0
      vertex 5.01629 -14.0196 0
      vertex 5.68497 -13.7617 0
    endloop
  endfacet
  facet normal 0 0 -1
    outer loop
      vertex 4.93484 -16.268 0
      vertex 5.01629 -14.0196 0
      vertex 5.72713 -16.0062 0
    endloop
  endfacet
  facet normal 0 0 -1
    outer loop
      vertex 4.93484 -16.268 0
      vertex 4.33576 -14.2444 0
      vertex 5.01629 -14.0196 0
    endloop
  endfacet
  facet normal 0 0 -1
    outer loop
      vertex 4.93484 -16.268 0
      vertex 4.32234 -14.2488 0
      vertex 4.33576 -14.2444 0
    endloop
  endfacet
  facet normal 0 0 -1
    outer loop
      vertex 4.13066 -16.4905 0
      vertex 4.32234 -14.2488 0
      vertex 4.93484 -16.268 0
    endloop
  endfacet
  facet normal 0 0 -1
    outer loop
      vertex 4.13066 -16.4905 0
      vertex 3.6316 -14.44 0
      vertex 4.32234 -14.2488 0
    endloop
  endfacet
  facet normal 0 0 -1
    outer loop
      vertex 4.13066 -16.4905 0
      vertex 3.61797 -14.4438 0
      vertex 3.6316 -14.44 0
    endloop
  endfacet
  facet normal 0 0 -1
    outer loop
      vertex 4.13066 -16.4905 0
      vertex 3.60418 -14.4469 0
      vertex 3.61797 -14.4438 0
    endloop
  endfacet
  facet normal 0 0 -1
    outer loop
      vertex 3.31653 -16.6733 0
      vertex 3.60418 -14.4469 0
      vertex 4.13066 -16.4905 0
    endloop
  endfacet
  facet normal 0 0 -1
    outer loop
      vertex 3.31653 -16.6733 0
      vertex 2.90489 -14.6039 0
      vertex 3.60418 -14.4469 0
    endloop
  endfacet
  facet normal 0 0 -1
    outer loop
      vertex 3.31653 -16.6733 0
      vertex 2.89097 -14.6063 0
      vertex 2.90489 -14.6039 0
    endloop
  endfacet
  facet normal 0 0 -1
    outer loop
      vertex 2.49442 -16.816 0
      vertex 2.89097 -14.6063 0
      vertex 3.31653 -16.6733 0
    endloop
  endfacet
  facet normal 0 0 -1
    outer loop
      vertex 2.49442 -16.816 0
      vertex 2.18482 -14.7288 0
      vertex 2.89097 -14.6063 0
    endloop
  endfacet
  facet normal 0 0 -1
    outer loop
      vertex 2.49442 -16.816 0
      vertex 2.17079 -14.7306 0
      vertex 2.18482 -14.7288 0
    endloop
  endfacet
  facet normal 0 0 -1
    outer loop
      vertex 1.66629 -16.9181 0
      vertex 2.17079 -14.7306 0
      vertex 2.49442 -16.816 0
    endloop
  endfacet
  facet normal 0 0 -1
    outer loop
      vertex 1.66629 -16.9181 0
      vertex 1.45947 -14.8183 0
      vertex 2.17079 -14.7306 0
    endloop
  endfacet
  facet normal 0 0 -1
    outer loop
      vertex 1.66629 -16.9181 0
      vertex 1.44538 -14.8193 0
      vertex 1.45947 -14.8183 0
    endloop
  endfacet
  facet normal 0 0 -1
    outer loop
      vertex 0.83415 -16.9795 0
      vertex 1.44538 -14.8193 0
      vertex 1.66629 -16.9181 0
    endloop
  endfacet
  facet normal 0 0 -1
    outer loop
      vertex 0.83415 -16.9795 0
      vertex 0.730617 -14.8721 0
      vertex 1.44538 -14.8193 0
    endloop
  endfacet
  facet normal 0 0 -1
    outer loop
      vertex 0.83415 -16.9795 0
      vertex 0.0141305 -14.8897 0
      vertex 0.730617 -14.8721 0
    endloop
  endfacet
  facet normal 0 0 -1
    outer loop
      vertex 0 -17 0
      vertex 0.0141305 -14.8897 0
      vertex 0.83415 -16.9795 0
    endloop
  endfacet
  facet normal 0 0 -1
    outer loop
      vertex 0 -17 0
      vertex 0 -14.89 0
      vertex 0.0141305 -14.8897 0
    endloop
  endfacet
  facet normal 0 0 -1
    outer loop
      vertex 0 -17 0
      vertex -0.0141305 -14.8897 0
      vertex 0 -14.89 0
    endloop
  endfacet
  facet normal 0 0 -1
    outer loop
      vertex 0 -17 0
      vertex -0.730617 -14.8721 0
      vertex -0.0141305 -14.8897 0
    endloop
  endfacet
  facet normal 0 0 -1
    outer loop
      vertex -0.83415 -16.9795 0
      vertex -0.730617 -14.8721 0
      vertex 0 -17 0
    endloop
  endfacet
  facet normal 0 0 -1
    outer loop
      vertex -0.83415 -16.9795 0
      vertex -1.44538 -14.8193 0
      vertex -0.730617 -14.8721 0
    endloop
  endfacet
  facet normal 0 0 -1
    outer loop
      vertex -1.66629 -16.9181 0
      vertex -1.44538 -14.8193 0
      vertex -0.83415 -16.9795 0
    endloop
  endfacet
  facet normal -0 0 -1
    outer loop
      vertex -1.44538 -14.8193 0
      vertex -1.66629 -16.9181 0
      vertex -1.45947 -14.8183 0
    endloop
  endfacet
  facet normal 0 0 -1
    outer loop
      vertex -1.66629 -16.9181 0
      vertex -2.17079 -14.7306 0
      vertex -1.45947 -14.8183 0
    endloop
  endfacet
  facet normal 0 0 -1
    outer loop
      vertex -2.49442 -16.816 0
      vertex -2.17079 -14.7306 0
      vertex -1.66629 -16.9181 0
    endloop
  endfacet
  facet normal -0 0 -1
    outer loop
      vertex -2.17079 -14.7306 0
      vertex -2.49442 -16.816 0
      vertex -2.18482 -14.7288 0
    endloop
  endfacet
  facet normal 0 0 -1
    outer loop
      vertex -2.49442 -16.816 0
      vertex -2.89097 -14.6063 0
      vertex -2.18482 -14.7288 0
    endloop
  endfacet
  facet normal 0 0 -1
    outer loop
      vertex -3.31653 -16.6733 0
      vertex -2.89097 -14.6063 0
      vertex -2.49442 -16.816 0
    endloop
  endfacet
  facet normal -0 0 -1
    outer loop
      vertex -2.89097 -14.6063 0
      vertex -3.31653 -16.6733 0
      vertex -2.90489 -14.6039 0
    endloop
  endfacet
  facet normal 0 0 -1
    outer loop
      vertex -3.31653 -16.6733 0
      vertex -3.60418 -14.4469 0
      vertex -2.90489 -14.6039 0
    endloop
  endfacet
  facet normal 0 0 -1
    outer loop
      vertex -4.13066 -16.4905 0
      vertex -3.60418 -14.4469 0
      vertex -3.31653 -16.6733 0
    endloop
  endfacet
  facet normal -0 0 -1
    outer loop
      vertex -3.60418 -14.4469 0
      vertex -4.13066 -16.4905 0
      vertex -3.61797 -14.4438 0
    endloop
  endfacet
  facet normal -0 0 -1
    outer loop
      vertex -3.61797 -14.4438 0
      vertex -4.13066 -16.4905 0
      vertex -3.6316 -14.44 0
    endloop
  endfacet
  facet normal 0 0 -1
    outer loop
      vertex -4.13066 -16.4905 0
      vertex -4.32234 -14.2488 0
      vertex -3.6316 -14.44 0
    endloop
  endfacet
  facet normal 0 0 -1
    outer loop
      vertex -4.93484 -16.268 0
      vertex -4.32234 -14.2488 0
      vertex -4.13066 -16.4905 0
    endloop
  endfacet
  facet normal -0 0 -1
    outer loop
      vertex -4.32234 -14.2488 0
      vertex -4.93484 -16.268 0
      vertex -4.33576 -14.2444 0
    endloop
  endfacet
  facet normal 0 0 -1
    outer loop
      vertex -4.93484 -16.268 0
      vertex -5.01629 -14.0196 0
      vertex -4.33576 -14.2444 0
    endloop
  endfacet
  facet normal 0 0 -1
    outer loop
      vertex -5.72713 -16.0062 0
      vertex -5.01629 -14.0196 0
      vertex -4.93484 -16.268 0
    endloop
  endfacet
  facet normal -0 0 -1
    outer loop
      vertex -5.01629 -14.0196 0
      vertex -5.72713 -16.0062 0
      vertex -5.68497 -13.7617 0
    endloop
  endfacet
  facet normal 0 0 -1
    outer loop
      vertex -6.50562 -15.706 0
      vertex -5.68497 -13.7617 0
      vertex -5.72713 -16.0062 0
    endloop
  endfacet
  facet normal -0 0 -1
    outer loop
      vertex -5.68497 -13.7617 0
      vertex -6.50562 -15.706 0
      vertex -5.69816 -13.7566 0
    endloop
  endfacet
  facet normal -0 0 -1
    outer loop
      vertex -5.69816 -13.7566 0
      vertex -6.50562 -15.706 0
      vertex -6.35337 -13.4661 0
    endloop
  endfacet
  facet normal 0 0 -1
    outer loop
      vertex -7.26844 -15.3678 0
      vertex -6.35337 -13.4661 0
      vertex -6.50562 -15.706 0
    endloop
  endfacet
  facet normal -0 0 -1
    outer loop
      vertex -6.35337 -13.4661 0
      vertex -7.26844 -15.3678 0
      vertex -6.36629 -13.4604 0
    endloop
  endfacet
  facet normal -0 0 -1
    outer loop
      vertex -6.36629 -13.4604 0
      vertex -7.26844 -15.3678 0
      vertex -6.37892 -13.454 0
    endloop
  endfacet
  facet normal -0 0 -1
    outer loop
      vertex -6.37892 -13.454 0
      vertex -7.26844 -15.3678 0
      vertex -7.0191 -13.1318 0
    endloop
  endfacet
  facet normal 0 0 -1
    outer loop
      vertex -8.01374 -14.9927 0
      vertex -7.0191 -13.1318 0
      vertex -7.26844 -15.3678 0
    endloop
  endfacet
  facet normal -0 0 -1
    outer loop
      vertex -7.0191 -13.1318 0
      vertex -8.01374 -14.9927 0
      vertex -7.64269 -12.7785 0
    endloop
  endfacet
  facet normal 0 0 -1
    outer loop
      vertex -8.73975 -14.5814 0
      vertex -7.64269 -12.7785 0
      vertex -8.01374 -14.9927 0
    endloop
  endfacet
  facet normal -0 0 -1
    outer loop
      vertex -7.64269 -12.7785 0
      vertex -8.73975 -14.5814 0
      vertex -7.65499 -12.7716 0
    endloop
  endfacet
  facet normal -0 0 -1
    outer loop
      vertex -7.65499 -12.7716 0
      vertex -8.73975 -14.5814 0
      vertex -8.2605 -12.3881 0
    endloop
  endfacet
  facet normal 0 0 -1
    outer loop
      vertex -9.44469 -14.135 0
      vertex -8.2605 -12.3881 0
      vertex -8.73975 -14.5814 0
    endloop
  endfacet
  facet normal -0 0 -1
    outer loop
      vertex -8.2605 -12.3881 0
      vertex -9.44469 -14.135 0
      vertex -8.27244 -12.3806 0
    endloop
  endfacet
  facet normal -0 0 -1
    outer loop
      vertex -8.27244 -12.3806 0
      vertex -9.44469 -14.135 0
      vertex -8.284 -12.3724 0
    endloop
  endfacet
  facet normal -0 0 -1
    outer loop
      vertex -8.284 -12.3724 0
      vertex -9.44469 -14.135 0
      vertex -8.86996 -11.9598 0
    endloop
  endfacet
  facet normal 0 0 -1
    outer loop
      vertex -10.1269 -13.6545 0
      vertex -8.86996 -11.9598 0
      vertex -9.44469 -14.135 0
    endloop
  endfacet
  facet normal -0 0 -1
    outer loop
      vertex -8.86996 -11.9598 0
      vertex -10.1269 -13.6545 0
      vertex -9.43497 -11.5188 0
    endloop
  endfacet
  facet normal 0 0 -1
    outer loop
      vertex -10.7847 -13.1412 0
      vertex -9.43497 -11.5188 0
      vertex -10.1269 -13.6545 0
    endloop
  endfacet
  facet normal -0 0 -1
    outer loop
      vertex -9.43497 -11.5188 0
      vertex -10.7847 -13.1412 0
      vertex -9.44612 -11.5101 0
    endloop
  endfacet
  facet normal -0 0 -1
    outer loop
      vertex -9.44612 -11.5101 0
      vertex -10.7847 -13.1412 0
      vertex -9.45682 -11.5009 0
    endloop
  endfacet
  facet normal -0 0 -1
    outer loop
      vertex -9.45682 -11.5009 0
      vertex -10.7847 -13.1412 0
      vertex -9.99951 -11.0328 0
    endloop
  endfacet
  facet normal 0 0 -1
    outer loop
      vertex -11.4165 -12.5962 0
      vertex -9.99951 -11.0328 0
      vertex -10.7847 -13.1412 0
    endloop
  endfacet
  facet normal -0 0 -1
    outer loop
      vertex -9.99951 -11.0328 0
      vertex -11.4165 -12.5962 0
      vertex -10.5186 -10.5386 0
    endloop
  endfacet
  facet normal 0 0 -1
    outer loop
      vertex -12.0208 -12.0208 0
      vertex -10.5186 -10.5386 0
      vertex -11.4165 -12.5962 0
    endloop
  endfacet
  facet normal -0 0 -1
    outer loop
      vertex -10.5186 -10.5386 0
      vertex -12.0208 -12.0208 0
      vertex -10.5288 -10.5288 0
    endloop
  endfacet
  facet normal -0 0 -1
    outer loop
      vertex -10.5288 -10.5288 0
      vertex -12.0208 -12.0208 0
      vertex -10.5386 -10.5186 0
    endloop
  endfacet
  facet normal -0 0 -1
    outer loop
      vertex -10.5386 -10.5186 0
      vertex -12.0208 -12.0208 0
      vertex -11.0328 -9.99951 0
    endloop
  endfacet
  facet normal 0 0 -1
    outer loop
      vertex -12.5962 -11.4165 0
      vertex -11.0328 -9.99951 0
      vertex -12.0208 -12.0208 0
    endloop
  endfacet
  facet normal -0 0 -1
    outer loop
      vertex -11.0328 -9.99951 0
      vertex -12.5962 -11.4165 0
      vertex -11.5009 -9.45682 0
    endloop
  endfacet
  facet normal 0 0 -1
    outer loop
      vertex -13.1412 -10.7847 0
      vertex -11.5009 -9.45682 0
      vertex -12.5962 -11.4165 0
    endloop
  endfacet
  facet normal -0 0 -1
    outer loop
      vertex -11.5009 -9.45682 0
      vertex -13.1412 -10.7847 0
      vertex -11.5101 -9.44612 0
    endloop
  endfacet
  facet normal -0 0 -1
    outer loop
      vertex -11.5101 -9.44612 0
      vertex -13.1412 -10.7847 0
      vertex -11.5188 -9.43497 0
    endloop
  endfacet
  facet normal -0 0 -1
    outer loop
      vertex -11.5188 -9.43497 0
      vertex -13.1412 -10.7847 0
      vertex -11.9598 -8.86996 0
    endloop
  endfacet
  facet normal 0 0 -1
    outer loop
      vertex -13.6545 -10.1269 0
      vertex -11.9598 -8.86996 0
      vertex -13.1412 -10.7847 0
    endloop
  endfacet
  facet normal -0 0 -1
    outer loop
      vertex -11.9598 -8.86996 0
      vertex -13.6545 -10.1269 0
      vertex -12.3724 -8.284 0
    endloop
  endfacet
  facet normal 0 0 -1
    outer loop
      vertex -14.135 -9.44469 0
      vertex -12.3724 -8.284 0
      vertex -13.6545 -10.1269 0
    endloop
  endfacet
  facet normal -0 0 -1
    outer loop
      vertex -12.3724 -8.284 0
      vertex -14.135 -9.44469 0
      vertex -12.3806 -8.27244 0
    endloop
  endfacet
  facet normal -0 0 -1
    outer loop
      vertex -12.3806 -8.27244 0
      vertex -14.135 -9.44469 0
      vertex -12.3881 -8.2605 0
    endloop
  endfacet
  facet normal -0 0 -1
    outer loop
      vertex -12.3881 -8.2605 0
      vertex -14.135 -9.44469 0
      vertex -12.7716 -7.65499 0
    endloop
  endfacet
  facet normal 0 0 -1
    outer loop
      vertex -14.5814 -8.73975 0
      vertex -12.7716 -7.65499 0
      vertex -14.135 -9.44469 0
    endloop
  endfacet
  facet normal -0 0 -1
    outer loop
      vertex -12.7716 -7.65499 0
      vertex -14.5814 -8.73975 0
      vertex -12.7785 -7.64269 0
    endloop
  endfacet
  facet normal -0 0 -1
    outer loop
      vertex -12.7785 -7.64269 0
      vertex -14.5814 -8.73975 0
      vertex -13.1318 -7.0191 0
    endloop
  endfacet
  facet normal 0 0 -1
    outer loop
      vertex -14.9927 -8.01374 0
      vertex -13.1318 -7.0191 0
      vertex -14.5814 -8.73975 0
    endloop
  endfacet
  facet normal -0 0 -1
    outer loop
      vertex -13.1318 -7.0191 0
      vertex -14.9927 -8.01374 0
      vertex -13.454 -6.37892 0
    endloop
  endfacet
  facet normal 0 0 -1
    outer loop
      vertex -15.3678 -7.26844 0
      vertex -13.454 -6.37892 0
      vertex -14.9927 -8.01374 0
    endloop
  endfacet
  facet normal -0 0 -1
    outer loop
      vertex -13.454 -6.37892 0
      vertex -15.3678 -7.26844 0
      vertex -13.4604 -6.36629 0
    endloop
  endfacet
  facet normal -0 0 -1
    outer loop
      vertex -13.4604 -6.36629 0
      vertex -15.3678 -7.26844 0
      vertex -13.4661 -6.35337 0
    endloop
  endfacet
  facet normal -0 0 -1
    outer loop
      vertex -13.4661 -6.35337 0
      vertex -15.3678 -7.26844 0
      vertex -13.7566 -5.69816 0
    endloop
  endfacet
  facet normal 0 0 -1
    outer loop
      vertex -15.706 -6.50562 0
      vertex -13.7566 -5.69816 0
      vertex -15.3678 -7.26844 0
    endloop
  endfacet
  facet normal -0 0 -1
    outer loop
      vertex -13.7566 -5.69816 0
      vertex -15.706 -6.50562 0
      vertex -13.7617 -5.68497 0
    endloop
  endfacet
  facet normal -0 0 -1
    outer loop
      vertex -13.7617 -5.68497 0
      vertex -15.706 -6.50562 0
      vertex -14.0196 -5.01629 0
    endloop
  endfacet
  facet normal 0 0 -1
    outer loop
      vertex -16.0062 -5.72713 0
      vertex -14.0196 -5.01629 0
      vertex -15.706 -6.50562 0
    endloop
  endfacet
  facet normal -0 0 -1
    outer loop
      vertex -14.0196 -5.01629 0
      vertex -16.0062 -5.72713 0
      vertex -14.2444 -4.33576 0
    endloop
  endfacet
  facet normal 0 0 -1
    outer loop
      vertex -16.268 -4.93484 0
      vertex -14.2444 -4.33576 0
      vertex -16.0062 -5.72713 0
    endloop
  endfacet
  facet normal -0 0 -1
    outer loop
      vertex -14.2444 -4.33576 0
      vertex -16.268 -4.93484 0
      vertex -14.2488 -4.32234 0
    endloop
  endfacet
  facet normal -0 0 -1
    outer loop
      vertex -14.2488 -4.32234 0
      vertex -16.268 -4.93484 0
      vertex -14.44 -3.6316 0
    endloop
  endfacet
  facet normal 0 0 -1
    outer loop
      vertex -16.4905 -4.13066 0
      vertex -14.44 -3.6316 0
      vertex -16.268 -4.93484 0
    endloop
  endfacet
  facet normal -0 0 -1
    outer loop
      vertex -14.44 -3.6316 0
      vertex -16.4905 -4.13066 0
      vertex -14.4438 -3.61797 0
    endloop
  endfacet
  facet normal -0 0 -1
    outer loop
      vertex -14.4438 -3.61797 0
      vertex -16.4905 -4.13066 0
      vertex -14.4469 -3.60418 0
    endloop
  endfacet
  facet normal -0 0 -1
    outer loop
      vertex -14.4469 -3.60418 0
      vertex -16.4905 -4.13066 0
      vertex -14.6039 -2.90489 0
    endloop
  endfacet
  facet normal 0 0 -1
    outer loop
      vertex -16.9795 -0.83415 0
      vertex -14.8897 -0.0141305 0
      vertex -14.8721 -0.730617 0
    endloop
  endfacet
  facet normal -0 0 -1
    outer loop
      vertex -14.6039 -2.90489 0
      vertex -16.6733 -3.31653 0
      vertex -14.6063 -2.89097 0
    endloop
  endfacet
  facet normal 0 0 -1
    outer loop
      vertex -16.6733 -3.31653 0
      vertex -14.6039 -2.90489 0
      vertex -16.4905 -4.13066 0
    endloop
  endfacet
  facet normal 0 0 -1
    outer loop
      vertex 14.6063 2.89097 0
      vertex 16.6733 3.31653 0
      vertex 14.7288 2.18482 0
    endloop
  endfacet
  facet normal 0 0 -1
    outer loop
      vertex 14.6039 2.90489 0
      vertex 16.6733 3.31653 0
      vertex 14.6063 2.89097 0
    endloop
  endfacet
  facet normal -0 0 -1
    outer loop
      vertex 16.6733 3.31653 0
      vertex 14.6039 2.90489 0
      vertex 16.4905 4.13066 0
    endloop
  endfacet
  facet normal 0 0 -1
    outer loop
      vertex 14.4469 3.60418 0
      vertex 16.4905 4.13066 0
      vertex 14.6039 2.90489 0
    endloop
  endfacet
  facet normal 0 0 -1
    outer loop
      vertex 14.4438 3.61797 0
      vertex 16.4905 4.13066 0
      vertex 14.4469 3.60418 0
    endloop
  endfacet
  facet normal 0 0 -1
    outer loop
      vertex 14.44 3.6316 0
      vertex 16.4905 4.13066 0
      vertex 14.4438 3.61797 0
    endloop
  endfacet
  facet normal -0 0 -1
    outer loop
      vertex 16.4905 4.13066 0
      vertex 14.44 3.6316 0
      vertex 16.268 4.93484 0
    endloop
  endfacet
  facet normal 0 0 -1
    outer loop
      vertex 14.2488 4.32234 0
      vertex 16.268 4.93484 0
      vertex 14.44 3.6316 0
    endloop
  endfacet
  facet normal 0 0 -1
    outer loop
      vertex 14.2444 4.33576 0
      vertex 16.268 4.93484 0
      vertex 14.2488 4.32234 0
    endloop
  endfacet
  facet normal -0 0 -1
    outer loop
      vertex 16.268 4.93484 0
      vertex 14.2444 4.33576 0
      vertex 16.0062 5.72713 0
    endloop
  endfacet
  facet normal 0 0 -1
    outer loop
      vertex 14.0196 5.01629 0
      vertex 16.0062 5.72713 0
      vertex 14.2444 4.33576 0
    endloop
  endfacet
  facet normal -0 0 -1
    outer loop
      vertex 16.0062 5.72713 0
      vertex 14.0196 5.01629 0
      vertex 15.706 6.50562 0
    endloop
  endfacet
  facet normal 0 0 -1
    outer loop
      vertex 13.7617 5.68497 0
      vertex 15.706 6.50562 0
      vertex 14.0196 5.01629 0
    endloop
  endfacet
  facet normal 0 0 -1
    outer loop
      vertex 13.7566 5.69816 0
      vertex 15.706 6.50562 0
      vertex 13.7617 5.68497 0
    endloop
  endfacet
  facet normal -0 0 -1
    outer loop
      vertex 15.706 6.50562 0
      vertex 13.7566 5.69816 0
      vertex 15.3678 7.26844 0
    endloop
  endfacet
  facet normal 0 0 -1
    outer loop
      vertex 13.4661 6.35337 0
      vertex 15.3678 7.26844 0
      vertex 13.7566 5.69816 0
    endloop
  endfacet
  facet normal 0 0 -1
    outer loop
      vertex 13.4604 6.36629 0
      vertex 15.3678 7.26844 0
      vertex 13.4661 6.35337 0
    endloop
  endfacet
  facet normal 0 0 -1
    outer loop
      vertex 13.454 6.37892 0
      vertex 15.3678 7.26844 0
      vertex 13.4604 6.36629 0
    endloop
  endfacet
  facet normal -0 0 -1
    outer loop
      vertex 15.3678 7.26844 0
      vertex 13.454 6.37892 0
      vertex 14.9927 8.01374 0
    endloop
  endfacet
  facet normal 0 0 -1
    outer loop
      vertex 13.1318 7.0191 0
      vertex 14.9927 8.01374 0
      vertex 13.454 6.37892 0
    endloop
  endfacet
  facet normal -0 0 -1
    outer loop
      vertex 14.9927 8.01374 0
      vertex 13.1318 7.0191 0
      vertex 14.5814 8.73975 0
    endloop
  endfacet
  facet normal 0 0 -1
    outer loop
      vertex 12.7785 7.64269 0
      vertex 14.5814 8.73975 0
      vertex 13.1318 7.0191 0
    endloop
  endfacet
  facet normal 0 0 -1
    outer loop
      vertex 12.7716 7.65499 0
      vertex 14.5814 8.73975 0
      vertex 12.7785 7.64269 0
    endloop
  endfacet
  facet normal -0 0 -1
    outer loop
      vertex 14.5814 8.73975 0
      vertex 12.7716 7.65499 0
      vertex 14.135 9.44469 0
    endloop
  endfacet
  facet normal 0 0 -1
    outer loop
      vertex 12.3881 8.2605 0
      vertex 14.135 9.44469 0
      vertex 12.7716 7.65499 0
    endloop
  endfacet
  facet normal 0 0 -1
    outer loop
      vertex 12.3806 8.27244 0
      vertex 14.135 9.44469 0
      vertex 12.3881 8.2605 0
    endloop
  endfacet
  facet normal 0 0 -1
    outer loop
      vertex 12.3724 8.284 0
      vertex 14.135 9.44469 0
      vertex 12.3806 8.27244 0
    endloop
  endfacet
  facet normal -0 0 -1
    outer loop
      vertex 14.135 9.44469 0
      vertex 12.3724 8.284 0
      vertex 13.6545 10.1269 0
    endloop
  endfacet
  facet normal 0 0 -1
    outer loop
      vertex 11.9598 8.86996 0
      vertex 13.6545 10.1269 0
      vertex 12.3724 8.284 0
    endloop
  endfacet
  facet normal -0 0 -1
    outer loop
      vertex 13.6545 10.1269 0
      vertex 11.9598 8.86996 0
      vertex 13.1412 10.7847 0
    endloop
  endfacet
  facet normal 0 0 -1
    outer loop
      vertex 11.5188 9.43497 0
      vertex 13.1412 10.7847 0
      vertex 11.9598 8.86996 0
    endloop
  endfacet
  facet normal 0 0 -1
    outer loop
      vertex 11.5101 9.44612 0
      vertex 13.1412 10.7847 0
      vertex 11.5188 9.43497 0
    endloop
  endfacet
  facet normal 0 0 -1
    outer loop
      vertex 11.5009 9.45682 0
      vertex 13.1412 10.7847 0
      vertex 11.5101 9.44612 0
    endloop
  endfacet
  facet normal -0 0 -1
    outer loop
      vertex 13.1412 10.7847 0
      vertex 11.5009 9.45682 0
      vertex 12.5962 11.4165 0
    endloop
  endfacet
  facet normal 0 0 -1
    outer loop
      vertex 11.0328 9.99951 0
      vertex 12.5962 11.4165 0
      vertex 11.5009 9.45682 0
    endloop
  endfacet
  facet normal -0 0 -1
    outer loop
      vertex 12.5962 11.4165 0
      vertex 11.0328 9.99951 0
      vertex 12.0208 12.0208 0
    endloop
  endfacet
  facet normal 0 0 -1
    outer loop
      vertex 10.5386 10.5186 0
      vertex 12.0208 12.0208 0
      vertex 11.0328 9.99951 0
    endloop
  endfacet
  facet normal 0 0 -1
    outer loop
      vertex 10.5288 10.5288 0
      vertex 12.0208 12.0208 0
      vertex 10.5386 10.5186 0
    endloop
  endfacet
  facet normal 0 0 -1
    outer loop
      vertex 10.5186 10.5386 0
      vertex 12.0208 12.0208 0
      vertex 10.5288 10.5288 0
    endloop
  endfacet
  facet normal -0 0 -1
    outer loop
      vertex 12.0208 12.0208 0
      vertex 10.5186 10.5386 0
      vertex 11.4165 12.5962 0
    endloop
  endfacet
  facet normal 0 0 -1
    outer loop
      vertex 9.99951 11.0328 0
      vertex 11.4165 12.5962 0
      vertex 10.5186 10.5386 0
    endloop
  endfacet
  facet normal -0 0 -1
    outer loop
      vertex 11.4165 12.5962 0
      vertex 9.99951 11.0328 0
      vertex 10.7847 13.1412 0
    endloop
  endfacet
  facet normal 0 0 -1
    outer loop
      vertex 9.45682 11.5009 0
      vertex 10.7847 13.1412 0
      vertex 9.99951 11.0328 0
    endloop
  endfacet
  facet normal 0 0 -1
    outer loop
      vertex 9.44612 11.5101 0
      vertex 10.7847 13.1412 0
      vertex 9.45682 11.5009 0
    endloop
  endfacet
  facet normal 0 0 -1
    outer loop
      vertex 9.43497 11.5188 0
      vertex 10.7847 13.1412 0
      vertex 9.44612 11.5101 0
    endloop
  endfacet
  facet normal -0 0 -1
    outer loop
      vertex 10.7847 13.1412 0
      vertex 9.43497 11.5188 0
      vertex 10.1269 13.6545 0
    endloop
  endfacet
  facet normal 0 0 -1
    outer loop
      vertex 8.86996 11.9598 0
      vertex 10.1269 13.6545 0
      vertex 9.43497 11.5188 0
    endloop
  endfacet
  facet normal -0 0 -1
    outer loop
      vertex 10.1269 13.6545 0
      vertex 8.86996 11.9598 0
      vertex 9.44469 14.135 0
    endloop
  endfacet
  facet normal 0 0 -1
    outer loop
      vertex 8.284 12.3724 0
      vertex 9.44469 14.135 0
      vertex 8.86996 11.9598 0
    endloop
  endfacet
  facet normal 0 0 -1
    outer loop
      vertex 8.27244 12.3806 0
      vertex 9.44469 14.135 0
      vertex 8.284 12.3724 0
    endloop
  endfacet
  facet normal 0 0 -1
    outer loop
      vertex 8.2605 12.3881 0
      vertex 9.44469 14.135 0
      vertex 8.27244 12.3806 0
    endloop
  endfacet
  facet normal -0 0 -1
    outer loop
      vertex 9.44469 14.135 0
      vertex 8.2605 12.3881 0
      vertex 8.73975 14.5814 0
    endloop
  endfacet
  facet normal 0 0 -1
    outer loop
      vertex 7.65499 12.7716 0
      vertex 8.73975 14.5814 0
      vertex 8.2605 12.3881 0
    endloop
  endfacet
  facet normal 0 0 -1
    outer loop
      vertex 7.64269 12.7785 0
      vertex 8.73975 14.5814 0
      vertex 7.65499 12.7716 0
    endloop
  endfacet
  facet normal -0 0 -1
    outer loop
      vertex 8.73975 14.5814 0
      vertex 7.64269 12.7785 0
      vertex 8.01374 14.9927 0
    endloop
  endfacet
  facet normal 0 0 -1
    outer loop
      vertex 7.0191 13.1318 0
      vertex 8.01374 14.9927 0
      vertex 7.64269 12.7785 0
    endloop
  endfacet
  facet normal -0 0 -1
    outer loop
      vertex 8.01374 14.9927 0
      vertex 7.0191 13.1318 0
      vertex 7.26844 15.3678 0
    endloop
  endfacet
  facet normal 0 0 -1
    outer loop
      vertex 6.37892 13.454 0
      vertex 7.26844 15.3678 0
      vertex 7.0191 13.1318 0
    endloop
  endfacet
  facet normal 0 0 -1
    outer loop
      vertex 6.36629 13.4604 0
      vertex 7.26844 15.3678 0
      vertex 6.37892 13.454 0
    endloop
  endfacet
  facet normal 0 0 -1
    outer loop
      vertex 6.35337 13.4661 0
      vertex 7.26844 15.3678 0
      vertex 6.36629 13.4604 0
    endloop
  endfacet
  facet normal -0 0 -1
    outer loop
      vertex 7.26844 15.3678 0
      vertex 6.35337 13.4661 0
      vertex 6.50562 15.706 0
    endloop
  endfacet
  facet normal 0 0 -1
    outer loop
      vertex 5.69816 13.7566 0
      vertex 6.50562 15.706 0
      vertex 6.35337 13.4661 0
    endloop
  endfacet
  facet normal 0 0 -1
    outer loop
      vertex 5.68497 13.7617 0
      vertex 6.50562 15.706 0
      vertex 5.69816 13.7566 0
    endloop
  endfacet
  facet normal -0 0 -1
    outer loop
      vertex 6.50562 15.706 0
      vertex 5.68497 13.7617 0
      vertex 5.72713 16.0062 0
    endloop
  endfacet
  facet normal 0 0 -1
    outer loop
      vertex 5.01629 14.0196 0
      vertex 5.72713 16.0062 0
      vertex 5.68497 13.7617 0
    endloop
  endfacet
  facet normal 0 0 -1
    outer loop
      vertex 5.01629 14.0196 0
      vertex 4.93484 16.268 0
      vertex 5.72713 16.0062 0
    endloop
  endfacet
  facet normal 0 0 -1
    outer loop
      vertex 4.33576 14.2444 0
      vertex 4.93484 16.268 0
      vertex 5.01629 14.0196 0
    endloop
  endfacet
  facet normal 0 0 -1
    outer loop
      vertex 4.32234 14.2488 0
      vertex 4.93484 16.268 0
      vertex 4.33576 14.2444 0
    endloop
  endfacet
  facet normal 0 0 -1
    outer loop
      vertex 4.32234 14.2488 0
      vertex 4.13066 16.4905 0
      vertex 4.93484 16.268 0
    endloop
  endfacet
  facet normal 0 0 -1
    outer loop
      vertex 3.6316 14.44 0
      vertex 4.13066 16.4905 0
      vertex 4.32234 14.2488 0
    endloop
  endfacet
  facet normal 0 0 -1
    outer loop
      vertex 3.61797 14.4438 0
      vertex 4.13066 16.4905 0
      vertex 3.6316 14.44 0
    endloop
  endfacet
  facet normal 0 0 -1
    outer loop
      vertex 3.60418 14.4469 0
      vertex 4.13066 16.4905 0
      vertex 3.61797 14.4438 0
    endloop
  endfacet
  facet normal 0 0 -1
    outer loop
      vertex 3.60418 14.4469 0
      vertex 3.31653 16.6733 0
      vertex 4.13066 16.4905 0
    endloop
  endfacet
  facet normal 0 0 -1
    outer loop
      vertex 2.90489 14.6039 0
      vertex 3.31653 16.6733 0
      vertex 3.60418 14.4469 0
    endloop
  endfacet
  facet normal 0 0 -1
    outer loop
      vertex 2.89097 14.6063 0
      vertex 3.31653 16.6733 0
      vertex 2.90489 14.6039 0
    endloop
  endfacet
  facet normal 0 0 -1
    outer loop
      vertex 2.89097 14.6063 0
      vertex 2.49442 16.816 0
      vertex 3.31653 16.6733 0
    endloop
  endfacet
  facet normal 0 0 -1
    outer loop
      vertex 2.18482 14.7288 0
      vertex 2.49442 16.816 0
      vertex 2.89097 14.6063 0
    endloop
  endfacet
  facet normal 0 0 -1
    outer loop
      vertex 2.17079 14.7306 0
      vertex 2.49442 16.816 0
      vertex 2.18482 14.7288 0
    endloop
  endfacet
  facet normal 0 0 -1
    outer loop
      vertex 2.17079 14.7306 0
      vertex 1.66629 16.9181 0
      vertex 2.49442 16.816 0
    endloop
  endfacet
  facet normal 0 0 -1
    outer loop
      vertex 1.45947 14.8183 0
      vertex 1.66629 16.9181 0
      vertex 2.17079 14.7306 0
    endloop
  endfacet
  facet normal 0 0 -1
    outer loop
      vertex 1.44538 14.8193 0
      vertex 1.66629 16.9181 0
      vertex 1.45947 14.8183 0
    endloop
  endfacet
  facet normal 0 0 -1
    outer loop
      vertex 1.44538 14.8193 0
      vertex 0.83415 16.9795 0
      vertex 1.66629 16.9181 0
    endloop
  endfacet
  facet normal 0 0 -1
    outer loop
      vertex 0.730617 14.8721 0
      vertex 0.83415 16.9795 0
      vertex 1.44538 14.8193 0
    endloop
  endfacet
  facet normal 0 0 -1
    outer loop
      vertex 0.0141305 14.8897 0
      vertex 0.83415 16.9795 0
      vertex 0.730617 14.8721 0
    endloop
  endfacet
  facet normal 0 0 -1
    outer loop
      vertex 0 17 0
      vertex 0.0141305 14.8897 0
      vertex 0 14.89 0
    endloop
  endfacet
  facet normal 0 0 -1
    outer loop
      vertex 0.0141305 14.8897 0
      vertex 0 17 0
      vertex 0.83415 16.9795 0
    endloop
  endfacet
  facet normal 0 0 -1
    outer loop
      vertex -0.0141305 14.8897 0
      vertex 0 17 0
      vertex 0 14.89 0
    endloop
  endfacet
  facet normal 0 0 -1
    outer loop
      vertex -0.730617 14.8721 0
      vertex 0 17 0
      vertex -0.0141305 14.8897 0
    endloop
  endfacet
  facet normal 0 0 -1
    outer loop
      vertex -0.730617 14.8721 0
      vertex -0.83415 16.9795 0
      vertex 0 17 0
    endloop
  endfacet
  facet normal 0 0 -1
    outer loop
      vertex -1.44538 14.8193 0
      vertex -0.83415 16.9795 0
      vertex -0.730617 14.8721 0
    endloop
  endfacet
  facet normal 0 0 -1
    outer loop
      vertex -1.66629 16.9181 0
      vertex -1.44538 14.8193 0
      vertex -1.45947 14.8183 0
    endloop
  endfacet
  facet normal 0 0 -1
    outer loop
      vertex -1.44538 14.8193 0
      vertex -1.66629 16.9181 0
      vertex -0.83415 16.9795 0
    endloop
  endfacet
  facet normal 0 0 -1
    outer loop
      vertex -2.17079 14.7306 0
      vertex -1.66629 16.9181 0
      vertex -1.45947 14.8183 0
    endloop
  endfacet
  facet normal 0 0 -1
    outer loop
      vertex -2.49442 16.816 0
      vertex -2.17079 14.7306 0
      vertex -2.18482 14.7288 0
    endloop
  endfacet
  facet normal 0 0 -1
    outer loop
      vertex -2.17079 14.7306 0
      vertex -2.49442 16.816 0
      vertex -1.66629 16.9181 0
    endloop
  endfacet
  facet normal 0 0 -1
    outer loop
      vertex -2.89097 14.6063 0
      vertex -2.49442 16.816 0
      vertex -2.18482 14.7288 0
    endloop
  endfacet
  facet normal 0 0 -1
    outer loop
      vertex -3.31653 16.6733 0
      vertex -2.89097 14.6063 0
      vertex -2.90489 14.6039 0
    endloop
  endfacet
  facet normal 0 0 -1
    outer loop
      vertex -2.89097 14.6063 0
      vertex -3.31653 16.6733 0
      vertex -2.49442 16.816 0
    endloop
  endfacet
  facet normal 0 0 -1
    outer loop
      vertex -3.60418 14.4469 0
      vertex -3.31653 16.6733 0
      vertex -2.90489 14.6039 0
    endloop
  endfacet
  facet normal 0 0 -1
    outer loop
      vertex -4.13066 16.4905 0
      vertex -3.60418 14.4469 0
      vertex -3.61797 14.4438 0
    endloop
  endfacet
  facet normal 0 0 -1
    outer loop
      vertex -4.13066 16.4905 0
      vertex -3.61797 14.4438 0
      vertex -3.6316 14.44 0
    endloop
  endfacet
  facet normal 0 0 -1
    outer loop
      vertex -3.60418 14.4469 0
      vertex -4.13066 16.4905 0
      vertex -3.31653 16.6733 0
    endloop
  endfacet
  facet normal 0 0 -1
    outer loop
      vertex -4.32234 14.2488 0
      vertex -4.13066 16.4905 0
      vertex -3.6316 14.44 0
    endloop
  endfacet
  facet normal 0 0 -1
    outer loop
      vertex -4.93484 16.268 0
      vertex -4.32234 14.2488 0
      vertex -4.33576 14.2444 0
    endloop
  endfacet
  facet normal 0 0 -1
    outer loop
      vertex -4.32234 14.2488 0
      vertex -4.93484 16.268 0
      vertex -4.13066 16.4905 0
    endloop
  endfacet
  facet normal 0 0 -1
    outer loop
      vertex -5.01629 14.0196 0
      vertex -4.93484 16.268 0
      vertex -4.33576 14.2444 0
    endloop
  endfacet
  facet normal 0 0 -1
    outer loop
      vertex -5.72713 16.0062 0
      vertex -5.01629 14.0196 0
      vertex -5.68497 13.7617 0
    endloop
  endfacet
  facet normal 0 0 -1
    outer loop
      vertex -6.50562 15.706 0
      vertex -5.68497 13.7617 0
      vertex -5.69816 13.7566 0
    endloop
  endfacet
  facet normal 0 0 -1
    outer loop
      vertex -5.01629 14.0196 0
      vertex -5.72713 16.0062 0
      vertex -4.93484 16.268 0
    endloop
  endfacet
  facet normal 0 0 -1
    outer loop
      vertex -6.50562 15.706 0
      vertex -5.69816 13.7566 0
      vertex -6.35337 13.4661 0
    endloop
  endfacet
  facet normal 0 0 -1
    outer loop
      vertex -7.26844 15.3678 0
      vertex -6.35337 13.4661 0
      vertex -6.36629 13.4604 0
    endloop
  endfacet
  facet normal 0 0 -1
    outer loop
      vertex -7.26844 15.3678 0
      vertex -6.36629 13.4604 0
      vertex -6.37892 13.454 0
    endloop
  endfacet
  facet normal 0 0 -1
    outer loop
      vertex -5.68497 13.7617 0
      vertex -6.50562 15.706 0
      vertex -5.72713 16.0062 0
    endloop
  endfacet
  facet normal 0 0 -1
    outer loop
      vertex -7.26844 15.3678 0
      vertex -6.37892 13.454 0
      vertex -7.0191 13.1318 0
    endloop
  endfacet
  facet normal 0 0 -1
    outer loop
      vertex -6.35337 13.4661 0
      vertex -7.26844 15.3678 0
      vertex -6.50562 15.706 0
    endloop
  endfacet
  facet normal 0 0 -1
    outer loop
      vertex -8.01374 14.9927 0
      vertex -7.0191 13.1318 0
      vertex -7.64269 12.7785 0
    endloop
  endfacet
  facet normal 0 0 -1
    outer loop
      vertex -8.73975 14.5814 0
      vertex -7.64269 12.7785 0
      vertex -7.65499 12.7716 0
    endloop
  endfacet
  facet normal 0 0 -1
    outer loop
      vertex -7.0191 13.1318 0
      vertex -8.01374 14.9927 0
      vertex -7.26844 15.3678 0
    endloop
  endfacet
  facet normal 0 0 -1
    outer loop
      vertex -8.73975 14.5814 0
      vertex -7.65499 12.7716 0
      vertex -8.2605 12.3881 0
    endloop
  endfacet
  facet normal 0 0 -1
    outer loop
      vertex -9.44469 14.135 0
      vertex -8.2605 12.3881 0
      vertex -8.27244 12.3806 0
    endloop
  endfacet
  facet normal 0 0 -1
    outer loop
      vertex -9.44469 14.135 0
      vertex -8.27244 12.3806 0
      vertex -8.284 12.3724 0
    endloop
  endfacet
  facet normal 0 0 -1
    outer loop
      vertex -7.64269 12.7785 0
      vertex -8.73975 14.5814 0
      vertex -8.01374 14.9927 0
    endloop
  endfacet
  facet normal 0 0 -1
    outer loop
      vertex -9.44469 14.135 0
      vertex -8.284 12.3724 0
      vertex -8.86996 11.9598 0
    endloop
  endfacet
  facet normal 0 0 -1
    outer loop
      vertex -10.1269 13.6545 0
      vertex -8.86996 11.9598 0
      vertex -9.43497 11.5188 0
    endloop
  endfacet
  facet normal 0 0 -1
    outer loop
      vertex -8.2605 12.3881 0
      vertex -9.44469 14.135 0
      vertex -8.73975 14.5814 0
    endloop
  endfacet
  facet normal 0 0 -1
    outer loop
      vertex -10.7847 13.1412 0
      vertex -9.43497 11.5188 0
      vertex -9.44612 11.5101 0
    endloop
  endfacet
  facet normal 0 0 -1
    outer loop
      vertex -10.7847 13.1412 0
      vertex -9.44612 11.5101 0
      vertex -9.45682 11.5009 0
    endloop
  endfacet
  facet normal 0 0 -1
    outer loop
      vertex -10.7847 13.1412 0
      vertex -9.45682 11.5009 0
      vertex -9.99951 11.0328 0
    endloop
  endfacet
  facet normal 0 0 -1
    outer loop
      vertex -8.86996 11.9598 0
      vertex -10.1269 13.6545 0
      vertex -9.44469 14.135 0
    endloop
  endfacet
  facet normal 0 0 -1
    outer loop
      vertex -11.4165 12.5962 0
      vertex -9.99951 11.0328 0
      vertex -10.5186 10.5386 0
    endloop
  endfacet
  facet normal 0 0 -1
    outer loop
      vertex -12.0208 12.0208 0
      vertex -10.5186 10.5386 0
      vertex -10.5288 10.5288 0
    endloop
  endfacet
  facet normal 0 0 -1
    outer loop
      vertex -12.0208 12.0208 0
      vertex -10.5288 10.5288 0
      vertex -10.5386 10.5186 0
    endloop
  endfacet
  facet normal 0 0 -1
    outer loop
      vertex -9.43497 11.5188 0
      vertex -10.7847 13.1412 0
      vertex -10.1269 13.6545 0
    endloop
  endfacet
  facet normal 0 0 -1
    outer loop
      vertex -12.0208 12.0208 0
      vertex -10.5386 10.5186 0
      vertex -11.0328 9.99951 0
    endloop
  endfacet
  facet normal 0 0 -1
    outer loop
      vertex -9.99951 11.0328 0
      vertex -11.4165 12.5962 0
      vertex -10.7847 13.1412 0
    endloop
  endfacet
  facet normal 0 0 -1
    outer loop
      vertex -12.5962 11.4165 0
      vertex -11.0328 9.99951 0
      vertex -11.5009 9.45682 0
    endloop
  endfacet
  facet normal 0 0 -1
    outer loop
      vertex -13.1412 10.7847 0
      vertex -11.5009 9.45682 0
      vertex -11.5101 9.44612 0
    endloop
  endfacet
  facet normal 0 0 -1
    outer loop
      vertex -13.1412 10.7847 0
      vertex -11.5101 9.44612 0
      vertex -11.5188 9.43497 0
    endloop
  endfacet
  facet normal 0 0 -1
    outer loop
      vertex -13.1412 10.7847 0
      vertex -11.5188 9.43497 0
      vertex -11.9598 8.86996 0
    endloop
  endfacet
  facet normal 0 0 -1
    outer loop
      vertex -10.5186 10.5386 0
      vertex -12.0208 12.0208 0
      vertex -11.4165 12.5962 0
    endloop
  endfacet
  facet normal 0 0 -1
    outer loop
      vertex -13.6545 10.1269 0
      vertex -11.9598 8.86996 0
      vertex -12.3724 8.284 0
    endloop
  endfacet
  facet normal 0 0 -1
    outer loop
      vertex -14.135 9.44469 0
      vertex -12.3724 8.284 0
      vertex -12.3806 8.27244 0
    endloop
  endfacet
  facet normal 0 0 -1
    outer loop
      vertex -14.135 9.44469 0
      vertex -12.3806 8.27244 0
      vertex -12.3881 8.2605 0
    endloop
  endfacet
  facet normal 0 0 -1
    outer loop
      vertex -11.0328 9.99951 0
      vertex -12.5962 11.4165 0
      vertex -12.0208 12.0208 0
    endloop
  endfacet
  facet normal 0 0 -1
    outer loop
      vertex -14.135 9.44469 0
      vertex -12.3881 8.2605 0
      vertex -12.7716 7.65499 0
    endloop
  endfacet
  facet normal 0 0 -1
    outer loop
      vertex -14.5814 8.73975 0
      vertex -12.7716 7.65499 0
      vertex -12.7785 7.64269 0
    endloop
  endfacet
  facet normal 0 0 -1
    outer loop
      vertex -14.5814 8.73975 0
      vertex -12.7785 7.64269 0
      vertex -13.1318 7.0191 0
    endloop
  endfacet
  facet normal 0 0 -1
    outer loop
      vertex -11.5009 9.45682 0
      vertex -13.1412 10.7847 0
      vertex -12.5962 11.4165 0
    endloop
  endfacet
  facet normal 0 0 -1
    outer loop
      vertex -14.9927 8.01374 0
      vertex -13.1318 7.0191 0
      vertex -13.454 6.37892 0
    endloop
  endfacet
  facet normal 0 0 -1
    outer loop
      vertex -15.3678 7.26844 0
      vertex -13.454 6.37892 0
      vertex -13.4604 6.36629 0
    endloop
  endfacet
  facet normal 0 0 -1
    outer loop
      vertex -15.3678 7.26844 0
      vertex -13.4604 6.36629 0
      vertex -13.4661 6.35337 0
    endloop
  endfacet
  facet normal 0 0 -1
    outer loop
      vertex -11.9598 8.86996 0
      vertex -13.6545 10.1269 0
      vertex -13.1412 10.7847 0
    endloop
  endfacet
  facet normal 0 0 -1
    outer loop
      vertex -15.3678 7.26844 0
      vertex -13.4661 6.35337 0
      vertex -13.7566 5.69816 0
    endloop
  endfacet
  facet normal 0 0 -1
    outer loop
      vertex -15.706 6.50562 0
      vertex -13.7566 5.69816 0
      vertex -13.7617 5.68497 0
    endloop
  endfacet
  facet normal 0 0 -1
    outer loop
      vertex -15.706 6.50562 0
      vertex -13.7617 5.68497 0
      vertex -14.0196 5.01629 0
    endloop
  endfacet
  facet normal 0 0 -1
    outer loop
      vertex -12.3724 8.284 0
      vertex -14.135 9.44469 0
      vertex -13.6545 10.1269 0
    endloop
  endfacet
  facet normal 0 0 -1
    outer loop
      vertex -16.0062 5.72713 0
      vertex -14.0196 5.01629 0
      vertex -14.2444 4.33576 0
    endloop
  endfacet
  facet normal 0 0 -1
    outer loop
      vertex -16.268 4.93484 0
      vertex -14.2444 4.33576 0
      vertex -14.2488 4.32234 0
    endloop
  endfacet
  facet normal 0 0 -1
    outer loop
      vertex -16.268 4.93484 0
      vertex -14.2488 4.32234 0
      vertex -14.44 3.6316 0
    endloop
  endfacet
  facet normal 0 0 -1
    outer loop
      vertex -16.4905 4.13066 0
      vertex -14.44 3.6316 0
      vertex -14.4438 3.61797 0
    endloop
  endfacet
  facet normal 0 0 -1
    outer loop
      vertex -16.4905 4.13066 0
      vertex -14.4438 3.61797 0
      vertex -14.4469 3.60418 0
    endloop
  endfacet
  facet normal 0 0 -1
    outer loop
      vertex -12.7716 7.65499 0
      vertex -14.5814 8.73975 0
      vertex -14.135 9.44469 0
    endloop
  endfacet
  facet normal 0 0 -1
    outer loop
      vertex -16.4905 4.13066 0
      vertex -14.4469 3.60418 0
      vertex -14.6039 2.90489 0
    endloop
  endfacet
  facet normal 0 0 -1
    outer loop
      vertex -16.6733 3.31653 0
      vertex -14.6039 2.90489 0
      vertex -14.6063 2.89097 0
    endloop
  endfacet
  facet normal 0 0 -1
    outer loop
      vertex -16.6733 3.31653 0
      vertex -14.6063 2.89097 0
      vertex -14.7288 2.18482 0
    endloop
  endfacet
  facet normal 0 0 -1
    outer loop
      vertex -16.816 2.49442 0
      vertex -14.7288 2.18482 0
      vertex -14.7306 2.17079 0
    endloop
  endfacet
  facet normal 0 0 -1
    outer loop
      vertex -16.816 2.49442 0
      vertex -14.7306 2.17079 0
      vertex -14.8183 1.45947 0
    endloop
  endfacet
  facet normal 0 0 -1
    outer loop
      vertex -16.9181 1.66629 0
      vertex -14.8183 1.45947 0
      vertex -14.8193 1.44538 0
    endloop
  endfacet
  facet normal 0 0 -1
    outer loop
      vertex -16.9181 1.66629 0
      vertex -14.8193 1.44538 0
      vertex -14.8721 0.730617 0
    endloop
  endfacet
  facet normal 0 0 -1
    outer loop
      vertex -17 0 0
      vertex -14.8897 0.0141305 0
      vertex -14.89 0 0
    endloop
  endfacet
  facet normal 0 0 -1
    outer loop
      vertex -13.1318 7.0191 0
      vertex -14.9927 8.01374 0
      vertex -14.5814 8.73975 0
    endloop
  endfacet
  facet normal 0 0 -1
    outer loop
      vertex -14.8897 0.0141305 0
      vertex -16.9795 0.83415 0
      vertex -14.8721 0.730617 0
    endloop
  endfacet
  facet normal -0 0 -1
    outer loop
      vertex -14.6063 -2.89097 0
      vertex -16.6733 -3.31653 0
      vertex -14.7288 -2.18482 0
    endloop
  endfacet
  facet normal 0 0 -1
    outer loop
      vertex -16.816 -2.49442 0
      vertex -14.7288 -2.18482 0
      vertex -16.6733 -3.31653 0
    endloop
  endfacet
  facet normal 0 0 -1
    outer loop
      vertex -13.454 6.37892 0
      vertex -15.3678 7.26844 0
      vertex -14.9927 8.01374 0
    endloop
  endfacet
  facet normal -0 0 -1
    outer loop
      vertex -14.7288 -2.18482 0
      vertex -16.816 -2.49442 0
      vertex -14.7306 -2.17079 0
    endloop
  endfacet
  facet normal 0 0 -1
    outer loop
      vertex -13.7566 5.69816 0
      vertex -15.706 6.50562 0
      vertex -15.3678 7.26844 0
    endloop
  endfacet
  facet normal -0 0 -1
    outer loop
      vertex -14.7306 -2.17079 0
      vertex -16.816 -2.49442 0
      vertex -14.8183 -1.45947 0
    endloop
  endfacet
  facet normal 0 0 -1
    outer loop
      vertex -14.0196 5.01629 0
      vertex -16.0062 5.72713 0
      vertex -15.706 6.50562 0
    endloop
  endfacet
  facet normal 0 0 -1
    outer loop
      vertex -16.9181 -1.66629 0
      vertex -14.8183 -1.45947 0
      vertex -16.816 -2.49442 0
    endloop
  endfacet
  facet normal 0 0 -1
    outer loop
      vertex -14.2444 4.33576 0
      vertex -16.268 4.93484 0
      vertex -16.0062 5.72713 0
    endloop
  endfacet
  facet normal -0 0 -1
    outer loop
      vertex -14.8183 -1.45947 0
      vertex -16.9181 -1.66629 0
      vertex -14.8193 -1.44538 0
    endloop
  endfacet
  facet normal 0 0 -1
    outer loop
      vertex -14.44 3.6316 0
      vertex -16.4905 4.13066 0
      vertex -16.268 4.93484 0
    endloop
  endfacet
  facet normal -0 0 -1
    outer loop
      vertex -14.8193 -1.44538 0
      vertex -16.9181 -1.66629 0
      vertex -14.8721 -0.730617 0
    endloop
  endfacet
  facet normal 0 0 -1
    outer loop
      vertex -14.6039 2.90489 0
      vertex -16.6733 3.31653 0
      vertex -16.4905 4.13066 0
    endloop
  endfacet
  facet normal 0 0 -1
    outer loop
      vertex -16.9795 -0.83415 0
      vertex -14.8721 -0.730617 0
      vertex -16.9181 -1.66629 0
    endloop
  endfacet
  facet normal 0 0 -1
    outer loop
      vertex -14.7288 2.18482 0
      vertex -16.816 2.49442 0
      vertex -16.6733 3.31653 0
    endloop
  endfacet
  facet normal 0 0 -1
    outer loop
      vertex -17 0 0
      vertex -14.8897 -0.0141305 0
      vertex -16.9795 -0.83415 0
    endloop
  endfacet
  facet normal 0 0 -1
    outer loop
      vertex -14.8183 1.45947 0
      vertex -16.9181 1.66629 0
      vertex -16.816 2.49442 0
    endloop
  endfacet
  facet normal 0 0 -1
    outer loop
      vertex -14.8897 -0.0141305 0
      vertex -17 0 0
      vertex -14.89 0 0
    endloop
  endfacet
  facet normal 0 0 -1
    outer loop
      vertex -14.8721 0.730617 0
      vertex -16.9795 0.83415 0
      vertex -16.9181 1.66629 0
    endloop
  endfacet
  facet normal -0 0 -1
    outer loop
      vertex -14.8897 0.0141305 0
      vertex -17 0 0
      vertex -16.9795 0.83415 0
    endloop
  endfacet
  facet normal 0.705295 0.0520357 -0.707002
    outer loop
      vertex 17.4789 0.858684 0.5
      vertex 16.9795 0.83415 0
      vertex 17.4157 1.7153 0.5
    endloop
  endfacet
  facet normal 0.706998 0.0173727 -0.707002
    outer loop
      vertex 17.5 0 0.5
      vertex 16.9795 0.83415 0
      vertex 17.4789 0.858684 0.5
    endloop
  endfacet
  facet normal 0.707 0.0173752 -0.707
    outer loop
      vertex 17 0 0
      vertex 16.9795 0.83415 0
      vertex 17.5 0 0.5
    endloop
  endfacet
  facet normal -0.975693 -0.219144 0
    outer loop
      vertex -15.5205 -3.88768 3.75
      vertex -15.6926 -3.12144 30
      vertex -15.6926 -3.12144 3.75
    endloop
  endfacet
  facet normal -0.975693 -0.219144 0
    outer loop
      vertex -15.6926 -3.12144 30
      vertex -15.5205 -3.88768 3.75
      vertex -15.5205 -3.88768 30
    endloop
  endfacet
  facet normal 0.997297 0.0734741 0
    outer loop
      vertex 15.9807 0.785082 30
      vertex 15.923 1.56827 3.75
      vertex 15.923 1.56827 30
    endloop
  endfacet
  facet normal 0.997297 0.0734741 0
    outer loop
      vertex 15.923 1.56827 3.75
      vertex 15.9807 0.785082 30
      vertex 15.9807 0.785082 3.75
    endloop
  endfacet
  facet normal 0.999698 0.024576 0
    outer loop
      vertex 16 0 30
      vertex 15.9807 0.785082 3.75
      vertex 15.9807 0.785082 30
    endloop
  endfacet
  facet normal 0.999698 0.024576 0
    outer loop
      vertex 15.9807 0.785082 3.75
      vertex 16 0 30
      vertex 16 0 3.75
    endloop
  endfacet
  facet normal 0.992469 0.122496 0
    outer loop
      vertex 15.923 1.56827 30
      vertex 15.8268 2.34769 3.75
      vertex 15.8268 2.34769 30
    endloop
  endfacet
  facet normal 0.992469 0.122496 0
    outer loop
      vertex 15.8268 2.34769 3.75
      vertex 15.923 1.56827 30
      vertex 15.923 1.56827 3.75
    endloop
  endfacet
  facet normal -0.757149 -0.653242 0
    outer loop
      vertex -11.8552 -10.7449 3.75
      vertex -12.3682 -10.1503 30
      vertex -12.3682 -10.1503 3.75
    endloop
  endfacet
  facet normal -0.757149 -0.653242 0
    outer loop
      vertex -12.3682 -10.1503 30
      vertex -11.8552 -10.7449 3.75
      vertex -11.8552 -10.7449 30
    endloop
  endfacet
  facet normal -0.0734741 0.997297 0
    outer loop
      vertex -0.785082 15.9807 3.75
      vertex -1.56827 15.923 30
      vertex -0.785082 15.9807 30
    endloop
  endfacet
  facet normal -0.0734741 0.997297 0
    outer loop
      vertex -1.56827 15.923 30
      vertex -0.785082 15.9807 3.75
      vertex -1.56827 15.923 3.75
    endloop
  endfacet
  facet normal 0.0734741 -0.997297 0
    outer loop
      vertex 0.785082 -15.9807 3.75
      vertex 1.56827 -15.923 30
      vertex 0.785082 -15.9807 30
    endloop
  endfacet
  facet normal 0.0734741 -0.997297 0
    outer loop
      vertex 1.56827 -15.923 30
      vertex 0.785082 -15.9807 3.75
      vertex 1.56827 -15.923 3.75
    endloop
  endfacet
  facet normal -0.949544 0.313633 0
    outer loop
      vertex -15.311 4.64455 3.75
      vertex -15.0647 5.39024 30
      vertex -15.0647 5.39024 3.75
    endloop
  endfacet
  facet normal -0.949544 0.313633 0
    outer loop
      vertex -15.0647 5.39024 30
      vertex -15.311 4.64455 3.75
      vertex -15.311 4.64455 30
    endloop
  endfacet
  facet normal 0.449621 0.893219 -0
    outer loop
      vertex 7.54235 14.1107 3.75
      vertex 6.84088 14.4638 30
      vertex 7.54235 14.1107 30
    endloop
  endfacet
  facet normal 0.449621 0.893219 0
    outer loop
      vertex 6.84088 14.4638 30
      vertex 7.54235 14.1107 3.75
      vertex 6.84088 14.4638 3.75
    endloop
  endfacet
  facet normal -0.535048 0.844821 0
    outer loop
      vertex -8.22564 13.7237 3.75
      vertex -8.88912 13.3035 30
      vertex -8.22564 13.7237 30
    endloop
  endfacet
  facet normal -0.535048 0.844821 0
    outer loop
      vertex -8.88912 13.3035 30
      vertex -8.22564 13.7237 3.75
      vertex -8.88912 13.3035 3.75
    endloop
  endfacet
  facet normal 0.98529 -0.17089 0
    outer loop
      vertex 15.6926 -3.12144 30
      vertex 15.8268 -2.34769 3.75
      vertex 15.8268 -2.34769 30
    endloop
  endfacet
  facet normal 0.98529 -0.17089 0
    outer loop
      vertex 15.8268 -2.34769 3.75
      vertex 15.6926 -3.12144 30
      vertex 15.6926 -3.12144 3.75
    endloop
  endfacet
  facet normal -0.449621 0.893219 0
    outer loop
      vertex -6.84088 14.4638 3.75
      vertex -7.54235 14.1107 30
      vertex -6.84088 14.4638 30
    endloop
  endfacet
  facet normal -0.449621 0.893219 0
    outer loop
      vertex -7.54235 14.1107 30
      vertex -6.84088 14.4638 3.75
      vertex -7.54235 14.1107 3.75
    endloop
  endfacet
  facet normal 0.975693 0.219144 0
    outer loop
      vertex 15.6926 3.12144 30
      vertex 15.5205 3.88768 3.75
      vertex 15.5205 3.88768 30
    endloop
  endfacet
  facet normal 0.975693 0.219144 0
    outer loop
      vertex 15.5205 3.88768 3.75
      vertex 15.6926 3.12144 30
      vertex 15.6926 3.12144 3.75
    endloop
  endfacet
  facet normal -0.122496 0.992469 0
    outer loop
      vertex -1.56827 15.923 3.75
      vertex -2.34769 15.8268 30
      vertex -1.56827 15.923 30
    endloop
  endfacet
  facet normal -0.122496 0.992469 0
    outer loop
      vertex -2.34769 15.8268 30
      vertex -1.56827 15.923 3.75
      vertex -2.34769 15.8268 3.75
    endloop
  endfacet
  facet normal -0.0734741 -0.997297 0
    outer loop
      vertex -1.56827 -15.923 3.75
      vertex -0.785082 -15.9807 30
      vertex -1.56827 -15.923 30
    endloop
  endfacet
  facet normal -0.0734741 -0.997297 -0
    outer loop
      vertex -0.785082 -15.9807 30
      vertex -1.56827 -15.923 3.75
      vertex -0.785082 -15.9807 3.75
    endloop
  endfacet
  facet normal 0.788382 0.615186 0
    outer loop
      vertex 12.8513 9.53119 30
      vertex 12.3682 10.1503 3.75
      vertex 12.3682 10.1503 30
    endloop
  endfacet
  facet normal 0.788382 0.615186 0
    outer loop
      vertex 12.3682 10.1503 3.75
      vertex 12.8513 9.53119 30
      vertex 12.8513 9.53119 3.75
    endloop
  endfacet
  facet normal -0.992469 -0.122496 0
    outer loop
      vertex -15.8268 -2.34769 3.75
      vertex -15.923 -1.56827 30
      vertex -15.923 -1.56827 3.75
    endloop
  endfacet
  facet normal -0.992469 -0.122496 0
    outer loop
      vertex -15.923 -1.56827 30
      vertex -15.8268 -2.34769 3.75
      vertex -15.8268 -2.34769 30
    endloop
  endfacet
  facet normal -0.87013 -0.492822 0
    outer loop
      vertex -13.7237 -8.22564 3.75
      vertex -14.1107 -7.54235 30
      vertex -14.1107 -7.54235 3.75
    endloop
  endfacet
  facet normal -0.87013 -0.492822 0
    outer loop
      vertex -14.1107 -7.54235 30
      vertex -13.7237 -8.22564 3.75
      vertex -13.7237 -8.22564 30
    endloop
  endfacet
  facet normal -0.98529 -0.17089 0
    outer loop
      vertex -15.6926 -3.12144 3.75
      vertex -15.8268 -2.34769 30
      vertex -15.8268 -2.34769 3.75
    endloop
  endfacet
  facet normal -0.98529 -0.17089 0
    outer loop
      vertex -15.8268 -2.34769 30
      vertex -15.6926 -3.12144 3.75
      vertex -15.6926 -3.12144 30
    endloop
  endfacet
  facet normal 0.313633 0.949544 -0
    outer loop
      vertex 5.39024 15.0647 3.75
      vertex 4.64455 15.311 30
      vertex 5.39024 15.0647 30
    endloop
  endfacet
  facet normal 0.313633 0.949544 0
    outer loop
      vertex 4.64455 15.311 30
      vertex 5.39024 15.0647 3.75
      vertex 4.64455 15.311 3.75
    endloop
  endfacet
  facet normal 0.893219 -0.449621 0
    outer loop
      vertex 14.1107 -7.54235 30
      vertex 14.4638 -6.84088 3.75
      vertex 14.4638 -6.84088 30
    endloop
  endfacet
  facet normal 0.893219 -0.449621 0
    outer loop
      vertex 14.4638 -6.84088 3.75
      vertex 14.1107 -7.54235 30
      vertex 14.1107 -7.54235 3.75
    endloop
  endfacet
  facet normal -0.949544 -0.313633 0
    outer loop
      vertex -15.0647 -5.39024 3.75
      vertex -15.311 -4.64455 30
      vertex -15.311 -4.64455 3.75
    endloop
  endfacet
  facet normal -0.949544 -0.313633 0
    outer loop
      vertex -15.311 -4.64455 30
      vertex -15.0647 -5.39024 3.75
      vertex -15.0647 -5.39024 30
    endloop
  endfacet
  facet normal 0.933006 -0.359862 0
    outer loop
      vertex 14.7821 -6.12293 30
      vertex 15.0647 -5.39024 3.75
      vertex 15.0647 -5.39024 30
    endloop
  endfacet
  facet normal 0.933006 -0.359862 0
    outer loop
      vertex 15.0647 -5.39024 3.75
      vertex 14.7821 -6.12293 30
      vertex 14.7821 -6.12293 3.75
    endloop
  endfacet
  facet normal -0.933006 0.359862 0
    outer loop
      vertex -15.0647 5.39024 3.75
      vertex -14.7821 6.12293 30
      vertex -14.7821 6.12293 3.75
    endloop
  endfacet
  facet normal -0.933006 0.359862 0
    outer loop
      vertex -14.7821 6.12293 30
      vertex -15.0647 5.39024 3.75
      vertex -15.0647 5.39024 30
    endloop
  endfacet
  facet normal 0.949544 0.313633 0
    outer loop
      vertex 15.311 4.64455 30
      vertex 15.0647 5.39024 3.75
      vertex 15.0647 5.39024 30
    endloop
  endfacet
  facet normal 0.949544 0.313633 0
    outer loop
      vertex 15.0647 5.39024 3.75
      vertex 15.311 4.64455 30
      vertex 15.311 4.64455 3.75
    endloop
  endfacet
  facet normal -0.844821 -0.535048 0
    outer loop
      vertex -13.3035 -8.88912 3.75
      vertex -13.7237 -8.22564 30
      vertex -13.7237 -8.22564 3.75
    endloop
  endfacet
  facet normal -0.844821 -0.535048 0
    outer loop
      vertex -13.7237 -8.22564 30
      vertex -13.3035 -8.88912 3.75
      vertex -13.3035 -8.88912 30
    endloop
  endfacet
  facet normal -0.492822 -0.87013 0
    outer loop
      vertex -8.22564 -13.7237 3.75
      vertex -7.54235 -14.1107 30
      vertex -8.22564 -13.7237 30
    endloop
  endfacet
  facet normal -0.492822 -0.87013 -0
    outer loop
      vertex -7.54235 -14.1107 30
      vertex -8.22564 -13.7237 3.75
      vertex -7.54235 -14.1107 3.75
    endloop
  endfacet
  facet normal -0.999698 -0.024576 0
    outer loop
      vertex -15.9807 -0.785082 3.75
      vertex -16 0 30
      vertex -16 0 3.75
    endloop
  endfacet
  facet normal -0.999698 -0.024576 0
    outer loop
      vertex -16 0 30
      vertex -15.9807 -0.785082 3.75
      vertex -15.9807 -0.785082 30
    endloop
  endfacet
  facet normal -0.689512 0.724274 0
    outer loop
      vertex -10.7449 11.8552 3.75
      vertex -11.3137 11.3137 30
      vertex -10.7449 11.8552 30
    endloop
  endfacet
  facet normal -0.689512 0.724274 0
    outer loop
      vertex -11.3137 11.3137 30
      vertex -10.7449 11.8552 3.75
      vertex -11.3137 11.3137 3.75
    endloop
  endfacet
  facet normal 0.949544 -0.313633 0
    outer loop
      vertex 15.0647 -5.39024 30
      vertex 15.311 -4.64455 3.75
      vertex 15.311 -4.64455 30
    endloop
  endfacet
  facet normal 0.949544 -0.313633 0
    outer loop
      vertex 15.311 -4.64455 3.75
      vertex 15.0647 -5.39024 30
      vertex 15.0647 -5.39024 3.75
    endloop
  endfacet
  facet normal 0.844821 0.535048 0
    outer loop
      vertex 13.7237 8.22564 30
      vertex 13.3035 8.88912 3.75
      vertex 13.3035 8.88912 30
    endloop
  endfacet
  facet normal 0.844821 0.535048 0
    outer loop
      vertex 13.3035 8.88912 3.75
      vertex 13.7237 8.22564 30
      vertex 13.7237 8.22564 3.75
    endloop
  endfacet
  facet normal -0.992469 0.122496 0
    outer loop
      vertex -15.923 1.56827 3.75
      vertex -15.8268 2.34769 30
      vertex -15.8268 2.34769 3.75
    endloop
  endfacet
  facet normal -0.992469 0.122496 0
    outer loop
      vertex -15.8268 2.34769 30
      vertex -15.923 1.56827 3.75
      vertex -15.923 1.56827 30
    endloop
  endfacet
  facet normal 0.17089 -0.98529 0
    outer loop
      vertex 2.34769 -15.8268 3.75
      vertex 3.12144 -15.6926 30
      vertex 2.34769 -15.8268 30
    endloop
  endfacet
  facet normal 0.17089 -0.98529 0
    outer loop
      vertex 3.12144 -15.6926 30
      vertex 2.34769 -15.8268 3.75
      vertex 3.12144 -15.6926 3.75
    endloop
  endfacet
  facet normal -0.492822 0.87013 0
    outer loop
      vertex -7.54235 14.1107 3.75
      vertex -8.22564 13.7237 30
      vertex -7.54235 14.1107 30
    endloop
  endfacet
  facet normal -0.492822 0.87013 0
    outer loop
      vertex -8.22564 13.7237 30
      vertex -7.54235 14.1107 3.75
      vertex -8.22564 13.7237 3.75
    endloop
  endfacet
  facet normal 0.87013 0.492822 0
    outer loop
      vertex 14.1107 7.54235 30
      vertex 13.7237 8.22564 3.75
      vertex 13.7237 8.22564 30
    endloop
  endfacet
  facet normal 0.87013 0.492822 0
    outer loop
      vertex 13.7237 8.22564 3.75
      vertex 14.1107 7.54235 30
      vertex 14.1107 7.54235 3.75
    endloop
  endfacet
  facet normal 0.817583 -0.575811 0
    outer loop
      vertex 12.8513 -9.53119 30
      vertex 13.3035 -8.88912 3.75
      vertex 13.3035 -8.88912 30
    endloop
  endfacet
  facet normal 0.817583 -0.575811 0
    outer loop
      vertex 13.3035 -8.88912 3.75
      vertex 12.8513 -9.53119 30
      vertex 12.8513 -9.53119 3.75
    endloop
  endfacet
  facet normal -0.724274 0.689512 0
    outer loop
      vertex -11.8552 10.7449 3.75
      vertex -11.3137 11.3137 30
      vertex -11.3137 11.3137 3.75
    endloop
  endfacet
  facet normal -0.724274 0.689512 0
    outer loop
      vertex -11.3137 11.3137 30
      vertex -11.8552 10.7449 3.75
      vertex -11.8552 10.7449 30
    endloop
  endfacet
  facet normal 0.999698 -0.024576 0
    outer loop
      vertex 15.9807 -0.785082 30
      vertex 16 0 3.75
      vertex 16 0 30
    endloop
  endfacet
  facet normal 0.999698 -0.024576 0
    outer loop
      vertex 16 0 3.75
      vertex 15.9807 -0.785082 30
      vertex 15.9807 -0.785082 3.75
    endloop
  endfacet
  facet normal -0.219144 0.975693 0
    outer loop
      vertex -3.12144 15.6926 3.75
      vertex -3.88768 15.5205 30
      vertex -3.12144 15.6926 30
    endloop
  endfacet
  facet normal -0.219144 0.975693 0
    outer loop
      vertex -3.88768 15.5205 30
      vertex -3.12144 15.6926 3.75
      vertex -3.88768 15.5205 3.75
    endloop
  endfacet
  facet normal 0.757149 0.653242 0
    outer loop
      vertex 12.3682 10.1503 30
      vertex 11.8552 10.7449 3.75
      vertex 11.8552 10.7449 30
    endloop
  endfacet
  facet normal 0.757149 0.653242 0
    outer loop
      vertex 11.8552 10.7449 3.75
      vertex 12.3682 10.1503 30
      vertex 12.3682 10.1503 3.75
    endloop
  endfacet
  facet normal -0.999698 0.024576 0
    outer loop
      vertex -16 0 3.75
      vertex -15.9807 0.785082 30
      vertex -15.9807 0.785082 3.75
    endloop
  endfacet
  facet normal -0.999698 0.024576 0
    outer loop
      vertex -15.9807 0.785082 30
      vertex -16 0 3.75
      vertex -16 0 30
    endloop
  endfacet
  facet normal 0.653242 0.757149 -0
    outer loop
      vertex 10.7449 11.8552 3.75
      vertex 10.1503 12.3682 30
      vertex 10.7449 11.8552 30
    endloop
  endfacet
  facet normal 0.653242 0.757149 0
    outer loop
      vertex 10.1503 12.3682 30
      vertex 10.7449 11.8552 3.75
      vertex 10.1503 12.3682 3.75
    endloop
  endfacet
  facet normal -0.997297 -0.0734741 0
    outer loop
      vertex -15.923 -1.56827 3.75
      vertex -15.9807 -0.785082 30
      vertex -15.9807 -0.785082 3.75
    endloop
  endfacet
  facet normal -0.997297 -0.0734741 0
    outer loop
      vertex -15.9807 -0.785082 30
      vertex -15.923 -1.56827 3.75
      vertex -15.923 -1.56827 30
    endloop
  endfacet
  facet normal -0.359862 -0.933006 0
    outer loop
      vertex -6.12293 -14.7821 3.75
      vertex -5.39024 -15.0647 30
      vertex -6.12293 -14.7821 30
    endloop
  endfacet
  facet normal -0.359862 -0.933006 -0
    outer loop
      vertex -5.39024 -15.0647 30
      vertex -6.12293 -14.7821 3.75
      vertex -5.39024 -15.0647 3.75
    endloop
  endfacet
  facet normal 0.817583 0.575811 0
    outer loop
      vertex 13.3035 8.88912 30
      vertex 12.8513 9.53119 3.75
      vertex 12.8513 9.53119 30
    endloop
  endfacet
  facet normal 0.817583 0.575811 0
    outer loop
      vertex 12.8513 9.53119 3.75
      vertex 13.3035 8.88912 30
      vertex 13.3035 8.88912 3.75
    endloop
  endfacet
  facet normal -0.615186 0.788382 0
    outer loop
      vertex -9.53119 12.8513 3.75
      vertex -10.1503 12.3682 30
      vertex -9.53119 12.8513 30
    endloop
  endfacet
  facet normal -0.615186 0.788382 0
    outer loop
      vertex -10.1503 12.3682 30
      vertex -9.53119 12.8513 3.75
      vertex -10.1503 12.3682 3.75
    endloop
  endfacet
  facet normal 0.492822 0.87013 -0
    outer loop
      vertex 8.22564 13.7237 3.75
      vertex 7.54235 14.1107 30
      vertex 8.22564 13.7237 30
    endloop
  endfacet
  facet normal 0.492822 0.87013 0
    outer loop
      vertex 7.54235 14.1107 30
      vertex 8.22564 13.7237 3.75
      vertex 7.54235 14.1107 3.75
    endloop
  endfacet
  facet normal -0.724274 -0.689512 0
    outer loop
      vertex -11.3137 -11.3137 3.75
      vertex -11.8552 -10.7449 30
      vertex -11.8552 -10.7449 3.75
    endloop
  endfacet
  facet normal -0.724274 -0.689512 0
    outer loop
      vertex -11.8552 -10.7449 30
      vertex -11.3137 -11.3137 3.75
      vertex -11.3137 -11.3137 30
    endloop
  endfacet
  facet normal 0.788382 -0.615186 0
    outer loop
      vertex 12.3682 -10.1503 30
      vertex 12.8513 -9.53119 3.75
      vertex 12.8513 -9.53119 30
    endloop
  endfacet
  facet normal 0.788382 -0.615186 0
    outer loop
      vertex 12.8513 -9.53119 3.75
      vertex 12.3682 -10.1503 30
      vertex 12.3682 -10.1503 3.75
    endloop
  endfacet
  facet normal 0.689512 0.724274 -0
    outer loop
      vertex 11.3137 11.3137 3.75
      vertex 10.7449 11.8552 30
      vertex 11.3137 11.3137 30
    endloop
  endfacet
  facet normal 0.689512 0.724274 0
    outer loop
      vertex 10.7449 11.8552 30
      vertex 11.3137 11.3137 3.75
      vertex 10.7449 11.8552 3.75
    endloop
  endfacet
  facet normal 0.914184 0.405299 0
    outer loop
      vertex 14.7821 6.12293 30
      vertex 14.4638 6.84088 3.75
      vertex 14.4638 6.84088 30
    endloop
  endfacet
  facet normal 0.914184 0.405299 0
    outer loop
      vertex 14.4638 6.84088 3.75
      vertex 14.7821 6.12293 30
      vertex 14.7821 6.12293 3.75
    endloop
  endfacet
  facet normal -0.844821 0.535048 0
    outer loop
      vertex -13.7237 8.22564 3.75
      vertex -13.3035 8.88912 30
      vertex -13.3035 8.88912 3.75
    endloop
  endfacet
  facet normal -0.844821 0.535048 0
    outer loop
      vertex -13.3035 8.88912 30
      vertex -13.7237 8.22564 3.75
      vertex -13.7237 8.22564 30
    endloop
  endfacet
  facet normal 0.122496 0.992469 -0
    outer loop
      vertex 2.34769 15.8268 3.75
      vertex 1.56827 15.923 30
      vertex 2.34769 15.8268 30
    endloop
  endfacet
  facet normal 0.122496 0.992469 0
    outer loop
      vertex 1.56827 15.923 30
      vertex 2.34769 15.8268 3.75
      vertex 1.56827 15.923 3.75
    endloop
  endfacet
  facet normal 0.963761 -0.266767 0
    outer loop
      vertex 15.311 -4.64455 30
      vertex 15.5205 -3.88768 3.75
      vertex 15.5205 -3.88768 30
    endloop
  endfacet
  facet normal 0.963761 -0.266767 0
    outer loop
      vertex 15.5205 -3.88768 3.75
      vertex 15.311 -4.64455 30
      vertex 15.311 -4.64455 3.75
    endloop
  endfacet
  facet normal 0.024576 -0.999698 0
    outer loop
      vertex 0 -16 3.75
      vertex 0.785082 -15.9807 30
      vertex 0 -16 30
    endloop
  endfacet
  facet normal 0.024576 -0.999698 0
    outer loop
      vertex 0.785082 -15.9807 30
      vertex 0 -16 3.75
      vertex 0.785082 -15.9807 3.75
    endloop
  endfacet
  facet normal 0.724274 -0.689512 0
    outer loop
      vertex 11.3137 -11.3137 30
      vertex 11.8552 -10.7449 3.75
      vertex 11.8552 -10.7449 30
    endloop
  endfacet
  facet normal 0.724274 -0.689512 0
    outer loop
      vertex 11.8552 -10.7449 3.75
      vertex 11.3137 -11.3137 30
      vertex 11.3137 -11.3137 3.75
    endloop
  endfacet
  facet normal -0.313633 0.949544 0
    outer loop
      vertex -4.64455 15.311 3.75
      vertex -5.39024 15.0647 30
      vertex -4.64455 15.311 30
    endloop
  endfacet
  facet normal -0.313633 0.949544 0
    outer loop
      vertex -5.39024 15.0647 30
      vertex -4.64455 15.311 3.75
      vertex -5.39024 15.0647 3.75
    endloop
  endfacet
  facet normal -0.122496 -0.992469 0
    outer loop
      vertex -2.34769 -15.8268 3.75
      vertex -1.56827 -15.923 30
      vertex -2.34769 -15.8268 30
    endloop
  endfacet
  facet normal -0.122496 -0.992469 -0
    outer loop
      vertex -1.56827 -15.923 30
      vertex -2.34769 -15.8268 3.75
      vertex -1.56827 -15.923 3.75
    endloop
  endfacet
  facet normal 0.992469 -0.122496 0
    outer loop
      vertex 15.8268 -2.34769 30
      vertex 15.923 -1.56827 3.75
      vertex 15.923 -1.56827 30
    endloop
  endfacet
  facet normal 0.992469 -0.122496 0
    outer loop
      vertex 15.923 -1.56827 3.75
      vertex 15.8268 -2.34769 30
      vertex 15.8268 -2.34769 3.75
    endloop
  endfacet
  facet normal 0.893219 0.449621 0
    outer loop
      vertex 14.4638 6.84088 30
      vertex 14.1107 7.54235 3.75
      vertex 14.1107 7.54235 30
    endloop
  endfacet
  facet normal 0.893219 0.449621 0
    outer loop
      vertex 14.1107 7.54235 3.75
      vertex 14.4638 6.84088 30
      vertex 14.4638 6.84088 3.75
    endloop
  endfacet
  facet normal -0.757149 0.653242 0
    outer loop
      vertex -12.3682 10.1503 3.75
      vertex -11.8552 10.7449 30
      vertex -11.8552 10.7449 3.75
    endloop
  endfacet
  facet normal -0.757149 0.653242 0
    outer loop
      vertex -11.8552 10.7449 30
      vertex -12.3682 10.1503 3.75
      vertex -12.3682 10.1503 30
    endloop
  endfacet
  facet normal 0.535048 -0.844821 0
    outer loop
      vertex 8.22564 -13.7237 3.75
      vertex 8.88912 -13.3035 30
      vertex 8.22564 -13.7237 30
    endloop
  endfacet
  facet normal 0.535048 -0.844821 0
    outer loop
      vertex 8.88912 -13.3035 30
      vertex 8.22564 -13.7237 3.75
      vertex 8.88912 -13.3035 3.75
    endloop
  endfacet
  facet normal 0.87013 -0.492822 0
    outer loop
      vertex 13.7237 -8.22564 30
      vertex 14.1107 -7.54235 3.75
      vertex 14.1107 -7.54235 30
    endloop
  endfacet
  facet normal 0.87013 -0.492822 0
    outer loop
      vertex 14.1107 -7.54235 3.75
      vertex 13.7237 -8.22564 30
      vertex 13.7237 -8.22564 3.75
    endloop
  endfacet
  facet normal -0.653242 -0.757149 0
    outer loop
      vertex -10.7449 -11.8552 3.75
      vertex -10.1503 -12.3682 30
      vertex -10.7449 -11.8552 30
    endloop
  endfacet
  facet normal -0.653242 -0.757149 -0
    outer loop
      vertex -10.1503 -12.3682 30
      vertex -10.7449 -11.8552 3.75
      vertex -10.1503 -12.3682 3.75
    endloop
  endfacet
  facet normal 0.219144 0.975693 -0
    outer loop
      vertex 3.88768 15.5205 3.75
      vertex 3.12144 15.6926 30
      vertex 3.88768 15.5205 30
    endloop
  endfacet
  facet normal 0.219144 0.975693 0
    outer loop
      vertex 3.12144 15.6926 30
      vertex 3.88768 15.5205 3.75
      vertex 3.12144 15.6926 3.75
    endloop
  endfacet
  facet normal 0.405299 0.914184 -0
    outer loop
      vertex 6.84088 14.4638 3.75
      vertex 6.12293 14.7821 30
      vertex 6.84088 14.4638 30
    endloop
  endfacet
  facet normal 0.405299 0.914184 0
    outer loop
      vertex 6.12293 14.7821 30
      vertex 6.84088 14.4638 3.75
      vertex 6.12293 14.7821 3.75
    endloop
  endfacet
  facet normal 0.219144 -0.975693 0
    outer loop
      vertex 3.12144 -15.6926 3.75
      vertex 3.88768 -15.5205 30
      vertex 3.12144 -15.6926 30
    endloop
  endfacet
  facet normal 0.219144 -0.975693 0
    outer loop
      vertex 3.88768 -15.5205 30
      vertex 3.12144 -15.6926 3.75
      vertex 3.88768 -15.5205 3.75
    endloop
  endfacet
  facet normal 0.575811 -0.817583 0
    outer loop
      vertex 8.88912 -13.3035 3.75
      vertex 9.53119 -12.8513 30
      vertex 8.88912 -13.3035 30
    endloop
  endfacet
  facet normal 0.575811 -0.817583 0
    outer loop
      vertex 9.53119 -12.8513 30
      vertex 8.88912 -13.3035 3.75
      vertex 9.53119 -12.8513 3.75
    endloop
  endfacet
  facet normal -0.535048 -0.844821 0
    outer loop
      vertex -8.88912 -13.3035 3.75
      vertex -8.22564 -13.7237 30
      vertex -8.88912 -13.3035 30
    endloop
  endfacet
  facet normal -0.535048 -0.844821 -0
    outer loop
      vertex -8.22564 -13.7237 30
      vertex -8.88912 -13.3035 3.75
      vertex -8.22564 -13.7237 3.75
    endloop
  endfacet
  facet normal 0.98529 0.17089 0
    outer loop
      vertex 15.8268 2.34769 30
      vertex 15.6926 3.12144 3.75
      vertex 15.6926 3.12144 30
    endloop
  endfacet
  facet normal 0.98529 0.17089 0
    outer loop
      vertex 15.6926 3.12144 3.75
      vertex 15.8268 2.34769 30
      vertex 15.8268 2.34769 3.75
    endloop
  endfacet
  facet normal 0 0 1
    outer loop
      vertex 14.4 0 30
      vertex 16 0 30
      vertex 15.9807 0.785082 30
    endloop
  endfacet
  facet normal 0 0 1
    outer loop
      vertex 14.3827 0.706574 30
      vertex 15.9807 0.785082 30
      vertex 15.923 1.56827 30
    endloop
  endfacet
  facet normal 0 0 1
    outer loop
      vertex 16 0 30
      vertex 14.4 0 30
      vertex 15.9807 -0.785082 30
    endloop
  endfacet
  facet normal 0 0 1
    outer loop
      vertex 14.3307 1.41145 30
      vertex 15.923 1.56827 30
      vertex 15.8268 2.34769 30
    endloop
  endfacet
  facet normal -0 0 1
    outer loop
      vertex 14.3827 -0.706574 30
      vertex 15.9807 -0.785082 30
      vertex 14.4 0 30
    endloop
  endfacet
  facet normal 0 0 1
    outer loop
      vertex 14.2441 2.11292 30
      vertex 15.8268 2.34769 30
      vertex 15.6926 3.12144 30
    endloop
  endfacet
  facet normal 0 0 1
    outer loop
      vertex 15.9807 -0.785082 30
      vertex 14.3827 -0.706574 30
      vertex 15.923 -1.56827 30
    endloop
  endfacet
  facet normal 0 0 1
    outer loop
      vertex 14.1233 2.8093 30
      vertex 15.6926 3.12144 30
      vertex 15.5205 3.88768 30
    endloop
  endfacet
  facet normal -0 0 1
    outer loop
      vertex 14.3307 -1.41145 30
      vertex 15.923 -1.56827 30
      vertex 14.3827 -0.706574 30
    endloop
  endfacet
  facet normal 0 0 1
    outer loop
      vertex 13.9684 3.49891 30
      vertex 15.5205 3.88768 30
      vertex 15.311 4.64455 30
    endloop
  endfacet
  facet normal 0 0 1
    outer loop
      vertex 15.923 -1.56827 30
      vertex 14.3307 -1.41145 30
      vertex 15.8268 -2.34769 30
    endloop
  endfacet
  facet normal 0 0 1
    outer loop
      vertex 13.7799 4.1801 30
      vertex 15.311 4.64455 30
      vertex 15.0647 5.39024 30
    endloop
  endfacet
  facet normal -0 0 1
    outer loop
      vertex 14.2441 -2.11292 30
      vertex 15.8268 -2.34769 30
      vertex 14.3307 -1.41145 30
    endloop
  endfacet
  facet normal 0 0 1
    outer loop
      vertex 13.5582 4.85121 30
      vertex 15.0647 5.39024 30
      vertex 14.7821 6.12293 30
    endloop
  endfacet
  facet normal 0 0 1
    outer loop
      vertex 15.8268 -2.34769 30
      vertex 14.2441 -2.11292 30
      vertex 15.6926 -3.12144 30
    endloop
  endfacet
  facet normal 0 0 1
    outer loop
      vertex 13.3039 5.51064 30
      vertex 14.7821 6.12293 30
      vertex 14.4638 6.84088 30
    endloop
  endfacet
  facet normal -0 0 1
    outer loop
      vertex 14.1233 -2.8093 30
      vertex 15.6926 -3.12144 30
      vertex 14.2441 -2.11292 30
    endloop
  endfacet
  facet normal 0 0 1
    outer loop
      vertex 15.6926 -3.12144 30
      vertex 14.1233 -2.8093 30
      vertex 15.5205 -3.88768 30
    endloop
  endfacet
  facet normal 0 0 1
    outer loop
      vertex 15.9807 0.785082 30
      vertex 14.3827 0.706574 30
      vertex 14.4 0 30
    endloop
  endfacet
  facet normal 0 0 1
    outer loop
      vertex 15.923 1.56827 30
      vertex 14.3307 1.41145 30
      vertex 14.3827 0.706574 30
    endloop
  endfacet
  facet normal 0 0 1
    outer loop
      vertex 15.8268 2.34769 30
      vertex 14.2441 2.11292 30
      vertex 14.3307 1.41145 30
    endloop
  endfacet
  facet normal 0 0 1
    outer loop
      vertex 15.6926 3.12144 30
      vertex 14.1233 2.8093 30
      vertex 14.2441 2.11292 30
    endloop
  endfacet
  facet normal 0 0 1
    outer loop
      vertex 13.0174 6.15679 30
      vertex 14.4638 6.84088 30
      vertex 14.1107 7.54235 30
    endloop
  endfacet
  facet normal 0 0 1
    outer loop
      vertex 15.5205 3.88768 30
      vertex 13.9684 3.49891 30
      vertex 14.1233 2.8093 30
    endloop
  endfacet
  facet normal 0 0 1
    outer loop
      vertex 15.311 4.64455 30
      vertex 13.7799 4.1801 30
      vertex 13.9684 3.49891 30
    endloop
  endfacet
  facet normal 0 0 1
    outer loop
      vertex 12.6997 6.78811 30
      vertex 14.1107 7.54235 30
      vertex 13.7237 8.22564 30
    endloop
  endfacet
  facet normal 0 0 1
    outer loop
      vertex 15.0647 5.39024 30
      vertex 13.5582 4.85121 30
      vertex 13.7799 4.1801 30
    endloop
  endfacet
  facet normal 0 0 1
    outer loop
      vertex 14.7821 6.12293 30
      vertex 13.3039 5.51064 30
      vertex 13.5582 4.85121 30
    endloop
  endfacet
  facet normal 0 0 1
    outer loop
      vertex 12.3513 7.40308 30
      vertex 13.7237 8.22564 30
      vertex 13.3035 8.88912 30
    endloop
  endfacet
  facet normal 0 0 1
    outer loop
      vertex 14.4638 6.84088 30
      vertex 13.0174 6.15679 30
      vertex 13.3039 5.51064 30
    endloop
  endfacet
  facet normal 0 0 1
    outer loop
      vertex 11.9732 8.00021 30
      vertex 13.3035 8.88912 30
      vertex 12.8513 9.53119 30
    endloop
  endfacet
  facet normal 0 0 1
    outer loop
      vertex 14.1107 7.54235 30
      vertex 12.6997 6.78811 30
      vertex 13.0174 6.15679 30
    endloop
  endfacet
  facet normal 0 0 1
    outer loop
      vertex 11.5662 8.57807 30
      vertex 12.8513 9.53119 30
      vertex 12.3682 10.1503 30
    endloop
  endfacet
  facet normal 0 0 1
    outer loop
      vertex 13.7237 8.22564 30
      vertex 12.3513 7.40308 30
      vertex 12.6997 6.78811 30
    endloop
  endfacet
  facet normal 0 0 1
    outer loop
      vertex 13.3035 8.88912 30
      vertex 11.9732 8.00021 30
      vertex 12.3513 7.40308 30
    endloop
  endfacet
  facet normal 0 0 1
    outer loop
      vertex 11.1314 9.13526 30
      vertex 12.3682 10.1503 30
      vertex 11.8552 10.7449 30
    endloop
  endfacet
  facet normal 0 0 1
    outer loop
      vertex 12.8513 9.53119 30
      vertex 11.5662 8.57807 30
      vertex 11.9732 8.00021 30
    endloop
  endfacet
  facet normal 0 0 1
    outer loop
      vertex 10.6697 9.67045 30
      vertex 11.8552 10.7449 30
      vertex 11.3137 11.3137 30
    endloop
  endfacet
  facet normal 0 0 1
    outer loop
      vertex 12.3682 10.1503 30
      vertex 11.1314 9.13526 30
      vertex 11.5662 8.57807 30
    endloop
  endfacet
  facet normal 0 0 1
    outer loop
      vertex 10.1823 10.1823 30
      vertex 11.3137 11.3137 30
      vertex 10.7449 11.8552 30
    endloop
  endfacet
  facet normal 0 0 1
    outer loop
      vertex 11.8552 10.7449 30
      vertex 10.6697 9.67045 30
      vertex 11.1314 9.13526 30
    endloop
  endfacet
  facet normal 0 0 1
    outer loop
      vertex 11.3137 11.3137 30
      vertex 10.1823 10.1823 30
      vertex 10.6697 9.67045 30
    endloop
  endfacet
  facet normal 0 0 1
    outer loop
      vertex 9.67045 10.6697 30
      vertex 10.7449 11.8552 30
      vertex 10.1503 12.3682 30
    endloop
  endfacet
  facet normal 0 0 1
    outer loop
      vertex 10.7449 11.8552 30
      vertex 9.67045 10.6697 30
      vertex 10.1823 10.1823 30
    endloop
  endfacet
  facet normal 0 0 1
    outer loop
      vertex 9.13526 11.1314 30
      vertex 10.1503 12.3682 30
      vertex 9.53119 12.8513 30
    endloop
  endfacet
  facet normal 0 0 1
    outer loop
      vertex 10.1503 12.3682 30
      vertex 9.13526 11.1314 30
      vertex 9.67045 10.6697 30
    endloop
  endfacet
  facet normal 0 0 1
    outer loop
      vertex 8.57807 11.5662 30
      vertex 9.53119 12.8513 30
      vertex 8.88912 13.3035 30
    endloop
  endfacet
  facet normal 0 0 1
    outer loop
      vertex 9.53119 12.8513 30
      vertex 8.57807 11.5662 30
      vertex 9.13526 11.1314 30
    endloop
  endfacet
  facet normal 0 0 1
    outer loop
      vertex 8.00021 11.9732 30
      vertex 8.88912 13.3035 30
      vertex 8.22564 13.7237 30
    endloop
  endfacet
  facet normal 0 0 1
    outer loop
      vertex 8.88912 13.3035 30
      vertex 8.00021 11.9732 30
      vertex 8.57807 11.5662 30
    endloop
  endfacet
  facet normal 0 0 1
    outer loop
      vertex 7.40308 12.3513 30
      vertex 8.22564 13.7237 30
      vertex 7.54235 14.1107 30
    endloop
  endfacet
  facet normal 0 0 1
    outer loop
      vertex 8.22564 13.7237 30
      vertex 7.40308 12.3513 30
      vertex 8.00021 11.9732 30
    endloop
  endfacet
  facet normal 0 0 1
    outer loop
      vertex 6.78811 12.6997 30
      vertex 7.54235 14.1107 30
      vertex 6.84088 14.4638 30
    endloop
  endfacet
  facet normal 0 0 1
    outer loop
      vertex 7.54235 14.1107 30
      vertex 6.78811 12.6997 30
      vertex 7.40308 12.3513 30
    endloop
  endfacet
  facet normal 0 0 1
    outer loop
      vertex 6.84088 14.4638 30
      vertex 6.15679 13.0174 30
      vertex 6.78811 12.6997 30
    endloop
  endfacet
  facet normal 0 0 1
    outer loop
      vertex 6.12293 14.7821 30
      vertex 6.15679 13.0174 30
      vertex 6.84088 14.4638 30
    endloop
  endfacet
  facet normal 0 0 1
    outer loop
      vertex 6.12293 14.7821 30
      vertex 5.51064 13.3039 30
      vertex 6.15679 13.0174 30
    endloop
  endfacet
  facet normal 0 0 1
    outer loop
      vertex 5.39024 15.0647 30
      vertex 5.51064 13.3039 30
      vertex 6.12293 14.7821 30
    endloop
  endfacet
  facet normal 0 0 1
    outer loop
      vertex 5.39024 15.0647 30
      vertex 4.85121 13.5582 30
      vertex 5.51064 13.3039 30
    endloop
  endfacet
  facet normal 0 0 1
    outer loop
      vertex 4.64455 15.311 30
      vertex 4.85121 13.5582 30
      vertex 5.39024 15.0647 30
    endloop
  endfacet
  facet normal 0 0 1
    outer loop
      vertex 4.64455 15.311 30
      vertex 4.1801 13.7799 30
      vertex 4.85121 13.5582 30
    endloop
  endfacet
  facet normal 0 0 1
    outer loop
      vertex 3.88768 15.5205 30
      vertex 4.1801 13.7799 30
      vertex 4.64455 15.311 30
    endloop
  endfacet
  facet normal 0 0 1
    outer loop
      vertex 3.88768 15.5205 30
      vertex 3.49891 13.9684 30
      vertex 4.1801 13.7799 30
    endloop
  endfacet
  facet normal 0 0 1
    outer loop
      vertex 3.12144 15.6926 30
      vertex 3.49891 13.9684 30
      vertex 3.88768 15.5205 30
    endloop
  endfacet
  facet normal 0 0 1
    outer loop
      vertex 3.12144 15.6926 30
      vertex 2.8093 14.1233 30
      vertex 3.49891 13.9684 30
    endloop
  endfacet
  facet normal 0 0 1
    outer loop
      vertex 2.34769 15.8268 30
      vertex 2.8093 14.1233 30
      vertex 3.12144 15.6926 30
    endloop
  endfacet
  facet normal 0 0 1
    outer loop
      vertex 2.34769 15.8268 30
      vertex 2.11292 14.2441 30
      vertex 2.8093 14.1233 30
    endloop
  endfacet
  facet normal 0 0 1
    outer loop
      vertex 1.56827 15.923 30
      vertex 2.11292 14.2441 30
      vertex 2.34769 15.8268 30
    endloop
  endfacet
  facet normal 0 0 1
    outer loop
      vertex 1.56827 15.923 30
      vertex 1.41145 14.3307 30
      vertex 2.11292 14.2441 30
    endloop
  endfacet
  facet normal 0 0 1
    outer loop
      vertex 0.785082 15.9807 30
      vertex 1.41145 14.3307 30
      vertex 1.56827 15.923 30
    endloop
  endfacet
  facet normal 0 0 1
    outer loop
      vertex 0.785082 15.9807 30
      vertex 0.706574 14.3827 30
      vertex 1.41145 14.3307 30
    endloop
  endfacet
  facet normal 0 0 1
    outer loop
      vertex 0 16 30
      vertex 0.706574 14.3827 30
      vertex 0.785082 15.9807 30
    endloop
  endfacet
  facet normal 0 0 1
    outer loop
      vertex 0 16 30
      vertex 0 14.4 30
      vertex 0.706574 14.3827 30
    endloop
  endfacet
  facet normal 0 0 1
    outer loop
      vertex 0 16 30
      vertex -0.706574 14.3827 30
      vertex 0 14.4 30
    endloop
  endfacet
  facet normal -0 0 1
    outer loop
      vertex -0.785082 15.9807 30
      vertex -0.706574 14.3827 30
      vertex 0 16 30
    endloop
  endfacet
  facet normal 0 0 1
    outer loop
      vertex -0.785082 15.9807 30
      vertex -1.41145 14.3307 30
      vertex -0.706574 14.3827 30
    endloop
  endfacet
  facet normal -0 0 1
    outer loop
      vertex -1.56827 15.923 30
      vertex -1.41145 14.3307 30
      vertex -0.785082 15.9807 30
    endloop
  endfacet
  facet normal 0 0 1
    outer loop
      vertex -1.56827 15.923 30
      vertex -2.11292 14.2441 30
      vertex -1.41145 14.3307 30
    endloop
  endfacet
  facet normal -0 0 1
    outer loop
      vertex -2.34769 15.8268 30
      vertex -2.11292 14.2441 30
      vertex -1.56827 15.923 30
    endloop
  endfacet
  facet normal 0 0 1
    outer loop
      vertex -2.34769 15.8268 30
      vertex -2.8093 14.1233 30
      vertex -2.11292 14.2441 30
    endloop
  endfacet
  facet normal -0 0 1
    outer loop
      vertex -3.12144 15.6926 30
      vertex -2.8093 14.1233 30
      vertex -2.34769 15.8268 30
    endloop
  endfacet
  facet normal 0 0 1
    outer loop
      vertex -3.12144 15.6926 30
      vertex -3.49891 13.9684 30
      vertex -2.8093 14.1233 30
    endloop
  endfacet
  facet normal -0 0 1
    outer loop
      vertex -3.88768 15.5205 30
      vertex -3.49891 13.9684 30
      vertex -3.12144 15.6926 30
    endloop
  endfacet
  facet normal 0 0 1
    outer loop
      vertex -3.88768 15.5205 30
      vertex -4.1801 13.7799 30
      vertex -3.49891 13.9684 30
    endloop
  endfacet
  facet normal -0 0 1
    outer loop
      vertex -4.64455 15.311 30
      vertex -4.1801 13.7799 30
      vertex -3.88768 15.5205 30
    endloop
  endfacet
  facet normal 0 0 1
    outer loop
      vertex -4.64455 15.311 30
      vertex -4.85121 13.5582 30
      vertex -4.1801 13.7799 30
    endloop
  endfacet
  facet normal -0 0 1
    outer loop
      vertex -5.39024 15.0647 30
      vertex -4.85121 13.5582 30
      vertex -4.64455 15.311 30
    endloop
  endfacet
  facet normal 0 0 1
    outer loop
      vertex -5.39024 15.0647 30
      vertex -5.51064 13.3039 30
      vertex -4.85121 13.5582 30
    endloop
  endfacet
  facet normal -0 0 1
    outer loop
      vertex -6.12293 14.7821 30
      vertex -5.51064 13.3039 30
      vertex -5.39024 15.0647 30
    endloop
  endfacet
  facet normal 0 0 1
    outer loop
      vertex -6.12293 14.7821 30
      vertex -6.15679 13.0174 30
      vertex -5.51064 13.3039 30
    endloop
  endfacet
  facet normal -0 0 1
    outer loop
      vertex -6.84088 14.4638 30
      vertex -6.15679 13.0174 30
      vertex -6.12293 14.7821 30
    endloop
  endfacet
  facet normal 0 0 1
    outer loop
      vertex -6.15679 13.0174 30
      vertex -6.84088 14.4638 30
      vertex -6.78811 12.6997 30
    endloop
  endfacet
  facet normal -0 0 1
    outer loop
      vertex -7.54235 14.1107 30
      vertex -6.78811 12.6997 30
      vertex -6.84088 14.4638 30
    endloop
  endfacet
  facet normal 0 0 1
    outer loop
      vertex -6.78811 12.6997 30
      vertex -7.54235 14.1107 30
      vertex -7.40308 12.3513 30
    endloop
  endfacet
  facet normal -0 0 1
    outer loop
      vertex -8.22564 13.7237 30
      vertex -7.40308 12.3513 30
      vertex -7.54235 14.1107 30
    endloop
  endfacet
  facet normal 0 0 1
    outer loop
      vertex -7.40308 12.3513 30
      vertex -8.22564 13.7237 30
      vertex -8.00021 11.9732 30
    endloop
  endfacet
  facet normal -0 0 1
    outer loop
      vertex -8.88912 13.3035 30
      vertex -8.00021 11.9732 30
      vertex -8.22564 13.7237 30
    endloop
  endfacet
  facet normal 0 0 1
    outer loop
      vertex -8.00021 11.9732 30
      vertex -8.88912 13.3035 30
      vertex -8.57807 11.5662 30
    endloop
  endfacet
  facet normal -0 0 1
    outer loop
      vertex -9.53119 12.8513 30
      vertex -8.57807 11.5662 30
      vertex -8.88912 13.3035 30
    endloop
  endfacet
  facet normal 0 0 1
    outer loop
      vertex -8.57807 11.5662 30
      vertex -9.53119 12.8513 30
      vertex -9.13526 11.1314 30
    endloop
  endfacet
  facet normal -0 0 1
    outer loop
      vertex -10.1503 12.3682 30
      vertex -9.13526 11.1314 30
      vertex -9.53119 12.8513 30
    endloop
  endfacet
  facet normal 0 0 1
    outer loop
      vertex -9.13526 11.1314 30
      vertex -10.1503 12.3682 30
      vertex -9.67045 10.6697 30
    endloop
  endfacet
  facet normal -0 0 1
    outer loop
      vertex -10.7449 11.8552 30
      vertex -9.67045 10.6697 30
      vertex -10.1503 12.3682 30
    endloop
  endfacet
  facet normal 0 0 1
    outer loop
      vertex -9.67045 10.6697 30
      vertex -10.7449 11.8552 30
      vertex -10.1823 10.1823 30
    endloop
  endfacet
  facet normal -0 0 1
    outer loop
      vertex -11.3137 11.3137 30
      vertex -10.1823 10.1823 30
      vertex -10.7449 11.8552 30
    endloop
  endfacet
  facet normal 0 0 1
    outer loop
      vertex -10.1823 10.1823 30
      vertex -11.3137 11.3137 30
      vertex -10.6697 9.67045 30
    endloop
  endfacet
  facet normal -0 0 1
    outer loop
      vertex -11.8552 10.7449 30
      vertex -10.6697 9.67045 30
      vertex -11.3137 11.3137 30
    endloop
  endfacet
  facet normal 0 0 1
    outer loop
      vertex -10.6697 9.67045 30
      vertex -11.8552 10.7449 30
      vertex -11.1314 9.13526 30
    endloop
  endfacet
  facet normal -0 0 1
    outer loop
      vertex -12.3682 10.1503 30
      vertex -11.1314 9.13526 30
      vertex -11.8552 10.7449 30
    endloop
  endfacet
  facet normal 0 0 1
    outer loop
      vertex -11.1314 9.13526 30
      vertex -12.3682 10.1503 30
      vertex -11.5662 8.57807 30
    endloop
  endfacet
  facet normal -0 0 1
    outer loop
      vertex -12.8513 9.53119 30
      vertex -11.5662 8.57807 30
      vertex -12.3682 10.1503 30
    endloop
  endfacet
  facet normal 0 0 1
    outer loop
      vertex -11.5662 8.57807 30
      vertex -12.8513 9.53119 30
      vertex -11.9732 8.00021 30
    endloop
  endfacet
  facet normal -0 0 1
    outer loop
      vertex -13.3035 8.88912 30
      vertex -11.9732 8.00021 30
      vertex -12.8513 9.53119 30
    endloop
  endfacet
  facet normal 0 0 1
    outer loop
      vertex -11.9732 8.00021 30
      vertex -13.3035 8.88912 30
      vertex -12.3513 7.40308 30
    endloop
  endfacet
  facet normal -0 0 1
    outer loop
      vertex -13.7237 8.22564 30
      vertex -12.3513 7.40308 30
      vertex -13.3035 8.88912 30
    endloop
  endfacet
  facet normal 0 0 1
    outer loop
      vertex -12.3513 7.40308 30
      vertex -13.7237 8.22564 30
      vertex -12.6997 6.78811 30
    endloop
  endfacet
  facet normal -0 0 1
    outer loop
      vertex -14.1107 7.54235 30
      vertex -12.6997 6.78811 30
      vertex -13.7237 8.22564 30
    endloop
  endfacet
  facet normal 0 0 1
    outer loop
      vertex -12.6997 6.78811 30
      vertex -14.1107 7.54235 30
      vertex -13.0174 6.15679 30
    endloop
  endfacet
  facet normal -0 0 1
    outer loop
      vertex -14.4638 6.84088 30
      vertex -13.0174 6.15679 30
      vertex -14.1107 7.54235 30
    endloop
  endfacet
  facet normal 0 0 1
    outer loop
      vertex -13.0174 6.15679 30
      vertex -14.4638 6.84088 30
      vertex -13.3039 5.51064 30
    endloop
  endfacet
  facet normal -0 0 1
    outer loop
      vertex -14.7821 6.12293 30
      vertex -13.3039 5.51064 30
      vertex -14.4638 6.84088 30
    endloop
  endfacet
  facet normal 0 0 1
    outer loop
      vertex -13.3039 5.51064 30
      vertex -14.7821 6.12293 30
      vertex -13.5582 4.85121 30
    endloop
  endfacet
  facet normal -0 0 1
    outer loop
      vertex -15.0647 5.39024 30
      vertex -13.5582 4.85121 30
      vertex -14.7821 6.12293 30
    endloop
  endfacet
  facet normal 0 0 1
    outer loop
      vertex -13.5582 4.85121 30
      vertex -15.0647 5.39024 30
      vertex -13.7799 4.1801 30
    endloop
  endfacet
  facet normal -0 0 1
    outer loop
      vertex -15.311 4.64455 30
      vertex -13.7799 4.1801 30
      vertex -15.0647 5.39024 30
    endloop
  endfacet
  facet normal 0 0 1
    outer loop
      vertex -13.7799 4.1801 30
      vertex -15.311 4.64455 30
      vertex -13.9684 3.49891 30
    endloop
  endfacet
  facet normal 0 0 1
    outer loop
      vertex -13.9684 3.49891 30
      vertex -15.5205 3.88768 30
      vertex -14.1233 2.8093 30
    endloop
  endfacet
  facet normal -0 0 1
    outer loop
      vertex -15.5205 3.88768 30
      vertex -13.9684 3.49891 30
      vertex -15.311 4.64455 30
    endloop
  endfacet
  facet normal -0 0 1
    outer loop
      vertex 13.9684 -3.49891 30
      vertex 15.5205 -3.88768 30
      vertex 14.1233 -2.8093 30
    endloop
  endfacet
  facet normal 0 0 1
    outer loop
      vertex 15.5205 -3.88768 30
      vertex 13.9684 -3.49891 30
      vertex 15.311 -4.64455 30
    endloop
  endfacet
  facet normal -0 0 1
    outer loop
      vertex 13.7799 -4.1801 30
      vertex 15.311 -4.64455 30
      vertex 13.9684 -3.49891 30
    endloop
  endfacet
  facet normal 0 0 1
    outer loop
      vertex 15.311 -4.64455 30
      vertex 13.7799 -4.1801 30
      vertex 15.0647 -5.39024 30
    endloop
  endfacet
  facet normal -0 0 1
    outer loop
      vertex 13.5582 -4.85121 30
      vertex 15.0647 -5.39024 30
      vertex 13.7799 -4.1801 30
    endloop
  endfacet
  facet normal 0 0 1
    outer loop
      vertex 15.0647 -5.39024 30
      vertex 13.5582 -4.85121 30
      vertex 14.7821 -6.12293 30
    endloop
  endfacet
  facet normal -0 0 1
    outer loop
      vertex 13.3039 -5.51064 30
      vertex 14.7821 -6.12293 30
      vertex 13.5582 -4.85121 30
    endloop
  endfacet
  facet normal 0 0 1
    outer loop
      vertex 14.7821 -6.12293 30
      vertex 13.3039 -5.51064 30
      vertex 14.4638 -6.84088 30
    endloop
  endfacet
  facet normal -0 0 1
    outer loop
      vertex 13.0174 -6.15679 30
      vertex 14.4638 -6.84088 30
      vertex 13.3039 -5.51064 30
    endloop
  endfacet
  facet normal 0 0 1
    outer loop
      vertex 14.4638 -6.84088 30
      vertex 13.0174 -6.15679 30
      vertex 14.1107 -7.54235 30
    endloop
  endfacet
  facet normal -0 0 1
    outer loop
      vertex 12.6997 -6.78811 30
      vertex 14.1107 -7.54235 30
      vertex 13.0174 -6.15679 30
    endloop
  endfacet
  facet normal 0 0 1
    outer loop
      vertex 14.1107 -7.54235 30
      vertex 12.6997 -6.78811 30
      vertex 13.7237 -8.22564 30
    endloop
  endfacet
  facet normal -0 0 1
    outer loop
      vertex 12.3513 -7.40308 30
      vertex 13.7237 -8.22564 30
      vertex 12.6997 -6.78811 30
    endloop
  endfacet
  facet normal 0 0 1
    outer loop
      vertex 13.7237 -8.22564 30
      vertex 12.3513 -7.40308 30
      vertex 13.3035 -8.88912 30
    endloop
  endfacet
  facet normal -0 0 1
    outer loop
      vertex 11.9732 -8.00021 30
      vertex 13.3035 -8.88912 30
      vertex 12.3513 -7.40308 30
    endloop
  endfacet
  facet normal 0 0 1
    outer loop
      vertex 13.3035 -8.88912 30
      vertex 11.9732 -8.00021 30
      vertex 12.8513 -9.53119 30
    endloop
  endfacet
  facet normal -0 0 1
    outer loop
      vertex 11.5662 -8.57807 30
      vertex 12.8513 -9.53119 30
      vertex 11.9732 -8.00021 30
    endloop
  endfacet
  facet normal 0 0 1
    outer loop
      vertex 12.8513 -9.53119 30
      vertex 11.5662 -8.57807 30
      vertex 12.3682 -10.1503 30
    endloop
  endfacet
  facet normal -0 0 1
    outer loop
      vertex 11.1314 -9.13526 30
      vertex 12.3682 -10.1503 30
      vertex 11.5662 -8.57807 30
    endloop
  endfacet
  facet normal 0 0 1
    outer loop
      vertex 12.3682 -10.1503 30
      vertex 11.1314 -9.13526 30
      vertex 11.8552 -10.7449 30
    endloop
  endfacet
  facet normal -0 0 1
    outer loop
      vertex 10.6697 -9.67045 30
      vertex 11.8552 -10.7449 30
      vertex 11.1314 -9.13526 30
    endloop
  endfacet
  facet normal 0 0 1
    outer loop
      vertex 11.8552 -10.7449 30
      vertex 10.6697 -9.67045 30
      vertex 11.3137 -11.3137 30
    endloop
  endfacet
  facet normal -0 0 1
    outer loop
      vertex 10.1823 -10.1823 30
      vertex 11.3137 -11.3137 30
      vertex 10.6697 -9.67045 30
    endloop
  endfacet
  facet normal 0 0 1
    outer loop
      vertex 11.3137 -11.3137 30
      vertex 10.1823 -10.1823 30
      vertex 10.7449 -11.8552 30
    endloop
  endfacet
  facet normal -0 0 1
    outer loop
      vertex 9.67045 -10.6697 30
      vertex 10.7449 -11.8552 30
      vertex 10.1823 -10.1823 30
    endloop
  endfacet
  facet normal 0 0 1
    outer loop
      vertex 10.7449 -11.8552 30
      vertex 9.67045 -10.6697 30
      vertex 10.1503 -12.3682 30
    endloop
  endfacet
  facet normal -0 0 1
    outer loop
      vertex 9.13526 -11.1314 30
      vertex 10.1503 -12.3682 30
      vertex 9.67045 -10.6697 30
    endloop
  endfacet
  facet normal 0 0 1
    outer loop
      vertex 10.1503 -12.3682 30
      vertex 9.13526 -11.1314 30
      vertex 9.53119 -12.8513 30
    endloop
  endfacet
  facet normal -0 0 1
    outer loop
      vertex 8.57807 -11.5662 30
      vertex 9.53119 -12.8513 30
      vertex 9.13526 -11.1314 30
    endloop
  endfacet
  facet normal 0 0 1
    outer loop
      vertex 9.53119 -12.8513 30
      vertex 8.57807 -11.5662 30
      vertex 8.88912 -13.3035 30
    endloop
  endfacet
  facet normal -0 0 1
    outer loop
      vertex 8.00021 -11.9732 30
      vertex 8.88912 -13.3035 30
      vertex 8.57807 -11.5662 30
    endloop
  endfacet
  facet normal 0 0 1
    outer loop
      vertex 8.88912 -13.3035 30
      vertex 8.00021 -11.9732 30
      vertex 8.22564 -13.7237 30
    endloop
  endfacet
  facet normal -0 0 1
    outer loop
      vertex 7.40308 -12.3513 30
      vertex 8.22564 -13.7237 30
      vertex 8.00021 -11.9732 30
    endloop
  endfacet
  facet normal 0 0 1
    outer loop
      vertex 8.22564 -13.7237 30
      vertex 7.40308 -12.3513 30
      vertex 7.54235 -14.1107 30
    endloop
  endfacet
  facet normal -0 0 1
    outer loop
      vertex 6.78811 -12.6997 30
      vertex 7.54235 -14.1107 30
      vertex 7.40308 -12.3513 30
    endloop
  endfacet
  facet normal 0 0 1
    outer loop
      vertex 7.54235 -14.1107 30
      vertex 6.78811 -12.6997 30
      vertex 6.84088 -14.4638 30
    endloop
  endfacet
  facet normal -0 0 1
    outer loop
      vertex 6.15679 -13.0174 30
      vertex 6.84088 -14.4638 30
      vertex 6.78811 -12.6997 30
    endloop
  endfacet
  facet normal 0 0 1
    outer loop
      vertex 6.15679 -13.0174 30
      vertex 6.12293 -14.7821 30
      vertex 6.84088 -14.4638 30
    endloop
  endfacet
  facet normal -0 0 1
    outer loop
      vertex 5.51064 -13.3039 30
      vertex 6.12293 -14.7821 30
      vertex 6.15679 -13.0174 30
    endloop
  endfacet
  facet normal 0 0 1
    outer loop
      vertex 5.51064 -13.3039 30
      vertex 5.39024 -15.0647 30
      vertex 6.12293 -14.7821 30
    endloop
  endfacet
  facet normal -0 0 1
    outer loop
      vertex 4.85121 -13.5582 30
      vertex 5.39024 -15.0647 30
      vertex 5.51064 -13.3039 30
    endloop
  endfacet
  facet normal 0 0 1
    outer loop
      vertex 4.85121 -13.5582 30
      vertex 4.64455 -15.311 30
      vertex 5.39024 -15.0647 30
    endloop
  endfacet
  facet normal -0 0 1
    outer loop
      vertex 4.1801 -13.7799 30
      vertex 4.64455 -15.311 30
      vertex 4.85121 -13.5582 30
    endloop
  endfacet
  facet normal 0 0 1
    outer loop
      vertex 4.1801 -13.7799 30
      vertex 3.88768 -15.5205 30
      vertex 4.64455 -15.311 30
    endloop
  endfacet
  facet normal -0 0 1
    outer loop
      vertex 3.49891 -13.9684 30
      vertex 3.88768 -15.5205 30
      vertex 4.1801 -13.7799 30
    endloop
  endfacet
  facet normal 0 0 1
    outer loop
      vertex 3.49891 -13.9684 30
      vertex 3.12144 -15.6926 30
      vertex 3.88768 -15.5205 30
    endloop
  endfacet
  facet normal -0 0 1
    outer loop
      vertex 2.8093 -14.1233 30
      vertex 3.12144 -15.6926 30
      vertex 3.49891 -13.9684 30
    endloop
  endfacet
  facet normal 0 0 1
    outer loop
      vertex 2.8093 -14.1233 30
      vertex 2.34769 -15.8268 30
      vertex 3.12144 -15.6926 30
    endloop
  endfacet
  facet normal -0 0 1
    outer loop
      vertex 2.11292 -14.2441 30
      vertex 2.34769 -15.8268 30
      vertex 2.8093 -14.1233 30
    endloop
  endfacet
  facet normal 0 0 1
    outer loop
      vertex 2.11292 -14.2441 30
      vertex 1.56827 -15.923 30
      vertex 2.34769 -15.8268 30
    endloop
  endfacet
  facet normal -0 0 1
    outer loop
      vertex 1.41145 -14.3307 30
      vertex 1.56827 -15.923 30
      vertex 2.11292 -14.2441 30
    endloop
  endfacet
  facet normal 0 0 1
    outer loop
      vertex 1.41145 -14.3307 30
      vertex 0.785082 -15.9807 30
      vertex 1.56827 -15.923 30
    endloop
  endfacet
  facet normal -0 0 1
    outer loop
      vertex 0.706574 -14.3827 30
      vertex 0.785082 -15.9807 30
      vertex 1.41145 -14.3307 30
    endloop
  endfacet
  facet normal -0 0 1
    outer loop
      vertex 0 -14.4 30
      vertex 0.785082 -15.9807 30
      vertex 0.706574 -14.3827 30
    endloop
  endfacet
  facet normal 0 0 1
    outer loop
      vertex 0 -14.4 30
      vertex 0 -16 30
      vertex 0.785082 -15.9807 30
    endloop
  endfacet
  facet normal 0 0 1
    outer loop
      vertex -0.706574 -14.3827 30
      vertex 0 -16 30
      vertex 0 -14.4 30
    endloop
  endfacet
  facet normal 0 0 1
    outer loop
      vertex -0.706574 -14.3827 30
      vertex -0.785082 -15.9807 30
      vertex 0 -16 30
    endloop
  endfacet
  facet normal 0 0 1
    outer loop
      vertex -1.41145 -14.3307 30
      vertex -0.785082 -15.9807 30
      vertex -0.706574 -14.3827 30
    endloop
  endfacet
  facet normal 0 0 1
    outer loop
      vertex -1.41145 -14.3307 30
      vertex -1.56827 -15.923 30
      vertex -0.785082 -15.9807 30
    endloop
  endfacet
  facet normal 0 0 1
    outer loop
      vertex -2.11292 -14.2441 30
      vertex -1.56827 -15.923 30
      vertex -1.41145 -14.3307 30
    endloop
  endfacet
  facet normal 0 0 1
    outer loop
      vertex -2.11292 -14.2441 30
      vertex -2.34769 -15.8268 30
      vertex -1.56827 -15.923 30
    endloop
  endfacet
  facet normal 0 0 1
    outer loop
      vertex -2.8093 -14.1233 30
      vertex -2.34769 -15.8268 30
      vertex -2.11292 -14.2441 30
    endloop
  endfacet
  facet normal 0 0 1
    outer loop
      vertex -2.8093 -14.1233 30
      vertex -3.12144 -15.6926 30
      vertex -2.34769 -15.8268 30
    endloop
  endfacet
  facet normal 0 0 1
    outer loop
      vertex -3.49891 -13.9684 30
      vertex -3.12144 -15.6926 30
      vertex -2.8093 -14.1233 30
    endloop
  endfacet
  facet normal 0 0 1
    outer loop
      vertex -3.49891 -13.9684 30
      vertex -3.88768 -15.5205 30
      vertex -3.12144 -15.6926 30
    endloop
  endfacet
  facet normal 0 0 1
    outer loop
      vertex -4.1801 -13.7799 30
      vertex -3.88768 -15.5205 30
      vertex -3.49891 -13.9684 30
    endloop
  endfacet
  facet normal 0 0 1
    outer loop
      vertex -4.1801 -13.7799 30
      vertex -4.64455 -15.311 30
      vertex -3.88768 -15.5205 30
    endloop
  endfacet
  facet normal 0 0 1
    outer loop
      vertex -4.85121 -13.5582 30
      vertex -4.64455 -15.311 30
      vertex -4.1801 -13.7799 30
    endloop
  endfacet
  facet normal 0 0 1
    outer loop
      vertex -4.85121 -13.5582 30
      vertex -5.39024 -15.0647 30
      vertex -4.64455 -15.311 30
    endloop
  endfacet
  facet normal 0 0 1
    outer loop
      vertex -5.51064 -13.3039 30
      vertex -5.39024 -15.0647 30
      vertex -4.85121 -13.5582 30
    endloop
  endfacet
  facet normal 0 0 1
    outer loop
      vertex -5.51064 -13.3039 30
      vertex -6.12293 -14.7821 30
      vertex -5.39024 -15.0647 30
    endloop
  endfacet
  facet normal 0 0 1
    outer loop
      vertex -6.15679 -13.0174 30
      vertex -6.12293 -14.7821 30
      vertex -5.51064 -13.3039 30
    endloop
  endfacet
  facet normal 0 0 1
    outer loop
      vertex -6.84088 -14.4638 30
      vertex -6.15679 -13.0174 30
      vertex -6.78811 -12.6997 30
    endloop
  endfacet
  facet normal 0 0 1
    outer loop
      vertex -6.15679 -13.0174 30
      vertex -6.84088 -14.4638 30
      vertex -6.12293 -14.7821 30
    endloop
  endfacet
  facet normal 0 0 1
    outer loop
      vertex -7.54235 -14.1107 30
      vertex -6.78811 -12.6997 30
      vertex -7.40308 -12.3513 30
    endloop
  endfacet
  facet normal 0 0 1
    outer loop
      vertex -6.78811 -12.6997 30
      vertex -7.54235 -14.1107 30
      vertex -6.84088 -14.4638 30
    endloop
  endfacet
  facet normal 0 0 1
    outer loop
      vertex -8.22564 -13.7237 30
      vertex -7.40308 -12.3513 30
      vertex -8.00021 -11.9732 30
    endloop
  endfacet
  facet normal 0 0 1
    outer loop
      vertex -7.40308 -12.3513 30
      vertex -8.22564 -13.7237 30
      vertex -7.54235 -14.1107 30
    endloop
  endfacet
  facet normal 0 0 1
    outer loop
      vertex -8.88912 -13.3035 30
      vertex -8.00021 -11.9732 30
      vertex -8.57807 -11.5662 30
    endloop
  endfacet
  facet normal 0 0 1
    outer loop
      vertex -8.00021 -11.9732 30
      vertex -8.88912 -13.3035 30
      vertex -8.22564 -13.7237 30
    endloop
  endfacet
  facet normal 0 0 1
    outer loop
      vertex -9.53119 -12.8513 30
      vertex -8.57807 -11.5662 30
      vertex -9.13526 -11.1314 30
    endloop
  endfacet
  facet normal 0 0 1
    outer loop
      vertex -8.57807 -11.5662 30
      vertex -9.53119 -12.8513 30
      vertex -8.88912 -13.3035 30
    endloop
  endfacet
  facet normal 0 0 1
    outer loop
      vertex -10.1503 -12.3682 30
      vertex -9.13526 -11.1314 30
      vertex -9.67045 -10.6697 30
    endloop
  endfacet
  facet normal 0 0 1
    outer loop
      vertex -9.13526 -11.1314 30
      vertex -10.1503 -12.3682 30
      vertex -9.53119 -12.8513 30
    endloop
  endfacet
  facet normal 0 0 1
    outer loop
      vertex -10.7449 -11.8552 30
      vertex -9.67045 -10.6697 30
      vertex -10.1823 -10.1823 30
    endloop
  endfacet
  facet normal 0 0 1
    outer loop
      vertex -11.3137 -11.3137 30
      vertex -10.1823 -10.1823 30
      vertex -10.6697 -9.67045 30
    endloop
  endfacet
  facet normal 0 0 1
    outer loop
      vertex -9.67045 -10.6697 30
      vertex -10.7449 -11.8552 30
      vertex -10.1503 -12.3682 30
    endloop
  endfacet
  facet normal 0 0 1
    outer loop
      vertex -11.8552 -10.7449 30
      vertex -10.6697 -9.67045 30
      vertex -11.1314 -9.13526 30
    endloop
  endfacet
  facet normal 0 0 1
    outer loop
      vertex -10.1823 -10.1823 30
      vertex -11.3137 -11.3137 30
      vertex -10.7449 -11.8552 30
    endloop
  endfacet
  facet normal 0 0 1
    outer loop
      vertex -12.3682 -10.1503 30
      vertex -11.1314 -9.13526 30
      vertex -11.5662 -8.57807 30
    endloop
  endfacet
  facet normal 0 0 1
    outer loop
      vertex -10.6697 -9.67045 30
      vertex -11.8552 -10.7449 30
      vertex -11.3137 -11.3137 30
    endloop
  endfacet
  facet normal 0 0 1
    outer loop
      vertex -12.8513 -9.53119 30
      vertex -11.5662 -8.57807 30
      vertex -11.9732 -8.00021 30
    endloop
  endfacet
  facet normal 0 0 1
    outer loop
      vertex -13.3035 -8.88912 30
      vertex -11.9732 -8.00021 30
      vertex -12.3513 -7.40308 30
    endloop
  endfacet
  facet normal 0 0 1
    outer loop
      vertex -11.1314 -9.13526 30
      vertex -12.3682 -10.1503 30
      vertex -11.8552 -10.7449 30
    endloop
  endfacet
  facet normal 0 0 1
    outer loop
      vertex -13.7237 -8.22564 30
      vertex -12.3513 -7.40308 30
      vertex -12.6997 -6.78811 30
    endloop
  endfacet
  facet normal 0 0 1
    outer loop
      vertex -11.5662 -8.57807 30
      vertex -12.8513 -9.53119 30
      vertex -12.3682 -10.1503 30
    endloop
  endfacet
  facet normal 0 0 1
    outer loop
      vertex -14.1107 -7.54235 30
      vertex -12.6997 -6.78811 30
      vertex -13.0174 -6.15679 30
    endloop
  endfacet
  facet normal 0 0 1
    outer loop
      vertex -11.9732 -8.00021 30
      vertex -13.3035 -8.88912 30
      vertex -12.8513 -9.53119 30
    endloop
  endfacet
  facet normal 0 0 1
    outer loop
      vertex -14.4638 -6.84088 30
      vertex -13.0174 -6.15679 30
      vertex -13.3039 -5.51064 30
    endloop
  endfacet
  facet normal 0 0 1
    outer loop
      vertex -14.7821 -6.12293 30
      vertex -13.3039 -5.51064 30
      vertex -13.5582 -4.85121 30
    endloop
  endfacet
  facet normal 0 0 1
    outer loop
      vertex -12.3513 -7.40308 30
      vertex -13.7237 -8.22564 30
      vertex -13.3035 -8.88912 30
    endloop
  endfacet
  facet normal 0 0 1
    outer loop
      vertex -15.0647 -5.39024 30
      vertex -13.5582 -4.85121 30
      vertex -13.7799 -4.1801 30
    endloop
  endfacet
  facet normal 0 0 1
    outer loop
      vertex -15.311 -4.64455 30
      vertex -13.7799 -4.1801 30
      vertex -13.9684 -3.49891 30
    endloop
  endfacet
  facet normal 0 0 1
    outer loop
      vertex -12.6997 -6.78811 30
      vertex -14.1107 -7.54235 30
      vertex -13.7237 -8.22564 30
    endloop
  endfacet
  facet normal 0 0 1
    outer loop
      vertex -15.5205 -3.88768 30
      vertex -13.9684 -3.49891 30
      vertex -14.1233 -2.8093 30
    endloop
  endfacet
  facet normal 0 0 1
    outer loop
      vertex -15.6926 -3.12144 30
      vertex -14.1233 -2.8093 30
      vertex -14.2441 -2.11292 30
    endloop
  endfacet
  facet normal 0 0 1
    outer loop
      vertex -15.8268 -2.34769 30
      vertex -14.2441 -2.11292 30
      vertex -14.3307 -1.41145 30
    endloop
  endfacet
  facet normal 0 0 1
    outer loop
      vertex -15.923 -1.56827 30
      vertex -14.3307 -1.41145 30
      vertex -14.3827 -0.706574 30
    endloop
  endfacet
  facet normal 0 0 1
    outer loop
      vertex -13.0174 -6.15679 30
      vertex -14.4638 -6.84088 30
      vertex -14.1107 -7.54235 30
    endloop
  endfacet
  facet normal 0 0 1
    outer loop
      vertex -15.9807 -0.785082 30
      vertex -14.3827 -0.706574 30
      vertex -14.4 0 30
    endloop
  endfacet
  facet normal -0 0 1
    outer loop
      vertex -15.6926 3.12144 30
      vertex -14.1233 2.8093 30
      vertex -15.5205 3.88768 30
    endloop
  endfacet
  facet normal 0 0 1
    outer loop
      vertex -14.1233 2.8093 30
      vertex -15.6926 3.12144 30
      vertex -14.2441 2.11292 30
    endloop
  endfacet
  facet normal 0 0 1
    outer loop
      vertex -13.3039 -5.51064 30
      vertex -14.7821 -6.12293 30
      vertex -14.4638 -6.84088 30
    endloop
  endfacet
  facet normal -0 0 1
    outer loop
      vertex -15.8268 2.34769 30
      vertex -14.2441 2.11292 30
      vertex -15.6926 3.12144 30
    endloop
  endfacet
  facet normal 0 0 1
    outer loop
      vertex -13.5582 -4.85121 30
      vertex -15.0647 -5.39024 30
      vertex -14.7821 -6.12293 30
    endloop
  endfacet
  facet normal 0 0 1
    outer loop
      vertex -14.2441 2.11292 30
      vertex -15.8268 2.34769 30
      vertex -14.3307 1.41145 30
    endloop
  endfacet
  facet normal 0 0 1
    outer loop
      vertex -13.7799 -4.1801 30
      vertex -15.311 -4.64455 30
      vertex -15.0647 -5.39024 30
    endloop
  endfacet
  facet normal -0 0 1
    outer loop
      vertex -15.923 1.56827 30
      vertex -14.3307 1.41145 30
      vertex -15.8268 2.34769 30
    endloop
  endfacet
  facet normal 0 0 1
    outer loop
      vertex -13.9684 -3.49891 30
      vertex -15.5205 -3.88768 30
      vertex -15.311 -4.64455 30
    endloop
  endfacet
  facet normal 0 0 1
    outer loop
      vertex -14.3307 1.41145 30
      vertex -15.923 1.56827 30
      vertex -14.3827 0.706574 30
    endloop
  endfacet
  facet normal 0 0 1
    outer loop
      vertex -14.1233 -2.8093 30
      vertex -15.6926 -3.12144 30
      vertex -15.5205 -3.88768 30
    endloop
  endfacet
  facet normal -0 0 1
    outer loop
      vertex -15.9807 0.785082 30
      vertex -14.3827 0.706574 30
      vertex -15.923 1.56827 30
    endloop
  endfacet
  facet normal 0 0 1
    outer loop
      vertex -14.2441 -2.11292 30
      vertex -15.8268 -2.34769 30
      vertex -15.6926 -3.12144 30
    endloop
  endfacet
  facet normal 0 0 1
    outer loop
      vertex -14.3827 0.706574 30
      vertex -15.9807 0.785082 30
      vertex -14.4 0 30
    endloop
  endfacet
  facet normal 0 0 1
    outer loop
      vertex -14.3307 -1.41145 30
      vertex -15.923 -1.56827 30
      vertex -15.8268 -2.34769 30
    endloop
  endfacet
  facet normal 0 0 1
    outer loop
      vertex -16 0 30
      vertex -14.4 0 30
      vertex -15.9807 0.785082 30
    endloop
  endfacet
  facet normal 0 0 1
    outer loop
      vertex -14.3827 -0.706574 30
      vertex -15.9807 -0.785082 30
      vertex -15.923 -1.56827 30
    endloop
  endfacet
  facet normal 0 0 1
    outer loop
      vertex -14.4 0 30
      vertex -16 0 30
      vertex -15.9807 -0.785082 30
    endloop
  endfacet
  facet normal -0.788382 0.615186 0
    outer loop
      vertex -12.8513 9.53119 3.75
      vertex -12.3682 10.1503 30
      vertex -12.3682 10.1503 3.75
    endloop
  endfacet
  facet normal -0.788382 0.615186 0
    outer loop
      vertex -12.3682 10.1503 30
      vertex -12.8513 9.53119 3.75
      vertex -12.8513 9.53119 30
    endloop
  endfacet
  facet normal 0.689512 -0.724274 0
    outer loop
      vertex 10.7449 -11.8552 3.75
      vertex 11.3137 -11.3137 30
      vertex 10.7449 -11.8552 30
    endloop
  endfacet
  facet normal 0.689512 -0.724274 0
    outer loop
      vertex 11.3137 -11.3137 30
      vertex 10.7449 -11.8552 3.75
      vertex 11.3137 -11.3137 3.75
    endloop
  endfacet
  facet normal 0.17089 0.98529 -0
    outer loop
      vertex 3.12144 15.6926 3.75
      vertex 2.34769 15.8268 30
      vertex 3.12144 15.6926 30
    endloop
  endfacet
  facet normal 0.17089 0.98529 0
    outer loop
      vertex 2.34769 15.8268 30
      vertex 3.12144 15.6926 3.75
      vertex 2.34769 15.8268 3.75
    endloop
  endfacet
  facet normal -0.219144 -0.975693 0
    outer loop
      vertex -3.88768 -15.5205 3.75
      vertex -3.12144 -15.6926 30
      vertex -3.88768 -15.5205 30
    endloop
  endfacet
  facet normal -0.219144 -0.975693 -0
    outer loop
      vertex -3.12144 -15.6926 30
      vertex -3.88768 -15.5205 3.75
      vertex -3.12144 -15.6926 3.75
    endloop
  endfacet
  facet normal 0.757149 -0.653242 0
    outer loop
      vertex 11.8552 -10.7449 30
      vertex 12.3682 -10.1503 3.75
      vertex 12.3682 -10.1503 30
    endloop
  endfacet
  facet normal 0.757149 -0.653242 0
    outer loop
      vertex 12.3682 -10.1503 3.75
      vertex 11.8552 -10.7449 30
      vertex 11.8552 -10.7449 3.75
    endloop
  endfacet
  facet normal 0.359862 -0.933006 0
    outer loop
      vertex 5.39024 -15.0647 3.75
      vertex 6.12293 -14.7821 30
      vertex 5.39024 -15.0647 30
    endloop
  endfacet
  facet normal 0.359862 -0.933006 0
    outer loop
      vertex 6.12293 -14.7821 30
      vertex 5.39024 -15.0647 3.75
      vertex 6.12293 -14.7821 3.75
    endloop
  endfacet
  facet normal 0.975693 -0.219144 0
    outer loop
      vertex 15.5205 -3.88768 30
      vertex 15.6926 -3.12144 3.75
      vertex 15.6926 -3.12144 30
    endloop
  endfacet
  facet normal 0.975693 -0.219144 0
    outer loop
      vertex 15.6926 -3.12144 3.75
      vertex 15.5205 -3.88768 30
      vertex 15.5205 -3.88768 3.75
    endloop
  endfacet
  facet normal 0.997297 -0.0734741 0
    outer loop
      vertex 15.923 -1.56827 30
      vertex 15.9807 -0.785082 3.75
      vertex 15.9807 -0.785082 30
    endloop
  endfacet
  facet normal 0.997297 -0.0734741 0
    outer loop
      vertex 15.9807 -0.785082 3.75
      vertex 15.923 -1.56827 30
      vertex 15.923 -1.56827 3.75
    endloop
  endfacet
  facet normal 0.653242 -0.757149 0
    outer loop
      vertex 10.1503 -12.3682 3.75
      vertex 10.7449 -11.8552 30
      vertex 10.1503 -12.3682 30
    endloop
  endfacet
  facet normal 0.653242 -0.757149 0
    outer loop
      vertex 10.7449 -11.8552 30
      vertex 10.1503 -12.3682 3.75
      vertex 10.7449 -11.8552 3.75
    endloop
  endfacet
  facet normal -0.024576 -0.999698 0
    outer loop
      vertex -0.785082 -15.9807 3.75
      vertex 0 -16 30
      vertex -0.785082 -15.9807 30
    endloop
  endfacet
  facet normal -0.024576 -0.999698 -0
    outer loop
      vertex 0 -16 30
      vertex -0.785082 -15.9807 3.75
      vertex 0 -16 3.75
    endloop
  endfacet
  facet normal 0.963761 0.266767 0
    outer loop
      vertex 15.5205 3.88768 30
      vertex 15.311 4.64455 3.75
      vertex 15.311 4.64455 30
    endloop
  endfacet
  facet normal 0.963761 0.266767 0
    outer loop
      vertex 15.311 4.64455 3.75
      vertex 15.5205 3.88768 30
      vertex 15.5205 3.88768 3.75
    endloop
  endfacet
  facet normal -0.405299 -0.914184 0
    outer loop
      vertex -6.84088 -14.4638 3.75
      vertex -6.12293 -14.7821 30
      vertex -6.84088 -14.4638 30
    endloop
  endfacet
  facet normal -0.405299 -0.914184 -0
    outer loop
      vertex -6.12293 -14.7821 30
      vertex -6.84088 -14.4638 3.75
      vertex -6.12293 -14.7821 3.75
    endloop
  endfacet
  facet normal 0.313633 -0.949544 0
    outer loop
      vertex 4.64455 -15.311 3.75
      vertex 5.39024 -15.0647 30
      vertex 4.64455 -15.311 30
    endloop
  endfacet
  facet normal 0.313633 -0.949544 0
    outer loop
      vertex 5.39024 -15.0647 30
      vertex 4.64455 -15.311 3.75
      vertex 5.39024 -15.0647 3.75
    endloop
  endfacet
  facet normal 0.492822 -0.87013 0
    outer loop
      vertex 7.54235 -14.1107 3.75
      vertex 8.22564 -13.7237 30
      vertex 7.54235 -14.1107 30
    endloop
  endfacet
  facet normal 0.492822 -0.87013 0
    outer loop
      vertex 8.22564 -13.7237 30
      vertex 7.54235 -14.1107 3.75
      vertex 8.22564 -13.7237 3.75
    endloop
  endfacet
  facet normal 0.575811 0.817583 -0
    outer loop
      vertex 9.53119 12.8513 3.75
      vertex 8.88912 13.3035 30
      vertex 9.53119 12.8513 30
    endloop
  endfacet
  facet normal 0.575811 0.817583 0
    outer loop
      vertex 8.88912 13.3035 30
      vertex 9.53119 12.8513 3.75
      vertex 8.88912 13.3035 3.75
    endloop
  endfacet
  facet normal -0.575811 -0.817583 0
    outer loop
      vertex -9.53119 -12.8513 3.75
      vertex -8.88912 -13.3035 30
      vertex -9.53119 -12.8513 30
    endloop
  endfacet
  facet normal -0.575811 -0.817583 -0
    outer loop
      vertex -8.88912 -13.3035 30
      vertex -9.53119 -12.8513 3.75
      vertex -8.88912 -13.3035 3.75
    endloop
  endfacet
  facet normal -0.359862 0.933006 0
    outer loop
      vertex -5.39024 15.0647 3.75
      vertex -6.12293 14.7821 30
      vertex -5.39024 15.0647 30
    endloop
  endfacet
  facet normal -0.359862 0.933006 0
    outer loop
      vertex -6.12293 14.7821 30
      vertex -5.39024 15.0647 3.75
      vertex -6.12293 14.7821 3.75
    endloop
  endfacet
  facet normal -0.024576 0.999698 0
    outer loop
      vertex 0 16 3.75
      vertex -0.785082 15.9807 30
      vertex 0 16 30
    endloop
  endfacet
  facet normal -0.024576 0.999698 0
    outer loop
      vertex -0.785082 15.9807 30
      vertex 0 16 3.75
      vertex -0.785082 15.9807 3.75
    endloop
  endfacet
  facet normal 0.615186 0.788382 -0
    outer loop
      vertex 10.1503 12.3682 3.75
      vertex 9.53119 12.8513 30
      vertex 10.1503 12.3682 30
    endloop
  endfacet
  facet normal 0.615186 0.788382 0
    outer loop
      vertex 9.53119 12.8513 30
      vertex 10.1503 12.3682 3.75
      vertex 9.53119 12.8513 3.75
    endloop
  endfacet
  facet normal -0.575811 0.817583 0
    outer loop
      vertex -8.88912 13.3035 3.75
      vertex -9.53119 12.8513 30
      vertex -8.88912 13.3035 30
    endloop
  endfacet
  facet normal -0.575811 0.817583 0
    outer loop
      vertex -9.53119 12.8513 30
      vertex -8.88912 13.3035 3.75
      vertex -9.53119 12.8513 3.75
    endloop
  endfacet
  facet normal -0.653242 0.757149 0
    outer loop
      vertex -10.1503 12.3682 3.75
      vertex -10.7449 11.8552 30
      vertex -10.1503 12.3682 30
    endloop
  endfacet
  facet normal -0.653242 0.757149 0
    outer loop
      vertex -10.7449 11.8552 30
      vertex -10.1503 12.3682 3.75
      vertex -10.7449 11.8552 3.75
    endloop
  endfacet
  facet normal -0.17089 0.98529 0
    outer loop
      vertex -2.34769 15.8268 3.75
      vertex -3.12144 15.6926 30
      vertex -2.34769 15.8268 30
    endloop
  endfacet
  facet normal -0.17089 0.98529 0
    outer loop
      vertex -3.12144 15.6926 30
      vertex -2.34769 15.8268 3.75
      vertex -3.12144 15.6926 3.75
    endloop
  endfacet
  facet normal -0.449621 -0.893219 0
    outer loop
      vertex -7.54235 -14.1107 3.75
      vertex -6.84088 -14.4638 30
      vertex -7.54235 -14.1107 30
    endloop
  endfacet
  facet normal -0.449621 -0.893219 -0
    outer loop
      vertex -6.84088 -14.4638 30
      vertex -7.54235 -14.1107 3.75
      vertex -6.84088 -14.4638 3.75
    endloop
  endfacet
  facet normal -0.933006 -0.359862 0
    outer loop
      vertex -14.7821 -6.12293 3.75
      vertex -15.0647 -5.39024 30
      vertex -15.0647 -5.39024 3.75
    endloop
  endfacet
  facet normal -0.933006 -0.359862 0
    outer loop
      vertex -15.0647 -5.39024 30
      vertex -14.7821 -6.12293 3.75
      vertex -14.7821 -6.12293 30
    endloop
  endfacet
  facet normal -0.266767 -0.963761 0
    outer loop
      vertex -4.64455 -15.311 3.75
      vertex -3.88768 -15.5205 30
      vertex -4.64455 -15.311 30
    endloop
  endfacet
  facet normal -0.266767 -0.963761 -0
    outer loop
      vertex -3.88768 -15.5205 30
      vertex -4.64455 -15.311 3.75
      vertex -3.88768 -15.5205 3.75
    endloop
  endfacet
  facet normal 0.844821 -0.535048 0
    outer loop
      vertex 13.3035 -8.88912 30
      vertex 13.7237 -8.22564 3.75
      vertex 13.7237 -8.22564 30
    endloop
  endfacet
  facet normal 0.844821 -0.535048 0
    outer loop
      vertex 13.7237 -8.22564 3.75
      vertex 13.3035 -8.88912 30
      vertex 13.3035 -8.88912 3.75
    endloop
  endfacet
  facet normal 0.122496 -0.992469 0
    outer loop
      vertex 1.56827 -15.923 3.75
      vertex 2.34769 -15.8268 30
      vertex 1.56827 -15.923 30
    endloop
  endfacet
  facet normal 0.122496 -0.992469 0
    outer loop
      vertex 2.34769 -15.8268 30
      vertex 1.56827 -15.923 3.75
      vertex 2.34769 -15.8268 3.75
    endloop
  endfacet
  facet normal 0.449621 -0.893219 0
    outer loop
      vertex 6.84088 -14.4638 3.75
      vertex 7.54235 -14.1107 30
      vertex 6.84088 -14.4638 30
    endloop
  endfacet
  facet normal 0.449621 -0.893219 0
    outer loop
      vertex 7.54235 -14.1107 30
      vertex 6.84088 -14.4638 3.75
      vertex 7.54235 -14.1107 3.75
    endloop
  endfacet
  facet normal 0.266767 -0.963761 0
    outer loop
      vertex 3.88768 -15.5205 3.75
      vertex 4.64455 -15.311 30
      vertex 3.88768 -15.5205 30
    endloop
  endfacet
  facet normal 0.266767 -0.963761 0
    outer loop
      vertex 4.64455 -15.311 30
      vertex 3.88768 -15.5205 3.75
      vertex 4.64455 -15.311 3.75
    endloop
  endfacet
  facet normal -0.689512 -0.724274 0
    outer loop
      vertex -11.3137 -11.3137 3.75
      vertex -10.7449 -11.8552 30
      vertex -11.3137 -11.3137 30
    endloop
  endfacet
  facet normal -0.689512 -0.724274 -0
    outer loop
      vertex -10.7449 -11.8552 30
      vertex -11.3137 -11.3137 3.75
      vertex -10.7449 -11.8552 3.75
    endloop
  endfacet
  facet normal 0.405299 -0.914184 0
    outer loop
      vertex 6.12293 -14.7821 3.75
      vertex 6.84088 -14.4638 30
      vertex 6.12293 -14.7821 30
    endloop
  endfacet
  facet normal 0.405299 -0.914184 0
    outer loop
      vertex 6.84088 -14.4638 30
      vertex 6.12293 -14.7821 3.75
      vertex 6.84088 -14.4638 3.75
    endloop
  endfacet
  facet normal 0.724274 0.689512 0
    outer loop
      vertex 11.8552 10.7449 30
      vertex 11.3137 11.3137 3.75
      vertex 11.3137 11.3137 30
    endloop
  endfacet
  facet normal 0.724274 0.689512 0
    outer loop
      vertex 11.3137 11.3137 3.75
      vertex 11.8552 10.7449 30
      vertex 11.8552 10.7449 3.75
    endloop
  endfacet
  facet normal -0.87013 0.492822 0
    outer loop
      vertex -14.1107 7.54235 3.75
      vertex -13.7237 8.22564 30
      vertex -13.7237 8.22564 3.75
    endloop
  endfacet
  facet normal -0.87013 0.492822 0
    outer loop
      vertex -13.7237 8.22564 30
      vertex -14.1107 7.54235 3.75
      vertex -14.1107 7.54235 30
    endloop
  endfacet
  facet normal -0.405299 0.914184 0
    outer loop
      vertex -6.12293 14.7821 3.75
      vertex -6.84088 14.4638 30
      vertex -6.12293 14.7821 30
    endloop
  endfacet
  facet normal -0.405299 0.914184 0
    outer loop
      vertex -6.84088 14.4638 30
      vertex -6.12293 14.7821 3.75
      vertex -6.84088 14.4638 3.75
    endloop
  endfacet
  facet normal 0.933006 0.359862 0
    outer loop
      vertex 15.0647 5.39024 30
      vertex 14.7821 6.12293 3.75
      vertex 14.7821 6.12293 30
    endloop
  endfacet
  facet normal 0.933006 0.359862 0
    outer loop
      vertex 14.7821 6.12293 3.75
      vertex 15.0647 5.39024 30
      vertex 15.0647 5.39024 3.75
    endloop
  endfacet
  facet normal 0.359862 0.933006 -0
    outer loop
      vertex 6.12293 14.7821 3.75
      vertex 5.39024 15.0647 30
      vertex 6.12293 14.7821 30
    endloop
  endfacet
  facet normal 0.359862 0.933006 0
    outer loop
      vertex 5.39024 15.0647 30
      vertex 6.12293 14.7821 3.75
      vertex 5.39024 15.0647 3.75
    endloop
  endfacet
  facet normal -0.963761 0.266767 0
    outer loop
      vertex -15.5205 3.88768 3.75
      vertex -15.311 4.64455 30
      vertex -15.311 4.64455 3.75
    endloop
  endfacet
  facet normal -0.963761 0.266767 0
    outer loop
      vertex -15.311 4.64455 30
      vertex -15.5205 3.88768 3.75
      vertex -15.5205 3.88768 30
    endloop
  endfacet
  facet normal 0.0734741 0.997297 -0
    outer loop
      vertex 1.56827 15.923 3.75
      vertex 0.785082 15.9807 30
      vertex 1.56827 15.923 30
    endloop
  endfacet
  facet normal 0.0734741 0.997297 0
    outer loop
      vertex 0.785082 15.9807 30
      vertex 1.56827 15.923 3.75
      vertex 0.785082 15.9807 3.75
    endloop
  endfacet
  facet normal 0.535048 0.844821 -0
    outer loop
      vertex 8.88912 13.3035 3.75
      vertex 8.22564 13.7237 30
      vertex 8.88912 13.3035 30
    endloop
  endfacet
  facet normal 0.535048 0.844821 0
    outer loop
      vertex 8.22564 13.7237 30
      vertex 8.88912 13.3035 3.75
      vertex 8.22564 13.7237 3.75
    endloop
  endfacet
  facet normal 0.024576 0.999698 -0
    outer loop
      vertex 0.785082 15.9807 3.75
      vertex 0 16 30
      vertex 0.785082 15.9807 30
    endloop
  endfacet
  facet normal 0.024576 0.999698 0
    outer loop
      vertex 0 16 30
      vertex 0.785082 15.9807 3.75
      vertex 0 16 3.75
    endloop
  endfacet
  facet normal 0.615186 -0.788382 0
    outer loop
      vertex 9.53119 -12.8513 3.75
      vertex 10.1503 -12.3682 30
      vertex 9.53119 -12.8513 30
    endloop
  endfacet
  facet normal 0.615186 -0.788382 0
    outer loop
      vertex 10.1503 -12.3682 30
      vertex 9.53119 -12.8513 3.75
      vertex 10.1503 -12.3682 3.75
    endloop
  endfacet
  facet normal -0.313633 -0.949544 0
    outer loop
      vertex -5.39024 -15.0647 3.75
      vertex -4.64455 -15.311 30
      vertex -5.39024 -15.0647 30
    endloop
  endfacet
  facet normal -0.313633 -0.949544 -0
    outer loop
      vertex -4.64455 -15.311 30
      vertex -5.39024 -15.0647 3.75
      vertex -4.64455 -15.311 3.75
    endloop
  endfacet
  facet normal 0.914184 -0.405299 0
    outer loop
      vertex 14.4638 -6.84088 30
      vertex 14.7821 -6.12293 3.75
      vertex 14.7821 -6.12293 30
    endloop
  endfacet
  facet normal 0.914184 -0.405299 0
    outer loop
      vertex 14.7821 -6.12293 3.75
      vertex 14.4638 -6.84088 30
      vertex 14.4638 -6.84088 3.75
    endloop
  endfacet
  facet normal -0.817583 -0.575811 0
    outer loop
      vertex -12.8513 -9.53119 3.75
      vertex -13.3035 -8.88912 30
      vertex -13.3035 -8.88912 3.75
    endloop
  endfacet
  facet normal -0.817583 -0.575811 0
    outer loop
      vertex -13.3035 -8.88912 30
      vertex -12.8513 -9.53119 3.75
      vertex -12.8513 -9.53119 30
    endloop
  endfacet
  facet normal -0.997297 0.0734741 0
    outer loop
      vertex -15.9807 0.785082 3.75
      vertex -15.923 1.56827 30
      vertex -15.923 1.56827 3.75
    endloop
  endfacet
  facet normal -0.997297 0.0734741 0
    outer loop
      vertex -15.923 1.56827 30
      vertex -15.9807 0.785082 3.75
      vertex -15.9807 0.785082 30
    endloop
  endfacet
  facet normal -0.98529 0.17089 0
    outer loop
      vertex -15.8268 2.34769 3.75
      vertex -15.6926 3.12144 30
      vertex -15.6926 3.12144 3.75
    endloop
  endfacet
  facet normal -0.98529 0.17089 0
    outer loop
      vertex -15.6926 3.12144 30
      vertex -15.8268 2.34769 3.75
      vertex -15.8268 2.34769 30
    endloop
  endfacet
  facet normal 0.266767 0.963761 -0
    outer loop
      vertex 4.64455 15.311 3.75
      vertex 3.88768 15.5205 30
      vertex 4.64455 15.311 30
    endloop
  endfacet
  facet normal 0.266767 0.963761 0
    outer loop
      vertex 3.88768 15.5205 30
      vertex 4.64455 15.311 3.75
      vertex 3.88768 15.5205 3.75
    endloop
  endfacet
  facet normal -0.17089 -0.98529 0
    outer loop
      vertex -3.12144 -15.6926 3.75
      vertex -2.34769 -15.8268 30
      vertex -3.12144 -15.6926 30
    endloop
  endfacet
  facet normal -0.17089 -0.98529 -0
    outer loop
      vertex -2.34769 -15.8268 30
      vertex -3.12144 -15.6926 3.75
      vertex -2.34769 -15.8268 3.75
    endloop
  endfacet
  facet normal -0.266767 0.963761 0
    outer loop
      vertex -3.88768 15.5205 3.75
      vertex -4.64455 15.311 30
      vertex -3.88768 15.5205 30
    endloop
  endfacet
  facet normal -0.266767 0.963761 0
    outer loop
      vertex -4.64455 15.311 30
      vertex -3.88768 15.5205 3.75
      vertex -4.64455 15.311 3.75
    endloop
  endfacet
  facet normal -0.788382 -0.615186 0
    outer loop
      vertex -12.3682 -10.1503 3.75
      vertex -12.8513 -9.53119 30
      vertex -12.8513 -9.53119 3.75
    endloop
  endfacet
  facet normal -0.788382 -0.615186 0
    outer loop
      vertex -12.8513 -9.53119 30
      vertex -12.3682 -10.1503 3.75
      vertex -12.3682 -10.1503 30
    endloop
  endfacet
  facet normal -0.893219 0.449621 0
    outer loop
      vertex -14.4638 6.84088 3.75
      vertex -14.1107 7.54235 30
      vertex -14.1107 7.54235 3.75
    endloop
  endfacet
  facet normal -0.893219 0.449621 0
    outer loop
      vertex -14.1107 7.54235 30
      vertex -14.4638 6.84088 3.75
      vertex -14.4638 6.84088 30
    endloop
  endfacet
  facet normal -0.817583 0.575811 0
    outer loop
      vertex -13.3035 8.88912 3.75
      vertex -12.8513 9.53119 30
      vertex -12.8513 9.53119 3.75
    endloop
  endfacet
  facet normal -0.817583 0.575811 0
    outer loop
      vertex -12.8513 9.53119 30
      vertex -13.3035 8.88912 3.75
      vertex -13.3035 8.88912 30
    endloop
  endfacet
  facet normal -0.963761 -0.266767 0
    outer loop
      vertex -15.311 -4.64455 3.75
      vertex -15.5205 -3.88768 30
      vertex -15.5205 -3.88768 3.75
    endloop
  endfacet
  facet normal -0.963761 -0.266767 0
    outer loop
      vertex -15.5205 -3.88768 30
      vertex -15.311 -4.64455 3.75
      vertex -15.311 -4.64455 30
    endloop
  endfacet
  facet normal -0.914184 0.405299 0
    outer loop
      vertex -14.7821 6.12293 3.75
      vertex -14.4638 6.84088 30
      vertex -14.4638 6.84088 3.75
    endloop
  endfacet
  facet normal -0.914184 0.405299 0
    outer loop
      vertex -14.4638 6.84088 30
      vertex -14.7821 6.12293 3.75
      vertex -14.7821 6.12293 30
    endloop
  endfacet
  facet normal -0.914184 -0.405299 0
    outer loop
      vertex -14.4638 -6.84088 3.75
      vertex -14.7821 -6.12293 30
      vertex -14.7821 -6.12293 3.75
    endloop
  endfacet
  facet normal -0.914184 -0.405299 0
    outer loop
      vertex -14.7821 -6.12293 30
      vertex -14.4638 -6.84088 3.75
      vertex -14.4638 -6.84088 30
    endloop
  endfacet
  facet normal -0.975693 0.219144 0
    outer loop
      vertex -15.6926 3.12144 3.75
      vertex -15.5205 3.88768 30
      vertex -15.5205 3.88768 3.75
    endloop
  endfacet
  facet normal -0.975693 0.219144 0
    outer loop
      vertex -15.5205 3.88768 30
      vertex -15.6926 3.12144 3.75
      vertex -15.6926 3.12144 30
    endloop
  endfacet
  facet normal -0.615186 -0.788382 0
    outer loop
      vertex -10.1503 -12.3682 3.75
      vertex -9.53119 -12.8513 30
      vertex -10.1503 -12.3682 30
    endloop
  endfacet
  facet normal -0.615186 -0.788382 -0
    outer loop
      vertex -9.53119 -12.8513 30
      vertex -10.1503 -12.3682 3.75
      vertex -9.53119 -12.8513 3.75
    endloop
  endfacet
  facet normal -0.893219 -0.449621 0
    outer loop
      vertex -14.1107 -7.54235 3.75
      vertex -14.4638 -6.84088 30
      vertex -14.4638 -6.84088 3.75
    endloop
  endfacet
  facet normal -0.893219 -0.449621 0
    outer loop
      vertex -14.4638 -6.84088 30
      vertex -14.1107 -7.54235 3.75
      vertex -14.1107 -7.54235 30
    endloop
  endfacet
  facet normal -0.99729 -0.0735719 0
    outer loop
      vertex 14.3827 0.706574 0.49
      vertex 14.3307 1.41145 30
      vertex 14.3307 1.41145 0.49
    endloop
  endfacet
  facet normal -0.99729 -0.0735719 0
    outer loop
      vertex 14.3307 1.41145 30
      vertex 14.3827 0.706574 0.49
      vertex 14.3827 0.706574 30
    endloop
  endfacet
  facet normal -0.9997 -0.024477 0
    outer loop
      vertex 14.4 0 0.49
      vertex 14.3827 0.706574 30
      vertex 14.3827 0.706574 0.49
    endloop
  endfacet
  facet normal -0.9997 -0.024477 0
    outer loop
      vertex 14.3827 0.706574 30
      vertex 14.4 0 0.49
      vertex 14.4 0 30
    endloop
  endfacet
  facet normal -0.992465 -0.122525 0
    outer loop
      vertex 14.3307 1.41145 0.49
      vertex 14.2441 2.11292 30
      vertex 14.2441 2.11292 0.49
    endloop
  endfacet
  facet normal -0.992465 -0.122525 0
    outer loop
      vertex 14.2441 2.11292 30
      vertex 14.3307 1.41145 0.49
      vertex 14.3307 1.41145 30
    endloop
  endfacet
  facet normal 0.0735719 -0.99729 0
    outer loop
      vertex -1.41145 14.3307 0.49
      vertex -0.706574 14.3827 30
      vertex -1.41145 14.3307 30
    endloop
  endfacet
  facet normal 0.0735719 -0.99729 0
    outer loop
      vertex -0.706574 14.3827 30
      vertex -1.41145 14.3307 0.49
      vertex -0.706574 14.3827 0.49
    endloop
  endfacet
  facet normal -0.0735719 0.99729 0
    outer loop
      vertex 1.41145 -14.3307 0.49
      vertex 0.706574 -14.3827 30
      vertex 1.41145 -14.3307 30
    endloop
  endfacet
  facet normal -0.0735719 0.99729 0
    outer loop
      vertex 0.706574 -14.3827 30
      vertex 1.41145 -14.3307 0.49
      vertex 0.706574 -14.3827 0.49
    endloop
  endfacet
  facet normal 0.313676 -0.94953 0
    outer loop
      vertex -4.85121 13.5582 0.49
      vertex -4.1801 13.7799 30
      vertex -4.85121 13.5582 30
    endloop
  endfacet
  facet normal 0.313676 -0.94953 0
    outer loop
      vertex -4.1801 13.7799 30
      vertex -4.85121 13.5582 0.49
      vertex -4.1801 13.7799 0.49
    endloop
  endfacet
  facet normal -0.870073 -0.492924 0
    outer loop
      vertex 12.6997 6.78811 0.49
      vertex 12.3513 7.40308 30
      vertex 12.3513 7.40308 0.49
    endloop
  endfacet
  facet normal -0.870073 -0.492924 0
    outer loop
      vertex 12.3513 7.40308 30
      vertex 12.6997 6.78811 0.49
      vertex 12.6997 6.78811 30
    endloop
  endfacet
  facet normal -0.933026 0.359809 0
    outer loop
      vertex 13.3039 -5.51064 0.49
      vertex 13.5582 -4.85121 30
      vertex 13.5582 -4.85121 0.49
    endloop
  endfacet
  facet normal -0.933026 0.359809 0
    outer loop
      vertex 13.5582 -4.85121 30
      vertex 13.3039 -5.51064 0.49
      vertex 13.3039 -5.51064 30
    endloop
  endfacet
  facet normal -0.914167 -0.405338 0
    outer loop
      vertex 13.3039 5.51064 0.49
      vertex 13.0174 6.15679 30
      vertex 13.0174 6.15679 0.49
    endloop
  endfacet
  facet normal -0.914167 -0.405338 0
    outer loop
      vertex 13.0174 6.15679 30
      vertex 13.3039 5.51064 0.49
      vertex 13.3039 5.51064 30
    endloop
  endfacet
  facet normal 0.359809 0.933026 -0
    outer loop
      vertex -4.85121 -13.5582 0.49
      vertex -5.51064 -13.3039 30
      vertex -4.85121 -13.5582 30
    endloop
  endfacet
  facet normal 0.359809 0.933026 0
    outer loop
      vertex -5.51064 -13.3039 30
      vertex -4.85121 -13.5582 0.49
      vertex -5.51064 -13.3039 0.49
    endloop
  endfacet
  facet normal -0.405338 -0.914167 0
    outer loop
      vertex 5.51064 13.3039 0.49
      vertex 6.15679 13.0174 30
      vertex 5.51064 13.3039 30
    endloop
  endfacet
  facet normal -0.405338 -0.914167 -0
    outer loop
      vertex 6.15679 13.0174 30
      vertex 5.51064 13.3039 0.49
      vertex 6.15679 13.0174 0.49
    endloop
  endfacet
  facet normal -0.975689 -0.219159 0
    outer loop
      vertex 14.1233 2.8093 0.49
      vertex 13.9684 3.49891 30
      vertex 13.9684 3.49891 0.49
    endloop
  endfacet
  facet normal -0.975689 -0.219159 0
    outer loop
      vertex 13.9684 3.49891 30
      vertex 14.1233 2.8093 0.49
      vertex 14.1233 2.8093 30
    endloop
  endfacet
  facet normal -0.575832 0.817568 0
    outer loop
      vertex 8.57807 -11.5662 0.49
      vertex 8.00021 -11.9732 30
      vertex 8.57807 -11.5662 30
    endloop
  endfacet
  facet normal -0.575832 0.817568 0
    outer loop
      vertex 8.00021 -11.9732 30
      vertex 8.57807 -11.5662 0.49
      vertex 8.00021 -11.9732 0.49
    endloop
  endfacet
  facet normal -0.985286 -0.170916 0
    outer loop
      vertex 14.2441 2.11292 0.49
      vertex 14.1233 2.8093 30
      vertex 14.1233 2.8093 0.49
    endloop
  endfacet
  facet normal -0.985286 -0.170916 0
    outer loop
      vertex 14.1233 2.8093 30
      vertex 14.2441 2.11292 0.49
      vertex 14.2441 2.11292 30
    endloop
  endfacet
  facet normal 0.985286 0.170916 0
    outer loop
      vertex -14.1233 -2.8093 30
      vertex -14.2441 -2.11292 0.49
      vertex -14.2441 -2.11292 30
    endloop
  endfacet
  facet normal 0.985286 0.170916 0
    outer loop
      vertex -14.2441 -2.11292 0.49
      vertex -14.1233 -2.8093 30
      vertex -14.1233 -2.8093 0.49
    endloop
  endfacet
  facet normal -0.985286 0.170916 0
    outer loop
      vertex 14.1233 -2.8093 0.49
      vertex 14.2441 -2.11292 30
      vertex 14.2441 -2.11292 0.49
    endloop
  endfacet
  facet normal -0.985286 0.170916 0
    outer loop
      vertex 14.2441 -2.11292 30
      vertex 14.1233 -2.8093 0.49
      vertex 14.1233 -2.8093 30
    endloop
  endfacet
  facet normal -0.89327 0.449521 0
    outer loop
      vertex 12.6997 -6.78811 0.49
      vertex 13.0174 -6.15679 30
      vertex 13.0174 -6.15679 0.49
    endloop
  endfacet
  facet normal -0.89327 0.449521 0
    outer loop
      vertex 13.0174 -6.15679 30
      vertex 12.6997 -6.78811 0.49
      vertex 12.6997 -6.78811 30
    endloop
  endfacet
  facet normal 0.122525 -0.992465 0
    outer loop
      vertex -2.11292 14.2441 0.49
      vertex -1.41145 14.3307 30
      vertex -2.11292 14.2441 30
    endloop
  endfacet
  facet normal 0.122525 -0.992465 0
    outer loop
      vertex -1.41145 14.3307 30
      vertex -2.11292 14.2441 0.49
      vertex -1.41145 14.3307 0.49
    endloop
  endfacet
  facet normal -0.94953 -0.313676 0
    outer loop
      vertex 13.7799 4.1801 0.49
      vertex 13.5582 4.85121 30
      vertex 13.5582 4.85121 0.49
    endloop
  endfacet
  facet normal -0.94953 -0.313676 0
    outer loop
      vertex 13.5582 4.85121 30
      vertex 13.7799 4.1801 0.49
      vertex 13.7799 4.1801 30
    endloop
  endfacet
  facet normal -0.914167 0.405338 0
    outer loop
      vertex 13.0174 -6.15679 0.49
      vertex 13.3039 -5.51064 30
      vertex 13.3039 -5.51064 0.49
    endloop
  endfacet
  facet normal -0.914167 0.405338 0
    outer loop
      vertex 13.3039 -5.51064 30
      vertex 13.0174 -6.15679 0.49
      vertex 13.0174 -6.15679 30
    endloop
  endfacet
  facet normal 0.9997 -0.024477 0
    outer loop
      vertex -14.4 0 30
      vertex -14.3827 0.706574 0.49
      vertex -14.3827 0.706574 30
    endloop
  endfacet
  facet normal 0.9997 -0.024477 0
    outer loop
      vertex -14.3827 0.706574 0.49
      vertex -14.4 0 30
      vertex -14.4 0 0.49
    endloop
  endfacet
  facet normal -0.75718 0.653207 0
    outer loop
      vertex 10.6697 -9.67045 0.49
      vertex 11.1314 -9.13526 30
      vertex 11.1314 -9.13526 0.49
    endloop
  endfacet
  facet normal -0.75718 0.653207 0
    outer loop
      vertex 11.1314 -9.13526 30
      vertex 10.6697 -9.67045 0.49
      vertex 10.6697 -9.67045 30
    endloop
  endfacet
  facet normal -0.94953 0.313676 0
    outer loop
      vertex 13.5582 -4.85121 0.49
      vertex 13.7799 -4.1801 30
      vertex 13.7799 -4.1801 0.49
    endloop
  endfacet
  facet normal -0.94953 0.313676 0
    outer loop
      vertex 13.7799 -4.1801 30
      vertex 13.5582 -4.85121 0.49
      vertex 13.5582 -4.85121 30
    endloop
  endfacet
  facet normal 0.99729 -0.0735719 0
    outer loop
      vertex -14.3827 0.706574 30
      vertex -14.3307 1.41145 0.49
      vertex -14.3307 1.41145 30
    endloop
  endfacet
  facet normal 0.99729 -0.0735719 0
    outer loop
      vertex -14.3307 1.41145 0.49
      vertex -14.3827 0.706574 30
      vertex -14.3827 0.706574 0.49
    endloop
  endfacet
  facet normal 0.933026 -0.359809 0
    outer loop
      vertex -13.5582 4.85121 30
      vertex -13.3039 5.51064 0.49
      vertex -13.3039 5.51064 30
    endloop
  endfacet
  facet normal 0.933026 -0.359809 0
    outer loop
      vertex -13.3039 5.51064 0.49
      vertex -13.5582 4.85121 30
      vertex -13.5582 4.85121 0.49
    endloop
  endfacet
  facet normal 0.170916 0.985286 -0
    outer loop
      vertex -2.11292 -14.2441 0.49
      vertex -2.8093 -14.1233 30
      vertex -2.11292 -14.2441 30
    endloop
  endfacet
  facet normal 0.170916 0.985286 0
    outer loop
      vertex -2.8093 -14.1233 30
      vertex -2.11292 -14.2441 0.49
      vertex -2.8093 -14.1233 0.49
    endloop
  endfacet
  facet normal 0.653207 -0.75718 0
    outer loop
      vertex -9.67045 10.6697 0.49
      vertex -9.13526 11.1314 30
      vertex -9.67045 10.6697 30
    endloop
  endfacet
  facet normal 0.653207 -0.75718 0
    outer loop
      vertex -9.13526 11.1314 30
      vertex -9.67045 10.6697 0.49
      vertex -9.13526 11.1314 0.49
    endloop
  endfacet
  facet normal 0.492924 0.870073 -0
    outer loop
      vertex -6.78811 -12.6997 0.49
      vertex -7.40308 -12.3513 30
      vertex -6.78811 -12.6997 30
    endloop
  endfacet
  facet normal 0.492924 0.870073 0
    outer loop
      vertex -7.40308 -12.3513 30
      vertex -6.78811 -12.6997 0.49
      vertex -7.40308 -12.3513 0.49
    endloop
  endfacet
  facet normal 0.024477 0.9997 -0
    outer loop
      vertex 0 -14.4 0.49
      vertex -0.706574 -14.3827 30
      vertex 0 -14.4 30
    endloop
  endfacet
  facet normal 0.024477 0.9997 0
    outer loop
      vertex -0.706574 -14.3827 30
      vertex 0 -14.4 0.49
      vertex -0.706574 -14.3827 0.49
    endloop
  endfacet
  facet normal 0.449521 -0.89327 0
    outer loop
      vertex -6.78811 12.6997 0.49
      vertex -6.15679 13.0174 30
      vertex -6.78811 12.6997 30
    endloop
  endfacet
  facet normal 0.449521 -0.89327 0
    outer loop
      vertex -6.15679 13.0174 30
      vertex -6.78811 12.6997 0.49
      vertex -6.15679 13.0174 0.49
    endloop
  endfacet
  facet normal -0.689599 -0.724192 0
    outer loop
      vertex 9.67045 10.6697 0.49
      vertex 10.1823 10.1823 30
      vertex 9.67045 10.6697 30
    endloop
  endfacet
  facet normal -0.689599 -0.724192 -0
    outer loop
      vertex 10.1823 10.1823 30
      vertex 9.67045 10.6697 0.49
      vertex 10.1823 10.1823 0.49
    endloop
  endfacet
  facet normal -0.817568 0.575832 0
    outer loop
      vertex 11.5662 -8.57807 0.49
      vertex 11.9732 -8.00021 30
      vertex 11.9732 -8.00021 0.49
    endloop
  endfacet
  facet normal -0.817568 0.575832 0
    outer loop
      vertex 11.9732 -8.00021 30
      vertex 11.5662 -8.57807 0.49
      vertex 11.5662 -8.57807 30
    endloop
  endfacet
  facet normal 0.689599 -0.724192 0
    outer loop
      vertex -10.1823 10.1823 0.49
      vertex -9.67045 10.6697 30
      vertex -10.1823 10.1823 30
    endloop
  endfacet
  facet normal 0.689599 -0.724192 0
    outer loop
      vertex -9.67045 10.6697 30
      vertex -10.1823 10.1823 0.49
      vertex -9.67045 10.6697 0.49
    endloop
  endfacet
  facet normal -0.534969 0.844872 0
    outer loop
      vertex 8.00021 -11.9732 0.49
      vertex 7.40308 -12.3513 30
      vertex 8.00021 -11.9732 30
    endloop
  endfacet
  facet normal -0.534969 0.844872 0
    outer loop
      vertex 7.40308 -12.3513 30
      vertex 8.00021 -11.9732 0.49
      vertex 7.40308 -12.3513 0.49
    endloop
  endfacet
  facet normal -0.024477 0.9997 0
    outer loop
      vertex 0.706574 -14.3827 0.49
      vertex 0 -14.4 30
      vertex 0.706574 -14.3827 30
    endloop
  endfacet
  facet normal -0.024477 0.9997 0
    outer loop
      vertex 0 -14.4 30
      vertex 0.706574 -14.3827 0.49
      vertex 0 -14.4 0.49
    endloop
  endfacet
  facet normal 0.985286 -0.170916 0
    outer loop
      vertex -14.2441 2.11292 30
      vertex -14.1233 2.8093 0.49
      vertex -14.1233 2.8093 30
    endloop
  endfacet
  facet normal 0.985286 -0.170916 0
    outer loop
      vertex -14.1233 2.8093 0.49
      vertex -14.2441 2.11292 30
      vertex -14.2441 2.11292 0.49
    endloop
  endfacet
  facet normal 0.9997 0.024477 0
    outer loop
      vertex -14.3827 -0.706574 30
      vertex -14.4 0 0.49
      vertex -14.4 0 30
    endloop
  endfacet
  facet normal 0.9997 0.024477 0
    outer loop
      vertex -14.4 0 0.49
      vertex -14.3827 -0.706574 30
      vertex -14.3827 -0.706574 0.49
    endloop
  endfacet
  facet normal -0.219159 -0.975689 0
    outer loop
      vertex 2.8093 14.1233 0.49
      vertex 3.49891 13.9684 30
      vertex 2.8093 14.1233 30
    endloop
  endfacet
  facet normal -0.219159 -0.975689 -0
    outer loop
      vertex 3.49891 13.9684 30
      vertex 2.8093 14.1233 0.49
      vertex 3.49891 13.9684 0.49
    endloop
  endfacet
  facet normal 0.89327 0.449521 0
    outer loop
      vertex -12.6997 -6.78811 30
      vertex -13.0174 -6.15679 0.49
      vertex -13.0174 -6.15679 30
    endloop
  endfacet
  facet normal 0.89327 0.449521 0
    outer loop
      vertex -13.0174 -6.15679 0.49
      vertex -12.6997 -6.78811 30
      vertex -12.6997 -6.78811 0.49
    endloop
  endfacet
  facet normal 0.99729 0.0735719 0
    outer loop
      vertex -14.3307 -1.41145 30
      vertex -14.3827 -0.706574 0.49
      vertex -14.3827 -0.706574 30
    endloop
  endfacet
  facet normal 0.99729 0.0735719 0
    outer loop
      vertex -14.3827 -0.706574 0.49
      vertex -14.3307 -1.41145 30
      vertex -14.3307 -1.41145 0.49
    endloop
  endfacet
  facet normal -0.0735719 -0.99729 0
    outer loop
      vertex 0.706574 14.3827 0.49
      vertex 1.41145 14.3307 30
      vertex 0.706574 14.3827 30
    endloop
  endfacet
  facet normal -0.0735719 -0.99729 -0
    outer loop
      vertex 1.41145 14.3307 30
      vertex 0.706574 14.3827 0.49
      vertex 1.41145 14.3307 0.49
    endloop
  endfacet
  facet normal -0.405338 0.914167 0
    outer loop
      vertex 6.15679 -13.0174 0.49
      vertex 5.51064 -13.3039 30
      vertex 6.15679 -13.0174 30
    endloop
  endfacet
  facet normal -0.405338 0.914167 0
    outer loop
      vertex 5.51064 -13.3039 30
      vertex 6.15679 -13.0174 0.49
      vertex 5.51064 -13.3039 0.49
    endloop
  endfacet
  facet normal 0.024477 -0.9997 0
    outer loop
      vertex -0.706574 14.3827 0.49
      vertex 0 14.4 30
      vertex -0.706574 14.3827 30
    endloop
  endfacet
  facet normal 0.024477 -0.9997 0
    outer loop
      vertex 0 14.4 30
      vertex -0.706574 14.3827 0.49
      vertex 0 14.4 0.49
    endloop
  endfacet
  facet normal -0.724192 -0.689599 0
    outer loop
      vertex 10.6697 9.67045 0.49
      vertex 10.1823 10.1823 30
      vertex 10.1823 10.1823 0.49
    endloop
  endfacet
  facet normal -0.724192 -0.689599 0
    outer loop
      vertex 10.1823 10.1823 30
      vertex 10.6697 9.67045 0.49
      vertex 10.6697 9.67045 30
    endloop
  endfacet
  facet normal -0.492924 -0.870073 0
    outer loop
      vertex 6.78811 12.6997 0.49
      vertex 7.40308 12.3513 30
      vertex 6.78811 12.6997 30
    endloop
  endfacet
  facet normal -0.492924 -0.870073 -0
    outer loop
      vertex 7.40308 12.3513 30
      vertex 6.78811 12.6997 0.49
      vertex 7.40308 12.3513 0.49
    endloop
  endfacet
  facet normal -0.653207 -0.75718 0
    outer loop
      vertex 9.13526 11.1314 0.49
      vertex 9.67045 10.6697 30
      vertex 9.13526 11.1314 30
    endloop
  endfacet
  facet normal -0.653207 -0.75718 -0
    outer loop
      vertex 9.67045 10.6697 30
      vertex 9.13526 11.1314 0.49
      vertex 9.67045 10.6697 0.49
    endloop
  endfacet
  facet normal 0.94953 -0.313676 0
    outer loop
      vertex -13.7799 4.1801 30
      vertex -13.5582 4.85121 0.49
      vertex -13.5582 4.85121 30
    endloop
  endfacet
  facet normal 0.94953 -0.313676 0
    outer loop
      vertex -13.5582 4.85121 0.49
      vertex -13.7799 4.1801 30
      vertex -13.7799 4.1801 0.49
    endloop
  endfacet
  facet normal -0.992465 0.122525 0
    outer loop
      vertex 14.2441 -2.11292 0.49
      vertex 14.3307 -1.41145 30
      vertex 14.3307 -1.41145 0.49
    endloop
  endfacet
  facet normal -0.992465 0.122525 0
    outer loop
      vertex 14.3307 -1.41145 30
      vertex 14.2441 -2.11292 0.49
      vertex 14.2441 -2.11292 30
    endloop
  endfacet
  facet normal 0.170916 -0.985286 0
    outer loop
      vertex -2.8093 14.1233 0.49
      vertex -2.11292 14.2441 30
      vertex -2.8093 14.1233 30
    endloop
  endfacet
  facet normal 0.170916 -0.985286 0
    outer loop
      vertex -2.11292 14.2441 30
      vertex -2.8093 14.1233 0.49
      vertex -2.11292 14.2441 0.49
    endloop
  endfacet
  facet normal -0.313676 -0.94953 0
    outer loop
      vertex 4.1801 13.7799 0.49
      vertex 4.85121 13.5582 30
      vertex 4.1801 13.7799 30
    endloop
  endfacet
  facet normal -0.313676 -0.94953 -0
    outer loop
      vertex 4.85121 13.5582 30
      vertex 4.1801 13.7799 0.49
      vertex 4.85121 13.5582 0.49
    endloop
  endfacet
  facet normal 0.992465 0.122525 0
    outer loop
      vertex -14.2441 -2.11292 30
      vertex -14.3307 -1.41145 0.49
      vertex -14.3307 -1.41145 30
    endloop
  endfacet
  facet normal 0.992465 0.122525 0
    outer loop
      vertex -14.3307 -1.41145 0.49
      vertex -14.2441 -2.11292 30
      vertex -14.2441 -2.11292 0.49
    endloop
  endfacet
  facet normal 0.975689 0.219159 0
    outer loop
      vertex -13.9684 -3.49891 30
      vertex -14.1233 -2.8093 0.49
      vertex -14.1233 -2.8093 30
    endloop
  endfacet
  facet normal 0.975689 0.219159 0
    outer loop
      vertex -14.1233 -2.8093 0.49
      vertex -13.9684 -3.49891 30
      vertex -13.9684 -3.49891 0.49
    endloop
  endfacet
  facet normal -0.449521 -0.89327 0
    outer loop
      vertex 6.15679 13.0174 0.49
      vertex 6.78811 12.6997 30
      vertex 6.15679 13.0174 30
    endloop
  endfacet
  facet normal -0.449521 -0.89327 -0
    outer loop
      vertex 6.78811 12.6997 30
      vertex 6.15679 13.0174 0.49
      vertex 6.78811 12.6997 0.49
    endloop
  endfacet
  facet normal -0.99729 0.0735719 0
    outer loop
      vertex 14.3307 -1.41145 0.49
      vertex 14.3827 -0.706574 30
      vertex 14.3827 -0.706574 0.49
    endloop
  endfacet
  facet normal -0.99729 0.0735719 0
    outer loop
      vertex 14.3827 -0.706574 30
      vertex 14.3307 -1.41145 0.49
      vertex 14.3307 -1.41145 30
    endloop
  endfacet
  facet normal 0.219159 -0.975689 0
    outer loop
      vertex -3.49891 13.9684 0.49
      vertex -2.8093 14.1233 30
      vertex -3.49891 13.9684 30
    endloop
  endfacet
  facet normal 0.219159 -0.975689 0
    outer loop
      vertex -2.8093 14.1233 30
      vertex -3.49891 13.9684 0.49
      vertex -2.8093 14.1233 0.49
    endloop
  endfacet
  facet normal 0.870073 0.492924 0
    outer loop
      vertex -12.3513 -7.40308 30
      vertex -12.6997 -6.78811 0.49
      vertex -12.6997 -6.78811 30
    endloop
  endfacet
  facet normal 0.870073 0.492924 0
    outer loop
      vertex -12.6997 -6.78811 0.49
      vertex -12.3513 -7.40308 30
      vertex -12.3513 -7.40308 0.49
    endloop
  endfacet
  facet normal -0.689599 0.724192 0
    outer loop
      vertex 10.1823 -10.1823 0.49
      vertex 9.67045 -10.6697 30
      vertex 10.1823 -10.1823 30
    endloop
  endfacet
  facet normal -0.689599 0.724192 0
    outer loop
      vertex 9.67045 -10.6697 30
      vertex 10.1823 -10.1823 0.49
      vertex 9.67045 -10.6697 0.49
    endloop
  endfacet
  facet normal -0.844872 -0.534969 0
    outer loop
      vertex 12.3513 7.40308 0.49
      vertex 11.9732 8.00021 30
      vertex 11.9732 8.00021 0.49
    endloop
  endfacet
  facet normal -0.844872 -0.534969 0
    outer loop
      vertex 11.9732 8.00021 30
      vertex 12.3513 7.40308 0.49
      vertex 12.3513 7.40308 30
    endloop
  endfacet
  facet normal -0.817568 -0.575832 0
    outer loop
      vertex 11.9732 8.00021 0.49
      vertex 11.5662 8.57807 30
      vertex 11.5662 8.57807 0.49
    endloop
  endfacet
  facet normal -0.817568 -0.575832 0
    outer loop
      vertex 11.5662 8.57807 30
      vertex 11.9732 8.00021 0.49
      vertex 11.9732 8.00021 30
    endloop
  endfacet
  facet normal 0.575832 -0.817568 0
    outer loop
      vertex -8.57807 11.5662 0.49
      vertex -8.00021 11.9732 30
      vertex -8.57807 11.5662 30
    endloop
  endfacet
  facet normal 0.575832 -0.817568 0
    outer loop
      vertex -8.00021 11.9732 30
      vertex -8.57807 11.5662 0.49
      vertex -8.00021 11.9732 0.49
    endloop
  endfacet
  facet normal -0.615201 0.788371 0
    outer loop
      vertex 9.13526 -11.1314 0.49
      vertex 8.57807 -11.5662 30
      vertex 9.13526 -11.1314 30
    endloop
  endfacet
  facet normal -0.615201 0.788371 0
    outer loop
      vertex 8.57807 -11.5662 30
      vertex 9.13526 -11.1314 0.49
      vertex 8.57807 -11.5662 0.49
    endloop
  endfacet
  facet normal -0.870073 0.492924 0
    outer loop
      vertex 12.3513 -7.40308 0.49
      vertex 12.6997 -6.78811 30
      vertex 12.6997 -6.78811 0.49
    endloop
  endfacet
  facet normal -0.870073 0.492924 0
    outer loop
      vertex 12.6997 -6.78811 30
      vertex 12.3513 -7.40308 0.49
      vertex 12.3513 -7.40308 30
    endloop
  endfacet
  facet normal 0.359809 -0.933026 0
    outer loop
      vertex -5.51064 13.3039 0.49
      vertex -4.85121 13.5582 30
      vertex -5.51064 13.3039 30
    endloop
  endfacet
  facet normal 0.359809 -0.933026 0
    outer loop
      vertex -4.85121 13.5582 30
      vertex -5.51064 13.3039 0.49
      vertex -4.85121 13.5582 0.49
    endloop
  endfacet
  facet normal 0.689599 0.724192 -0
    outer loop
      vertex -9.67045 -10.6697 0.49
      vertex -10.1823 -10.1823 30
      vertex -9.67045 -10.6697 30
    endloop
  endfacet
  facet normal 0.689599 0.724192 0
    outer loop
      vertex -10.1823 -10.1823 30
      vertex -9.67045 -10.6697 0.49
      vertex -10.1823 -10.1823 0.49
    endloop
  endfacet
  facet normal 0.844872 0.534969 0
    outer loop
      vertex -11.9732 -8.00021 30
      vertex -12.3513 -7.40308 0.49
      vertex -12.3513 -7.40308 30
    endloop
  endfacet
  facet normal 0.844872 0.534969 0
    outer loop
      vertex -12.3513 -7.40308 0.49
      vertex -11.9732 -8.00021 30
      vertex -11.9732 -8.00021 0.49
    endloop
  endfacet
  facet normal 0.534969 0.844872 -0
    outer loop
      vertex -7.40308 -12.3513 0.49
      vertex -8.00021 -11.9732 30
      vertex -7.40308 -12.3513 30
    endloop
  endfacet
  facet normal 0.534969 0.844872 0
    outer loop
      vertex -8.00021 -11.9732 30
      vertex -7.40308 -12.3513 0.49
      vertex -8.00021 -11.9732 0.49
    endloop
  endfacet
  facet normal -0.024477 -0.9997 0
    outer loop
      vertex 0 14.4 0.49
      vertex 0.706574 14.3827 30
      vertex 0 14.4 30
    endloop
  endfacet
  facet normal -0.024477 -0.9997 -0
    outer loop
      vertex 0.706574 14.3827 30
      vertex 0 14.4 0.49
      vertex 0.706574 14.3827 0.49
    endloop
  endfacet
  facet normal -0.266699 0.96378 0
    outer loop
      vertex 4.1801 -13.7799 0.49
      vertex 3.49891 -13.9684 30
      vertex 4.1801 -13.7799 30
    endloop
  endfacet
  facet normal -0.266699 0.96378 0
    outer loop
      vertex 3.49891 -13.9684 30
      vertex 4.1801 -13.7799 0.49
      vertex 3.49891 -13.9684 0.49
    endloop
  endfacet
  facet normal -0.359809 -0.933026 0
    outer loop
      vertex 4.85121 13.5582 0.49
      vertex 5.51064 13.3039 30
      vertex 4.85121 13.5582 30
    endloop
  endfacet
  facet normal -0.359809 -0.933026 -0
    outer loop
      vertex 5.51064 13.3039 30
      vertex 4.85121 13.5582 0.49
      vertex 5.51064 13.3039 0.49
    endloop
  endfacet
  facet normal -0.575832 -0.817568 0
    outer loop
      vertex 8.00021 11.9732 0.49
      vertex 8.57807 11.5662 30
      vertex 8.00021 11.9732 30
    endloop
  endfacet
  facet normal -0.575832 -0.817568 -0
    outer loop
      vertex 8.57807 11.5662 30
      vertex 8.00021 11.9732 0.49
      vertex 8.57807 11.5662 0.49
    endloop
  endfacet
  facet normal 0.817568 -0.575832 0
    outer loop
      vertex -11.9732 8.00021 30
      vertex -11.5662 8.57807 0.49
      vertex -11.5662 8.57807 30
    endloop
  endfacet
  facet normal 0.817568 -0.575832 0
    outer loop
      vertex -11.5662 8.57807 0.49
      vertex -11.9732 8.00021 30
      vertex -11.9732 8.00021 0.49
    endloop
  endfacet
  facet normal -0.122525 -0.992465 0
    outer loop
      vertex 1.41145 14.3307 0.49
      vertex 2.11292 14.2441 30
      vertex 1.41145 14.3307 30
    endloop
  endfacet
  facet normal -0.122525 -0.992465 -0
    outer loop
      vertex 2.11292 14.2441 30
      vertex 1.41145 14.3307 0.49
      vertex 2.11292 14.2441 0.49
    endloop
  endfacet
  facet normal -0.788371 0.615201 0
    outer loop
      vertex 11.1314 -9.13526 0.49
      vertex 11.5662 -8.57807 30
      vertex 11.5662 -8.57807 0.49
    endloop
  endfacet
  facet normal -0.788371 0.615201 0
    outer loop
      vertex 11.5662 -8.57807 30
      vertex 11.1314 -9.13526 0.49
      vertex 11.1314 -9.13526 30
    endloop
  endfacet
  facet normal -0.96378 0.266699 0
    outer loop
      vertex 13.7799 -4.1801 0.49
      vertex 13.9684 -3.49891 30
      vertex 13.9684 -3.49891 0.49
    endloop
  endfacet
  facet normal -0.96378 0.266699 0
    outer loop
      vertex 13.9684 -3.49891 30
      vertex 13.7799 -4.1801 0.49
      vertex 13.7799 -4.1801 30
    endloop
  endfacet
  facet normal -0.724192 0.689599 0
    outer loop
      vertex 10.1823 -10.1823 0.49
      vertex 10.6697 -9.67045 30
      vertex 10.6697 -9.67045 0.49
    endloop
  endfacet
  facet normal -0.724192 0.689599 0
    outer loop
      vertex 10.6697 -9.67045 30
      vertex 10.1823 -10.1823 0.49
      vertex 10.1823 -10.1823 30
    endloop
  endfacet
  facet normal -0.975689 0.219159 0
    outer loop
      vertex 13.9684 -3.49891 0.49
      vertex 14.1233 -2.8093 30
      vertex 14.1233 -2.8093 0.49
    endloop
  endfacet
  facet normal -0.975689 0.219159 0
    outer loop
      vertex 14.1233 -2.8093 30
      vertex 13.9684 -3.49891 0.49
      vertex 13.9684 -3.49891 30
    endloop
  endfacet
  facet normal 0.870073 -0.492924 0
    outer loop
      vertex -12.6997 6.78811 30
      vertex -12.3513 7.40308 0.49
      vertex -12.3513 7.40308 30
    endloop
  endfacet
  facet normal 0.870073 -0.492924 0
    outer loop
      vertex -12.3513 7.40308 0.49
      vertex -12.6997 6.78811 30
      vertex -12.6997 6.78811 0.49
    endloop
  endfacet
  facet normal 0.89327 -0.449521 0
    outer loop
      vertex -13.0174 6.15679 30
      vertex -12.6997 6.78811 0.49
      vertex -12.6997 6.78811 30
    endloop
  endfacet
  facet normal 0.89327 -0.449521 0
    outer loop
      vertex -12.6997 6.78811 0.49
      vertex -13.0174 6.15679 30
      vertex -13.0174 6.15679 0.49
    endloop
  endfacet
  facet normal -0.89327 -0.449521 0
    outer loop
      vertex 13.0174 6.15679 0.49
      vertex 12.6997 6.78811 30
      vertex 12.6997 6.78811 0.49
    endloop
  endfacet
  facet normal -0.89327 -0.449521 0
    outer loop
      vertex 12.6997 6.78811 30
      vertex 13.0174 6.15679 0.49
      vertex 13.0174 6.15679 30
    endloop
  endfacet
  facet normal 0.0735719 0.99729 -0
    outer loop
      vertex -0.706574 -14.3827 0.49
      vertex -1.41145 -14.3307 30
      vertex -0.706574 -14.3827 30
    endloop
  endfacet
  facet normal 0.0735719 0.99729 0
    outer loop
      vertex -1.41145 -14.3307 30
      vertex -0.706574 -14.3827 0.49
      vertex -1.41145 -14.3307 0.49
    endloop
  endfacet
  facet normal 0.75718 0.653207 0
    outer loop
      vertex -10.6697 -9.67045 30
      vertex -11.1314 -9.13526 0.49
      vertex -11.1314 -9.13526 30
    endloop
  endfacet
  facet normal 0.75718 0.653207 0
    outer loop
      vertex -11.1314 -9.13526 0.49
      vertex -10.6697 -9.67045 30
      vertex -10.6697 -9.67045 0.49
    endloop
  endfacet
  facet normal -0.96378 -0.266699 0
    outer loop
      vertex 13.9684 3.49891 0.49
      vertex 13.7799 4.1801 30
      vertex 13.7799 4.1801 0.49
    endloop
  endfacet
  facet normal -0.96378 -0.266699 0
    outer loop
      vertex 13.7799 4.1801 30
      vertex 13.9684 3.49891 0.49
      vertex 13.9684 3.49891 30
    endloop
  endfacet
  facet normal 0.724192 0.689599 0
    outer loop
      vertex -10.1823 -10.1823 30
      vertex -10.6697 -9.67045 0.49
      vertex -10.6697 -9.67045 30
    endloop
  endfacet
  facet normal 0.724192 0.689599 0
    outer loop
      vertex -10.6697 -9.67045 0.49
      vertex -10.1823 -10.1823 30
      vertex -10.1823 -10.1823 0.49
    endloop
  endfacet
  facet normal -0.653207 0.75718 0
    outer loop
      vertex 9.67045 -10.6697 0.49
      vertex 9.13526 -11.1314 30
      vertex 9.67045 -10.6697 30
    endloop
  endfacet
  facet normal -0.653207 0.75718 0
    outer loop
      vertex 9.13526 -11.1314 30
      vertex 9.67045 -10.6697 0.49
      vertex 9.13526 -11.1314 0.49
    endloop
  endfacet
  facet normal 0.914167 -0.405338 0
    outer loop
      vertex -13.3039 5.51064 30
      vertex -13.0174 6.15679 0.49
      vertex -13.0174 6.15679 30
    endloop
  endfacet
  facet normal 0.914167 -0.405338 0
    outer loop
      vertex -13.0174 6.15679 0.49
      vertex -13.3039 5.51064 30
      vertex -13.3039 5.51064 0.49
    endloop
  endfacet
  facet normal 0.405338 0.914167 -0
    outer loop
      vertex -5.51064 -13.3039 0.49
      vertex -6.15679 -13.0174 30
      vertex -5.51064 -13.3039 30
    endloop
  endfacet
  facet normal 0.405338 0.914167 0
    outer loop
      vertex -6.15679 -13.0174 30
      vertex -5.51064 -13.3039 0.49
      vertex -6.15679 -13.0174 0.49
    endloop
  endfacet
  facet normal -0.534969 -0.844872 0
    outer loop
      vertex 7.40308 12.3513 0.49
      vertex 8.00021 11.9732 30
      vertex 7.40308 12.3513 30
    endloop
  endfacet
  facet normal -0.534969 -0.844872 -0
    outer loop
      vertex 8.00021 11.9732 30
      vertex 7.40308 12.3513 0.49
      vertex 8.00021 11.9732 0.49
    endloop
  endfacet
  facet normal 0.992465 -0.122525 0
    outer loop
      vertex -14.3307 1.41145 30
      vertex -14.2441 2.11292 0.49
      vertex -14.2441 2.11292 30
    endloop
  endfacet
  facet normal 0.992465 -0.122525 0
    outer loop
      vertex -14.2441 2.11292 0.49
      vertex -14.3307 1.41145 30
      vertex -14.3307 1.41145 0.49
    endloop
  endfacet
  facet normal 0.492924 -0.870073 0
    outer loop
      vertex -7.40308 12.3513 0.49
      vertex -6.78811 12.6997 30
      vertex -7.40308 12.3513 30
    endloop
  endfacet
  facet normal 0.492924 -0.870073 0
    outer loop
      vertex -6.78811 12.6997 30
      vertex -7.40308 12.3513 0.49
      vertex -6.78811 12.6997 0.49
    endloop
  endfacet
  facet normal -0.615201 -0.788371 0
    outer loop
      vertex 8.57807 11.5662 0.49
      vertex 9.13526 11.1314 30
      vertex 8.57807 11.5662 30
    endloop
  endfacet
  facet normal -0.615201 -0.788371 -0
    outer loop
      vertex 9.13526 11.1314 30
      vertex 8.57807 11.5662 0.49
      vertex 9.13526 11.1314 0.49
    endloop
  endfacet
  facet normal 0.75718 -0.653207 0
    outer loop
      vertex -11.1314 9.13526 30
      vertex -10.6697 9.67045 0.49
      vertex -10.6697 9.67045 30
    endloop
  endfacet
  facet normal 0.75718 -0.653207 0
    outer loop
      vertex -10.6697 9.67045 0.49
      vertex -11.1314 9.13526 30
      vertex -11.1314 9.13526 0.49
    endloop
  endfacet
  facet normal 0.933026 0.359809 0
    outer loop
      vertex -13.3039 -5.51064 30
      vertex -13.5582 -4.85121 0.49
      vertex -13.5582 -4.85121 30
    endloop
  endfacet
  facet normal 0.933026 0.359809 0
    outer loop
      vertex -13.5582 -4.85121 0.49
      vertex -13.3039 -5.51064 30
      vertex -13.3039 -5.51064 0.49
    endloop
  endfacet
  facet normal 0.94953 0.313676 0
    outer loop
      vertex -13.5582 -4.85121 30
      vertex -13.7799 -4.1801 0.49
      vertex -13.7799 -4.1801 30
    endloop
  endfacet
  facet normal 0.94953 0.313676 0
    outer loop
      vertex -13.7799 -4.1801 0.49
      vertex -13.5582 -4.85121 30
      vertex -13.5582 -4.85121 0.49
    endloop
  endfacet
  facet normal 0.975689 -0.219159 0
    outer loop
      vertex -14.1233 2.8093 30
      vertex -13.9684 3.49891 0.49
      vertex -13.9684 3.49891 30
    endloop
  endfacet
  facet normal 0.975689 -0.219159 0
    outer loop
      vertex -13.9684 3.49891 0.49
      vertex -14.1233 2.8093 30
      vertex -14.1233 2.8093 0.49
    endloop
  endfacet
  facet normal 0.788371 -0.615201 0
    outer loop
      vertex -11.5662 8.57807 30
      vertex -11.1314 9.13526 0.49
      vertex -11.1314 9.13526 30
    endloop
  endfacet
  facet normal 0.788371 -0.615201 0
    outer loop
      vertex -11.1314 9.13526 0.49
      vertex -11.5662 8.57807 30
      vertex -11.5662 8.57807 0.49
    endloop
  endfacet
  facet normal 0.653207 0.75718 -0
    outer loop
      vertex -9.13526 -11.1314 0.49
      vertex -9.67045 -10.6697 30
      vertex -9.13526 -11.1314 30
    endloop
  endfacet
  facet normal 0.653207 0.75718 0
    outer loop
      vertex -9.67045 -10.6697 30
      vertex -9.13526 -11.1314 0.49
      vertex -9.67045 -10.6697 0.49
    endloop
  endfacet
  facet normal -0.844872 0.534969 0
    outer loop
      vertex 11.9732 -8.00021 0.49
      vertex 12.3513 -7.40308 30
      vertex 12.3513 -7.40308 0.49
    endloop
  endfacet
  facet normal -0.844872 0.534969 0
    outer loop
      vertex 12.3513 -7.40308 30
      vertex 11.9732 -8.00021 0.49
      vertex 11.9732 -8.00021 30
    endloop
  endfacet
  facet normal -0.122525 0.992465 0
    outer loop
      vertex 2.11292 -14.2441 0.49
      vertex 1.41145 -14.3307 30
      vertex 2.11292 -14.2441 30
    endloop
  endfacet
  facet normal -0.122525 0.992465 0
    outer loop
      vertex 1.41145 -14.3307 30
      vertex 2.11292 -14.2441 0.49
      vertex 1.41145 -14.3307 0.49
    endloop
  endfacet
  facet normal -0.492924 0.870073 0
    outer loop
      vertex 7.40308 -12.3513 0.49
      vertex 6.78811 -12.6997 30
      vertex 7.40308 -12.3513 30
    endloop
  endfacet
  facet normal -0.492924 0.870073 0
    outer loop
      vertex 6.78811 -12.6997 30
      vertex 7.40308 -12.3513 0.49
      vertex 6.78811 -12.6997 0.49
    endloop
  endfacet
  facet normal 0.844872 -0.534969 0
    outer loop
      vertex -12.3513 7.40308 30
      vertex -11.9732 8.00021 0.49
      vertex -11.9732 8.00021 30
    endloop
  endfacet
  facet normal 0.844872 -0.534969 0
    outer loop
      vertex -11.9732 8.00021 0.49
      vertex -12.3513 7.40308 30
      vertex -12.3513 7.40308 0.49
    endloop
  endfacet
  facet normal 0.266699 0.96378 -0
    outer loop
      vertex -3.49891 -13.9684 0.49
      vertex -4.1801 -13.7799 30
      vertex -3.49891 -13.9684 30
    endloop
  endfacet
  facet normal 0.266699 0.96378 0
    outer loop
      vertex -4.1801 -13.7799 30
      vertex -3.49891 -13.9684 0.49
      vertex -4.1801 -13.7799 0.49
    endloop
  endfacet
  facet normal -0.9997 0.024477 0
    outer loop
      vertex 14.3827 -0.706574 0.49
      vertex 14.4 0 30
      vertex 14.4 0 0.49
    endloop
  endfacet
  facet normal -0.9997 0.024477 0
    outer loop
      vertex 14.4 0 30
      vertex 14.3827 -0.706574 0.49
      vertex 14.3827 -0.706574 30
    endloop
  endfacet
  facet normal -0.313676 0.94953 0
    outer loop
      vertex 4.85121 -13.5582 0.49
      vertex 4.1801 -13.7799 30
      vertex 4.85121 -13.5582 30
    endloop
  endfacet
  facet normal -0.313676 0.94953 0
    outer loop
      vertex 4.1801 -13.7799 30
      vertex 4.85121 -13.5582 0.49
      vertex 4.1801 -13.7799 0.49
    endloop
  endfacet
  facet normal -0.449521 0.89327 0
    outer loop
      vertex 6.78811 -12.6997 0.49
      vertex 6.15679 -13.0174 30
      vertex 6.78811 -12.6997 30
    endloop
  endfacet
  facet normal -0.449521 0.89327 0
    outer loop
      vertex 6.15679 -13.0174 30
      vertex 6.78811 -12.6997 0.49
      vertex 6.15679 -13.0174 0.49
    endloop
  endfacet
  facet normal 0.615201 -0.788371 0
    outer loop
      vertex -9.13526 11.1314 0.49
      vertex -8.57807 11.5662 30
      vertex -9.13526 11.1314 30
    endloop
  endfacet
  facet normal 0.615201 -0.788371 0
    outer loop
      vertex -8.57807 11.5662 30
      vertex -9.13526 11.1314 0.49
      vertex -8.57807 11.5662 0.49
    endloop
  endfacet
  facet normal -0.933026 -0.359809 0
    outer loop
      vertex 13.5582 4.85121 0.49
      vertex 13.3039 5.51064 30
      vertex 13.3039 5.51064 0.49
    endloop
  endfacet
  facet normal -0.933026 -0.359809 0
    outer loop
      vertex 13.3039 5.51064 30
      vertex 13.5582 4.85121 0.49
      vertex 13.5582 4.85121 30
    endloop
  endfacet
  facet normal 0.615201 0.788371 -0
    outer loop
      vertex -8.57807 -11.5662 0.49
      vertex -9.13526 -11.1314 30
      vertex -8.57807 -11.5662 30
    endloop
  endfacet
  facet normal 0.615201 0.788371 0
    outer loop
      vertex -9.13526 -11.1314 30
      vertex -8.57807 -11.5662 0.49
      vertex -9.13526 -11.1314 0.49
    endloop
  endfacet
  facet normal -0.788371 -0.615201 0
    outer loop
      vertex 11.5662 8.57807 0.49
      vertex 11.1314 9.13526 30
      vertex 11.1314 9.13526 0.49
    endloop
  endfacet
  facet normal -0.788371 -0.615201 0
    outer loop
      vertex 11.1314 9.13526 30
      vertex 11.5662 8.57807 0.49
      vertex 11.5662 8.57807 30
    endloop
  endfacet
  facet normal 0.724192 -0.689599 0
    outer loop
      vertex -10.6697 9.67045 30
      vertex -10.1823 10.1823 0.49
      vertex -10.1823 10.1823 30
    endloop
  endfacet
  facet normal 0.724192 -0.689599 0
    outer loop
      vertex -10.1823 10.1823 0.49
      vertex -10.6697 9.67045 30
      vertex -10.6697 9.67045 0.49
    endloop
  endfacet
  facet normal 0.219159 0.975689 -0
    outer loop
      vertex -2.8093 -14.1233 0.49
      vertex -3.49891 -13.9684 30
      vertex -2.8093 -14.1233 30
    endloop
  endfacet
  facet normal 0.219159 0.975689 0
    outer loop
      vertex -3.49891 -13.9684 30
      vertex -2.8093 -14.1233 0.49
      vertex -3.49891 -13.9684 0.49
    endloop
  endfacet
  facet normal 0.313676 0.94953 -0
    outer loop
      vertex -4.1801 -13.7799 0.49
      vertex -4.85121 -13.5582 30
      vertex -4.1801 -13.7799 30
    endloop
  endfacet
  facet normal 0.313676 0.94953 0
    outer loop
      vertex -4.85121 -13.5582 30
      vertex -4.1801 -13.7799 0.49
      vertex -4.85121 -13.5582 0.49
    endloop
  endfacet
  facet normal -0.170916 -0.985286 0
    outer loop
      vertex 2.11292 14.2441 0.49
      vertex 2.8093 14.1233 30
      vertex 2.11292 14.2441 30
    endloop
  endfacet
  facet normal -0.170916 -0.985286 -0
    outer loop
      vertex 2.8093 14.1233 30
      vertex 2.11292 14.2441 0.49
      vertex 2.8093 14.1233 0.49
    endloop
  endfacet
  facet normal 0.534969 -0.844872 0
    outer loop
      vertex -8.00021 11.9732 0.49
      vertex -7.40308 12.3513 30
      vertex -8.00021 11.9732 30
    endloop
  endfacet
  facet normal 0.534969 -0.844872 0
    outer loop
      vertex -7.40308 12.3513 30
      vertex -8.00021 11.9732 0.49
      vertex -7.40308 12.3513 0.49
    endloop
  endfacet
  facet normal 0.122525 0.992465 -0
    outer loop
      vertex -1.41145 -14.3307 0.49
      vertex -2.11292 -14.2441 30
      vertex -1.41145 -14.3307 30
    endloop
  endfacet
  facet normal 0.122525 0.992465 0
    outer loop
      vertex -2.11292 -14.2441 30
      vertex -1.41145 -14.3307 0.49
      vertex -2.11292 -14.2441 0.49
    endloop
  endfacet
  facet normal 0.96378 -0.266699 0
    outer loop
      vertex -13.9684 3.49891 30
      vertex -13.7799 4.1801 0.49
      vertex -13.7799 4.1801 30
    endloop
  endfacet
  facet normal 0.96378 -0.266699 0
    outer loop
      vertex -13.7799 4.1801 0.49
      vertex -13.9684 3.49891 30
      vertex -13.9684 3.49891 0.49
    endloop
  endfacet
  facet normal 0.914167 0.405338 0
    outer loop
      vertex -13.0174 -6.15679 30
      vertex -13.3039 -5.51064 0.49
      vertex -13.3039 -5.51064 30
    endloop
  endfacet
  facet normal 0.914167 0.405338 0
    outer loop
      vertex -13.3039 -5.51064 0.49
      vertex -13.0174 -6.15679 30
      vertex -13.0174 -6.15679 0.49
    endloop
  endfacet
  facet normal -0.359809 0.933026 0
    outer loop
      vertex 5.51064 -13.3039 0.49
      vertex 4.85121 -13.5582 30
      vertex 5.51064 -13.3039 30
    endloop
  endfacet
  facet normal -0.359809 0.933026 0
    outer loop
      vertex 4.85121 -13.5582 30
      vertex 5.51064 -13.3039 0.49
      vertex 4.85121 -13.5582 0.49
    endloop
  endfacet
  facet normal 0.266699 -0.96378 0
    outer loop
      vertex -4.1801 13.7799 0.49
      vertex -3.49891 13.9684 30
      vertex -4.1801 13.7799 30
    endloop
  endfacet
  facet normal 0.266699 -0.96378 0
    outer loop
      vertex -3.49891 13.9684 30
      vertex -4.1801 13.7799 0.49
      vertex -3.49891 13.9684 0.49
    endloop
  endfacet
  facet normal 0.788371 0.615201 0
    outer loop
      vertex -11.1314 -9.13526 30
      vertex -11.5662 -8.57807 0.49
      vertex -11.5662 -8.57807 30
    endloop
  endfacet
  facet normal 0.788371 0.615201 0
    outer loop
      vertex -11.5662 -8.57807 0.49
      vertex -11.1314 -9.13526 30
      vertex -11.1314 -9.13526 0.49
    endloop
  endfacet
  facet normal 0.817568 0.575832 0
    outer loop
      vertex -11.5662 -8.57807 30
      vertex -11.9732 -8.00021 0.49
      vertex -11.9732 -8.00021 30
    endloop
  endfacet
  facet normal 0.817568 0.575832 0
    outer loop
      vertex -11.9732 -8.00021 0.49
      vertex -11.5662 -8.57807 30
      vertex -11.5662 -8.57807 0.49
    endloop
  endfacet
  facet normal -0.266699 -0.96378 0
    outer loop
      vertex 3.49891 13.9684 0.49
      vertex 4.1801 13.7799 30
      vertex 3.49891 13.9684 30
    endloop
  endfacet
  facet normal -0.266699 -0.96378 -0
    outer loop
      vertex 4.1801 13.7799 30
      vertex 3.49891 13.9684 0.49
      vertex 4.1801 13.7799 0.49
    endloop
  endfacet
  facet normal -0.75718 -0.653207 0
    outer loop
      vertex 11.1314 9.13526 0.49
      vertex 10.6697 9.67045 30
      vertex 10.6697 9.67045 0.49
    endloop
  endfacet
  facet normal -0.75718 -0.653207 0
    outer loop
      vertex 10.6697 9.67045 30
      vertex 11.1314 9.13526 0.49
      vertex 11.1314 9.13526 30
    endloop
  endfacet
  facet normal 0.96378 0.266699 0
    outer loop
      vertex -13.7799 -4.1801 30
      vertex -13.9684 -3.49891 0.49
      vertex -13.9684 -3.49891 30
    endloop
  endfacet
  facet normal 0.96378 0.266699 0
    outer loop
      vertex -13.9684 -3.49891 0.49
      vertex -13.7799 -4.1801 30
      vertex -13.7799 -4.1801 0.49
    endloop
  endfacet
  facet normal -0.170916 0.985286 0
    outer loop
      vertex 2.8093 -14.1233 0.49
      vertex 2.11292 -14.2441 30
      vertex 2.8093 -14.1233 30
    endloop
  endfacet
  facet normal -0.170916 0.985286 0
    outer loop
      vertex 2.11292 -14.2441 30
      vertex 2.8093 -14.1233 0.49
      vertex 2.11292 -14.2441 0.49
    endloop
  endfacet
  facet normal 0.449521 0.89327 -0
    outer loop
      vertex -6.15679 -13.0174 0.49
      vertex -6.78811 -12.6997 30
      vertex -6.15679 -13.0174 30
    endloop
  endfacet
  facet normal 0.449521 0.89327 0
    outer loop
      vertex -6.78811 -12.6997 30
      vertex -6.15679 -13.0174 0.49
      vertex -6.78811 -12.6997 0.49
    endloop
  endfacet
  facet normal -0.219159 0.975689 0
    outer loop
      vertex 3.49891 -13.9684 0.49
      vertex 2.8093 -14.1233 30
      vertex 3.49891 -13.9684 30
    endloop
  endfacet
  facet normal -0.219159 0.975689 0
    outer loop
      vertex 2.8093 -14.1233 30
      vertex 3.49891 -13.9684 0.49
      vertex 2.8093 -14.1233 0.49
    endloop
  endfacet
  facet normal 0.405338 -0.914167 0
    outer loop
      vertex -6.15679 13.0174 0.49
      vertex -5.51064 13.3039 30
      vertex -6.15679 13.0174 30
    endloop
  endfacet
  facet normal 0.405338 -0.914167 0
    outer loop
      vertex -5.51064 13.3039 30
      vertex -6.15679 13.0174 0.49
      vertex -5.51064 13.3039 0.49
    endloop
  endfacet
  facet normal 0.575832 0.817568 -0
    outer loop
      vertex -8.00021 -11.9732 0.49
      vertex -8.57807 -11.5662 30
      vertex -8.00021 -11.9732 30
    endloop
  endfacet
  facet normal 0.575832 0.817568 0
    outer loop
      vertex -8.57807 -11.5662 30
      vertex -8.00021 -11.9732 0.49
      vertex -8.57807 -11.5662 0.49
    endloop
  endfacet
  facet normal 0.286646 0.646517 -0.707
    outer loop
      vertex -5.51064 -13.3039 0.49
      vertex -5.69816 -13.7566 0
      vertex -6.35337 -13.4661 0
    endloop
  endfacet
  facet normal -0.557578 -0.435103 -0.70696
    outer loop
      vertex 11.1314 9.13526 0.49
      vertex 11.5188 9.43497 0
      vertex 11.5662 8.57807 0.49
    endloop
  endfacet
  facet normal -0.557598 -0.435077 -0.70696
    outer loop
      vertex 11.5188 9.43497 0
      vertex 11.1314 9.13526 0.49
      vertex 11.5101 9.44612 0
    endloop
  endfacet
  facet normal -0.707027 -0.0150107 -0.707027
    outer loop
      vertex 14.4 0 0.49
      vertex 14.8897 0.0141305 0
      vertex 14.89 0 0
    endloop
  endfacet
  facet normal -0.706968 -0.0173096 -0.707034
    outer loop
      vertex 14.8897 0.0141305 0
      vertex 14.4 0 0.49
      vertex 14.3827 0.706574 0.49
    endloop
  endfacet
  facet normal -0.707007 -0.0173671 -0.706993
    outer loop
      vertex 14.8721 0.730617 0
      vertex 14.8897 0.0141305 0
      vertex 14.3827 0.706574 0.49
    endloop
  endfacet
  facet normal -0.0173096 -0.706968 -0.707034
    outer loop
      vertex 0 14.4 0.49
      vertex 0.0141305 14.8897 0
      vertex 0.706574 14.3827 0.49
    endloop
  endfacet
  facet normal -0.0150107 -0.707027 -0.707027
    outer loop
      vertex 0.0141305 14.8897 0
      vertex 0 14.4 0.49
      vertex 0 14.89 0
    endloop
  endfacet
  facet normal 0.317951 0.631738 -0.706975
    outer loop
      vertex -6.78811 -12.6997 0.49
      vertex -6.37892 -13.454 0
      vertex -7.0191 -13.1318 0
    endloop
  endfacet
  facet normal 0.407158 -0.578232 -0.707015
    outer loop
      vertex -8.284 12.3724 0
      vertex -8.57807 11.5662 0.49
      vertex -8.86996 11.9598 0
    endloop
  endfacet
  facet normal -0.435077 0.557598 -0.70696
    outer loop
      vertex 9.43497 -11.5188 0
      vertex 9.13526 -11.1314 0.49
      vertex 9.44612 -11.5101 0
    endloop
  endfacet
  facet normal -0.435103 0.557578 -0.70696
    outer loop
      vertex 9.13526 -11.1314 0.49
      vertex 9.43497 -11.5188 0
      vertex 8.57807 -11.5662 0.49
    endloop
  endfacet
  facet normal 0.319666 0.63084 -0.707004
    outer loop
      vertex -6.37892 -13.454 0
      vertex -6.15679 -13.0174 0.49
      vertex -6.36629 -13.4604 0
    endloop
  endfacet
  facet normal 0.317907 0.631731 -0.707001
    outer loop
      vertex -6.15679 -13.0174 0.49
      vertex -6.37892 -13.454 0
      vertex -6.78811 -12.6997 0.49
    endloop
  endfacet
  facet normal -0.681583 0.188665 -0.707
    outer loop
      vertex 14.44 -3.6316 0
      vertex 14.2488 -4.32234 0
      vertex 13.7799 -4.1801 0.49
    endloop
  endfacet
  facet normal 0.461089 0.536267 -0.706976
    outer loop
      vertex -9.45682 -11.5009 0
      vertex -9.13526 -11.1314 0.49
      vertex -9.44612 -11.5101 0
    endloop
  endfacet
  facet normal 0.46197 0.535503 -0.706979
    outer loop
      vertex -9.13526 -11.1314 0.49
      vertex -9.45682 -11.5009 0
      vertex -9.67045 -10.6697 0.49
    endloop
  endfacet
  facet normal 0.221815 0.671495 -0.707031
    outer loop
      vertex -4.85121 -13.5582 0.49
      vertex -4.33576 -14.2444 0
      vertex -5.01629 -14.0196 0
    endloop
  endfacet
  facet normal -0.615341 0.348627 -0.706976
    outer loop
      vertex 13.1318 -7.0191 0
      vertex 12.7785 -7.64269 0
      vertex 12.6997 -6.78811 0.49
    endloop
  endfacet
  facet normal 0.120874 0.696808 -0.707
    outer loop
      vertex -2.89097 -14.6063 0
      vertex -2.8093 -14.1233 0.49
      vertex -2.11292 -14.2441 0.49
    endloop
  endfacet
  facet normal 0.12016 0.69693 -0.707001
    outer loop
      vertex -2.8093 -14.1233 0.49
      vertex -2.89097 -14.6063 0
      vertex -2.90489 -14.6039 0
    endloop
  endfacet
  facet normal 0.706968 -0.0173096 -0.707034
    outer loop
      vertex -14.4 0 0.49
      vertex -14.8897 0.0141305 0
      vertex -14.3827 0.706574 0.49
    endloop
  endfacet
  facet normal 0.707027 -0.0150107 -0.707027
    outer loop
      vertex -14.8897 0.0141305 0
      vertex -14.4 0 0.49
      vertex -14.89 0 0
    endloop
  endfacet
  facet normal -0.536267 -0.461089 -0.706976
    outer loop
      vertex 11.1314 9.13526 0.49
      vertex 11.5009 9.45682 0
      vertex 11.5101 9.44612 0
    endloop
  endfacet
  facet normal -0.535503 -0.46197 -0.706979
    outer loop
      vertex 11.5009 9.45682 0
      vertex 11.1314 9.13526 0.49
      vertex 10.6697 9.67045 0.49
    endloop
  endfacet
  facet normal -0.696803 -0.120879 -0.707003
    outer loop
      vertex 14.6063 2.89097 0
      vertex 14.7288 2.18482 0
      vertex 14.2441 2.11292 0.49
    endloop
  endfacet
  facet normal -0.701928 -0.086542 -0.706971
    outer loop
      vertex 14.7306 2.17079 0
      vertex 14.8183 1.45947 0
      vertex 14.3307 1.41145 0.49
    endloop
  endfacet
  facet normal 0.348627 -0.615341 -0.706976
    outer loop
      vertex -7.0191 13.1318 0
      vertex -6.78811 12.6997 0.49
      vertex -7.64269 12.7785 0
    endloop
  endfacet
  facet normal 0.659809 -0.254479 -0.707031
    outer loop
      vertex -13.7617 5.68497 0
      vertex -13.5582 4.85121 0.49
      vertex -14.0196 5.01629 0
    endloop
  endfacet
  facet normal -0.690026 0.15492 -0.707011
    outer loop
      vertex 14.6039 -2.90489 0
      vertex 14.4469 -3.60418 0
      vertex 14.1233 -2.8093 0.49
    endloop
  endfacet
  facet normal -0.681193 -0.189914 -0.707042
    outer loop
      vertex 13.9684 3.49891 0.49
      vertex 14.44 3.6316 0
      vertex 14.4438 3.61797 0
    endloop
  endfacet
  facet normal -0.68156 -0.188602 -0.70704
    outer loop
      vertex 14.44 3.6316 0
      vertex 13.9684 3.49891 0.49
      vertex 13.7799 4.1801 0.49
    endloop
  endfacet
  facet normal 0.220327 0.671998 -0.707018
    outer loop
      vertex -4.33576 -14.2444 0
      vertex -4.1801 -13.7799 0.49
      vertex -4.32234 -14.2488 0
    endloop
  endfacet
  facet normal 0.221829 0.671499 -0.707023
    outer loop
      vertex -4.1801 -13.7799 0.49
      vertex -4.33576 -14.2444 0
      vertex -4.85121 -13.5582 0.49
    endloop
  endfacet
  facet normal -0.598908 0.376198 -0.706954
    outer loop
      vertex 11.9732 -8.00021 0.49
      vertex 12.3881 -8.2605 0
      vertex 12.3806 -8.27244 0
    endloop
  endfacet
  facet normal -0.597546 0.378363 -0.706951
    outer loop
      vertex 12.3881 -8.2605 0
      vertex 11.9732 -8.00021 0.49
      vertex 12.3513 -7.40308 0.49
    endloop
  endfacet
  facet normal 0.707007 -0.0173671 -0.706993
    outer loop
      vertex -14.8721 0.730617 0
      vertex -14.3827 0.706574 0.49
      vertex -14.8897 0.0141305 0
    endloop
  endfacet
  facet normal 0.597457 -0.378399 -0.707007
    outer loop
      vertex -12.3881 8.2605 0
      vertex -12.3513 7.40308 0.49
      vertex -12.7716 7.65499 0
    endloop
  endfacet
  facet normal 0.701928 0.086542 -0.706971
    outer loop
      vertex -14.3307 -1.41145 0.49
      vertex -14.7306 -2.17079 0
      vertex -14.8183 -1.45947 0
    endloop
  endfacet
  facet normal 0.189914 -0.681193 -0.707042
    outer loop
      vertex -3.49891 13.9684 0.49
      vertex -3.6316 14.44 0
      vertex -3.61797 14.4438 0
    endloop
  endfacet
  facet normal 0.188602 -0.68156 -0.70704
    outer loop
      vertex -3.6316 14.44 0
      vertex -3.49891 13.9684 0.49
      vertex -4.1801 13.7799 0.49
    endloop
  endfacet
  facet normal 0.646517 0.286646 -0.707
    outer loop
      vertex -13.3039 -5.51064 0.49
      vertex -13.4661 -6.35337 0
      vertex -13.7566 -5.69816 0
    endloop
  endfacet
  facet normal -0.0500705 0.705494 -0.706945
    outer loop
      vertex 1.44538 -14.8193 0
      vertex 1.41145 -14.3307 0.49
      vertex 1.45947 -14.8183 0
    endloop
  endfacet
  facet normal -0.0520353 0.705354 -0.706942
    outer loop
      vertex 1.41145 -14.3307 0.49
      vertex 1.44538 -14.8193 0
      vertex 0.706574 -14.3827 0.49
    endloop
  endfacet
  facet normal 0.705299 -0.0521009 -0.706992
    outer loop
      vertex -14.8193 1.44538 0
      vertex -14.3827 0.706574 0.49
      vertex -14.8721 0.730617 0
    endloop
  endfacet
  facet normal -0.535509 -0.461906 -0.707017
    outer loop
      vertex 11.0328 9.99951 0
      vertex 11.5009 9.45682 0
      vertex 10.6697 9.67045 0.49
    endloop
  endfacet
  facet normal -0.0521009 0.705299 -0.706992
    outer loop
      vertex 1.44538 -14.8193 0
      vertex 0.730617 -14.8721 0
      vertex 0.706574 -14.3827 0.49
    endloop
  endfacet
  facet normal -0.512193 0.487634 -0.707016
    outer loop
      vertex 10.6697 -9.67045 0.49
      vertex 11.0328 -9.99951 0
      vertex 10.5386 -10.5186 0
    endloop
  endfacet
  facet normal 0.631738 0.317951 -0.706975
    outer loop
      vertex -12.6997 -6.78811 0.49
      vertex -13.1318 -7.0191 0
      vertex -13.454 -6.37892 0
    endloop
  endfacet
  facet normal -0.69693 0.12016 -0.707001
    outer loop
      vertex 14.1233 -2.8093 0.49
      vertex 14.6063 -2.89097 0
      vertex 14.6039 -2.90489 0
    endloop
  endfacet
  facet normal -0.696808 0.120874 -0.707
    outer loop
      vertex 14.6063 -2.89097 0
      vertex 14.1233 -2.8093 0.49
      vertex 14.2441 -2.11292 0.49
    endloop
  endfacet
  facet normal -0.535509 0.461906 -0.707017
    outer loop
      vertex 11.5009 -9.45682 0
      vertex 11.0328 -9.99951 0
      vertex 10.6697 -9.67045 0.49
    endloop
  endfacet
  facet normal -0.696808 -0.120874 -0.707
    outer loop
      vertex 14.1233 2.8093 0.49
      vertex 14.6063 2.89097 0
      vertex 14.2441 2.11292 0.49
    endloop
  endfacet
  facet normal -0.69693 -0.12016 -0.707001
    outer loop
      vertex 14.6063 2.89097 0
      vertex 14.1233 2.8093 0.49
      vertex 14.6039 2.90489 0
    endloop
  endfacet
  facet normal 0.487634 -0.512193 -0.707016
    outer loop
      vertex -9.99951 11.0328 0
      vertex -9.67045 10.6697 0.49
      vertex -10.5186 10.5386 0
    endloop
  endfacet
  facet normal -0.407263 -0.578233 -0.706954
    outer loop
      vertex 8.00021 11.9732 0.49
      vertex 8.284 12.3724 0
      vertex 8.57807 11.5662 0.49
    endloop
  endfacet
  facet normal -0.409194 -0.576864 -0.706957
    outer loop
      vertex 8.284 12.3724 0
      vertex 8.00021 11.9732 0.49
      vertex 8.27244 12.3806 0
    endloop
  endfacet
  facet normal -0.705354 -0.0520353 -0.706942
    outer loop
      vertex 14.3307 1.41145 0.49
      vertex 14.8193 1.44538 0
      vertex 14.3827 0.706574 0.49
    endloop
  endfacet
  facet normal -0.705494 -0.0500705 -0.706945
    outer loop
      vertex 14.8193 1.44538 0
      vertex 14.3307 1.41145 0.49
      vertex 14.8183 1.45947 0
    endloop
  endfacet
  facet normal 0.317951 -0.631738 -0.706975
    outer loop
      vertex -6.37892 13.454 0
      vertex -6.78811 12.6997 0.49
      vertex -7.0191 13.1318 0
    endloop
  endfacet
  facet normal 0.597546 -0.378363 -0.706951
    outer loop
      vertex -12.3881 8.2605 0
      vertex -11.9732 8.00021 0.49
      vertex -12.3513 7.40308 0.49
    endloop
  endfacet
  facet normal 0.598908 -0.376198 -0.706954
    outer loop
      vertex -11.9732 8.00021 0.49
      vertex -12.3881 8.2605 0
      vertex -12.3806 8.27244 0
    endloop
  endfacet
  facet normal 0.487634 0.512193 -0.707016
    outer loop
      vertex -9.67045 -10.6697 0.49
      vertex -9.99951 -11.0328 0
      vertex -10.5186 -10.5386 0
    endloop
  endfacet
  facet normal -0.487634 -0.512193 -0.707016
    outer loop
      vertex 9.99951 11.0328 0
      vertex 10.5186 10.5386 0
      vertex 9.67045 10.6697 0.49
    endloop
  endfacet
  facet normal -0.597457 -0.378399 -0.707007
    outer loop
      vertex 12.3881 8.2605 0
      vertex 12.7716 7.65499 0
      vertex 12.3513 7.40308 0.49
    endloop
  endfacet
  facet normal 0.631738 -0.317951 -0.706975
    outer loop
      vertex -13.1318 7.0191 0
      vertex -12.6997 6.78811 0.49
      vertex -13.454 6.37892 0
    endloop
  endfacet
  facet normal -0.221829 -0.671499 -0.707023
    outer loop
      vertex 4.1801 13.7799 0.49
      vertex 4.33576 14.2444 0
      vertex 4.85121 13.5582 0.49
    endloop
  endfacet
  facet normal -0.220327 -0.671998 -0.707018
    outer loop
      vertex 4.33576 14.2444 0
      vertex 4.1801 13.7799 0.49
      vertex 4.32234 14.2488 0
    endloop
  endfacet
  facet normal -0.286646 0.646517 -0.707
    outer loop
      vertex 6.35337 -13.4661 0
      vertex 5.69816 -13.7566 0
      vertex 5.51064 -13.3039 0.49
    endloop
  endfacet
  facet normal 0.0150107 0.707027 -0.707027
    outer loop
      vertex -0.0141305 -14.8897 0
      vertex 0 -14.4 0.49
      vertex 0 -14.89 0
    endloop
  endfacet
  facet normal 0.0173096 0.706968 -0.707034
    outer loop
      vertex 0 -14.4 0.49
      vertex -0.0141305 -14.8897 0
      vertex -0.706574 -14.3827 0.49
    endloop
  endfacet
  facet normal -0.631738 0.317951 -0.706975
    outer loop
      vertex 13.454 -6.37892 0
      vertex 13.1318 -7.0191 0
      vertex 12.6997 -6.78811 0.49
    endloop
  endfacet
  facet normal -0.286646 -0.646517 -0.707
    outer loop
      vertex 5.69816 13.7566 0
      vertex 6.35337 13.4661 0
      vertex 5.51064 13.3039 0.49
    endloop
  endfacet
  facet normal 0.681583 0.188665 -0.707
    outer loop
      vertex -13.7799 -4.1801 0.49
      vertex -14.2488 -4.32234 0
      vertex -14.44 -3.6316 0
    endloop
  endfacet
  facet normal 0.188665 -0.681583 -0.707
    outer loop
      vertex -3.6316 14.44 0
      vertex -4.1801 13.7799 0.49
      vertex -4.32234 14.2488 0
    endloop
  endfacet
  facet normal 0.509936 -0.489939 -0.707054
    outer loop
      vertex -10.1823 10.1823 0.49
      vertex -10.5386 10.5186 0
      vertex -10.5288 10.5288 0
    endloop
  endfacet
  facet normal 0.512111 -0.487649 -0.707065
    outer loop
      vertex -10.5386 10.5186 0
      vertex -10.1823 10.1823 0.49
      vertex -10.6697 9.67045 0.49
    endloop
  endfacet
  facet normal 0.286656 0.646501 -0.707012
    outer loop
      vertex -6.35337 -13.4661 0
      vertex -6.15679 -13.0174 0.49
      vertex -5.51064 -13.3039 0.49
    endloop
  endfacet
  facet normal 0.285454 0.64703 -0.707014
    outer loop
      vertex -6.15679 -13.0174 0.49
      vertex -6.35337 -13.4661 0
      vertex -6.36629 -13.4604 0
    endloop
  endfacet
  facet normal -0.63084 0.319666 -0.707004
    outer loop
      vertex 13.454 -6.37892 0
      vertex 13.0174 -6.15679 0.49
      vertex 13.4604 -6.36629 0
    endloop
  endfacet
  facet normal -0.631731 0.317907 -0.707001
    outer loop
      vertex 13.0174 -6.15679 0.49
      vertex 13.454 -6.37892 0
      vertex 12.6997 -6.78811 0.49
    endloop
  endfacet
  facet normal -0.255045 0.659615 -0.707008
    outer loop
      vertex 5.68497 -13.7617 0
      vertex 5.51064 -13.3039 0.49
      vertex 5.69816 -13.7566 0
    endloop
  endfacet
  facet normal -0.254458 0.65984 -0.707009
    outer loop
      vertex 5.51064 -13.3039 0.49
      vertex 5.68497 -13.7617 0
      vertex 4.85121 -13.5582 0.49
    endloop
  endfacet
  facet normal -0.155097 -0.689934 -0.707062
    outer loop
      vertex 3.49891 13.9684 0.49
      vertex 3.60418 14.4469 0
      vertex 3.61797 14.4438 0
    endloop
  endfacet
  facet normal -0.154979 -0.68996 -0.707062
    outer loop
      vertex 3.60418 14.4469 0
      vertex 3.49891 13.9684 0.49
      vertex 2.8093 14.1233 0.49
    endloop
  endfacet
  facet normal -0.576864 0.409194 -0.706957
    outer loop
      vertex 12.3724 -8.284 0
      vertex 11.9732 -8.00021 0.49
      vertex 12.3806 -8.27244 0
    endloop
  endfacet
  facet normal -0.578233 0.407263 -0.706954
    outer loop
      vertex 11.9732 -8.00021 0.49
      vertex 12.3724 -8.284 0
      vertex 11.5662 -8.57807 0.49
    endloop
  endfacet
  facet normal -0.317951 -0.631738 -0.706975
    outer loop
      vertex 7.0191 13.1318 0
      vertex 6.78811 12.6997 0.49
      vertex 6.37892 13.454 0
    endloop
  endfacet
  facet normal -0.68996 -0.154979 -0.707062
    outer loop
      vertex 13.9684 3.49891 0.49
      vertex 14.4469 3.60418 0
      vertex 14.1233 2.8093 0.49
    endloop
  endfacet
  facet normal -0.689934 -0.155097 -0.707062
    outer loop
      vertex 14.4469 3.60418 0
      vertex 13.9684 3.49891 0.49
      vertex 14.4438 3.61797 0
    endloop
  endfacet
  facet normal 0.615341 0.348627 -0.706976
    outer loop
      vertex -12.6997 -6.78811 0.49
      vertex -12.7785 -7.64269 0
      vertex -13.1318 -7.0191 0
    endloop
  endfacet
  facet normal 0.701423 0.0899902 -0.707041
    outer loop
      vertex -14.7306 -2.17079 0
      vertex -14.2441 -2.11292 0.49
      vertex -14.7288 -2.18482 0
    endloop
  endfacet
  facet normal 0.701833 0.0866448 -0.707053
    outer loop
      vertex -14.2441 -2.11292 0.49
      vertex -14.7306 -2.17079 0
      vertex -14.3307 -1.41145 0.49
    endloop
  endfacet
  facet normal -0.189914 0.681193 -0.707042
    outer loop
      vertex 3.49891 -13.9684 0.49
      vertex 3.6316 -14.44 0
      vertex 3.61797 -14.4438 0
    endloop
  endfacet
  facet normal -0.188602 0.68156 -0.70704
    outer loop
      vertex 3.6316 -14.44 0
      vertex 3.49891 -13.9684 0.49
      vertex 4.1801 -13.7799 0.49
    endloop
  endfacet
  facet normal -0.646517 -0.286646 -0.707
    outer loop
      vertex 13.4661 6.35337 0
      vertex 13.7566 5.69816 0
      vertex 13.3039 5.51064 0.49
    endloop
  endfacet
  facet normal -0.348627 -0.615341 -0.706976
    outer loop
      vertex 7.0191 13.1318 0
      vertex 7.64269 12.7785 0
      vertex 6.78811 12.6997 0.49
    endloop
  endfacet
  facet normal -0.0150107 0.707027 -0.707027
    outer loop
      vertex 0 -14.4 0.49
      vertex 0.0141305 -14.8897 0
      vertex 0 -14.89 0
    endloop
  endfacet
  facet normal -0.0173096 0.706968 -0.707034
    outer loop
      vertex 0.0141305 -14.8897 0
      vertex 0 -14.4 0.49
      vertex 0.706574 -14.3827 0.49
    endloop
  endfacet
  facet normal -0.376198 -0.598908 -0.706954
    outer loop
      vertex 8.00021 11.9732 0.49
      vertex 8.2605 12.3881 0
      vertex 8.27244 12.3806 0
    endloop
  endfacet
  facet normal -0.378363 -0.597546 -0.706951
    outer loop
      vertex 8.2605 12.3881 0
      vertex 8.00021 11.9732 0.49
      vertex 7.40308 12.3513 0.49
    endloop
  endfacet
  facet normal 0.378363 0.597546 -0.706951
    outer loop
      vertex -8.2605 -12.3881 0
      vertex -8.00021 -11.9732 0.49
      vertex -7.40308 -12.3513 0.49
    endloop
  endfacet
  facet normal 0.376198 0.598908 -0.706954
    outer loop
      vertex -8.00021 -11.9732 0.49
      vertex -8.2605 -12.3881 0
      vertex -8.27244 -12.3806 0
    endloop
  endfacet
  facet normal -0.681583 -0.188665 -0.707
    outer loop
      vertex 14.2488 4.32234 0
      vertex 14.44 3.6316 0
      vertex 13.7799 4.1801 0.49
    endloop
  endfacet
  facet normal -0.705299 -0.0521009 -0.706992
    outer loop
      vertex 14.8193 1.44538 0
      vertex 14.8721 0.730617 0
      vertex 14.3827 0.706574 0.49
    endloop
  endfacet
  facet normal 0.435103 0.557578 -0.70696
    outer loop
      vertex -9.43497 -11.5188 0
      vertex -9.13526 -11.1314 0.49
      vertex -8.57807 -11.5662 0.49
    endloop
  endfacet
  facet normal 0.435077 0.557598 -0.70696
    outer loop
      vertex -9.13526 -11.1314 0.49
      vertex -9.43497 -11.5188 0
      vertex -9.44612 -11.5101 0
    endloop
  endfacet
  facet normal 0.705494 0.0500705 -0.706945
    outer loop
      vertex -14.8193 -1.44538 0
      vertex -14.3307 -1.41145 0.49
      vertex -14.8183 -1.45947 0
    endloop
  endfacet
  facet normal 0.705354 0.0520353 -0.706942
    outer loop
      vertex -14.3307 -1.41145 0.49
      vertex -14.8193 -1.44538 0
      vertex -14.3827 -0.706574 0.49
    endloop
  endfacet
  facet normal -0.378399 0.597457 -0.707007
    outer loop
      vertex 8.2605 -12.3881 0
      vertex 7.65499 -12.7716 0
      vertex 7.40308 -12.3513 0.49
    endloop
  endfacet
  facet normal -0.615341 -0.348627 -0.706976
    outer loop
      vertex 12.7785 7.64269 0
      vertex 13.1318 7.0191 0
      vertex 12.6997 6.78811 0.49
    endloop
  endfacet
  facet normal -0.285454 0.64703 -0.707014
    outer loop
      vertex 6.35337 -13.4661 0
      vertex 6.15679 -13.0174 0.49
      vertex 6.36629 -13.4604 0
    endloop
  endfacet
  facet normal -0.286656 0.646501 -0.707012
    outer loop
      vertex 6.15679 -13.0174 0.49
      vertex 6.35337 -13.4661 0
      vertex 5.51064 -13.3039 0.49
    endloop
  endfacet
  facet normal 0.578232 0.407158 -0.707015
    outer loop
      vertex -11.5662 -8.57807 0.49
      vertex -11.9598 -8.86996 0
      vertex -12.3724 -8.284 0
    endloop
  endfacet
  facet normal -0.701833 -0.0866448 -0.707053
    outer loop
      vertex 14.2441 2.11292 0.49
      vertex 14.7306 2.17079 0
      vertex 14.3307 1.41145 0.49
    endloop
  endfacet
  facet normal -0.701423 -0.0899902 -0.707041
    outer loop
      vertex 14.7306 2.17079 0
      vertex 14.2441 2.11292 0.49
      vertex 14.7288 2.18482 0
    endloop
  endfacet
  facet normal 0.188665 0.681583 -0.707
    outer loop
      vertex -4.1801 -13.7799 0.49
      vertex -3.6316 -14.44 0
      vertex -4.32234 -14.2488 0
    endloop
  endfacet
  facet normal 0.701833 -0.0866448 -0.707053
    outer loop
      vertex -14.7306 2.17079 0
      vertex -14.2441 2.11292 0.49
      vertex -14.3307 1.41145 0.49
    endloop
  endfacet
  facet normal 0.701423 -0.0899902 -0.707041
    outer loop
      vertex -14.2441 2.11292 0.49
      vertex -14.7306 2.17079 0
      vertex -14.7288 2.18482 0
    endloop
  endfacet
  facet normal -0.576864 -0.409194 -0.706957
    outer loop
      vertex 11.9732 8.00021 0.49
      vertex 12.3724 8.284 0
      vertex 12.3806 8.27244 0
    endloop
  endfacet
  facet normal -0.578233 -0.407263 -0.706954
    outer loop
      vertex 12.3724 8.284 0
      vertex 11.9732 8.00021 0.49
      vertex 11.5662 8.57807 0.49
    endloop
  endfacet
  facet normal 0.254458 0.65984 -0.707009
    outer loop
      vertex -5.68497 -13.7617 0
      vertex -5.51064 -13.3039 0.49
      vertex -4.85121 -13.5582 0.49
    endloop
  endfacet
  facet normal 0.255045 0.659615 -0.707008
    outer loop
      vertex -5.51064 -13.3039 0.49
      vertex -5.68497 -13.7617 0
      vertex -5.69816 -13.7566 0
    endloop
  endfacet
  facet normal -0.557488 0.435129 -0.707015
    outer loop
      vertex 11.5662 -8.57807 0.49
      vertex 11.9598 -8.86996 0
      vertex 11.5188 -9.43497 0
    endloop
  endfacet
  facet normal 0.64703 0.285454 -0.707014
    outer loop
      vertex -13.4661 -6.35337 0
      vertex -13.0174 -6.15679 0.49
      vertex -13.4604 -6.36629 0
    endloop
  endfacet
  facet normal 0.646501 0.286656 -0.707012
    outer loop
      vertex -13.0174 -6.15679 0.49
      vertex -13.4661 -6.35337 0
      vertex -13.3039 -5.51064 0.49
    endloop
  endfacet
  facet normal 0.086542 -0.701928 -0.706971
    outer loop
      vertex -1.45947 14.8183 0
      vertex -1.41145 14.3307 0.49
      vertex -2.17079 14.7306 0
    endloop
  endfacet
  facet normal 0.690026 0.15492 -0.707011
    outer loop
      vertex -14.1233 -2.8093 0.49
      vertex -14.4469 -3.60418 0
      vertex -14.6039 -2.90489 0
    endloop
  endfacet
  facet normal -0.671998 0.220327 -0.707018
    outer loop
      vertex 14.2444 -4.33576 0
      vertex 13.7799 -4.1801 0.49
      vertex 14.2488 -4.32234 0
    endloop
  endfacet
  facet normal -0.671499 0.221829 -0.707023
    outer loop
      vertex 13.7799 -4.1801 0.49
      vertex 14.2444 -4.33576 0
      vertex 13.5582 -4.85121 0.49
    endloop
  endfacet
  facet normal 0.597457 0.378399 -0.707007
    outer loop
      vertex -12.3513 -7.40308 0.49
      vertex -12.3881 -8.2605 0
      vertex -12.7716 -7.65499 0
    endloop
  endfacet
  facet normal -0.509936 0.489939 -0.707054
    outer loop
      vertex 10.1823 -10.1823 0.49
      vertex 10.5386 -10.5186 0
      vertex 10.5288 -10.5288 0
    endloop
  endfacet
  facet normal -0.512111 0.487649 -0.707065
    outer loop
      vertex 10.5386 -10.5186 0
      vertex 10.1823 -10.1823 0.49
      vertex 10.6697 -9.67045 0.49
    endloop
  endfacet
  facet normal -0.0173671 -0.707007 -0.706993
    outer loop
      vertex 0.730617 14.8721 0
      vertex 0.706574 14.3827 0.49
      vertex 0.0141305 14.8897 0
    endloop
  endfacet
  facet normal 0.221815 -0.671495 -0.707031
    outer loop
      vertex -4.33576 14.2444 0
      vertex -4.85121 13.5582 0.49
      vertex -5.01629 14.0196 0
    endloop
  endfacet
  facet normal -0.616819 0.34602 -0.706969
    outer loop
      vertex 12.3513 -7.40308 0.49
      vertex 12.7785 -7.64269 0
      vertex 12.7716 -7.65499 0
    endloop
  endfacet
  facet normal -0.615357 0.348619 -0.706966
    outer loop
      vertex 12.7785 -7.64269 0
      vertex 12.3513 -7.40308 0.49
      vertex 12.6997 -6.78811 0.49
    endloop
  endfacet
  facet normal -0.671495 0.221815 -0.707031
    outer loop
      vertex 14.2444 -4.33576 0
      vertex 14.0196 -5.01629 0
      vertex 13.5582 -4.85121 0.49
    endloop
  endfacet
  facet normal 0.69693 0.12016 -0.707001
    outer loop
      vertex -14.6063 -2.89097 0
      vertex -14.1233 -2.8093 0.49
      vertex -14.6039 -2.90489 0
    endloop
  endfacet
  facet normal 0.696808 0.120874 -0.707
    outer loop
      vertex -14.1233 -2.8093 0.49
      vertex -14.6063 -2.89097 0
      vertex -14.2441 -2.11292 0.49
    endloop
  endfacet
  facet normal 0.487649 0.512111 -0.707065
    outer loop
      vertex -10.5186 -10.5386 0
      vertex -10.1823 -10.1823 0.49
      vertex -9.67045 -10.6697 0.49
    endloop
  endfacet
  facet normal 0.489939 0.509936 -0.707054
    outer loop
      vertex -10.1823 -10.1823 0.49
      vertex -10.5186 -10.5386 0
      vertex -10.5288 -10.5288 0
    endloop
  endfacet
  facet normal 0.701928 -0.086542 -0.706971
    outer loop
      vertex -14.7306 2.17079 0
      vertex -14.3307 1.41145 0.49
      vertex -14.8183 1.45947 0
    endloop
  endfacet
  facet normal -0.487634 0.512193 -0.707016
    outer loop
      vertex 10.5186 -10.5386 0
      vertex 9.99951 -11.0328 0
      vertex 9.67045 -10.6697 0.49
    endloop
  endfacet
  facet normal -0.705299 0.0521009 -0.706992
    outer loop
      vertex 14.8721 -0.730617 0
      vertex 14.8193 -1.44538 0
      vertex 14.3827 -0.706574 0.49
    endloop
  endfacet
  facet normal 0.319666 -0.63084 -0.707004
    outer loop
      vertex -6.15679 13.0174 0.49
      vertex -6.37892 13.454 0
      vertex -6.36629 13.4604 0
    endloop
  endfacet
  facet normal 0.317907 -0.631731 -0.707001
    outer loop
      vertex -6.37892 13.454 0
      vertex -6.15679 13.0174 0.49
      vertex -6.78811 12.6997 0.49
    endloop
  endfacet
  facet normal -0.671998 -0.220327 -0.707018
    outer loop
      vertex 13.7799 4.1801 0.49
      vertex 14.2444 4.33576 0
      vertex 14.2488 4.32234 0
    endloop
  endfacet
  facet normal -0.671499 -0.221829 -0.707023
    outer loop
      vertex 14.2444 4.33576 0
      vertex 13.7799 4.1801 0.49
      vertex 13.5582 4.85121 0.49
    endloop
  endfacet
  facet normal -0.461906 0.535509 -0.707017
    outer loop
      vertex 9.67045 -10.6697 0.49
      vertex 9.99951 -11.0328 0
      vertex 9.45682 -11.5009 0
    endloop
  endfacet
  facet normal -0.690026 -0.15492 -0.707011
    outer loop
      vertex 14.4469 3.60418 0
      vertex 14.6039 2.90489 0
      vertex 14.1233 2.8093 0.49
    endloop
  endfacet
  facet normal -0.631738 -0.317951 -0.706975
    outer loop
      vertex 13.1318 7.0191 0
      vertex 13.454 6.37892 0
      vertex 12.6997 6.78811 0.49
    endloop
  endfacet
  facet normal -0.696803 0.120879 -0.707003
    outer loop
      vertex 14.7288 -2.18482 0
      vertex 14.6063 -2.89097 0
      vertex 14.2441 -2.11292 0.49
    endloop
  endfacet
  facet normal 0.671499 0.221829 -0.707023
    outer loop
      vertex -14.2444 -4.33576 0
      vertex -13.7799 -4.1801 0.49
      vertex -13.5582 -4.85121 0.49
    endloop
  endfacet
  facet normal 0.671998 0.220327 -0.707018
    outer loop
      vertex -13.7799 -4.1801 0.49
      vertex -14.2444 -4.33576 0
      vertex -14.2488 -4.32234 0
    endloop
  endfacet
  facet normal -0.597457 0.378399 -0.707007
    outer loop
      vertex 12.7716 -7.65499 0
      vertex 12.3881 -8.2605 0
      vertex 12.3513 -7.40308 0.49
    endloop
  endfacet
  facet normal -0.221815 -0.671495 -0.707031
    outer loop
      vertex 5.01629 14.0196 0
      vertex 4.85121 13.5582 0.49
      vertex 4.33576 14.2444 0
    endloop
  endfacet
  facet normal 0.535509 0.461906 -0.707017
    outer loop
      vertex -10.6697 -9.67045 0.49
      vertex -11.0328 -9.99951 0
      vertex -11.5009 -9.45682 0
    endloop
  endfacet
  facet normal -0.707007 0.0173671 -0.706993
    outer loop
      vertex 14.8897 -0.0141305 0
      vertex 14.8721 -0.730617 0
      vertex 14.3827 -0.706574 0.49
    endloop
  endfacet
  facet normal -0.707027 0.0150107 -0.707027
    outer loop
      vertex 14.8897 -0.0141305 0
      vertex 14.4 0 0.49
      vertex 14.89 0 0
    endloop
  endfacet
  facet normal -0.706968 0.0173096 -0.707034
    outer loop
      vertex 14.4 0 0.49
      vertex 14.8897 -0.0141305 0
      vertex 14.3827 -0.706574 0.49
    endloop
  endfacet
  facet normal -0.646501 -0.286656 -0.707012
    outer loop
      vertex 13.0174 6.15679 0.49
      vertex 13.4661 6.35337 0
      vertex 13.3039 5.51064 0.49
    endloop
  endfacet
  facet normal -0.64703 -0.285454 -0.707014
    outer loop
      vertex 13.4661 6.35337 0
      vertex 13.0174 6.15679 0.49
      vertex 13.4604 6.36629 0
    endloop
  endfacet
  facet normal 0.435103 -0.557578 -0.70696
    outer loop
      vertex -9.13526 11.1314 0.49
      vertex -9.43497 11.5188 0
      vertex -8.57807 11.5662 0.49
    endloop
  endfacet
  facet normal 0.435077 -0.557598 -0.70696
    outer loop
      vertex -9.43497 11.5188 0
      vertex -9.13526 11.1314 0.49
      vertex -9.44612 11.5101 0
    endloop
  endfacet
  facet normal -0.086542 0.701928 -0.706971
    outer loop
      vertex 2.17079 -14.7306 0
      vertex 1.45947 -14.8183 0
      vertex 1.41145 -14.3307 0.49
    endloop
  endfacet
  facet normal 0.705354 -0.0520353 -0.706942
    outer loop
      vertex -14.8193 1.44538 0
      vertex -14.3307 1.41145 0.49
      vertex -14.3827 0.706574 0.49
    endloop
  endfacet
  facet normal 0.705494 -0.0500705 -0.706945
    outer loop
      vertex -14.3307 1.41145 0.49
      vertex -14.8193 1.44538 0
      vertex -14.8183 1.45947 0
    endloop
  endfacet
  facet normal 0.254479 0.659809 -0.707031
    outer loop
      vertex -4.85121 -13.5582 0.49
      vertex -5.01629 -14.0196 0
      vertex -5.68497 -13.7617 0
    endloop
  endfacet
  facet normal 0.348619 -0.615357 -0.706966
    outer loop
      vertex -7.40308 12.3513 0.49
      vertex -7.64269 12.7785 0
      vertex -6.78811 12.6997 0.49
    endloop
  endfacet
  facet normal 0.34602 -0.616819 -0.706969
    outer loop
      vertex -7.64269 12.7785 0
      vertex -7.40308 12.3513 0.49
      vertex -7.65499 12.7716 0
    endloop
  endfacet
  facet normal 0.461906 0.535509 -0.707017
    outer loop
      vertex -9.67045 -10.6697 0.49
      vertex -9.45682 -11.5009 0
      vertex -9.99951 -11.0328 0
    endloop
  endfacet
  facet normal 0.407158 0.578232 -0.707015
    outer loop
      vertex -8.57807 -11.5662 0.49
      vertex -8.284 -12.3724 0
      vertex -8.86996 -11.9598 0
    endloop
  endfacet
  facet normal -0.659615 0.255045 -0.707008
    outer loop
      vertex 13.3039 -5.51064 0.49
      vertex 13.7617 -5.68497 0
      vertex 13.7566 -5.69816 0
    endloop
  endfacet
  facet normal -0.65984 0.254458 -0.707009
    outer loop
      vertex 13.7617 -5.68497 0
      vertex 13.3039 -5.51064 0.49
      vertex 13.5582 -4.85121 0.49
    endloop
  endfacet
  facet normal -0.659809 0.254479 -0.707031
    outer loop
      vertex 14.0196 -5.01629 0
      vertex 13.7617 -5.68497 0
      vertex 13.5582 -4.85121 0.49
    endloop
  endfacet
  facet normal -0.461906 -0.535509 -0.707017
    outer loop
      vertex 9.99951 11.0328 0
      vertex 9.67045 10.6697 0.49
      vertex 9.45682 11.5009 0
    endloop
  endfacet
  facet normal -0.512193 -0.487634 -0.707016
    outer loop
      vertex 11.0328 9.99951 0
      vertex 10.6697 9.67045 0.49
      vertex 10.5386 10.5186 0
    endloop
  endfacet
  facet normal -0.536267 0.461089 -0.706976
    outer loop
      vertex 11.5009 -9.45682 0
      vertex 11.1314 -9.13526 0.49
      vertex 11.5101 -9.44612 0
    endloop
  endfacet
  facet normal -0.535503 0.46197 -0.706979
    outer loop
      vertex 11.1314 -9.13526 0.49
      vertex 11.5009 -9.45682 0
      vertex 10.6697 -9.67045 0.49
    endloop
  endfacet
  facet normal 0.706968 0.0173096 -0.707034
    outer loop
      vertex -14.8897 -0.0141305 0
      vertex -14.4 0 0.49
      vertex -14.3827 -0.706574 0.49
    endloop
  endfacet
  facet normal 0.707027 0.0150107 -0.707027
    outer loop
      vertex -14.4 0 0.49
      vertex -14.8897 -0.0141305 0
      vertex -14.89 0 0
    endloop
  endfacet
  facet normal 0.254458 -0.65984 -0.707009
    outer loop
      vertex -5.51064 13.3039 0.49
      vertex -5.68497 13.7617 0
      vertex -4.85121 13.5582 0.49
    endloop
  endfacet
  facet normal 0.255045 -0.659615 -0.707008
    outer loop
      vertex -5.68497 13.7617 0
      vertex -5.51064 13.3039 0.49
      vertex -5.69816 13.7566 0
    endloop
  endfacet
  facet normal 0.535509 -0.461906 -0.707017
    outer loop
      vertex -11.0328 9.99951 0
      vertex -10.6697 9.67045 0.49
      vertex -11.5009 9.45682 0
    endloop
  endfacet
  facet normal 0.557488 0.435129 -0.707015
    outer loop
      vertex -11.5662 -8.57807 0.49
      vertex -11.5188 -9.43497 0
      vertex -11.9598 -8.86996 0
    endloop
  endfacet
  facet normal -0.255045 -0.659615 -0.707008
    outer loop
      vertex 5.51064 13.3039 0.49
      vertex 5.68497 13.7617 0
      vertex 5.69816 13.7566 0
    endloop
  endfacet
  facet normal -0.254458 -0.65984 -0.707009
    outer loop
      vertex 5.68497 13.7617 0
      vertex 5.51064 13.3039 0.49
      vertex 4.85121 13.5582 0.49
    endloop
  endfacet
  facet normal 0.0866448 -0.701833 -0.707053
    outer loop
      vertex -2.11292 14.2441 0.49
      vertex -2.17079 14.7306 0
      vertex -1.41145 14.3307 0.49
    endloop
  endfacet
  facet normal 0.0899902 -0.701423 -0.707041
    outer loop
      vertex -2.17079 14.7306 0
      vertex -2.11292 14.2441 0.49
      vertex -2.18482 14.7288 0
    endloop
  endfacet
  facet normal 0.578233 -0.407263 -0.706954
    outer loop
      vertex -11.9732 8.00021 0.49
      vertex -12.3724 8.284 0
      vertex -11.5662 8.57807 0.49
    endloop
  endfacet
  facet normal 0.576864 -0.409194 -0.706957
    outer loop
      vertex -12.3724 8.284 0
      vertex -11.9732 8.00021 0.49
      vertex -12.3806 8.27244 0
    endloop
  endfacet
  facet normal 0.578233 0.407263 -0.706954
    outer loop
      vertex -12.3724 -8.284 0
      vertex -11.9732 -8.00021 0.49
      vertex -11.5662 -8.57807 0.49
    endloop
  endfacet
  facet normal 0.576864 0.409194 -0.706957
    outer loop
      vertex -11.9732 -8.00021 0.49
      vertex -12.3724 -8.284 0
      vertex -12.3806 -8.27244 0
    endloop
  endfacet
  facet normal -0.0173671 0.707007 -0.706993
    outer loop
      vertex 0.706574 -14.3827 0.49
      vertex 0.730617 -14.8721 0
      vertex 0.0141305 -14.8897 0
    endloop
  endfacet
  facet normal 0.557598 0.435077 -0.70696
    outer loop
      vertex -11.5188 -9.43497 0
      vertex -11.1314 -9.13526 0.49
      vertex -11.5101 -9.44612 0
    endloop
  endfacet
  facet normal 0.557578 0.435103 -0.70696
    outer loop
      vertex -11.1314 -9.13526 0.49
      vertex -11.5188 -9.43497 0
      vertex -11.5662 -8.57807 0.49
    endloop
  endfacet
  facet normal 0.120879 -0.696803 -0.707003
    outer loop
      vertex -2.18482 14.7288 0
      vertex -2.11292 14.2441 0.49
      vertex -2.89097 14.6063 0
    endloop
  endfacet
  facet normal -0.512111 -0.487649 -0.707065
    outer loop
      vertex 10.1823 10.1823 0.49
      vertex 10.5386 10.5186 0
      vertex 10.6697 9.67045 0.49
    endloop
  endfacet
  facet normal -0.509936 -0.489939 -0.707054
    outer loop
      vertex 10.5386 10.5186 0
      vertex 10.1823 10.1823 0.49
      vertex 10.5288 10.5288 0
    endloop
  endfacet
  facet normal -0.120879 -0.696803 -0.707003
    outer loop
      vertex 2.18482 14.7288 0
      vertex 2.89097 14.6063 0
      vertex 2.11292 14.2441 0.49
    endloop
  endfacet
  facet normal 0.154979 -0.68996 -0.707062
    outer loop
      vertex -3.49891 13.9684 0.49
      vertex -3.60418 14.4469 0
      vertex -2.8093 14.1233 0.49
    endloop
  endfacet
  facet normal 0.155097 -0.689934 -0.707062
    outer loop
      vertex -3.60418 14.4469 0
      vertex -3.49891 13.9684 0.49
      vertex -3.61797 14.4438 0
    endloop
  endfacet
  facet normal -0.120879 0.696803 -0.707003
    outer loop
      vertex 2.89097 -14.6063 0
      vertex 2.18482 -14.7288 0
      vertex 2.11292 -14.2441 0.49
    endloop
  endfacet
  facet normal -0.489939 -0.509936 -0.707054
    outer loop
      vertex 10.1823 10.1823 0.49
      vertex 10.5186 10.5386 0
      vertex 10.5288 10.5288 0
    endloop
  endfacet
  facet normal -0.487649 -0.512111 -0.707065
    outer loop
      vertex 10.5186 10.5386 0
      vertex 10.1823 10.1823 0.49
      vertex 9.67045 10.6697 0.49
    endloop
  endfacet
  facet normal -0.188665 -0.681583 -0.707
    outer loop
      vertex 4.32234 14.2488 0
      vertex 4.1801 13.7799 0.49
      vertex 3.6316 14.44 0
    endloop
  endfacet
  facet normal -0.254479 -0.659809 -0.707031
    outer loop
      vertex 5.01629 14.0196 0
      vertex 5.68497 13.7617 0
      vertex 4.85121 13.5582 0.49
    endloop
  endfacet
  facet normal 0.535503 0.46197 -0.706979
    outer loop
      vertex -11.5009 -9.45682 0
      vertex -11.1314 -9.13526 0.49
      vertex -10.6697 -9.67045 0.49
    endloop
  endfacet
  facet normal 0.536267 0.461089 -0.706976
    outer loop
      vertex -11.1314 -9.13526 0.49
      vertex -11.5009 -9.45682 0
      vertex -11.5101 -9.44612 0
    endloop
  endfacet
  facet normal -0.378399 -0.597457 -0.707007
    outer loop
      vertex 7.65499 12.7716 0
      vertex 8.2605 12.3881 0
      vertex 7.40308 12.3513 0.49
    endloop
  endfacet
  facet normal 0.15492 0.690026 -0.707011
    outer loop
      vertex -2.8093 -14.1233 0.49
      vertex -2.90489 -14.6039 0
      vertex -3.60418 -14.4469 0
    endloop
  endfacet
  facet normal -0.681193 0.189914 -0.707042
    outer loop
      vertex 14.44 -3.6316 0
      vertex 13.9684 -3.49891 0.49
      vertex 14.4438 -3.61797 0
    endloop
  endfacet
  facet normal -0.68156 0.188602 -0.70704
    outer loop
      vertex 13.9684 -3.49891 0.49
      vertex 14.44 -3.6316 0
      vertex 13.7799 -4.1801 0.49
    endloop
  endfacet
  facet normal 0.512193 -0.487634 -0.707016
    outer loop
      vertex -10.5386 10.5186 0
      vertex -10.6697 9.67045 0.49
      vertex -11.0328 9.99951 0
    endloop
  endfacet
  facet normal 0.707007 0.0173671 -0.706993
    outer loop
      vertex -14.3827 -0.706574 0.49
      vertex -14.8721 -0.730617 0
      vertex -14.8897 -0.0141305 0
    endloop
  endfacet
  facet normal 0.705299 0.0521009 -0.706992
    outer loop
      vertex -14.3827 -0.706574 0.49
      vertex -14.8193 -1.44538 0
      vertex -14.8721 -0.730617 0
    endloop
  endfacet
  facet normal -0.409194 0.576864 -0.706957
    outer loop
      vertex 8.00021 -11.9732 0.49
      vertex 8.284 -12.3724 0
      vertex 8.27244 -12.3806 0
    endloop
  endfacet
  facet normal -0.407263 0.578233 -0.706954
    outer loop
      vertex 8.284 -12.3724 0
      vertex 8.00021 -11.9732 0.49
      vertex 8.57807 -11.5662 0.49
    endloop
  endfacet
  facet normal -0.689934 0.155097 -0.707062
    outer loop
      vertex 13.9684 -3.49891 0.49
      vertex 14.4469 -3.60418 0
      vertex 14.4438 -3.61797 0
    endloop
  endfacet
  facet normal -0.68996 0.154979 -0.707062
    outer loop
      vertex 14.4469 -3.60418 0
      vertex 13.9684 -3.49891 0.49
      vertex 14.1233 -2.8093 0.49
    endloop
  endfacet
  facet normal 0.689934 0.155097 -0.707062
    outer loop
      vertex -14.4469 -3.60418 0
      vertex -13.9684 -3.49891 0.49
      vertex -14.4438 -3.61797 0
    endloop
  endfacet
  facet normal 0.68996 0.154979 -0.707062
    outer loop
      vertex -13.9684 -3.49891 0.49
      vertex -14.4469 -3.60418 0
      vertex -14.1233 -2.8093 0.49
    endloop
  endfacet
  facet normal 0.616819 0.34602 -0.706969
    outer loop
      vertex -12.7785 -7.64269 0
      vertex -12.3513 -7.40308 0.49
      vertex -12.7716 -7.65499 0
    endloop
  endfacet
  facet normal 0.615357 0.348619 -0.706966
    outer loop
      vertex -12.3513 -7.40308 0.49
      vertex -12.7785 -7.64269 0
      vertex -12.6997 -6.78811 0.49
    endloop
  endfacet
  facet normal 0.120879 0.696803 -0.707003
    outer loop
      vertex -2.11292 -14.2441 0.49
      vertex -2.18482 -14.7288 0
      vertex -2.89097 -14.6063 0
    endloop
  endfacet
  facet normal 0.0521009 0.705299 -0.706992
    outer loop
      vertex -0.706574 -14.3827 0.49
      vertex -0.730617 -14.8721 0
      vertex -1.44538 -14.8193 0
    endloop
  endfacet
  facet normal 0.0173671 0.707007 -0.706993
    outer loop
      vertex -0.706574 -14.3827 0.49
      vertex -0.0141305 -14.8897 0
      vertex -0.730617 -14.8721 0
    endloop
  endfacet
  facet normal 0.671495 -0.221815 -0.707031
    outer loop
      vertex -14.0196 5.01629 0
      vertex -13.5582 4.85121 0.49
      vertex -14.2444 4.33576 0
    endloop
  endfacet
  facet normal 0.681583 -0.188665 -0.707
    outer loop
      vertex -14.2488 4.32234 0
      vertex -13.7799 4.1801 0.49
      vertex -14.44 3.6316 0
    endloop
  endfacet
  facet normal 0.659809 0.254479 -0.707031
    outer loop
      vertex -13.5582 -4.85121 0.49
      vertex -13.7617 -5.68497 0
      vertex -14.0196 -5.01629 0
    endloop
  endfacet
  facet normal -0.701928 0.086542 -0.706971
    outer loop
      vertex 14.8183 -1.45947 0
      vertex 14.7306 -2.17079 0
      vertex 14.3307 -1.41145 0.49
    endloop
  endfacet
  facet normal -0.701423 0.0899902 -0.707041
    outer loop
      vertex 14.2441 -2.11292 0.49
      vertex 14.7306 -2.17079 0
      vertex 14.7288 -2.18482 0
    endloop
  endfacet
  facet normal -0.701833 0.0866448 -0.707053
    outer loop
      vertex 14.7306 -2.17079 0
      vertex 14.2441 -2.11292 0.49
      vertex 14.3307 -1.41145 0.49
    endloop
  endfacet
  facet normal 0.696808 -0.120874 -0.707
    outer loop
      vertex -14.6063 2.89097 0
      vertex -14.1233 2.8093 0.49
      vertex -14.2441 2.11292 0.49
    endloop
  endfacet
  facet normal 0.69693 -0.12016 -0.707001
    outer loop
      vertex -14.1233 2.8093 0.49
      vertex -14.6063 2.89097 0
      vertex -14.6039 2.90489 0
    endloop
  endfacet
  facet normal -0.407158 0.578232 -0.707015
    outer loop
      vertex 8.57807 -11.5662 0.49
      vertex 8.86996 -11.9598 0
      vertex 8.284 -12.3724 0
    endloop
  endfacet
  facet normal -0.220327 0.671998 -0.707018
    outer loop
      vertex 4.1801 -13.7799 0.49
      vertex 4.33576 -14.2444 0
      vertex 4.32234 -14.2488 0
    endloop
  endfacet
  facet normal -0.221829 0.671499 -0.707023
    outer loop
      vertex 4.33576 -14.2444 0
      vertex 4.1801 -13.7799 0.49
      vertex 4.85121 -13.5582 0.49
    endloop
  endfacet
  facet normal 0.0173671 -0.707007 -0.706993
    outer loop
      vertex -0.0141305 14.8897 0
      vertex -0.706574 14.3827 0.49
      vertex -0.730617 14.8721 0
    endloop
  endfacet
  facet normal -0.12016 -0.69693 -0.707001
    outer loop
      vertex 2.8093 14.1233 0.49
      vertex 2.89097 14.6063 0
      vertex 2.90489 14.6039 0
    endloop
  endfacet
  facet normal -0.120874 -0.696808 -0.707
    outer loop
      vertex 2.89097 14.6063 0
      vertex 2.8093 14.1233 0.49
      vertex 2.11292 14.2441 0.49
    endloop
  endfacet
  facet normal -0.46197 -0.535503 -0.706979
    outer loop
      vertex 9.13526 11.1314 0.49
      vertex 9.45682 11.5009 0
      vertex 9.67045 10.6697 0.49
    endloop
  endfacet
  facet normal -0.461089 -0.536267 -0.706976
    outer loop
      vertex 9.45682 11.5009 0
      vertex 9.13526 11.1314 0.49
      vertex 9.44612 11.5101 0
    endloop
  endfacet
  facet normal -0.407158 -0.578232 -0.707015
    outer loop
      vertex 8.86996 11.9598 0
      vertex 8.57807 11.5662 0.49
      vertex 8.284 12.3724 0
    endloop
  endfacet
  facet normal 0.671499 -0.221829 -0.707023
    outer loop
      vertex -13.7799 4.1801 0.49
      vertex -14.2444 4.33576 0
      vertex -13.5582 4.85121 0.49
    endloop
  endfacet
  facet normal 0.671998 -0.220327 -0.707018
    outer loop
      vertex -14.2444 4.33576 0
      vertex -13.7799 4.1801 0.49
      vertex -14.2488 4.32234 0
    endloop
  endfacet
  facet normal -0.0899902 -0.701423 -0.707041
    outer loop
      vertex 2.11292 14.2441 0.49
      vertex 2.17079 14.7306 0
      vertex 2.18482 14.7288 0
    endloop
  endfacet
  facet normal -0.0866448 -0.701833 -0.707053
    outer loop
      vertex 2.17079 14.7306 0
      vertex 2.11292 14.2441 0.49
      vertex 1.41145 14.3307 0.49
    endloop
  endfacet
  facet normal -0.659809 -0.254479 -0.707031
    outer loop
      vertex 13.7617 5.68497 0
      vertex 14.0196 5.01629 0
      vertex 13.5582 4.85121 0.49
    endloop
  endfacet
  facet normal 0.348627 0.615341 -0.706976
    outer loop
      vertex -6.78811 -12.6997 0.49
      vertex -7.0191 -13.1318 0
      vertex -7.64269 -12.7785 0
    endloop
  endfacet
  facet normal -0.615357 -0.348619 -0.706966
    outer loop
      vertex 12.3513 7.40308 0.49
      vertex 12.7785 7.64269 0
      vertex 12.6997 6.78811 0.49
    endloop
  endfacet
  facet normal -0.616819 -0.34602 -0.706969
    outer loop
      vertex 12.7785 7.64269 0
      vertex 12.3513 7.40308 0.49
      vertex 12.7716 7.65499 0
    endloop
  endfacet
  facet normal 0.435129 0.557488 -0.707015
    outer loop
      vertex -8.57807 -11.5662 0.49
      vertex -8.86996 -11.9598 0
      vertex -9.43497 -11.5188 0
    endloop
  endfacet
  facet normal 0.696803 -0.120879 -0.707003
    outer loop
      vertex -14.6063 2.89097 0
      vertex -14.2441 2.11292 0.49
      vertex -14.7288 2.18482 0
    endloop
  endfacet
  facet normal -0.705494 0.0500705 -0.706945
    outer loop
      vertex 14.3307 -1.41145 0.49
      vertex 14.8193 -1.44538 0
      vertex 14.8183 -1.45947 0
    endloop
  endfacet
  facet normal -0.705354 0.0520353 -0.706942
    outer loop
      vertex 14.8193 -1.44538 0
      vertex 14.3307 -1.41145 0.49
      vertex 14.3827 -0.706574 0.49
    endloop
  endfacet
  facet normal 0.0520353 0.705354 -0.706942
    outer loop
      vertex -1.44538 -14.8193 0
      vertex -1.41145 -14.3307 0.49
      vertex -0.706574 -14.3827 0.49
    endloop
  endfacet
  facet normal 0.0500705 0.705494 -0.706945
    outer loop
      vertex -1.41145 -14.3307 0.49
      vertex -1.44538 -14.8193 0
      vertex -1.45947 -14.8183 0
    endloop
  endfacet
  facet normal 0.086542 0.701928 -0.706971
    outer loop
      vertex -1.41145 -14.3307 0.49
      vertex -1.45947 -14.8183 0
      vertex -2.17079 -14.7306 0
    endloop
  endfacet
  facet normal 0.0866448 0.701833 -0.707053
    outer loop
      vertex -2.17079 -14.7306 0
      vertex -2.11292 -14.2441 0.49
      vertex -1.41145 -14.3307 0.49
    endloop
  endfacet
  facet normal 0.0899902 0.701423 -0.707041
    outer loop
      vertex -2.11292 -14.2441 0.49
      vertex -2.17079 -14.7306 0
      vertex -2.18482 -14.7288 0
    endloop
  endfacet
  facet normal -0.086542 -0.701928 -0.706971
    outer loop
      vertex 1.45947 14.8183 0
      vertex 2.17079 14.7306 0
      vertex 1.41145 14.3307 0.49
    endloop
  endfacet
  facet normal 0.378399 -0.597457 -0.707007
    outer loop
      vertex -7.65499 12.7716 0
      vertex -7.40308 12.3513 0.49
      vertex -8.2605 12.3881 0
    endloop
  endfacet
  facet normal -0.0521009 -0.705299 -0.706992
    outer loop
      vertex 0.730617 14.8721 0
      vertex 1.44538 14.8193 0
      vertex 0.706574 14.3827 0.49
    endloop
  endfacet
  facet normal -0.578232 -0.407158 -0.707015
    outer loop
      vertex 11.9598 8.86996 0
      vertex 12.3724 8.284 0
      vertex 11.5662 8.57807 0.49
    endloop
  endfacet
  facet normal -0.557488 -0.435129 -0.707015
    outer loop
      vertex 11.9598 8.86996 0
      vertex 11.5662 8.57807 0.49
      vertex 11.5188 9.43497 0
    endloop
  endfacet
  facet normal -0.65984 -0.254458 -0.707009
    outer loop
      vertex 13.3039 5.51064 0.49
      vertex 13.7617 5.68497 0
      vertex 13.5582 4.85121 0.49
    endloop
  endfacet
  facet normal -0.659615 -0.255045 -0.707008
    outer loop
      vertex 13.7617 5.68497 0
      vertex 13.3039 5.51064 0.49
      vertex 13.7566 5.69816 0
    endloop
  endfacet
  facet normal -0.671495 -0.221815 -0.707031
    outer loop
      vertex 14.0196 5.01629 0
      vertex 14.2444 4.33576 0
      vertex 13.5582 4.85121 0.49
    endloop
  endfacet
  facet normal 0.154979 0.68996 -0.707062
    outer loop
      vertex -3.60418 -14.4469 0
      vertex -3.49891 -13.9684 0.49
      vertex -2.8093 -14.1233 0.49
    endloop
  endfacet
  facet normal 0.155097 0.689934 -0.707062
    outer loop
      vertex -3.49891 -13.9684 0.49
      vertex -3.60418 -14.4469 0
      vertex -3.61797 -14.4438 0
    endloop
  endfacet
  facet normal -0.0899902 0.701423 -0.707041
    outer loop
      vertex 2.17079 -14.7306 0
      vertex 2.11292 -14.2441 0.49
      vertex 2.18482 -14.7288 0
    endloop
  endfacet
  facet normal -0.0866448 0.701833 -0.707053
    outer loop
      vertex 2.11292 -14.2441 0.49
      vertex 2.17079 -14.7306 0
      vertex 1.41145 -14.3307 0.49
    endloop
  endfacet
  facet normal 0.68156 -0.188602 -0.70704
    outer loop
      vertex -13.9684 3.49891 0.49
      vertex -14.44 3.6316 0
      vertex -13.7799 4.1801 0.49
    endloop
  endfacet
  facet normal 0.681193 -0.189914 -0.707042
    outer loop
      vertex -14.44 3.6316 0
      vertex -13.9684 3.49891 0.49
      vertex -14.4438 3.61797 0
    endloop
  endfacet
  facet normal -0.285454 -0.64703 -0.707014
    outer loop
      vertex 6.15679 13.0174 0.49
      vertex 6.35337 13.4661 0
      vertex 6.36629 13.4604 0
    endloop
  endfacet
  facet normal -0.286656 -0.646501 -0.707012
    outer loop
      vertex 6.35337 13.4661 0
      vertex 6.15679 13.0174 0.49
      vertex 5.51064 13.3039 0.49
    endloop
  endfacet
  facet normal 0.646517 -0.286646 -0.707
    outer loop
      vertex -13.4661 6.35337 0
      vertex -13.3039 5.51064 0.49
      vertex -13.7566 5.69816 0
    endloop
  endfacet
  facet normal -0.435129 -0.557488 -0.707015
    outer loop
      vertex 8.86996 11.9598 0
      vertex 9.43497 11.5188 0
      vertex 8.57807 11.5662 0.49
    endloop
  endfacet
  facet normal -0.12016 0.69693 -0.707001
    outer loop
      vertex 2.89097 -14.6063 0
      vertex 2.8093 -14.1233 0.49
      vertex 2.90489 -14.6039 0
    endloop
  endfacet
  facet normal -0.120874 0.696808 -0.707
    outer loop
      vertex 2.8093 -14.1233 0.49
      vertex 2.89097 -14.6063 0
      vertex 2.11292 -14.2441 0.49
    endloop
  endfacet
  facet normal 0.696803 0.120879 -0.707003
    outer loop
      vertex -14.2441 -2.11292 0.49
      vertex -14.6063 -2.89097 0
      vertex -14.7288 -2.18482 0
    endloop
  endfacet
  facet normal 0.487649 -0.512111 -0.707065
    outer loop
      vertex -10.1823 10.1823 0.49
      vertex -10.5186 10.5386 0
      vertex -9.67045 10.6697 0.49
    endloop
  endfacet
  facet normal 0.489939 -0.509936 -0.707054
    outer loop
      vertex -10.5186 10.5386 0
      vertex -10.1823 10.1823 0.49
      vertex -10.5288 10.5288 0
    endloop
  endfacet
  facet normal 0.671495 0.221815 -0.707031
    outer loop
      vertex -13.5582 -4.85121 0.49
      vertex -14.0196 -5.01629 0
      vertex -14.2444 -4.33576 0
    endloop
  endfacet
  facet normal 0.435129 -0.557488 -0.707015
    outer loop
      vertex -8.86996 11.9598 0
      vertex -8.57807 11.5662 0.49
      vertex -9.43497 11.5188 0
    endloop
  endfacet
  facet normal 0.189914 0.681193 -0.707042
    outer loop
      vertex -3.6316 -14.44 0
      vertex -3.49891 -13.9684 0.49
      vertex -3.61797 -14.4438 0
    endloop
  endfacet
  facet normal 0.188602 0.68156 -0.70704
    outer loop
      vertex -3.49891 -13.9684 0.49
      vertex -3.6316 -14.44 0
      vertex -4.1801 -13.7799 0.49
    endloop
  endfacet
  facet normal -0.435129 0.557488 -0.707015
    outer loop
      vertex 9.43497 -11.5188 0
      vertex 8.86996 -11.9598 0
      vertex 8.57807 -11.5662 0.49
    endloop
  endfacet
  facet normal 0.557488 -0.435129 -0.707015
    outer loop
      vertex -11.5188 9.43497 0
      vertex -11.5662 8.57807 0.49
      vertex -11.9598 8.86996 0
    endloop
  endfacet
  facet normal 0.254479 -0.659809 -0.707031
    outer loop
      vertex -5.01629 14.0196 0
      vertex -4.85121 13.5582 0.49
      vertex -5.68497 13.7617 0
    endloop
  endfacet
  facet normal -0.64703 0.285454 -0.707014
    outer loop
      vertex 13.0174 -6.15679 0.49
      vertex 13.4661 -6.35337 0
      vertex 13.4604 -6.36629 0
    endloop
  endfacet
  facet normal -0.646501 0.286656 -0.707012
    outer loop
      vertex 13.4661 -6.35337 0
      vertex 13.0174 -6.15679 0.49
      vertex 13.3039 -5.51064 0.49
    endloop
  endfacet
  facet normal -0.461089 0.536267 -0.706976
    outer loop
      vertex 9.13526 -11.1314 0.49
      vertex 9.45682 -11.5009 0
      vertex 9.44612 -11.5101 0
    endloop
  endfacet
  facet normal -0.46197 0.535503 -0.706979
    outer loop
      vertex 9.45682 -11.5009 0
      vertex 9.13526 -11.1314 0.49
      vertex 9.67045 -10.6697 0.49
    endloop
  endfacet
  facet normal 0.378363 -0.597546 -0.706951
    outer loop
      vertex -8.00021 11.9732 0.49
      vertex -8.2605 12.3881 0
      vertex -7.40308 12.3513 0.49
    endloop
  endfacet
  facet normal 0.376198 -0.598908 -0.706954
    outer loop
      vertex -8.2605 12.3881 0
      vertex -8.00021 11.9732 0.49
      vertex -8.27244 12.3806 0
    endloop
  endfacet
  facet normal 0.461906 -0.535509 -0.707017
    outer loop
      vertex -9.45682 11.5009 0
      vertex -9.67045 10.6697 0.49
      vertex -9.99951 11.0328 0
    endloop
  endfacet
  facet normal -0.15492 -0.690026 -0.707011
    outer loop
      vertex 2.90489 14.6039 0
      vertex 3.60418 14.4469 0
      vertex 2.8093 14.1233 0.49
    endloop
  endfacet
  facet normal 0.286656 -0.646501 -0.707012
    outer loop
      vertex -6.15679 13.0174 0.49
      vertex -6.35337 13.4661 0
      vertex -5.51064 13.3039 0.49
    endloop
  endfacet
  facet normal 0.285454 -0.64703 -0.707014
    outer loop
      vertex -6.35337 13.4661 0
      vertex -6.15679 13.0174 0.49
      vertex -6.36629 13.4604 0
    endloop
  endfacet
  facet normal 0.659615 0.255045 -0.707008
    outer loop
      vertex -13.7617 -5.68497 0
      vertex -13.3039 -5.51064 0.49
      vertex -13.7566 -5.69816 0
    endloop
  endfacet
  facet normal 0.65984 0.254458 -0.707009
    outer loop
      vertex -13.3039 -5.51064 0.49
      vertex -13.7617 -5.68497 0
      vertex -13.5582 -4.85121 0.49
    endloop
  endfacet
  facet normal -0.15492 0.690026 -0.707011
    outer loop
      vertex 3.60418 -14.4469 0
      vertex 2.90489 -14.6039 0
      vertex 2.8093 -14.1233 0.49
    endloop
  endfacet
  facet normal 0.509936 0.489939 -0.707054
    outer loop
      vertex -10.5386 -10.5186 0
      vertex -10.1823 -10.1823 0.49
      vertex -10.5288 -10.5288 0
    endloop
  endfacet
  facet normal 0.512111 0.487649 -0.707065
    outer loop
      vertex -10.1823 -10.1823 0.49
      vertex -10.5386 -10.5186 0
      vertex -10.6697 -9.67045 0.49
    endloop
  endfacet
  facet normal 0.512193 0.487634 -0.707016
    outer loop
      vertex -10.6697 -9.67045 0.49
      vertex -10.5386 -10.5186 0
      vertex -11.0328 -9.99951 0
    endloop
  endfacet
  facet normal 0.286646 -0.646517 -0.707
    outer loop
      vertex -5.69816 13.7566 0
      vertex -5.51064 13.3039 0.49
      vertex -6.35337 13.4661 0
    endloop
  endfacet
  facet normal -0.155097 0.689934 -0.707062
    outer loop
      vertex 3.60418 -14.4469 0
      vertex 3.49891 -13.9684 0.49
      vertex 3.61797 -14.4438 0
    endloop
  endfacet
  facet normal -0.154979 0.68996 -0.707062
    outer loop
      vertex 3.49891 -13.9684 0.49
      vertex 3.60418 -14.4469 0
      vertex 2.8093 -14.1233 0.49
    endloop
  endfacet
  facet normal -0.557598 0.435077 -0.70696
    outer loop
      vertex 11.1314 -9.13526 0.49
      vertex 11.5188 -9.43497 0
      vertex 11.5101 -9.44612 0
    endloop
  endfacet
  facet normal -0.557578 0.435103 -0.70696
    outer loop
      vertex 11.5188 -9.43497 0
      vertex 11.1314 -9.13526 0.49
      vertex 11.5662 -8.57807 0.49
    endloop
  endfacet
  facet normal -0.578232 0.407158 -0.707015
    outer loop
      vertex 12.3724 -8.284 0
      vertex 11.9598 -8.86996 0
      vertex 11.5662 -8.57807 0.49
    endloop
  endfacet
  facet normal -0.489939 0.509936 -0.707054
    outer loop
      vertex 10.5186 -10.5386 0
      vertex 10.1823 -10.1823 0.49
      vertex 10.5288 -10.5288 0
    endloop
  endfacet
  facet normal -0.487649 0.512111 -0.707065
    outer loop
      vertex 10.1823 -10.1823 0.49
      vertex 10.5186 -10.5386 0
      vertex 9.67045 -10.6697 0.49
    endloop
  endfacet
  facet normal -0.646517 0.286646 -0.707
    outer loop
      vertex 13.7566 -5.69816 0
      vertex 13.4661 -6.35337 0
      vertex 13.3039 -5.51064 0.49
    endloop
  endfacet
  facet normal 0.348619 0.615357 -0.706966
    outer loop
      vertex -7.64269 -12.7785 0
      vertex -7.40308 -12.3513 0.49
      vertex -6.78811 -12.6997 0.49
    endloop
  endfacet
  facet normal 0.34602 0.616819 -0.706969
    outer loop
      vertex -7.40308 -12.3513 0.49
      vertex -7.64269 -12.7785 0
      vertex -7.65499 -12.7716 0
    endloop
  endfacet
  facet normal 0.65984 -0.254458 -0.707009
    outer loop
      vertex -13.7617 5.68497 0
      vertex -13.3039 5.51064 0.49
      vertex -13.5582 4.85121 0.49
    endloop
  endfacet
  facet normal 0.659615 -0.255045 -0.707008
    outer loop
      vertex -13.3039 5.51064 0.49
      vertex -13.7617 5.68497 0
      vertex -13.7566 5.69816 0
    endloop
  endfacet
  facet normal 0.598908 0.376198 -0.706954
    outer loop
      vertex -12.3881 -8.2605 0
      vertex -11.9732 -8.00021 0.49
      vertex -12.3806 -8.27244 0
    endloop
  endfacet
  facet normal 0.597546 0.378363 -0.706951
    outer loop
      vertex -11.9732 -8.00021 0.49
      vertex -12.3881 -8.2605 0
      vertex -12.3513 -7.40308 0.49
    endloop
  endfacet
  facet normal 0.378399 0.597457 -0.707007
    outer loop
      vertex -7.40308 -12.3513 0.49
      vertex -7.65499 -12.7716 0
      vertex -8.2605 -12.3881 0
    endloop
  endfacet
  facet normal 0.615357 -0.348619 -0.706966
    outer loop
      vertex -12.7785 7.64269 0
      vertex -12.3513 7.40308 0.49
      vertex -12.6997 6.78811 0.49
    endloop
  endfacet
  facet normal 0.616819 -0.34602 -0.706969
    outer loop
      vertex -12.3513 7.40308 0.49
      vertex -12.7785 7.64269 0
      vertex -12.7716 7.65499 0
    endloop
  endfacet
  facet normal -0.221815 0.671495 -0.707031
    outer loop
      vertex 4.85121 -13.5582 0.49
      vertex 5.01629 -14.0196 0
      vertex 4.33576 -14.2444 0
    endloop
  endfacet
  facet normal -0.254479 0.659809 -0.707031
    outer loop
      vertex 5.68497 -13.7617 0
      vertex 5.01629 -14.0196 0
      vertex 4.85121 -13.5582 0.49
    endloop
  endfacet
  facet normal -0.0500705 -0.705494 -0.706945
    outer loop
      vertex 1.41145 14.3307 0.49
      vertex 1.44538 14.8193 0
      vertex 1.45947 14.8183 0
    endloop
  endfacet
  facet normal -0.0520353 -0.705354 -0.706942
    outer loop
      vertex 1.44538 14.8193 0
      vertex 1.41145 14.3307 0.49
      vertex 0.706574 14.3827 0.49
    endloop
  endfacet
  facet normal 0.409194 0.576864 -0.706957
    outer loop
      vertex -8.284 -12.3724 0
      vertex -8.00021 -11.9732 0.49
      vertex -8.27244 -12.3806 0
    endloop
  endfacet
  facet normal 0.407263 0.578233 -0.706954
    outer loop
      vertex -8.00021 -11.9732 0.49
      vertex -8.284 -12.3724 0
      vertex -8.57807 -11.5662 0.49
    endloop
  endfacet
  facet normal -0.34602 0.616819 -0.706969
    outer loop
      vertex 7.64269 -12.7785 0
      vertex 7.40308 -12.3513 0.49
      vertex 7.65499 -12.7716 0
    endloop
  endfacet
  facet normal -0.348619 0.615357 -0.706966
    outer loop
      vertex 7.40308 -12.3513 0.49
      vertex 7.64269 -12.7785 0
      vertex 6.78811 -12.6997 0.49
    endloop
  endfacet
  facet normal -0.188602 -0.68156 -0.70704
    outer loop
      vertex 3.49891 13.9684 0.49
      vertex 3.6316 14.44 0
      vertex 4.1801 13.7799 0.49
    endloop
  endfacet
  facet normal -0.189914 -0.681193 -0.707042
    outer loop
      vertex 3.6316 14.44 0
      vertex 3.49891 13.9684 0.49
      vertex 3.61797 14.4438 0
    endloop
  endfacet
  facet normal 0.535503 -0.46197 -0.706979
    outer loop
      vertex -11.1314 9.13526 0.49
      vertex -11.5009 9.45682 0
      vertex -10.6697 9.67045 0.49
    endloop
  endfacet
  facet normal 0.536267 -0.461089 -0.706976
    outer loop
      vertex -11.5009 9.45682 0
      vertex -11.1314 9.13526 0.49
      vertex -11.5101 9.44612 0
    endloop
  endfacet
  facet normal -0.376198 0.598908 -0.706954
    outer loop
      vertex 8.2605 -12.3881 0
      vertex 8.00021 -11.9732 0.49
      vertex 8.27244 -12.3806 0
    endloop
  endfacet
  facet normal -0.378363 0.597546 -0.706951
    outer loop
      vertex 8.00021 -11.9732 0.49
      vertex 8.2605 -12.3881 0
      vertex 7.40308 -12.3513 0.49
    endloop
  endfacet
  facet normal -0.348627 0.615341 -0.706976
    outer loop
      vertex 7.64269 -12.7785 0
      vertex 7.0191 -13.1318 0
      vertex 6.78811 -12.6997 0.49
    endloop
  endfacet
  facet normal 0.690026 -0.15492 -0.707011
    outer loop
      vertex -14.4469 3.60418 0
      vertex -14.1233 2.8093 0.49
      vertex -14.6039 2.90489 0
    endloop
  endfacet
  facet normal 0.0520353 -0.705354 -0.706942
    outer loop
      vertex -1.41145 14.3307 0.49
      vertex -1.44538 14.8193 0
      vertex -0.706574 14.3827 0.49
    endloop
  endfacet
  facet normal 0.0500705 -0.705494 -0.706945
    outer loop
      vertex -1.44538 14.8193 0
      vertex -1.41145 14.3307 0.49
      vertex -1.45947 14.8183 0
    endloop
  endfacet
  facet normal -0.317907 -0.631731 -0.707001
    outer loop
      vertex 6.15679 13.0174 0.49
      vertex 6.37892 13.454 0
      vertex 6.78811 12.6997 0.49
    endloop
  endfacet
  facet normal -0.319666 -0.63084 -0.707004
    outer loop
      vertex 6.37892 13.454 0
      vertex 6.15679 13.0174 0.49
      vertex 6.36629 13.4604 0
    endloop
  endfacet
  facet normal -0.188665 0.681583 -0.707
    outer loop
      vertex 4.1801 -13.7799 0.49
      vertex 4.32234 -14.2488 0
      vertex 3.6316 -14.44 0
    endloop
  endfacet
  facet normal -0.63084 -0.319666 -0.707004
    outer loop
      vertex 13.0174 6.15679 0.49
      vertex 13.454 6.37892 0
      vertex 13.4604 6.36629 0
    endloop
  endfacet
  facet normal -0.631731 -0.317907 -0.707001
    outer loop
      vertex 13.454 6.37892 0
      vertex 13.0174 6.15679 0.49
      vertex 12.6997 6.78811 0.49
    endloop
  endfacet
  facet normal 0.615341 -0.348627 -0.706976
    outer loop
      vertex -12.7785 7.64269 0
      vertex -12.6997 6.78811 0.49
      vertex -13.1318 7.0191 0
    endloop
  endfacet
  facet normal -0.597546 -0.378363 -0.706951
    outer loop
      vertex 11.9732 8.00021 0.49
      vertex 12.3881 8.2605 0
      vertex 12.3513 7.40308 0.49
    endloop
  endfacet
  facet normal -0.598908 -0.376198 -0.706954
    outer loop
      vertex 12.3881 8.2605 0
      vertex 11.9732 8.00021 0.49
      vertex 12.3806 8.27244 0
    endloop
  endfacet
  facet normal 0.0150107 -0.707027 -0.707027
    outer loop
      vertex 0 14.4 0.49
      vertex -0.0141305 14.8897 0
      vertex 0 14.89 0
    endloop
  endfacet
  facet normal 0.0173096 -0.706968 -0.707034
    outer loop
      vertex -0.0141305 14.8897 0
      vertex 0 14.4 0.49
      vertex -0.706574 14.3827 0.49
    endloop
  endfacet
  facet normal 0.68156 0.188602 -0.70704
    outer loop
      vertex -14.44 -3.6316 0
      vertex -13.9684 -3.49891 0.49
      vertex -13.7799 -4.1801 0.49
    endloop
  endfacet
  facet normal 0.681193 0.189914 -0.707042
    outer loop
      vertex -13.9684 -3.49891 0.49
      vertex -14.44 -3.6316 0
      vertex -14.4438 -3.61797 0
    endloop
  endfacet
  facet normal 0.461089 -0.536267 -0.706976
    outer loop
      vertex -9.13526 11.1314 0.49
      vertex -9.45682 11.5009 0
      vertex -9.44612 11.5101 0
    endloop
  endfacet
  facet normal 0.46197 -0.535503 -0.706979
    outer loop
      vertex -9.45682 11.5009 0
      vertex -9.13526 11.1314 0.49
      vertex -9.67045 10.6697 0.49
    endloop
  endfacet
  facet normal 0.220327 -0.671998 -0.707018
    outer loop
      vertex -4.1801 13.7799 0.49
      vertex -4.33576 14.2444 0
      vertex -4.32234 14.2488 0
    endloop
  endfacet
  facet normal 0.221829 -0.671499 -0.707023
    outer loop
      vertex -4.33576 14.2444 0
      vertex -4.1801 13.7799 0.49
      vertex -4.85121 13.5582 0.49
    endloop
  endfacet
  facet normal 0.15492 -0.690026 -0.707011
    outer loop
      vertex -2.90489 14.6039 0
      vertex -2.8093 14.1233 0.49
      vertex -3.60418 14.4469 0
    endloop
  endfacet
  facet normal 0.120874 -0.696808 -0.707
    outer loop
      vertex -2.8093 14.1233 0.49
      vertex -2.89097 14.6063 0
      vertex -2.11292 14.2441 0.49
    endloop
  endfacet
  facet normal 0.12016 -0.69693 -0.707001
    outer loop
      vertex -2.89097 14.6063 0
      vertex -2.8093 14.1233 0.49
      vertex -2.90489 14.6039 0
    endloop
  endfacet
  facet normal 0.68996 -0.154979 -0.707062
    outer loop
      vertex -14.4469 3.60418 0
      vertex -13.9684 3.49891 0.49
      vertex -14.1233 2.8093 0.49
    endloop
  endfacet
  facet normal 0.689934 -0.155097 -0.707062
    outer loop
      vertex -13.9684 3.49891 0.49
      vertex -14.4469 3.60418 0
      vertex -14.4438 3.61797 0
    endloop
  endfacet
  facet normal -0.317951 0.631738 -0.706975
    outer loop
      vertex 6.78811 -12.6997 0.49
      vertex 7.0191 -13.1318 0
      vertex 6.37892 -13.454 0
    endloop
  endfacet
  facet normal 0.646501 -0.286656 -0.707012
    outer loop
      vertex -13.4661 6.35337 0
      vertex -13.0174 6.15679 0.49
      vertex -13.3039 5.51064 0.49
    endloop
  endfacet
  facet normal 0.64703 -0.285454 -0.707014
    outer loop
      vertex -13.0174 6.15679 0.49
      vertex -13.4661 6.35337 0
      vertex -13.4604 6.36629 0
    endloop
  endfacet
  facet normal -0.435077 -0.557598 -0.70696
    outer loop
      vertex 9.13526 11.1314 0.49
      vertex 9.43497 11.5188 0
      vertex 9.44612 11.5101 0
    endloop
  endfacet
  facet normal -0.435103 -0.557578 -0.70696
    outer loop
      vertex 9.43497 11.5188 0
      vertex 9.13526 11.1314 0.49
      vertex 8.57807 11.5662 0.49
    endloop
  endfacet
  facet normal -0.34602 -0.616819 -0.706969
    outer loop
      vertex 7.40308 12.3513 0.49
      vertex 7.64269 12.7785 0
      vertex 7.65499 12.7716 0
    endloop
  endfacet
  facet normal -0.348619 -0.615357 -0.706966
    outer loop
      vertex 7.64269 12.7785 0
      vertex 7.40308 12.3513 0.49
      vertex 6.78811 12.6997 0.49
    endloop
  endfacet
  facet normal 0.557598 -0.435077 -0.70696
    outer loop
      vertex -11.1314 9.13526 0.49
      vertex -11.5188 9.43497 0
      vertex -11.5101 9.44612 0
    endloop
  endfacet
  facet normal 0.557578 -0.435103 -0.70696
    outer loop
      vertex -11.5188 9.43497 0
      vertex -11.1314 9.13526 0.49
      vertex -11.5662 8.57807 0.49
    endloop
  endfacet
  facet normal 0.578232 -0.407158 -0.707015
    outer loop
      vertex -11.9598 8.86996 0
      vertex -11.5662 8.57807 0.49
      vertex -12.3724 8.284 0
    endloop
  endfacet
  facet normal 0.409194 -0.576864 -0.706957
    outer loop
      vertex -8.00021 11.9732 0.49
      vertex -8.284 12.3724 0
      vertex -8.27244 12.3806 0
    endloop
  endfacet
  facet normal 0.407263 -0.578233 -0.706954
    outer loop
      vertex -8.284 12.3724 0
      vertex -8.00021 11.9732 0.49
      vertex -8.57807 11.5662 0.49
    endloop
  endfacet
  facet normal -0.319666 0.63084 -0.707004
    outer loop
      vertex 6.15679 -13.0174 0.49
      vertex 6.37892 -13.454 0
      vertex 6.36629 -13.4604 0
    endloop
  endfacet
  facet normal -0.317907 0.631731 -0.707001
    outer loop
      vertex 6.37892 -13.454 0
      vertex 6.15679 -13.0174 0.49
      vertex 6.78811 -12.6997 0.49
    endloop
  endfacet
  facet normal 0.631731 -0.317907 -0.707001
    outer loop
      vertex -13.0174 6.15679 0.49
      vertex -13.454 6.37892 0
      vertex -12.6997 6.78811 0.49
    endloop
  endfacet
  facet normal 0.63084 -0.319666 -0.707004
    outer loop
      vertex -13.454 6.37892 0
      vertex -13.0174 6.15679 0.49
      vertex -13.4604 6.36629 0
    endloop
  endfacet
  facet normal 0.0521009 -0.705299 -0.706992
    outer loop
      vertex -0.730617 14.8721 0
      vertex -0.706574 14.3827 0.49
      vertex -1.44538 14.8193 0
    endloop
  endfacet
  facet normal 0.631731 0.317907 -0.707001
    outer loop
      vertex -13.454 -6.37892 0
      vertex -13.0174 -6.15679 0.49
      vertex -12.6997 -6.78811 0.49
    endloop
  endfacet
  facet normal 0.63084 0.319666 -0.707004
    outer loop
      vertex -13.0174 -6.15679 0.49
      vertex -13.454 -6.37892 0
      vertex -13.4604 -6.36629 0
    endloop
  endfacet
  facet normal 0.646571 -0.286589 -0.706974
    outer loop
      vertex 12.9343 -5.35757 0.5
      vertex 12.2039 -5.77199 0
      vertex 12.4724 -5.16623 0
    endloop
  endfacet
  facet normal 0.631773 -0.317956 -0.706942
    outer loop
      vertex 12.3469 -6.59955 0.5
      vertex 12.2039 -5.77199 0
      vertex 12.6558 -5.98577 0.5
    endloop
  endfacet
  facet normal -0.557512 -0.435125 -0.706998
    outer loop
      vertex -10.8221 -8.88151 0.5
      vertex -11.2449 -8.33979 0.5
      vertex -10.8433 -8.04194 0
    endloop
  endfacet
  facet normal 0.646582 -0.286649 -0.70694
    outer loop
      vertex 12.6558 -5.98577 0.5
      vertex 12.2039 -5.77199 0
      vertex 12.9343 -5.35757 0.5
    endloop
  endfacet
  facet normal 0.461931 -0.535511 -0.706999
    outer loop
      vertex 8.88151 -10.8221 0.5
      vertex 8.56431 -10.4356 0
      vertex 9.06605 -10.0028 0
    endloop
  endfacet
  facet normal 0.615319 -0.348573 -0.707022
    outer loop
      vertex 12.3469 -6.59955 0.5
      vertex 11.5793 -6.94039 0
      vertex 11.9059 -6.36386 0
    endloop
  endfacet
  facet normal 0.615266 0.78832 -0
    outer loop
      vertex 8.88151 10.8221 0.5
      vertex 8.33979 11.2449 29
      vertex 8.88151 10.8221 29
    endloop
  endfacet
  facet normal 0.615266 0.78832 0
    outer loop
      vertex 8.33979 11.2449 29
      vertex 8.88151 10.8221 0.5
      vertex 8.33979 11.2449 0.5
    endloop
  endfacet
  facet normal 0.578196 -0.407173 -0.707036
    outer loop
      vertex 11.6406 -7.77798 0.5
      vertex 10.8433 -8.04194 0
      vertex 11.2248 -7.5002 0
    endloop
  endfacet
  facet normal 0.914189 -0.405288 0
    outer loop
      vertex 12.6558 -5.98577 29
      vertex 12.9343 -5.35757 0.5
      vertex 12.9343 -5.35757 29
    endloop
  endfacet
  facet normal 0.914189 -0.405288 0
    outer loop
      vertex 12.9343 -5.35757 0.5
      vertex 12.6558 -5.98577 29
      vertex 12.6558 -5.98577 0.5
    endloop
  endfacet
  facet normal 0.348573 -0.615319 -0.707022
    outer loop
      vertex 7.19744 -12.0082 0.5
      vertex 6.59955 -12.3469 0.5
      vertex 6.94039 -11.5793 0
    endloop
  endfacet
  facet normal -0.914189 -0.405288 0
    outer loop
      vertex -12.6558 -5.98577 0.5
      vertex -12.9343 -5.35757 29
      vertex -12.9343 -5.35757 0.5
    endloop
  endfacet
  facet normal -0.914189 -0.405288 0
    outer loop
      vertex -12.9343 -5.35757 29
      vertex -12.6558 -5.98577 0.5
      vertex -12.6558 -5.98577 29
    endloop
  endfacet
  facet normal -0.534974 0.844869 0
    outer loop
      vertex -7.19744 12.0082 0.5
      vertex -7.77798 11.6406 29
      vertex -7.19744 12.0082 29
    endloop
  endfacet
  facet normal -0.534974 0.844869 0
    outer loop
      vertex -7.77798 11.6406 29
      vertex -7.19744 12.0082 0.5
      vertex -7.77798 11.6406 0.5
    endloop
  endfacet
  facet normal 0.817565 -0.575836 0
    outer loop
      vertex 11.2449 -8.33979 29
      vertex 11.6406 -7.77798 0.5
      vertex 11.6406 -7.77798 29
    endloop
  endfacet
  facet normal 0.817565 -0.575836 0
    outer loop
      vertex 11.6406 -7.77798 0.5
      vertex 11.2449 -8.33979 29
      vertex 11.2449 -8.33979 0.5
    endloop
  endfacet
  facet normal -0.999698 0.0245942 0
    outer loop
      vertex -14 0 0.5
      vertex -13.9831 0.686947 29
      vertex -13.9831 0.686947 0.5
    endloop
  endfacet
  facet normal -0.999698 0.0245942 0
    outer loop
      vertex -13.9831 0.686947 29
      vertex -14 0 0.5
      vertex -14 0 29
    endloop
  endfacet
  facet normal -0.378329 -0.597485 -0.707021
    outer loop
      vertex -7.19744 -12.0082 0.5
      vertex -7.77798 -11.6406 0.5
      vertex -6.94039 -11.5793 0
    endloop
  endfacet
  facet normal 0.221882 -0.671483 -0.707021
    outer loop
      vertex 4.71646 -13.1816 0.5
      vertex 3.91884 -12.9187 0
      vertex 4.54801 -12.7108 0
    endloop
  endfacet
  facet normal -0.696794 -0.120924 -0.707005
    outer loop
      vertex -13.2406 -2.63372 0
      vertex -13.731 -2.73126 0.5
      vertex -13.3539 -1.98086 0
    endloop
  endfacet
  facet normal -0.535513 -0.461914 -0.707009
    outer loop
      vertex -10.3733 -9.40182 0.5
      vertex -10.8221 -8.88151 0.5
      vertex -10.0028 -9.06605 0
    endloop
  endfacet
  facet normal -0.706997 0.0173971 -0.707002
    outer loop
      vertex -13.5 0 0
      vertex -13.9831 0.686947 0.5
      vertex -13.4837 0.662414 0
    endloop
  endfacet
  facet normal 0.378329 0.597485 -0.707021
    outer loop
      vertex 7.77798 11.6406 0.5
      vertex 6.94039 11.5793 0
      vertex 7.19744 12.0082 0.5
    endloop
  endfacet
  facet normal -0.615266 -0.78832 0
    outer loop
      vertex -8.88151 -10.8221 0.5
      vertex -8.33979 -11.2449 29
      vertex -8.88151 -10.8221 29
    endloop
  endfacet
  facet normal -0.615266 -0.78832 -0
    outer loop
      vertex -8.33979 -11.2449 29
      vertex -8.88151 -10.8221 0.5
      vertex -8.33979 -11.2449 0.5
    endloop
  endfacet
  facet normal -0.689532 -0.724255 0
    outer loop
      vertex -9.89949 -9.89949 0.5
      vertex -9.40182 -10.3733 29
      vertex -9.89949 -9.89949 29
    endloop
  endfacet
  facet normal -0.689532 -0.724255 -0
    outer loop
      vertex -9.40182 -10.3733 29
      vertex -9.89949 -9.89949 0.5
      vertex -9.40182 -10.3733 0.5
    endloop
  endfacet
  facet normal 0.631646 -0.318027 -0.707023
    outer loop
      vertex 12.3469 -6.59955 0.5
      vertex 11.9059 -6.36386 0
      vertex 12.2039 -5.77199 0
    endloop
  endfacet
  facet normal 0.051974 0.705296 -0.707005
    outer loop
      vertex 1.32323 13.435 0
      vertex 0.686947 13.9831 0.5
      vertex 1.37224 13.9326 0.5
    endloop
  endfacet
  facet normal 0.701888 -0.0865579 -0.707009
    outer loop
      vertex 13.8485 -2.05423 0.5
      vertex 13.3539 -1.98086 0
      vertex 13.435 -1.32323 0
    endloop
  endfacet
  facet normal 0.985272 -0.170996 0
    outer loop
      vertex 13.731 -2.73126 29
      vertex 13.8485 -2.05423 0.5
      vertex 13.8485 -2.05423 29
    endloop
  endfacet
  facet normal 0.985272 -0.170996 0
    outer loop
      vertex 13.8485 -2.05423 0.5
      vertex 13.731 -2.73126 29
      vertex 13.731 -2.73126 0.5
    endloop
  endfacet
  facet normal 0.597485 -0.378329 -0.707021
    outer loop
      vertex 11.6406 -7.77798 0.5
      vertex 11.5793 -6.94039 0
      vertex 12.0082 -7.19744 0.5
    endloop
  endfacet
  facet normal 0.870087 0.492898 0
    outer loop
      vertex 12.3469 6.59955 29
      vertex 12.0082 7.19744 0.5
      vertex 12.0082 7.19744 29
    endloop
  endfacet
  facet normal 0.870087 0.492898 0
    outer loop
      vertex 12.0082 7.19744 0.5
      vertex 12.3469 6.59955 29
      vertex 12.3469 6.59955 0.5
    endloop
  endfacet
  facet normal 0.359891 -0.932994 0
    outer loop
      vertex 4.71646 -13.1816 0.5
      vertex 5.35757 -12.9343 29
      vertex 4.71646 -13.1816 29
    endloop
  endfacet
  facet normal 0.359891 -0.932994 0
    outer loop
      vertex 5.35757 -12.9343 29
      vertex 4.71646 -13.1816 0.5
      vertex 5.35757 -12.9343 0.5
    endloop
  endfacet
  facet normal -0.701888 -0.0865579 -0.707009
    outer loop
      vertex -13.3539 -1.98086 0
      vertex -13.8485 -2.05423 0.5
      vertex -13.435 -1.32323 0
    endloop
  endfacet
  facet normal -0.535511 0.461931 -0.706999
    outer loop
      vertex -10.4356 8.56431 0
      vertex -10.8221 8.88151 0.5
      vertex -10.0028 9.06605 0
    endloop
  endfacet
  facet normal 0.0865541 -0.701891 -0.707006
    outer loop
      vertex 1.37224 -13.9326 0.5
      vertex 1.32323 -13.435 0
      vertex 2.05423 -13.8485 0.5
    endloop
  endfacet
  facet normal 0.615266 -0.78832 0
    outer loop
      vertex 8.33979 -11.2449 0.5
      vertex 8.88151 -10.8221 29
      vertex 8.33979 -11.2449 29
    endloop
  endfacet
  facet normal 0.615266 -0.78832 0
    outer loop
      vertex 8.88151 -10.8221 29
      vertex 8.33979 -11.2449 0.5
      vertex 8.88151 -10.8221 0.5
    endloop
  endfacet
  facet normal 0.701891 -0.0865541 -0.707006
    outer loop
      vertex 13.8485 -2.05423 0.5
      vertex 13.435 -1.32323 0
      vertex 13.9326 -1.37224 0.5
    endloop
  endfacet
  facet normal 0.646571 0.286589 -0.706974
    outer loop
      vertex 12.4724 5.16623 0
      vertex 12.2039 5.77199 0
      vertex 12.9343 5.35757 0.5
    endloop
  endfacet
  facet normal 0.348573 0.615319 -0.707022
    outer loop
      vertex 6.94039 11.5793 0
      vertex 6.36386 11.9059 0
      vertex 6.59955 12.3469 0.5
    endloop
  endfacet
  facet normal -0.615319 -0.348573 -0.707022
    outer loop
      vertex -11.5793 -6.94039 0
      vertex -12.3469 -6.59955 0.5
      vertex -11.9059 -6.36386 0
    endloop
  endfacet
  facet normal -0.992482 0.122389 0
    outer loop
      vertex -13.9326 1.37224 0.5
      vertex -13.8485 2.05423 29
      vertex -13.8485 2.05423 0.5
    endloop
  endfacet
  facet normal -0.992482 0.122389 0
    outer loop
      vertex -13.8485 2.05423 29
      vertex -13.9326 1.37224 0.5
      vertex -13.9326 1.37224 29
    endloop
  endfacet
  facet normal 0.615319 -0.348573 -0.707022
    outer loop
      vertex 12.0082 -7.19744 0.5
      vertex 11.5793 -6.94039 0
      vertex 12.3469 -6.59955 0.5
    endloop
  endfacet
  facet normal -0.707 -0.0173933 -0.707
    outer loop
      vertex -13.9831 -0.686947 0.5
      vertex -14 0 0.5
      vertex -13.5 0 0
    endloop
  endfacet
  facet normal -0.671483 -0.221882 -0.707021
    outer loop
      vertex -12.7108 -4.54801 0
      vertex -13.1816 -4.71646 0.5
      vertex -12.9187 -3.91884 0
    endloop
  endfacet
  facet normal 0.0519782 -0.705298 -0.707002
    outer loop
      vertex 0.686947 -13.9831 0.5
      vertex 0.662414 -13.4837 0
      vertex 1.32323 -13.435 0
    endloop
  endfacet
  facet normal 0.378341 -0.597458 -0.707037
    outer loop
      vertex 7.77798 -11.6406 0.5
      vertex 6.94039 -11.5793 0
      vertex 7.5002 -11.2248 0
    endloop
  endfacet
  facet normal -0.681624 0.188557 -0.70699
    outer loop
      vertex -13.0954 3.28023 0
      vertex -13.5804 3.40172 0.5
      vertex -13.3972 4.06398 0.5
    endloop
  endfacet
  facet normal 0.615319 0.348573 -0.707022
    outer loop
      vertex 12.3469 6.59955 0.5
      vertex 11.5793 6.94039 0
      vertex 12.0082 7.19744 0.5
    endloop
  endfacet
  facet normal -0.949507 0.313747 0
    outer loop
      vertex -13.3972 4.06398 0.5
      vertex -13.1816 4.71646 29
      vertex -13.1816 4.71646 0.5
    endloop
  endfacet
  facet normal -0.949507 0.313747 0
    outer loop
      vertex -13.1816 4.71646 29
      vertex -13.3972 4.06398 0.5
      vertex -13.3972 4.06398 29
    endloop
  endfacet
  facet normal 0.653154 -0.757225 0
    outer loop
      vertex 8.88151 -10.8221 0.5
      vertex 9.40182 -10.3733 29
      vertex 8.88151 -10.8221 29
    endloop
  endfacet
  facet normal 0.653154 -0.757225 0
    outer loop
      vertex 9.40182 -10.3733 29
      vertex 8.88151 -10.8221 0.5
      vertex 9.40182 -10.3733 0.5
    endloop
  endfacet
  facet normal 0.378329 -0.597485 -0.707021
    outer loop
      vertex 7.19744 -12.0082 0.5
      vertex 6.94039 -11.5793 0
      vertex 7.77798 -11.6406 0.5
    endloop
  endfacet
  facet normal -0.932994 0.359891 0
    outer loop
      vertex -13.1816 4.71646 0.5
      vertex -12.9343 5.35757 29
      vertex -12.9343 5.35757 0.5
    endloop
  endfacet
  facet normal -0.932994 0.359891 0
    outer loop
      vertex -12.9343 5.35757 29
      vertex -13.1816 4.71646 0.5
      vertex -13.1816 4.71646 29
    endloop
  endfacet
  facet normal -0.671486 -0.22188 -0.707019
    outer loop
      vertex -13.1816 -4.71646 0.5
      vertex -13.3972 -4.06398 0.5
      vertex -12.9187 -3.91884 0
    endloop
  endfacet
  facet normal -0.348573 -0.615319 -0.707022
    outer loop
      vertex -6.59955 -12.3469 0.5
      vertex -7.19744 -12.0082 0.5
      vertex -6.94039 -11.5793 0
    endloop
  endfacet
  facet normal -0.999698 -0.0245942 0
    outer loop
      vertex -13.9831 -0.686947 0.5
      vertex -14 0 29
      vertex -14 0 0.5
    endloop
  endfacet
  facet normal -0.999698 -0.0245942 0
    outer loop
      vertex -14 0 29
      vertex -13.9831 -0.686947 0.5
      vertex -13.9831 -0.686947 29
    endloop
  endfacet
  facet normal 0.646582 0.286649 -0.70694
    outer loop
      vertex 12.9343 5.35757 0.5
      vertex 12.2039 5.77199 0
      vertex 12.6558 5.98577 0.5
    endloop
  endfacet
  facet normal 0.317956 0.631773 -0.706942
    outer loop
      vertex 6.59955 12.3469 0.5
      vertex 5.77199 12.2039 0
      vertex 5.98577 12.6558 0.5
    endloop
  endfacet
  facet normal 0.757225 0.653154 0
    outer loop
      vertex 10.8221 8.88151 29
      vertex 10.3733 9.40182 0.5
      vertex 10.3733 9.40182 29
    endloop
  endfacet
  facet normal 0.757225 0.653154 0
    outer loop
      vertex 10.3733 9.40182 0.5
      vertex 10.8221 8.88151 29
      vertex 10.8221 8.88151 0.5
    endloop
  endfacet
  facet normal 0.0173933 0.707 -0.707
    outer loop
      vertex 0.686947 13.9831 0.5
      vertex 0 13.5 0
      vertex 0 14 0.5
    endloop
  endfacet
  facet normal -0.631773 0.317956 -0.706942
    outer loop
      vertex -12.2039 5.77199 0
      vertex -12.6558 5.98577 0.5
      vertex -12.3469 6.59955 0.5
    endloop
  endfacet
  facet normal -0.317956 -0.631773 -0.706942
    outer loop
      vertex -5.98577 -12.6558 0.5
      vertex -6.59955 -12.3469 0.5
      vertex -5.77199 -12.2039 0
    endloop
  endfacet
  facet normal -0.681584 -0.188591 -0.70702
    outer loop
      vertex -12.9187 -3.91884 0
      vertex -13.3972 -4.06398 0.5
      vertex -13.0954 -3.28023 0
    endloop
  endfacet
  facet normal 0.705296 0.051974 -0.707005
    outer loop
      vertex 13.9831 0.686947 0.5
      vertex 13.435 1.32323 0
      vertex 13.9326 1.37224 0.5
    endloop
  endfacet
  facet normal -0.286589 -0.646571 -0.706974
    outer loop
      vertex -5.35757 -12.9343 0.5
      vertex -5.77199 -12.2039 0
      vertex -5.16623 -12.4724 0
    endloop
  endfacet
  facet normal -0.266615 -0.963803 0
    outer loop
      vertex -4.06398 -13.3972 0.5
      vertex -3.40172 -13.5804 29
      vertex -4.06398 -13.3972 29
    endloop
  endfacet
  facet normal -0.266615 -0.963803 -0
    outer loop
      vertex -3.40172 -13.5804 29
      vertex -4.06398 -13.3972 0.5
      vertex -3.40172 -13.5804 0.5
    endloop
  endfacet
  facet normal 0.449552 -0.893254 0
    outer loop
      vertex 5.98577 -12.6558 0.5
      vertex 6.59955 -12.3469 29
      vertex 5.98577 -12.6558 29
    endloop
  endfacet
  facet normal 0.449552 -0.893254 0
    outer loop
      vertex 6.59955 -12.3469 29
      vertex 5.98577 -12.6558 0.5
      vertex 6.59955 -12.3469 0.5
    endloop
  endfacet
  facet normal 0.0734918 -0.997296 0
    outer loop
      vertex 0.686947 -13.9831 0.5
      vertex 1.37224 -13.9326 29
      vertex 0.686947 -13.9831 29
    endloop
  endfacet
  facet normal 0.0734918 -0.997296 0
    outer loop
      vertex 1.37224 -13.9326 29
      vertex 0.686947 -13.9831 0.5
      vertex 1.37224 -13.9326 0.5
    endloop
  endfacet
  facet normal 0.0245942 0.999698 -0
    outer loop
      vertex 0.686947 13.9831 0.5
      vertex 0 14 29
      vertex 0.686947 13.9831 29
    endloop
  endfacet
  facet normal 0.0245942 0.999698 0
    outer loop
      vertex 0 14 29
      vertex 0.686947 13.9831 0.5
      vertex 0 14 0.5
    endloop
  endfacet
  facet normal -0.870087 0.492898 0
    outer loop
      vertex -12.3469 6.59955 0.5
      vertex -12.0082 7.19744 29
      vertex -12.0082 7.19744 0.5
    endloop
  endfacet
  facet normal -0.870087 0.492898 0
    outer loop
      vertex -12.0082 7.19744 29
      vertex -12.3469 6.59955 0.5
      vertex -12.3469 6.59955 29
    endloop
  endfacet
  facet normal -0.696789 -0.120929 -0.707009
    outer loop
      vertex -13.731 -2.73126 0.5
      vertex -13.8485 -2.05423 0.5
      vertex -13.3539 -1.98086 0
    endloop
  endfacet
  facet normal 0.154972 -0.690021 -0.707004
    outer loop
      vertex 2.73126 -13.731 0.5
      vertex 2.63372 -13.2406 0
      vertex 3.28023 -13.0954 0
    endloop
  endfacet
  facet normal -0.69003 -0.154996 -0.70699
    outer loop
      vertex -13.5804 -3.40172 0.5
      vertex -13.731 -2.73126 0.5
      vertex -13.0954 -3.28023 0
    endloop
  endfacet
  facet normal -0.578196 -0.407173 -0.707036
    outer loop
      vertex -10.8433 -8.04194 0
      vertex -11.6406 -7.77798 0.5
      vertex -11.2248 -7.5002 0
    endloop
  endfacet
  facet normal 0.963803 0.266615 0
    outer loop
      vertex 13.5804 3.40172 29
      vertex 13.3972 4.06398 0.5
      vertex 13.3972 4.06398 29
    endloop
  endfacet
  facet normal 0.963803 0.266615 0
    outer loop
      vertex 13.3972 4.06398 0.5
      vertex 13.5804 3.40172 29
      vertex 13.5804 3.40172 0.5
    endloop
  endfacet
  facet normal 0.461931 0.535511 -0.706999
    outer loop
      vertex 9.06605 10.0028 0
      vertex 8.56431 10.4356 0
      vertex 8.88151 10.8221 0.5
    endloop
  endfacet
  facet normal 0 0 -1
    outer loop
      vertex 13.4837 -0.662414 0
      vertex 13.4837 0.662414 0
      vertex 13.5 0 0
    endloop
  endfacet
  facet normal 0 0 -1
    outer loop
      vertex 13.435 -1.32323 0
      vertex 13.4837 0.662414 0
      vertex 13.4837 -0.662414 0
    endloop
  endfacet
  facet normal 0 0 -1
    outer loop
      vertex 13.435 -1.32323 0
      vertex 13.435 1.32323 0
      vertex 13.4837 0.662414 0
    endloop
  endfacet
  facet normal 0 0 -1
    outer loop
      vertex 13.3539 -1.98086 0
      vertex 13.435 1.32323 0
      vertex 13.435 -1.32323 0
    endloop
  endfacet
  facet normal 0 0 -1
    outer loop
      vertex 13.3539 -1.98086 0
      vertex 13.3539 1.98086 0
      vertex 13.435 1.32323 0
    endloop
  endfacet
  facet normal 0 0 -1
    outer loop
      vertex 13.2406 -2.63372 0
      vertex 13.3539 1.98086 0
      vertex 13.3539 -1.98086 0
    endloop
  endfacet
  facet normal 0 0 -1
    outer loop
      vertex 13.2406 -2.63372 0
      vertex 13.2406 2.63372 0
      vertex 13.3539 1.98086 0
    endloop
  endfacet
  facet normal 0 0 -1
    outer loop
      vertex 13.0954 -3.28023 0
      vertex 13.2406 2.63372 0
      vertex 13.2406 -2.63372 0
    endloop
  endfacet
  facet normal 0 0 -1
    outer loop
      vertex 13.0954 -3.28023 0
      vertex 13.0954 3.28023 0
      vertex 13.2406 2.63372 0
    endloop
  endfacet
  facet normal 0 0 -1
    outer loop
      vertex 12.9187 -3.91884 0
      vertex 13.0954 3.28023 0
      vertex 13.0954 -3.28023 0
    endloop
  endfacet
  facet normal 0 0 -1
    outer loop
      vertex 12.9187 -3.91884 0
      vertex 12.9187 3.91884 0
      vertex 13.0954 3.28023 0
    endloop
  endfacet
  facet normal 0 0 -1
    outer loop
      vertex 12.7108 -4.54801 0
      vertex 12.9187 3.91884 0
      vertex 12.9187 -3.91884 0
    endloop
  endfacet
  facet normal 0 0 -1
    outer loop
      vertex 12.7108 -4.54801 0
      vertex 12.7108 4.54801 0
      vertex 12.9187 3.91884 0
    endloop
  endfacet
  facet normal 0 0 -1
    outer loop
      vertex 12.4724 -5.16623 0
      vertex 12.7108 4.54801 0
      vertex 12.7108 -4.54801 0
    endloop
  endfacet
  facet normal 0 0 -1
    outer loop
      vertex 12.4724 -5.16623 0
      vertex 12.4724 5.16623 0
      vertex 12.7108 4.54801 0
    endloop
  endfacet
  facet normal 0 0 -1
    outer loop
      vertex 12.2039 -5.77199 0
      vertex 12.4724 5.16623 0
      vertex 12.4724 -5.16623 0
    endloop
  endfacet
  facet normal 0 0 -1
    outer loop
      vertex 12.2039 -5.77199 0
      vertex 12.2039 5.77199 0
      vertex 12.4724 5.16623 0
    endloop
  endfacet
  facet normal 0 0 -1
    outer loop
      vertex 11.9059 -6.36386 0
      vertex 12.2039 5.77199 0
      vertex 12.2039 -5.77199 0
    endloop
  endfacet
  facet normal 0 0 -1
    outer loop
      vertex 11.9059 -6.36386 0
      vertex 11.9059 6.36386 0
      vertex 12.2039 5.77199 0
    endloop
  endfacet
  facet normal 0 0 -1
    outer loop
      vertex 11.5793 -6.94039 0
      vertex 11.9059 6.36386 0
      vertex 11.9059 -6.36386 0
    endloop
  endfacet
  facet normal 0 0 -1
    outer loop
      vertex 11.5793 -6.94039 0
      vertex 11.5793 6.94039 0
      vertex 11.9059 6.36386 0
    endloop
  endfacet
  facet normal 0 0 -1
    outer loop
      vertex 11.2248 -7.5002 0
      vertex 11.5793 6.94039 0
      vertex 11.5793 -6.94039 0
    endloop
  endfacet
  facet normal 0 0 -1
    outer loop
      vertex 11.2248 -7.5002 0
      vertex 11.2248 7.5002 0
      vertex 11.5793 6.94039 0
    endloop
  endfacet
  facet normal 0 0 -1
    outer loop
      vertex 10.8433 -8.04194 0
      vertex 11.2248 7.5002 0
      vertex 11.2248 -7.5002 0
    endloop
  endfacet
  facet normal 0 0 -1
    outer loop
      vertex 10.8433 -8.04194 0
      vertex 10.8433 8.04194 0
      vertex 11.2248 7.5002 0
    endloop
  endfacet
  facet normal 0 0 -1
    outer loop
      vertex 10.4356 -8.56431 0
      vertex 10.8433 8.04194 0
      vertex 10.8433 -8.04194 0
    endloop
  endfacet
  facet normal 0 0 -1
    outer loop
      vertex 10.4356 -8.56431 0
      vertex 10.4356 8.56431 0
      vertex 10.8433 8.04194 0
    endloop
  endfacet
  facet normal 0 0 -1
    outer loop
      vertex 10.0028 -9.06605 0
      vertex 10.4356 8.56431 0
      vertex 10.4356 -8.56431 0
    endloop
  endfacet
  facet normal 0 0 -1
    outer loop
      vertex 10.0028 -9.06605 0
      vertex 10.0028 9.06605 0
      vertex 10.4356 8.56431 0
    endloop
  endfacet
  facet normal 0 0 -1
    outer loop
      vertex 9.54594 -9.54594 0
      vertex 10.0028 9.06605 0
      vertex 10.0028 -9.06605 0
    endloop
  endfacet
  facet normal 0 0 -1
    outer loop
      vertex 9.54594 -9.54594 0
      vertex 9.54594 9.54594 0
      vertex 10.0028 9.06605 0
    endloop
  endfacet
  facet normal 0 0 -1
    outer loop
      vertex 9.06605 -10.0028 0
      vertex 9.54594 9.54594 0
      vertex 9.54594 -9.54594 0
    endloop
  endfacet
  facet normal 0 0 -1
    outer loop
      vertex 9.06605 -10.0028 0
      vertex 9.06605 10.0028 0
      vertex 9.54594 9.54594 0
    endloop
  endfacet
  facet normal 0 0 -1
    outer loop
      vertex 8.56431 -10.4356 0
      vertex 9.06605 10.0028 0
      vertex 9.06605 -10.0028 0
    endloop
  endfacet
  facet normal 0 0 -1
    outer loop
      vertex 8.56431 -10.4356 0
      vertex 8.56431 10.4356 0
      vertex 9.06605 10.0028 0
    endloop
  endfacet
  facet normal 0 0 -1
    outer loop
      vertex 8.04194 -10.8433 0
      vertex 8.56431 10.4356 0
      vertex 8.56431 -10.4356 0
    endloop
  endfacet
  facet normal 0 0 -1
    outer loop
      vertex 8.04194 -10.8433 0
      vertex 8.04194 10.8433 0
      vertex 8.56431 10.4356 0
    endloop
  endfacet
  facet normal 0 0 -1
    outer loop
      vertex 7.5002 -11.2248 0
      vertex 8.04194 10.8433 0
      vertex 8.04194 -10.8433 0
    endloop
  endfacet
  facet normal 0 0 -1
    outer loop
      vertex 7.5002 -11.2248 0
      vertex 7.5002 11.2248 0
      vertex 8.04194 10.8433 0
    endloop
  endfacet
  facet normal 0 0 -1
    outer loop
      vertex 6.94039 -11.5793 0
      vertex 7.5002 11.2248 0
      vertex 7.5002 -11.2248 0
    endloop
  endfacet
  facet normal 0 0 -1
    outer loop
      vertex 6.94039 -11.5793 0
      vertex 6.94039 11.5793 0
      vertex 7.5002 11.2248 0
    endloop
  endfacet
  facet normal 0 0 -1
    outer loop
      vertex 6.36386 -11.9059 0
      vertex 6.94039 11.5793 0
      vertex 6.94039 -11.5793 0
    endloop
  endfacet
  facet normal 0 0 -1
    outer loop
      vertex 6.36386 -11.9059 0
      vertex 6.36386 11.9059 0
      vertex 6.94039 11.5793 0
    endloop
  endfacet
  facet normal 0 0 -1
    outer loop
      vertex 5.77199 -12.2039 0
      vertex 6.36386 11.9059 0
      vertex 6.36386 -11.9059 0
    endloop
  endfacet
  facet normal 0 0 -1
    outer loop
      vertex 5.77199 -12.2039 0
      vertex 5.77199 12.2039 0
      vertex 6.36386 11.9059 0
    endloop
  endfacet
  facet normal 0 0 -1
    outer loop
      vertex 5.16623 -12.4724 0
      vertex 5.77199 12.2039 0
      vertex 5.77199 -12.2039 0
    endloop
  endfacet
  facet normal 0 0 -1
    outer loop
      vertex 5.16623 -12.4724 0
      vertex 5.16623 12.4724 0
      vertex 5.77199 12.2039 0
    endloop
  endfacet
  facet normal 0 0 -1
    outer loop
      vertex 4.54801 -12.7108 0
      vertex 5.16623 12.4724 0
      vertex 5.16623 -12.4724 0
    endloop
  endfacet
  facet normal 0 0 -1
    outer loop
      vertex 4.54801 -12.7108 0
      vertex 4.54801 12.7108 0
      vertex 5.16623 12.4724 0
    endloop
  endfacet
  facet normal 0 0 -1
    outer loop
      vertex 3.91884 -12.9187 0
      vertex 4.54801 12.7108 0
      vertex 4.54801 -12.7108 0
    endloop
  endfacet
  facet normal 0 0 -1
    outer loop
      vertex 3.91884 -12.9187 0
      vertex 3.91884 12.9187 0
      vertex 4.54801 12.7108 0
    endloop
  endfacet
  facet normal 0 0 -1
    outer loop
      vertex 3.28023 -13.0954 0
      vertex 3.91884 12.9187 0
      vertex 3.91884 -12.9187 0
    endloop
  endfacet
  facet normal 0 0 -1
    outer loop
      vertex 3.28023 -13.0954 0
      vertex 3.28023 13.0954 0
      vertex 3.91884 12.9187 0
    endloop
  endfacet
  facet normal 0 0 -1
    outer loop
      vertex 2.63372 -13.2406 0
      vertex 3.28023 13.0954 0
      vertex 3.28023 -13.0954 0
    endloop
  endfacet
  facet normal 0 0 -1
    outer loop
      vertex 2.63372 -13.2406 0
      vertex 2.63372 13.2406 0
      vertex 3.28023 13.0954 0
    endloop
  endfacet
  facet normal 0 0 -1
    outer loop
      vertex 1.98086 -13.3539 0
      vertex 2.63372 13.2406 0
      vertex 2.63372 -13.2406 0
    endloop
  endfacet
  facet normal 0 0 -1
    outer loop
      vertex 1.98086 -13.3539 0
      vertex 1.98086 13.3539 0
      vertex 2.63372 13.2406 0
    endloop
  endfacet
  facet normal 0 0 -1
    outer loop
      vertex 1.32323 -13.435 0
      vertex 1.98086 13.3539 0
      vertex 1.98086 -13.3539 0
    endloop
  endfacet
  facet normal 0 0 -1
    outer loop
      vertex 1.32323 -13.435 0
      vertex 1.32323 13.435 0
      vertex 1.98086 13.3539 0
    endloop
  endfacet
  facet normal 0 0 -1
    outer loop
      vertex 0.662414 -13.4837 0
      vertex 1.32323 13.435 0
      vertex 1.32323 -13.435 0
    endloop
  endfacet
  facet normal 0 0 -1
    outer loop
      vertex 0.662414 -13.4837 0
      vertex 0.662414 13.4837 0
      vertex 1.32323 13.435 0
    endloop
  endfacet
  facet normal 0 0 -1
    outer loop
      vertex 0 -13.5 0
      vertex 0.662414 13.4837 0
      vertex 0.662414 -13.4837 0
    endloop
  endfacet
  facet normal 0 0 -1
    outer loop
      vertex 0 -13.5 0
      vertex 0 13.5 0
      vertex 0.662414 13.4837 0
    endloop
  endfacet
  facet normal 0 0 -1
    outer loop
      vertex -0.662414 -13.4837 0
      vertex 0 13.5 0
      vertex 0 -13.5 0
    endloop
  endfacet
  facet normal 0 0 -1
    outer loop
      vertex -0.662414 -13.4837 0
      vertex -0.662414 13.4837 0
      vertex 0 13.5 0
    endloop
  endfacet
  facet normal 0 0 -1
    outer loop
      vertex -1.32323 -13.435 0
      vertex -0.662414 13.4837 0
      vertex -0.662414 -13.4837 0
    endloop
  endfacet
  facet normal 0 0 -1
    outer loop
      vertex -1.32323 -13.435 0
      vertex -1.32323 13.435 0
      vertex -0.662414 13.4837 0
    endloop
  endfacet
  facet normal 0 0 -1
    outer loop
      vertex -1.98086 -13.3539 0
      vertex -1.32323 13.435 0
      vertex -1.32323 -13.435 0
    endloop
  endfacet
  facet normal 0 0 -1
    outer loop
      vertex -1.98086 -13.3539 0
      vertex -1.98086 13.3539 0
      vertex -1.32323 13.435 0
    endloop
  endfacet
  facet normal 0 0 -1
    outer loop
      vertex -2.63372 -13.2406 0
      vertex -1.98086 13.3539 0
      vertex -1.98086 -13.3539 0
    endloop
  endfacet
  facet normal 0 0 -1
    outer loop
      vertex -2.63372 -13.2406 0
      vertex -2.63372 13.2406 0
      vertex -1.98086 13.3539 0
    endloop
  endfacet
  facet normal 0 0 -1
    outer loop
      vertex -3.28023 -13.0954 0
      vertex -2.63372 13.2406 0
      vertex -2.63372 -13.2406 0
    endloop
  endfacet
  facet normal 0 0 -1
    outer loop
      vertex -3.28023 -13.0954 0
      vertex -3.28023 13.0954 0
      vertex -2.63372 13.2406 0
    endloop
  endfacet
  facet normal 0 0 -1
    outer loop
      vertex -3.91884 -12.9187 0
      vertex -3.28023 13.0954 0
      vertex -3.28023 -13.0954 0
    endloop
  endfacet
  facet normal 0 0 -1
    outer loop
      vertex -3.91884 -12.9187 0
      vertex -3.91884 12.9187 0
      vertex -3.28023 13.0954 0
    endloop
  endfacet
  facet normal 0 0 -1
    outer loop
      vertex -4.54801 -12.7108 0
      vertex -3.91884 12.9187 0
      vertex -3.91884 -12.9187 0
    endloop
  endfacet
  facet normal 0 0 -1
    outer loop
      vertex -4.54801 -12.7108 0
      vertex -4.54801 12.7108 0
      vertex -3.91884 12.9187 0
    endloop
  endfacet
  facet normal 0 0 -1
    outer loop
      vertex -5.16623 -12.4724 0
      vertex -4.54801 12.7108 0
      vertex -4.54801 -12.7108 0
    endloop
  endfacet
  facet normal 0 0 -1
    outer loop
      vertex -5.16623 -12.4724 0
      vertex -5.16623 12.4724 0
      vertex -4.54801 12.7108 0
    endloop
  endfacet
  facet normal 0 0 -1
    outer loop
      vertex -5.77199 -12.2039 0
      vertex -5.16623 12.4724 0
      vertex -5.16623 -12.4724 0
    endloop
  endfacet
  facet normal 0 0 -1
    outer loop
      vertex -5.77199 -12.2039 0
      vertex -5.77199 12.2039 0
      vertex -5.16623 12.4724 0
    endloop
  endfacet
  facet normal 0 0 -1
    outer loop
      vertex -6.36386 -11.9059 0
      vertex -5.77199 12.2039 0
      vertex -5.77199 -12.2039 0
    endloop
  endfacet
  facet normal 0 0 -1
    outer loop
      vertex -6.36386 -11.9059 0
      vertex -6.36386 11.9059 0
      vertex -5.77199 12.2039 0
    endloop
  endfacet
  facet normal 0 0 -1
    outer loop
      vertex -6.94039 -11.5793 0
      vertex -6.36386 11.9059 0
      vertex -6.36386 -11.9059 0
    endloop
  endfacet
  facet normal 0 0 -1
    outer loop
      vertex -6.94039 -11.5793 0
      vertex -6.94039 11.5793 0
      vertex -6.36386 11.9059 0
    endloop
  endfacet
  facet normal 0 0 -1
    outer loop
      vertex -7.5002 -11.2248 0
      vertex -6.94039 11.5793 0
      vertex -6.94039 -11.5793 0
    endloop
  endfacet
  facet normal 0 0 -1
    outer loop
      vertex -7.5002 -11.2248 0
      vertex -7.5002 11.2248 0
      vertex -6.94039 11.5793 0
    endloop
  endfacet
  facet normal 0 0 -1
    outer loop
      vertex -8.04194 -10.8433 0
      vertex -7.5002 11.2248 0
      vertex -7.5002 -11.2248 0
    endloop
  endfacet
  facet normal 0 0 -1
    outer loop
      vertex -8.04194 -10.8433 0
      vertex -8.04194 10.8433 0
      vertex -7.5002 11.2248 0
    endloop
  endfacet
  facet normal 0 0 -1
    outer loop
      vertex -8.56431 -10.4356 0
      vertex -8.04194 10.8433 0
      vertex -8.04194 -10.8433 0
    endloop
  endfacet
  facet normal 0 0 -1
    outer loop
      vertex -8.56431 -10.4356 0
      vertex -8.56431 10.4356 0
      vertex -8.04194 10.8433 0
    endloop
  endfacet
  facet normal 0 0 -1
    outer loop
      vertex -9.06605 -10.0028 0
      vertex -8.56431 10.4356 0
      vertex -8.56431 -10.4356 0
    endloop
  endfacet
  facet normal 0 0 -1
    outer loop
      vertex -9.06605 -10.0028 0
      vertex -9.06605 10.0028 0
      vertex -8.56431 10.4356 0
    endloop
  endfacet
  facet normal 0 0 -1
    outer loop
      vertex -9.54594 -9.54594 0
      vertex -9.06605 10.0028 0
      vertex -9.06605 -10.0028 0
    endloop
  endfacet
  facet normal 0 0 -1
    outer loop
      vertex -9.54594 -9.54594 0
      vertex -9.54594 9.54594 0
      vertex -9.06605 10.0028 0
    endloop
  endfacet
  facet normal 0 0 -1
    outer loop
      vertex -10.0028 -9.06605 0
      vertex -9.54594 9.54594 0
      vertex -9.54594 -9.54594 0
    endloop
  endfacet
  facet normal 0 0 -1
    outer loop
      vertex -10.0028 -9.06605 0
      vertex -10.0028 9.06605 0
      vertex -9.54594 9.54594 0
    endloop
  endfacet
  facet normal 0 0 -1
    outer loop
      vertex -10.4356 -8.56431 0
      vertex -10.0028 9.06605 0
      vertex -10.0028 -9.06605 0
    endloop
  endfacet
  facet normal 0 0 -1
    outer loop
      vertex -10.4356 -8.56431 0
      vertex -10.4356 8.56431 0
      vertex -10.0028 9.06605 0
    endloop
  endfacet
  facet normal 0 0 -1
    outer loop
      vertex -10.8433 -8.04194 0
      vertex -10.4356 8.56431 0
      vertex -10.4356 -8.56431 0
    endloop
  endfacet
  facet normal 0 0 -1
    outer loop
      vertex -10.8433 -8.04194 0
      vertex -10.8433 8.04194 0
      vertex -10.4356 8.56431 0
    endloop
  endfacet
  facet normal 0 0 -1
    outer loop
      vertex -11.2248 -7.5002 0
      vertex -10.8433 8.04194 0
      vertex -10.8433 -8.04194 0
    endloop
  endfacet
  facet normal 0 0 -1
    outer loop
      vertex -11.2248 -7.5002 0
      vertex -11.2248 7.5002 0
      vertex -10.8433 8.04194 0
    endloop
  endfacet
  facet normal 0 0 -1
    outer loop
      vertex -11.5793 -6.94039 0
      vertex -11.2248 7.5002 0
      vertex -11.2248 -7.5002 0
    endloop
  endfacet
  facet normal 0 0 -1
    outer loop
      vertex -11.5793 -6.94039 0
      vertex -11.5793 6.94039 0
      vertex -11.2248 7.5002 0
    endloop
  endfacet
  facet normal 0 0 -1
    outer loop
      vertex -11.9059 -6.36386 0
      vertex -11.5793 6.94039 0
      vertex -11.5793 -6.94039 0
    endloop
  endfacet
  facet normal 0 0 -1
    outer loop
      vertex -11.9059 -6.36386 0
      vertex -11.9059 6.36386 0
      vertex -11.5793 6.94039 0
    endloop
  endfacet
  facet normal 0 0 -1
    outer loop
      vertex -12.2039 -5.77199 0
      vertex -11.9059 6.36386 0
      vertex -11.9059 -6.36386 0
    endloop
  endfacet
  facet normal 0 0 -1
    outer loop
      vertex -12.2039 -5.77199 0
      vertex -12.2039 5.77199 0
      vertex -11.9059 6.36386 0
    endloop
  endfacet
  facet normal 0 0 -1
    outer loop
      vertex -12.4724 -5.16623 0
      vertex -12.2039 5.77199 0
      vertex -12.2039 -5.77199 0
    endloop
  endfacet
  facet normal 0 0 -1
    outer loop
      vertex -12.4724 -5.16623 0
      vertex -12.4724 5.16623 0
      vertex -12.2039 5.77199 0
    endloop
  endfacet
  facet normal 0 0 -1
    outer loop
      vertex -12.7108 -4.54801 0
      vertex -12.4724 5.16623 0
      vertex -12.4724 -5.16623 0
    endloop
  endfacet
  facet normal 0 0 -1
    outer loop
      vertex -12.7108 -4.54801 0
      vertex -12.7108 4.54801 0
      vertex -12.4724 5.16623 0
    endloop
  endfacet
  facet normal 0 0 -1
    outer loop
      vertex -12.9187 -3.91884 0
      vertex -12.7108 4.54801 0
      vertex -12.7108 -4.54801 0
    endloop
  endfacet
  facet normal 0 0 -1
    outer loop
      vertex -12.9187 -3.91884 0
      vertex -12.9187 3.91884 0
      vertex -12.7108 4.54801 0
    endloop
  endfacet
  facet normal 0 0 -1
    outer loop
      vertex -13.0954 -3.28023 0
      vertex -12.9187 3.91884 0
      vertex -12.9187 -3.91884 0
    endloop
  endfacet
  facet normal 0 0 -1
    outer loop
      vertex -13.0954 -3.28023 0
      vertex -13.0954 3.28023 0
      vertex -12.9187 3.91884 0
    endloop
  endfacet
  facet normal 0 0 -1
    outer loop
      vertex -13.2406 -2.63372 0
      vertex -13.0954 3.28023 0
      vertex -13.0954 -3.28023 0
    endloop
  endfacet
  facet normal 0 0 -1
    outer loop
      vertex -13.2406 -2.63372 0
      vertex -13.2406 2.63372 0
      vertex -13.0954 3.28023 0
    endloop
  endfacet
  facet normal 0 0 -1
    outer loop
      vertex -13.3539 -1.98086 0
      vertex -13.2406 2.63372 0
      vertex -13.2406 -2.63372 0
    endloop
  endfacet
  facet normal 0 0 -1
    outer loop
      vertex -13.3539 -1.98086 0
      vertex -13.3539 1.98086 0
      vertex -13.2406 2.63372 0
    endloop
  endfacet
  facet normal 0 0 -1
    outer loop
      vertex -13.435 -1.32323 0
      vertex -13.3539 1.98086 0
      vertex -13.3539 -1.98086 0
    endloop
  endfacet
  facet normal 0 0 -1
    outer loop
      vertex -13.435 -1.32323 0
      vertex -13.435 1.32323 0
      vertex -13.3539 1.98086 0
    endloop
  endfacet
  facet normal 0 0 -1
    outer loop
      vertex -13.4837 -0.662414 0
      vertex -13.435 1.32323 0
      vertex -13.435 -1.32323 0
    endloop
  endfacet
  facet normal 0 0 -1
    outer loop
      vertex -13.4837 -0.662414 0
      vertex -13.4837 0.662414 0
      vertex -13.435 1.32323 0
    endloop
  endfacet
  facet normal 0 -0 -1
    outer loop
      vertex -13.4837 0.662414 0
      vertex -13.4837 -0.662414 0
      vertex -13.5 0 0
    endloop
  endfacet
  facet normal -0.985272 0.170996 0
    outer loop
      vertex -13.8485 2.05423 0.5
      vertex -13.731 2.73126 29
      vertex -13.731 2.73126 0.5
    endloop
  endfacet
  facet normal -0.985272 0.170996 0
    outer loop
      vertex -13.731 2.73126 29
      vertex -13.8485 2.05423 0.5
      vertex -13.8485 2.05423 29
    endloop
  endfacet
  facet normal 0.266615 0.963803 -0
    outer loop
      vertex 4.06398 13.3972 0.5
      vertex 3.40172 13.5804 29
      vertex 4.06398 13.3972 29
    endloop
  endfacet
  facet normal 0.266615 0.963803 0
    outer loop
      vertex 3.40172 13.5804 29
      vertex 4.06398 13.3972 0.5
      vertex 3.40172 13.5804 0.5
    endloop
  endfacet
  facet normal -0.690021 -0.154972 -0.707004
    outer loop
      vertex -13.0954 -3.28023 0
      vertex -13.731 -2.73126 0.5
      vertex -13.2406 -2.63372 0
    endloop
  endfacet
  facet normal 0.461914 -0.535513 -0.707009
    outer loop
      vertex 9.40182 -10.3733 0.5
      vertex 8.88151 -10.8221 0.5
      vertex 9.06605 -10.0028 0
    endloop
  endfacet
  facet normal -0.659832 0.254447 -0.707021
    outer loop
      vertex -12.7108 4.54801 0
      vertex -13.1816 4.71646 0.5
      vertex -12.4724 5.16623 0
    endloop
  endfacet
  facet normal -0.219161 0.975689 0
    outer loop
      vertex -2.73126 13.731 0.5
      vertex -3.40172 13.5804 29
      vertex -2.73126 13.731 29
    endloop
  endfacet
  facet normal -0.219161 0.975689 0
    outer loop
      vertex -3.40172 13.5804 29
      vertex -2.73126 13.731 0.5
      vertex -3.40172 13.5804 0.5
    endloop
  endfacet
  facet normal 0.597458 -0.378341 -0.707037
    outer loop
      vertex 11.6406 -7.77798 0.5
      vertex 11.2248 -7.5002 0
      vertex 11.5793 -6.94039 0
    endloop
  endfacet
  facet normal 0.170996 0.985272 -0
    outer loop
      vertex 2.73126 13.731 0.5
      vertex 2.05423 13.8485 29
      vertex 2.73126 13.731 29
    endloop
  endfacet
  facet normal 0.170996 0.985272 0
    outer loop
      vertex 2.05423 13.8485 29
      vertex 2.73126 13.731 0.5
      vertex 2.05423 13.8485 0.5
    endloop
  endfacet
  facet normal -0.313747 0.949507 0
    outer loop
      vertex -4.06398 13.3972 0.5
      vertex -4.71646 13.1816 29
      vertex -4.06398 13.3972 29
    endloop
  endfacet
  facet normal -0.313747 0.949507 0
    outer loop
      vertex -4.71646 13.1816 29
      vertex -4.06398 13.3972 0.5
      vertex -4.71646 13.1816 0.5
    endloop
  endfacet
  facet normal -0.407173 0.578196 -0.707036
    outer loop
      vertex -7.5002 11.2248 0
      vertex -8.04194 10.8433 0
      vertex -7.77798 11.6406 0.5
    endloop
  endfacet
  facet normal 0.578196 0.407173 -0.707036
    outer loop
      vertex 11.2248 7.5002 0
      vertex 10.8433 8.04194 0
      vertex 11.6406 7.77798 0.5
    endloop
  endfacet
  facet normal -0.512209 -0.487628 -0.707008
    outer loop
      vertex -9.54594 -9.54594 0
      vertex -10.3733 -9.40182 0.5
      vertex -10.0028 -9.06605 0
    endloop
  endfacet
  facet normal -0.653154 -0.757225 0
    outer loop
      vertex -9.40182 -10.3733 0.5
      vertex -8.88151 -10.8221 29
      vertex -9.40182 -10.3733 29
    endloop
  endfacet
  facet normal -0.653154 -0.757225 -0
    outer loop
      vertex -8.88151 -10.8221 29
      vertex -9.40182 -10.3733 0.5
      vertex -8.88151 -10.8221 0.5
    endloop
  endfacet
  facet normal 0.512209 -0.487628 -0.707008
    outer loop
      vertex 10.3733 -9.40182 0.5
      vertex 9.54594 -9.54594 0
      vertex 10.0028 -9.06605 0
    endloop
  endfacet
  facet normal -0.69003 0.154996 -0.70699
    outer loop
      vertex -13.0954 3.28023 0
      vertex -13.731 2.73126 0.5
      vertex -13.5804 3.40172 0.5
    endloop
  endfacet
  facet normal 0.313747 0.949507 -0
    outer loop
      vertex 4.71646 13.1816 0.5
      vertex 4.06398 13.3972 29
      vertex 4.71646 13.1816 29
    endloop
  endfacet
  facet normal 0.313747 0.949507 0
    outer loop
      vertex 4.06398 13.3972 29
      vertex 4.71646 13.1816 0.5
      vertex 4.06398 13.3972 0.5
    endloop
  endfacet
  facet normal 0.671483 0.221882 -0.707021
    outer loop
      vertex 12.9187 3.91884 0
      vertex 12.7108 4.54801 0
      vertex 13.1816 4.71646 0.5
    endloop
  endfacet
  facet normal 0.435125 -0.557512 -0.706998
    outer loop
      vertex 8.33979 -11.2449 0.5
      vertex 8.04194 -10.8433 0
      vertex 8.88151 -10.8221 0.5
    endloop
  endfacet
  facet normal 0.492898 0.870087 -0
    outer loop
      vertex 7.19744 12.0082 0.5
      vertex 6.59955 12.3469 29
      vertex 7.19744 12.0082 29
    endloop
  endfacet
  facet normal 0.492898 0.870087 0
    outer loop
      vertex 6.59955 12.3469 29
      vertex 7.19744 12.0082 0.5
      vertex 6.59955 12.3469 0.5
    endloop
  endfacet
  facet normal 0.286649 -0.646582 -0.70694
    outer loop
      vertex 5.98577 -12.6558 0.5
      vertex 5.35757 -12.9343 0.5
      vertex 5.77199 -12.2039 0
    endloop
  endfacet
  facet normal 0.963803 -0.266615 0
    outer loop
      vertex 13.3972 -4.06398 29
      vertex 13.5804 -3.40172 0.5
      vertex 13.5804 -3.40172 29
    endloop
  endfacet
  facet normal 0.963803 -0.266615 0
    outer loop
      vertex 13.5804 -3.40172 0.5
      vertex 13.3972 -4.06398 29
      vertex 13.3972 -4.06398 0.5
    endloop
  endfacet
  facet normal -0.870087 -0.492898 0
    outer loop
      vertex -12.0082 -7.19744 0.5
      vertex -12.3469 -6.59955 29
      vertex -12.3469 -6.59955 0.5
    endloop
  endfacet
  facet normal -0.870087 -0.492898 0
    outer loop
      vertex -12.3469 -6.59955 29
      vertex -12.0082 -7.19744 0.5
      vertex -12.0082 -7.19744 29
    endloop
  endfacet
  facet normal 0.317956 -0.631773 -0.706942
    outer loop
      vertex 5.98577 -12.6558 0.5
      vertex 5.77199 -12.2039 0
      vertex 6.59955 -12.3469 0.5
    endloop
  endfacet
  facet normal -0.78832 -0.615266 0
    outer loop
      vertex -10.8221 -8.88151 0.5
      vertex -11.2449 -8.33979 29
      vertex -11.2449 -8.33979 0.5
    endloop
  endfacet
  facet normal -0.78832 -0.615266 0
    outer loop
      vertex -11.2449 -8.33979 29
      vertex -10.8221 -8.88151 0.5
      vertex -10.8221 -8.88151 29
    endloop
  endfacet
  facet normal 0.188557 -0.681624 -0.70699
    outer loop
      vertex 3.40172 -13.5804 0.5
      vertex 3.28023 -13.0954 0
      vertex 4.06398 -13.3972 0.5
    endloop
  endfacet
  facet normal -0.690021 0.154972 -0.707004
    outer loop
      vertex -13.2406 2.63372 0
      vertex -13.731 2.73126 0.5
      vertex -13.0954 3.28023 0
    endloop
  endfacet
  facet normal 0.313747 -0.949507 0
    outer loop
      vertex 4.06398 -13.3972 0.5
      vertex 4.71646 -13.1816 29
      vertex 4.06398 -13.3972 29
    endloop
  endfacet
  facet normal 0.313747 -0.949507 0
    outer loop
      vertex 4.71646 -13.1816 29
      vertex 4.06398 -13.3972 0.5
      vertex 4.71646 -13.1816 0.5
    endloop
  endfacet
  facet normal -0.817565 0.575836 0
    outer loop
      vertex -11.6406 7.77798 0.5
      vertex -11.2449 8.33979 29
      vertex -11.2449 8.33979 0.5
    endloop
  endfacet
  facet normal -0.817565 0.575836 0
    outer loop
      vertex -11.2449 8.33979 29
      vertex -11.6406 7.77798 0.5
      vertex -11.6406 7.77798 29
    endloop
  endfacet
  facet normal 0.492898 -0.870087 0
    outer loop
      vertex 6.59955 -12.3469 0.5
      vertex 7.19744 -12.0082 29
      vertex 6.59955 -12.3469 29
    endloop
  endfacet
  facet normal 0.492898 -0.870087 0
    outer loop
      vertex 7.19744 -12.0082 29
      vertex 6.59955 -12.3469 0.5
      vertex 7.19744 -12.0082 0.5
    endloop
  endfacet
  facet normal -0.844869 -0.534974 0
    outer loop
      vertex -11.6406 -7.77798 0.5
      vertex -12.0082 -7.19744 29
      vertex -12.0082 -7.19744 0.5
    endloop
  endfacet
  facet normal -0.844869 -0.534974 0
    outer loop
      vertex -12.0082 -7.19744 29
      vertex -11.6406 -7.77798 0.5
      vertex -11.6406 -7.77798 29
    endloop
  endfacet
  facet normal -0.949507 -0.313747 0
    outer loop
      vertex -13.1816 -4.71646 0.5
      vertex -13.3972 -4.06398 29
      vertex -13.3972 -4.06398 0.5
    endloop
  endfacet
  facet normal -0.949507 -0.313747 0
    outer loop
      vertex -13.3972 -4.06398 29
      vertex -13.1816 -4.71646 0.5
      vertex -13.1816 -4.71646 29
    endloop
  endfacet
  facet normal -0.535513 0.461914 -0.707009
    outer loop
      vertex -10.0028 9.06605 0
      vertex -10.8221 8.88151 0.5
      vertex -10.3733 9.40182 0.5
    endloop
  endfacet
  facet normal -0.757225 0.653154 0
    outer loop
      vertex -10.8221 8.88151 0.5
      vertex -10.3733 9.40182 29
      vertex -10.3733 9.40182 0.5
    endloop
  endfacet
  facet normal -0.757225 0.653154 0
    outer loop
      vertex -10.3733 9.40182 29
      vertex -10.8221 8.88151 0.5
      vertex -10.8221 8.88151 29
    endloop
  endfacet
  facet normal 0.597458 0.378341 -0.707037
    outer loop
      vertex 11.5793 6.94039 0
      vertex 11.2248 7.5002 0
      vertex 11.6406 7.77798 0.5
    endloop
  endfacet
  facet normal 0.0173971 -0.706997 -0.707002
    outer loop
      vertex 0.686947 -13.9831 0.5
      vertex 0 -13.5 0
      vertex 0.662414 -13.4837 0
    endloop
  endfacet
  facet normal -0.671483 0.221882 -0.707021
    outer loop
      vertex -12.9187 3.91884 0
      vertex -13.1816 4.71646 0.5
      vertex -12.7108 4.54801 0
    endloop
  endfacet
  facet normal -0.534974 -0.844869 0
    outer loop
      vertex -7.77798 -11.6406 0.5
      vertex -7.19744 -12.0082 29
      vertex -7.77798 -11.6406 29
    endloop
  endfacet
  facet normal -0.534974 -0.844869 -0
    outer loop
      vertex -7.19744 -12.0082 29
      vertex -7.77798 -11.6406 0.5
      vertex -7.19744 -12.0082 0.5
    endloop
  endfacet
  facet normal 0.55751 -0.435126 -0.706999
    outer loop
      vertex 10.8221 -8.88151 0.5
      vertex 10.4356 -8.56431 0
      vertex 10.8433 -8.04194 0
    endloop
  endfacet
  facet normal 0.0865541 0.701891 -0.707006
    outer loop
      vertex 2.05423 13.8485 0.5
      vertex 1.32323 13.435 0
      vertex 1.37224 13.9326 0.5
    endloop
  endfacet
  facet normal -0.378341 -0.597458 -0.707037
    outer loop
      vertex -6.94039 -11.5793 0
      vertex -7.77798 -11.6406 0.5
      vertex -7.5002 -11.2248 0
    endloop
  endfacet
  facet normal 0.535511 -0.461931 -0.706999
    outer loop
      vertex 10.8221 -8.88151 0.5
      vertex 10.0028 -9.06605 0
      vertex 10.4356 -8.56431 0
    endloop
  endfacet
  facet normal 0.405288 -0.914189 0
    outer loop
      vertex 5.35757 -12.9343 0.5
      vertex 5.98577 -12.6558 29
      vertex 5.35757 -12.9343 29
    endloop
  endfacet
  facet normal 0.405288 -0.914189 0
    outer loop
      vertex 5.98577 -12.6558 29
      vertex 5.35757 -12.9343 0.5
      vertex 5.98577 -12.6558 0.5
    endloop
  endfacet
  facet normal 0.348573 0.615319 -0.707022
    outer loop
      vertex 6.94039 11.5793 0
      vertex 6.59955 12.3469 0.5
      vertex 7.19744 12.0082 0.5
    endloop
  endfacet
  facet normal -0.449552 -0.893254 0
    outer loop
      vertex -6.59955 -12.3469 0.5
      vertex -5.98577 -12.6558 29
      vertex -6.59955 -12.3469 29
    endloop
  endfacet
  facet normal -0.449552 -0.893254 -0
    outer loop
      vertex -5.98577 -12.6558 29
      vertex -6.59955 -12.3469 0.5
      vertex -5.98577 -12.6558 0.5
    endloop
  endfacet
  facet normal 0.681624 -0.188557 -0.70699
    outer loop
      vertex 13.3972 -4.06398 0.5
      vertex 13.0954 -3.28023 0
      vertex 13.5804 -3.40172 0.5
    endloop
  endfacet
  facet normal 0.557512 0.435125 -0.706998
    outer loop
      vertex 10.8433 8.04194 0
      vertex 10.8221 8.88151 0.5
      vertex 11.2449 8.33979 0.5
    endloop
  endfacet
  facet normal -0.78832 0.615266 0
    outer loop
      vertex -11.2449 8.33979 0.5
      vertex -10.8221 8.88151 29
      vertex -10.8221 8.88151 0.5
    endloop
  endfacet
  facet normal -0.78832 0.615266 0
    outer loop
      vertex -10.8221 8.88151 29
      vertex -11.2449 8.33979 0.5
      vertex -11.2449 8.33979 29
    endloop
  endfacet
  facet normal 0.318027 -0.631646 -0.707023
    outer loop
      vertex 6.59955 -12.3469 0.5
      vertex 5.77199 -12.2039 0
      vertex 6.36386 -11.9059 0
    endloop
  endfacet
  facet normal 0.348573 -0.615319 -0.707022
    outer loop
      vertex 6.59955 -12.3469 0.5
      vertex 6.36386 -11.9059 0
      vertex 6.94039 -11.5793 0
    endloop
  endfacet
  facet normal 0.992482 -0.122389 0
    outer loop
      vertex 13.8485 -2.05423 29
      vertex 13.9326 -1.37224 0.5
      vertex 13.9326 -1.37224 29
    endloop
  endfacet
  facet normal 0.992482 -0.122389 0
    outer loop
      vertex 13.9326 -1.37224 0.5
      vertex 13.8485 -2.05423 29
      vertex 13.8485 -2.05423 0.5
    endloop
  endfacet
  facet normal -0.578194 -0.40724 -0.706999
    outer loop
      vertex -11.2449 -8.33979 0.5
      vertex -11.6406 -7.77798 0.5
      vertex -10.8433 -8.04194 0
    endloop
  endfacet
  facet normal -0.575836 -0.817565 0
    outer loop
      vertex -8.33979 -11.2449 0.5
      vertex -7.77798 -11.6406 29
      vertex -8.33979 -11.2449 29
    endloop
  endfacet
  facet normal -0.575836 -0.817565 -0
    outer loop
      vertex -7.77798 -11.6406 29
      vertex -8.33979 -11.2449 0.5
      vertex -7.77798 -11.6406 0.5
    endloop
  endfacet
  facet normal 0.578194 -0.40724 -0.706999
    outer loop
      vertex 11.2449 -8.33979 0.5
      vertex 10.8433 -8.04194 0
      vertex 11.6406 -7.77798 0.5
    endloop
  endfacet
  facet normal 0.219161 -0.975689 0
    outer loop
      vertex 2.73126 -13.731 0.5
      vertex 3.40172 -13.5804 29
      vertex 2.73126 -13.731 29
    endloop
  endfacet
  facet normal 0.219161 -0.975689 0
    outer loop
      vertex 3.40172 -13.5804 29
      vertex 2.73126 -13.731 0.5
      vertex 3.40172 -13.5804 0.5
    endloop
  endfacet
  facet normal -0.188557 -0.681624 -0.70699
    outer loop
      vertex -3.40172 -13.5804 0.5
      vertex -4.06398 -13.3972 0.5
      vertex -3.28023 -13.0954 0
    endloop
  endfacet
  facet normal 0.985272 0.170996 0
    outer loop
      vertex 13.8485 2.05423 29
      vertex 13.731 2.73126 0.5
      vertex 13.731 2.73126 29
    endloop
  endfacet
  facet normal 0.985272 0.170996 0
    outer loop
      vertex 13.731 2.73126 0.5
      vertex 13.8485 2.05423 29
      vertex 13.8485 2.05423 0.5
    endloop
  endfacet
  facet normal -0.154972 -0.690021 -0.707004
    outer loop
      vertex -2.73126 -13.731 0.5
      vertex -3.28023 -13.0954 0
      vertex -2.63372 -13.2406 0
    endloop
  endfacet
  facet normal -0.681584 0.188591 -0.70702
    outer loop
      vertex -13.0954 3.28023 0
      vertex -13.3972 4.06398 0.5
      vertex -12.9187 3.91884 0
    endloop
  endfacet
  facet normal 0.512209 0.487628 -0.707008
    outer loop
      vertex 10.0028 9.06605 0
      vertex 9.54594 9.54594 0
      vertex 10.3733 9.40182 0.5
    endloop
  endfacet
  facet normal -0.707 0.0173933 -0.707
    outer loop
      vertex -13.5 0 0
      vertex -14 0 0.5
      vertex -13.9831 0.686947 0.5
    endloop
  endfacet
  facet normal -0.659851 0.254529 -0.706974
    outer loop
      vertex -12.4724 5.16623 0
      vertex -13.1816 4.71646 0.5
      vertex -12.9343 5.35757 0.5
    endloop
  endfacet
  facet normal -0.0245942 -0.999698 0
    outer loop
      vertex -0.686947 -13.9831 0.5
      vertex 0 -14 29
      vertex -0.686947 -13.9831 29
    endloop
  endfacet
  facet normal -0.0245942 -0.999698 -0
    outer loop
      vertex 0 -14 29
      vertex -0.686947 -13.9831 0.5
      vertex 0 -14 0.5
    endloop
  endfacet
  facet normal -0.461931 -0.535511 -0.706999
    outer loop
      vertex -8.88151 -10.8221 0.5
      vertex -9.06605 -10.0028 0
      vertex -8.56431 -10.4356 0
    endloop
  endfacet
  facet normal 0.707 -0.0173933 -0.707
    outer loop
      vertex 13.9831 -0.686947 0.5
      vertex 13.5 0 0
      vertex 14 0 0.5
    endloop
  endfacet
  facet normal 0.40724 -0.578194 -0.706999
    outer loop
      vertex 8.33979 -11.2449 0.5
      vertex 7.77798 -11.6406 0.5
      vertex 8.04194 -10.8433 0
    endloop
  endfacet
  facet normal 0.487649 -0.512205 -0.706997
    outer loop
      vertex 9.89949 -9.89949 0.5
      vertex 9.40182 -10.3733 0.5
      vertex 9.54594 -9.54594 0
    endloop
  endfacet
  facet normal -0.435126 0.55751 -0.706999
    outer loop
      vertex -8.56431 10.4356 0
      vertex -8.88151 10.8221 0.5
      vertex -8.04194 10.8433 0
    endloop
  endfacet
  facet normal 0.78832 -0.615266 0
    outer loop
      vertex 10.8221 -8.88151 29
      vertex 11.2449 -8.33979 0.5
      vertex 11.2449 -8.33979 29
    endloop
  endfacet
  facet normal 0.78832 -0.615266 0
    outer loop
      vertex 11.2449 -8.33979 0.5
      vertex 10.8221 -8.88151 29
      vertex 10.8221 -8.88151 0.5
    endloop
  endfacet
  facet normal -0.696794 0.120924 -0.707005
    outer loop
      vertex -13.3539 1.98086 0
      vertex -13.731 2.73126 0.5
      vertex -13.2406 2.63372 0
    endloop
  endfacet
  facet normal -0.22188 0.671486 -0.707019
    outer loop
      vertex -3.91884 12.9187 0
      vertex -4.71646 13.1816 0.5
      vertex -4.06398 13.3972 0.5
    endloop
  endfacet
  facet normal -0.170996 -0.985272 0
    outer loop
      vertex -2.73126 -13.731 0.5
      vertex -2.05423 -13.8485 29
      vertex -2.73126 -13.731 29
    endloop
  endfacet
  facet normal -0.170996 -0.985272 -0
    outer loop
      vertex -2.05423 -13.8485 29
      vertex -2.73126 -13.731 0.5
      vertex -2.05423 -13.8485 0.5
    endloop
  endfacet
  facet normal 0.435126 0.55751 -0.706999
    outer loop
      vertex 8.56431 10.4356 0
      vertex 8.04194 10.8433 0
      vertex 8.88151 10.8221 0.5
    endloop
  endfacet
  facet normal -0.122389 -0.992482 0
    outer loop
      vertex -2.05423 -13.8485 0.5
      vertex -1.37224 -13.9326 29
      vertex -2.05423 -13.8485 29
    endloop
  endfacet
  facet normal -0.122389 -0.992482 -0
    outer loop
      vertex -1.37224 -13.9326 29
      vertex -2.05423 -13.8485 0.5
      vertex -1.37224 -13.9326 0.5
    endloop
  endfacet
  facet normal -0.646571 0.286589 -0.706974
    outer loop
      vertex -12.4724 5.16623 0
      vertex -12.9343 5.35757 0.5
      vertex -12.2039 5.77199 0
    endloop
  endfacet
  facet normal -0.512209 0.487628 -0.707008
    outer loop
      vertex -10.0028 9.06605 0
      vertex -10.3733 9.40182 0.5
      vertex -9.54594 9.54594 0
    endloop
  endfacet
  facet normal -0.0173971 -0.706997 -0.707002
    outer loop
      vertex 0 -13.5 0
      vertex -0.686947 -13.9831 0.5
      vertex -0.662414 -13.4837 0
    endloop
  endfacet
  facet normal -0.671486 0.22188 -0.707019
    outer loop
      vertex -12.9187 3.91884 0
      vertex -13.3972 4.06398 0.5
      vertex -13.1816 4.71646 0.5
    endloop
  endfacet
  facet normal -0.55751 0.435126 -0.706999
    outer loop
      vertex -10.4356 8.56431 0
      vertex -10.8433 8.04194 0
      vertex -10.8221 8.88151 0.5
    endloop
  endfacet
  facet normal 0.22188 0.671486 -0.707019
    outer loop
      vertex 4.71646 13.1816 0.5
      vertex 3.91884 12.9187 0
      vertex 4.06398 13.3972 0.5
    endloop
  endfacet
  facet normal 0.254447 0.659832 -0.707021
    outer loop
      vertex 5.16623 12.4724 0
      vertex 4.54801 12.7108 0
      vertex 4.71646 13.1816 0.5
    endloop
  endfacet
  facet normal -0.120929 -0.696789 -0.707009
    outer loop
      vertex -2.05423 -13.8485 0.5
      vertex -2.73126 -13.731 0.5
      vertex -1.98086 -13.3539 0
    endloop
  endfacet
  facet normal -0.701891 0.0865541 -0.707006
    outer loop
      vertex -13.435 1.32323 0
      vertex -13.9326 1.37224 0.5
      vertex -13.8485 2.05423 0.5
    endloop
  endfacet
  facet normal 0.0245942 -0.999698 0
    outer loop
      vertex 0 -14 0.5
      vertex 0.686947 -13.9831 29
      vertex 0 -14 29
    endloop
  endfacet
  facet normal 0.0245942 -0.999698 0
    outer loop
      vertex 0.686947 -13.9831 29
      vertex 0 -14 0.5
      vertex 0.686947 -13.9831 0.5
    endloop
  endfacet
  facet normal 0.120924 -0.696794 -0.707005
    outer loop
      vertex 2.73126 -13.731 0.5
      vertex 1.98086 -13.3539 0
      vertex 2.63372 -13.2406 0
    endloop
  endfacet
  facet normal -0.120924 -0.696794 -0.707005
    outer loop
      vertex -1.98086 -13.3539 0
      vertex -2.73126 -13.731 0.5
      vertex -2.63372 -13.2406 0
    endloop
  endfacet
  facet normal 0.949507 0.313747 0
    outer loop
      vertex 13.3972 4.06398 29
      vertex 13.1816 4.71646 0.5
      vertex 13.1816 4.71646 29
    endloop
  endfacet
  facet normal 0.949507 0.313747 0
    outer loop
      vertex 13.1816 4.71646 0.5
      vertex 13.3972 4.06398 29
      vertex 13.3972 4.06398 0.5
    endloop
  endfacet
  facet normal -0.705298 0.0519782 -0.707002
    outer loop
      vertex -13.4837 0.662414 0
      vertex -13.9831 0.686947 0.5
      vertex -13.435 1.32323 0
    endloop
  endfacet
  facet normal -0.985272 -0.170996 0
    outer loop
      vertex -13.731 -2.73126 0.5
      vertex -13.8485 -2.05423 29
      vertex -13.8485 -2.05423 0.5
    endloop
  endfacet
  facet normal -0.985272 -0.170996 0
    outer loop
      vertex -13.8485 -2.05423 29
      vertex -13.731 -2.73126 0.5
      vertex -13.731 -2.73126 29
    endloop
  endfacet
  facet normal 0.254529 -0.659851 -0.706974
    outer loop
      vertex 5.35757 -12.9343 0.5
      vertex 4.71646 -13.1816 0.5
      vertex 5.16623 -12.4724 0
    endloop
  endfacet
  facet normal 0.0865579 -0.701888 -0.707009
    outer loop
      vertex 2.05423 -13.8485 0.5
      vertex 1.32323 -13.435 0
      vertex 1.98086 -13.3539 0
    endloop
  endfacet
  facet normal -0.535511 -0.461931 -0.706999
    outer loop
      vertex -10.0028 -9.06605 0
      vertex -10.8221 -8.88151 0.5
      vertex -10.4356 -8.56431 0
    endloop
  endfacet
  facet normal -0.221882 -0.671483 -0.707021
    outer loop
      vertex -3.91884 -12.9187 0
      vertex -4.71646 -13.1816 0.5
      vertex -4.54801 -12.7108 0
    endloop
  endfacet
  facet normal 0.154972 0.690021 -0.707004
    outer loop
      vertex 3.28023 13.0954 0
      vertex 2.63372 13.2406 0
      vertex 2.73126 13.731 0.5
    endloop
  endfacet
  facet normal -0.219161 -0.975689 0
    outer loop
      vertex -3.40172 -13.5804 0.5
      vertex -2.73126 -13.731 29
      vertex -3.40172 -13.5804 29
    endloop
  endfacet
  facet normal -0.219161 -0.975689 -0
    outer loop
      vertex -2.73126 -13.731 29
      vertex -3.40172 -13.5804 0.5
      vertex -2.73126 -13.731 0.5
    endloop
  endfacet
  facet normal -0.963803 0.266615 0
    outer loop
      vertex -13.5804 3.40172 0.5
      vertex -13.3972 4.06398 29
      vertex -13.3972 4.06398 0.5
    endloop
  endfacet
  facet normal -0.963803 0.266615 0
    outer loop
      vertex -13.3972 4.06398 29
      vertex -13.5804 3.40172 0.5
      vertex -13.5804 3.40172 29
    endloop
  endfacet
  facet normal 0.407173 0.578196 -0.707036
    outer loop
      vertex 8.04194 10.8433 0
      vertex 7.5002 11.2248 0
      vertex 7.77798 11.6406 0.5
    endloop
  endfacet
  facet normal 0.120924 0.696794 -0.707005
    outer loop
      vertex 2.63372 13.2406 0
      vertex 1.98086 13.3539 0
      vertex 2.73126 13.731 0.5
    endloop
  endfacet
  facet normal -0.575836 0.817565 0
    outer loop
      vertex -7.77798 11.6406 0.5
      vertex -8.33979 11.2449 29
      vertex -7.77798 11.6406 29
    endloop
  endfacet
  facet normal -0.575836 0.817565 0
    outer loop
      vertex -8.33979 11.2449 29
      vertex -7.77798 11.6406 0.5
      vertex -8.33979 11.2449 0.5
    endloop
  endfacet
  facet normal 0.512205 -0.487649 -0.706997
    outer loop
      vertex 9.89949 -9.89949 0.5
      vertex 9.54594 -9.54594 0
      vertex 10.3733 -9.40182 0.5
    endloop
  endfacet
  facet normal 0.487628 -0.512209 -0.707008
    outer loop
      vertex 9.40182 -10.3733 0.5
      vertex 9.06605 -10.0028 0
      vertex 9.54594 -9.54594 0
    endloop
  endfacet
  facet normal 0.914189 0.405288 0
    outer loop
      vertex 12.9343 5.35757 29
      vertex 12.6558 5.98577 0.5
      vertex 12.6558 5.98577 29
    endloop
  endfacet
  facet normal 0.914189 0.405288 0
    outer loop
      vertex 12.6558 5.98577 0.5
      vertex 12.9343 5.35757 29
      vertex 12.9343 5.35757 0.5
    endloop
  endfacet
  facet normal 0.254529 0.659851 -0.706974
    outer loop
      vertex 5.16623 12.4724 0
      vertex 4.71646 13.1816 0.5
      vertex 5.35757 12.9343 0.5
    endloop
  endfacet
  facet normal -0.188557 0.681624 -0.70699
    outer loop
      vertex -3.28023 13.0954 0
      vertex -4.06398 13.3972 0.5
      vertex -3.40172 13.5804 0.5
    endloop
  endfacet
  facet normal -0.188591 -0.681584 -0.70702
    outer loop
      vertex -3.28023 -13.0954 0
      vertex -4.06398 -13.3972 0.5
      vertex -3.91884 -12.9187 0
    endloop
  endfacet
  facet normal 0.254447 -0.659832 -0.707021
    outer loop
      vertex 4.71646 -13.1816 0.5
      vertex 4.54801 -12.7108 0
      vertex 5.16623 -12.4724 0
    endloop
  endfacet
  facet normal -0.254529 0.659851 -0.706974
    outer loop
      vertex -5.16623 12.4724 0
      vertex -5.35757 12.9343 0.5
      vertex -4.71646 13.1816 0.5
    endloop
  endfacet
  facet normal 0.286589 0.646571 -0.706974
    outer loop
      vertex 5.77199 12.2039 0
      vertex 5.16623 12.4724 0
      vertex 5.35757 12.9343 0.5
    endloop
  endfacet
  facet normal -0.997296 -0.0734918 0
    outer loop
      vertex -13.9326 -1.37224 0.5
      vertex -13.9831 -0.686947 29
      vertex -13.9831 -0.686947 0.5
    endloop
  endfacet
  facet normal -0.997296 -0.0734918 0
    outer loop
      vertex -13.9831 -0.686947 29
      vertex -13.9326 -1.37224 0.5
      vertex -13.9326 -1.37224 29
    endloop
  endfacet
  facet normal -0.893254 -0.449552 0
    outer loop
      vertex -12.3469 -6.59955 0.5
      vertex -12.6558 -5.98577 29
      vertex -12.6558 -5.98577 0.5
    endloop
  endfacet
  facet normal -0.893254 -0.449552 0
    outer loop
      vertex -12.6558 -5.98577 29
      vertex -12.3469 -6.59955 0.5
      vertex -12.3469 -6.59955 29
    endloop
  endfacet
  facet normal 0.681584 0.188591 -0.70702
    outer loop
      vertex 13.0954 3.28023 0
      vertex 12.9187 3.91884 0
      vertex 13.3972 4.06398 0.5
    endloop
  endfacet
  facet normal 0.615319 0.348573 -0.707022
    outer loop
      vertex 11.9059 6.36386 0
      vertex 11.5793 6.94039 0
      vertex 12.3469 6.59955 0.5
    endloop
  endfacet
  facet normal -0.724255 0.689532 0
    outer loop
      vertex -10.3733 9.40182 0.5
      vertex -9.89949 9.89949 29
      vertex -9.89949 9.89949 0.5
    endloop
  endfacet
  facet normal -0.724255 0.689532 0
    outer loop
      vertex -9.89949 9.89949 29
      vertex -10.3733 9.40182 0.5
      vertex -10.3733 9.40182 29
    endloop
  endfacet
  facet normal -0.689532 0.724255 0
    outer loop
      vertex -9.40182 10.3733 0.5
      vertex -9.89949 9.89949 29
      vertex -9.40182 10.3733 29
    endloop
  endfacet
  facet normal -0.689532 0.724255 0
    outer loop
      vertex -9.89949 9.89949 29
      vertex -9.40182 10.3733 0.5
      vertex -9.89949 9.89949 0.5
    endloop
  endfacet
  facet normal -0.844869 0.534974 0
    outer loop
      vertex -12.0082 7.19744 0.5
      vertex -11.6406 7.77798 29
      vertex -11.6406 7.77798 0.5
    endloop
  endfacet
  facet normal -0.844869 0.534974 0
    outer loop
      vertex -11.6406 7.77798 29
      vertex -12.0082 7.19744 0.5
      vertex -12.0082 7.19744 29
    endloop
  endfacet
  facet normal 0.318027 0.631646 -0.707023
    outer loop
      vertex 6.36386 11.9059 0
      vertex 5.77199 12.2039 0
      vertex 6.59955 12.3469 0.5
    endloop
  endfacet
  facet normal 0.221882 0.671483 -0.707021
    outer loop
      vertex 4.54801 12.7108 0
      vertex 3.91884 12.9187 0
      vertex 4.71646 13.1816 0.5
    endloop
  endfacet
  facet normal 0.051974 -0.705296 -0.707005
    outer loop
      vertex 1.37224 -13.9326 0.5
      vertex 0.686947 -13.9831 0.5
      vertex 1.32323 -13.435 0
    endloop
  endfacet
  facet normal 0.689532 -0.724255 0
    outer loop
      vertex 9.40182 -10.3733 0.5
      vertex 9.89949 -9.89949 29
      vertex 9.40182 -10.3733 29
    endloop
  endfacet
  facet normal 0.689532 -0.724255 0
    outer loop
      vertex 9.89949 -9.89949 29
      vertex 9.40182 -10.3733 0.5
      vertex 9.89949 -9.89949 0.5
    endloop
  endfacet
  facet normal 0.992482 0.122389 0
    outer loop
      vertex 13.9326 1.37224 29
      vertex 13.8485 2.05423 0.5
      vertex 13.8485 2.05423 29
    endloop
  endfacet
  facet normal 0.992482 0.122389 0
    outer loop
      vertex 13.8485 2.05423 0.5
      vertex 13.9326 1.37224 29
      vertex 13.9326 1.37224 0.5
    endloop
  endfacet
  facet normal 0.407173 -0.578196 -0.707036
    outer loop
      vertex 7.77798 -11.6406 0.5
      vertex 7.5002 -11.2248 0
      vertex 8.04194 -10.8433 0
    endloop
  endfacet
  facet normal 0.435126 -0.55751 -0.706999
    outer loop
      vertex 8.88151 -10.8221 0.5
      vertex 8.04194 -10.8433 0
      vertex 8.56431 -10.4356 0
    endloop
  endfacet
  facet normal 0.535513 0.461914 -0.707009
    outer loop
      vertex 10.8221 8.88151 0.5
      vertex 10.0028 9.06605 0
      vertex 10.3733 9.40182 0.5
    endloop
  endfacet
  facet normal 0.286589 -0.646571 -0.706974
    outer loop
      vertex 5.35757 -12.9343 0.5
      vertex 5.16623 -12.4724 0
      vertex 5.77199 -12.2039 0
    endloop
  endfacet
  facet normal -0.0865579 -0.701888 -0.707009
    outer loop
      vertex -1.32323 -13.435 0
      vertex -2.05423 -13.8485 0.5
      vertex -1.98086 -13.3539 0
    endloop
  endfacet
  facet normal 0.696789 0.120929 -0.707009
    outer loop
      vertex 13.8485 2.05423 0.5
      vertex 13.3539 1.98086 0
      vertex 13.731 2.73126 0.5
    endloop
  endfacet
  facet normal 0.55751 0.435126 -0.706999
    outer loop
      vertex 10.8433 8.04194 0
      vertex 10.4356 8.56431 0
      vertex 10.8221 8.88151 0.5
    endloop
  endfacet
  facet normal -0.378341 0.597458 -0.707037
    outer loop
      vertex -7.5002 11.2248 0
      vertex -7.77798 11.6406 0.5
      vertex -6.94039 11.5793 0
    endloop
  endfacet
  facet normal 0.844869 0.534974 0
    outer loop
      vertex 12.0082 7.19744 29
      vertex 11.6406 7.77798 0.5
      vertex 11.6406 7.77798 29
    endloop
  endfacet
  facet normal 0.844869 0.534974 0
    outer loop
      vertex 11.6406 7.77798 0.5
      vertex 12.0082 7.19744 29
      vertex 12.0082 7.19744 0.5
    endloop
  endfacet
  facet normal 0.949507 -0.313747 0
    outer loop
      vertex 13.1816 -4.71646 29
      vertex 13.3972 -4.06398 0.5
      vertex 13.3972 -4.06398 29
    endloop
  endfacet
  facet normal 0.949507 -0.313747 0
    outer loop
      vertex 13.3972 -4.06398 0.5
      vertex 13.1816 -4.71646 29
      vertex 13.1816 -4.71646 0.5
    endloop
  endfacet
  facet normal 0.999698 -0.0245942 0
    outer loop
      vertex 13.9831 -0.686947 29
      vertex 14 0 0.5
      vertex 14 0 29
    endloop
  endfacet
  facet normal 0.999698 -0.0245942 0
    outer loop
      vertex 14 0 0.5
      vertex 13.9831 -0.686947 29
      vertex 13.9831 -0.686947 0.5
    endloop
  endfacet
  facet normal -0.992482 -0.122389 0
    outer loop
      vertex -13.8485 -2.05423 0.5
      vertex -13.9326 -1.37224 29
      vertex -13.9326 -1.37224 0.5
    endloop
  endfacet
  facet normal -0.992482 -0.122389 0
    outer loop
      vertex -13.9326 -1.37224 29
      vertex -13.8485 -2.05423 0.5
      vertex -13.8485 -2.05423 29
    endloop
  endfacet
  facet normal -0.0173971 0.706997 -0.707002
    outer loop
      vertex -0.662414 13.4837 0
      vertex -0.686947 13.9831 0.5
      vertex 0 13.5 0
    endloop
  endfacet
  facet normal 0.487649 0.512205 -0.706997
    outer loop
      vertex 9.54594 9.54594 0
      vertex 9.40182 10.3733 0.5
      vertex 9.89949 9.89949 0.5
    endloop
  endfacet
  facet normal 0.487628 0.512209 -0.707008
    outer loop
      vertex 9.54594 9.54594 0
      vertex 9.06605 10.0028 0
      vertex 9.40182 10.3733 0.5
    endloop
  endfacet
  facet normal -0.681624 -0.188557 -0.70699
    outer loop
      vertex -13.3972 -4.06398 0.5
      vertex -13.5804 -3.40172 0.5
      vertex -13.0954 -3.28023 0
    endloop
  endfacet
  facet normal 0.817565 0.575836 0
    outer loop
      vertex 11.6406 7.77798 29
      vertex 11.2449 8.33979 0.5
      vertex 11.2449 8.33979 29
    endloop
  endfacet
  facet normal 0.817565 0.575836 0
    outer loop
      vertex 11.2449 8.33979 0.5
      vertex 11.6406 7.77798 29
      vertex 11.6406 7.77798 0.5
    endloop
  endfacet
  facet normal -0.615319 -0.348573 -0.707022
    outer loop
      vertex -12.0082 -7.19744 0.5
      vertex -12.3469 -6.59955 0.5
      vertex -11.5793 -6.94039 0
    endloop
  endfacet
  facet normal 0.893254 0.449552 0
    outer loop
      vertex 12.6558 5.98577 29
      vertex 12.3469 6.59955 0.5
      vertex 12.3469 6.59955 29
    endloop
  endfacet
  facet normal 0.893254 0.449552 0
    outer loop
      vertex 12.3469 6.59955 0.5
      vertex 12.6558 5.98577 29
      vertex 12.6558 5.98577 0.5
    endloop
  endfacet
  facet normal -0.55751 -0.435126 -0.706999
    outer loop
      vertex -10.8221 -8.88151 0.5
      vertex -10.8433 -8.04194 0
      vertex -10.4356 -8.56431 0
    endloop
  endfacet
  facet normal 0.557512 -0.435125 -0.706998
    outer loop
      vertex 11.2449 -8.33979 0.5
      vertex 10.8221 -8.88151 0.5
      vertex 10.8433 -8.04194 0
    endloop
  endfacet
  facet normal 0.659851 0.254529 -0.706974
    outer loop
      vertex 13.1816 4.71646 0.5
      vertex 12.4724 5.16623 0
      vertex 12.9343 5.35757 0.5
    endloop
  endfacet
  facet normal -0.405288 0.914189 0
    outer loop
      vertex -5.35757 12.9343 0.5
      vertex -5.98577 12.6558 29
      vertex -5.35757 12.9343 29
    endloop
  endfacet
  facet normal -0.405288 0.914189 0
    outer loop
      vertex -5.98577 12.6558 29
      vertex -5.35757 12.9343 0.5
      vertex -5.98577 12.6558 0.5
    endloop
  endfacet
  facet normal 0.534974 -0.844869 0
    outer loop
      vertex 7.19744 -12.0082 0.5
      vertex 7.77798 -11.6406 29
      vertex 7.19744 -12.0082 29
    endloop
  endfacet
  facet normal 0.534974 -0.844869 0
    outer loop
      vertex 7.77798 -11.6406 29
      vertex 7.19744 -12.0082 0.5
      vertex 7.77798 -11.6406 0.5
    endloop
  endfacet
  facet normal -0.817565 -0.575836 0
    outer loop
      vertex -11.2449 -8.33979 0.5
      vertex -11.6406 -7.77798 29
      vertex -11.6406 -7.77798 0.5
    endloop
  endfacet
  facet normal -0.817565 -0.575836 0
    outer loop
      vertex -11.6406 -7.77798 29
      vertex -11.2449 -8.33979 0.5
      vertex -11.2449 -8.33979 29
    endloop
  endfacet
  facet normal 0.0519782 0.705298 -0.707002
    outer loop
      vertex 1.32323 13.435 0
      vertex 0.662414 13.4837 0
      vertex 0.686947 13.9831 0.5
    endloop
  endfacet
  facet normal 0.724255 -0.689532 0
    outer loop
      vertex 9.89949 -9.89949 29
      vertex 10.3733 -9.40182 0.5
      vertex 10.3733 -9.40182 29
    endloop
  endfacet
  facet normal 0.724255 -0.689532 0
    outer loop
      vertex 10.3733 -9.40182 0.5
      vertex 9.89949 -9.89949 29
      vertex 9.89949 -9.89949 0.5
    endloop
  endfacet
  facet normal -0.0865541 0.701891 -0.707006
    outer loop
      vertex -1.32323 13.435 0
      vertex -2.05423 13.8485 0.5
      vertex -1.37224 13.9326 0.5
    endloop
  endfacet
  facet normal -0.286589 0.646571 -0.706974
    outer loop
      vertex -5.16623 12.4724 0
      vertex -5.77199 12.2039 0
      vertex -5.35757 12.9343 0.5
    endloop
  endfacet
  facet normal -0.254447 0.659832 -0.707021
    outer loop
      vertex -4.54801 12.7108 0
      vertex -5.16623 12.4724 0
      vertex -4.71646 13.1816 0.5
    endloop
  endfacet
  facet normal 0.154996 -0.69003 -0.70699
    outer loop
      vertex 3.40172 -13.5804 0.5
      vertex 2.73126 -13.731 0.5
      vertex 3.28023 -13.0954 0
    endloop
  endfacet
  facet normal 0.757225 -0.653154 0
    outer loop
      vertex 10.3733 -9.40182 29
      vertex 10.8221 -8.88151 0.5
      vertex 10.8221 -8.88151 29
    endloop
  endfacet
  facet normal 0.757225 -0.653154 0
    outer loop
      vertex 10.8221 -8.88151 0.5
      vertex 10.3733 -9.40182 29
      vertex 10.3733 -9.40182 0.5
    endloop
  endfacet
  facet normal 0.535513 -0.461914 -0.707009
    outer loop
      vertex 10.3733 -9.40182 0.5
      vertex 10.0028 -9.06605 0
      vertex 10.8221 -8.88151 0.5
    endloop
  endfacet
  facet normal 0.122389 -0.992482 0
    outer loop
      vertex 1.37224 -13.9326 0.5
      vertex 2.05423 -13.8485 29
      vertex 1.37224 -13.9326 29
    endloop
  endfacet
  facet normal 0.122389 -0.992482 0
    outer loop
      vertex 2.05423 -13.8485 29
      vertex 1.37224 -13.9326 0.5
      vertex 2.05423 -13.8485 0.5
    endloop
  endfacet
  facet normal -0.317956 0.631773 -0.706942
    outer loop
      vertex -5.77199 12.2039 0
      vertex -6.59955 12.3469 0.5
      vertex -5.98577 12.6558 0.5
    endloop
  endfacet
  facet normal 0.575836 -0.817565 0
    outer loop
      vertex 7.77798 -11.6406 0.5
      vertex 8.33979 -11.2449 29
      vertex 7.77798 -11.6406 29
    endloop
  endfacet
  facet normal 0.575836 -0.817565 0
    outer loop
      vertex 8.33979 -11.2449 29
      vertex 7.77798 -11.6406 0.5
      vertex 8.33979 -11.2449 0.5
    endloop
  endfacet
  facet normal 0.696789 -0.120929 -0.707009
    outer loop
      vertex 13.731 -2.73126 0.5
      vertex 13.3539 -1.98086 0
      vertex 13.8485 -2.05423 0.5
    endloop
  endfacet
  facet normal -0.631773 -0.317956 -0.706942
    outer loop
      vertex -12.3469 -6.59955 0.5
      vertex -12.6558 -5.98577 0.5
      vertex -12.2039 -5.77199 0
    endloop
  endfacet
  facet normal -0.0519782 0.705298 -0.707002
    outer loop
      vertex -0.662414 13.4837 0
      vertex -1.32323 13.435 0
      vertex -0.686947 13.9831 0.5
    endloop
  endfacet
  facet normal -0.0865579 0.701888 -0.707009
    outer loop
      vertex -1.98086 13.3539 0
      vertex -2.05423 13.8485 0.5
      vertex -1.32323 13.435 0
    endloop
  endfacet
  facet normal -0.0734918 -0.997296 0
    outer loop
      vertex -1.37224 -13.9326 0.5
      vertex -0.686947 -13.9831 29
      vertex -1.37224 -13.9326 29
    endloop
  endfacet
  facet normal -0.0734918 -0.997296 -0
    outer loop
      vertex -0.686947 -13.9831 29
      vertex -1.37224 -13.9326 0.5
      vertex -0.686947 -13.9831 0.5
    endloop
  endfacet
  facet normal 0.188591 -0.681584 -0.70702
    outer loop
      vertex 4.06398 -13.3972 0.5
      vertex 3.28023 -13.0954 0
      vertex 3.91884 -12.9187 0
    endloop
  endfacet
  facet normal 0.22188 -0.671486 -0.707019
    outer loop
      vertex 4.06398 -13.3972 0.5
      vertex 3.91884 -12.9187 0
      vertex 4.71646 -13.1816 0.5
    endloop
  endfacet
  facet normal -0.318027 0.631646 -0.707023
    outer loop
      vertex -6.36386 11.9059 0
      vertex -6.59955 12.3469 0.5
      vertex -5.77199 12.2039 0
    endloop
  endfacet
  facet normal -0.359891 -0.932994 0
    outer loop
      vertex -5.35757 -12.9343 0.5
      vertex -4.71646 -13.1816 29
      vertex -5.35757 -12.9343 29
    endloop
  endfacet
  facet normal -0.359891 -0.932994 -0
    outer loop
      vertex -4.71646 -13.1816 29
      vertex -5.35757 -12.9343 0.5
      vertex -4.71646 -13.1816 0.5
    endloop
  endfacet
  facet normal -0.512205 -0.487649 -0.706997
    outer loop
      vertex -9.89949 -9.89949 0.5
      vertex -10.3733 -9.40182 0.5
      vertex -9.54594 -9.54594 0
    endloop
  endfacet
  facet normal 0.701888 0.0865579 -0.707009
    outer loop
      vertex 13.435 1.32323 0
      vertex 13.3539 1.98086 0
      vertex 13.8485 2.05423 0.5
    endloop
  endfacet
  facet normal -0.646582 0.286649 -0.70694
    outer loop
      vertex -12.2039 5.77199 0
      vertex -12.9343 5.35757 0.5
      vertex -12.6558 5.98577 0.5
    endloop
  endfacet
  facet normal 0.681584 -0.188591 -0.70702
    outer loop
      vertex 13.3972 -4.06398 0.5
      vertex 12.9187 -3.91884 0
      vertex 13.0954 -3.28023 0
    endloop
  endfacet
  facet normal -0.975689 -0.219161 0
    outer loop
      vertex -13.5804 -3.40172 0.5
      vertex -13.731 -2.73126 29
      vertex -13.731 -2.73126 0.5
    endloop
  endfacet
  facet normal -0.975689 -0.219161 0
    outer loop
      vertex -13.731 -2.73126 29
      vertex -13.5804 -3.40172 0.5
      vertex -13.5804 -3.40172 29
    endloop
  endfacet
  facet normal 0.578194 0.40724 -0.706999
    outer loop
      vertex 11.6406 7.77798 0.5
      vertex 10.8433 8.04194 0
      vertex 11.2449 8.33979 0.5
    endloop
  endfacet
  facet normal -0.378329 0.597485 -0.707021
    outer loop
      vertex -6.94039 11.5793 0
      vertex -7.77798 11.6406 0.5
      vertex -7.19744 12.0082 0.5
    endloop
  endfacet
  facet normal -0.154996 -0.69003 -0.70699
    outer loop
      vertex -2.73126 -13.731 0.5
      vertex -3.40172 -13.5804 0.5
      vertex -3.28023 -13.0954 0
    endloop
  endfacet
  facet normal -0.449552 0.893254 0
    outer loop
      vertex -5.98577 12.6558 0.5
      vertex -6.59955 12.3469 29
      vertex -5.98577 12.6558 29
    endloop
  endfacet
  facet normal -0.449552 0.893254 0
    outer loop
      vertex -6.59955 12.3469 29
      vertex -5.98577 12.6558 0.5
      vertex -6.59955 12.3469 0.5
    endloop
  endfacet
  facet normal -0.975689 0.219161 0
    outer loop
      vertex -13.731 2.73126 0.5
      vertex -13.5804 3.40172 29
      vertex -13.5804 3.40172 0.5
    endloop
  endfacet
  facet normal -0.975689 0.219161 0
    outer loop
      vertex -13.5804 3.40172 29
      vertex -13.731 2.73126 0.5
      vertex -13.731 2.73126 29
    endloop
  endfacet
  facet normal -0.254529 -0.659851 -0.706974
    outer loop
      vertex -4.71646 -13.1816 0.5
      vertex -5.35757 -12.9343 0.5
      vertex -5.16623 -12.4724 0
    endloop
  endfacet
  facet normal -0.653154 0.757225 0
    outer loop
      vertex -8.88151 10.8221 0.5
      vertex -9.40182 10.3733 29
      vertex -8.88151 10.8221 29
    endloop
  endfacet
  facet normal -0.653154 0.757225 0
    outer loop
      vertex -9.40182 10.3733 29
      vertex -8.88151 10.8221 0.5
      vertex -9.40182 10.3733 0.5
    endloop
  endfacet
  facet normal -0.696789 0.120929 -0.707009
    outer loop
      vertex -13.3539 1.98086 0
      vertex -13.8485 2.05423 0.5
      vertex -13.731 2.73126 0.5
    endloop
  endfacet
  facet normal -0.701888 0.0865579 -0.707009
    outer loop
      vertex -13.435 1.32323 0
      vertex -13.8485 2.05423 0.5
      vertex -13.3539 1.98086 0
    endloop
  endfacet
  facet normal 0.69003 0.154996 -0.70699
    outer loop
      vertex 13.731 2.73126 0.5
      vertex 13.0954 3.28023 0
      vertex 13.5804 3.40172 0.5
    endloop
  endfacet
  facet normal -0.435125 -0.557512 -0.706998
    outer loop
      vertex -8.33979 -11.2449 0.5
      vertex -8.88151 -10.8221 0.5
      vertex -8.04194 -10.8433 0
    endloop
  endfacet
  facet normal -0.40724 -0.578194 -0.706999
    outer loop
      vertex -7.77798 -11.6406 0.5
      vertex -8.33979 -11.2449 0.5
      vertex -8.04194 -10.8433 0
    endloop
  endfacet
  facet normal -0.963803 -0.266615 0
    outer loop
      vertex -13.3972 -4.06398 0.5
      vertex -13.5804 -3.40172 29
      vertex -13.5804 -3.40172 0.5
    endloop
  endfacet
  facet normal -0.963803 -0.266615 0
    outer loop
      vertex -13.5804 -3.40172 29
      vertex -13.3972 -4.06398 0.5
      vertex -13.3972 -4.06398 29
    endloop
  endfacet
  facet normal -0.557512 0.435125 -0.706998
    outer loop
      vertex -10.8433 8.04194 0
      vertex -11.2449 8.33979 0.5
      vertex -10.8221 8.88151 0.5
    endloop
  endfacet
  facet normal 0.724255 0.689532 0
    outer loop
      vertex 10.3733 9.40182 29
      vertex 9.89949 9.89949 0.5
      vertex 9.89949 9.89949 29
    endloop
  endfacet
  facet normal 0.724255 0.689532 0
    outer loop
      vertex 9.89949 9.89949 0.5
      vertex 10.3733 9.40182 29
      vertex 10.3733 9.40182 0.5
    endloop
  endfacet
  facet normal -0.487628 -0.512209 -0.707008
    outer loop
      vertex -9.40182 -10.3733 0.5
      vertex -9.54594 -9.54594 0
      vertex -9.06605 -10.0028 0
    endloop
  endfacet
  facet normal -0.997296 0.0734918 0
    outer loop
      vertex -13.9831 0.686947 0.5
      vertex -13.9326 1.37224 29
      vertex -13.9326 1.37224 0.5
    endloop
  endfacet
  facet normal -0.997296 0.0734918 0
    outer loop
      vertex -13.9326 1.37224 29
      vertex -13.9831 0.686947 0.5
      vertex -13.9831 0.686947 29
    endloop
  endfacet
  facet normal -0.705296 0.051974 -0.707005
    outer loop
      vertex -13.435 1.32323 0
      vertex -13.9831 0.686947 0.5
      vertex -13.9326 1.37224 0.5
    endloop
  endfacet
  facet normal 0.706997 0.0173971 -0.707002
    outer loop
      vertex 13.5 0 0
      vertex 13.4837 0.662414 0
      vertex 13.9831 0.686947 0.5
    endloop
  endfacet
  facet normal -0.706997 -0.0173971 -0.707002
    outer loop
      vertex -13.4837 -0.662414 0
      vertex -13.9831 -0.686947 0.5
      vertex -13.5 0 0
    endloop
  endfacet
  facet normal -0.615319 0.348573 -0.707022
    outer loop
      vertex -11.5793 6.94039 0
      vertex -12.3469 6.59955 0.5
      vertex -12.0082 7.19744 0.5
    endloop
  endfacet
  facet normal -0.461914 0.535513 -0.707009
    outer loop
      vertex -9.06605 10.0028 0
      vertex -9.40182 10.3733 0.5
      vertex -8.88151 10.8221 0.5
    endloop
  endfacet
  facet normal -0.646582 -0.286649 -0.70694
    outer loop
      vertex -12.6558 -5.98577 0.5
      vertex -12.9343 -5.35757 0.5
      vertex -12.2039 -5.77199 0
    endloop
  endfacet
  facet normal -0.597485 -0.378329 -0.707021
    outer loop
      vertex -11.6406 -7.77798 0.5
      vertex -12.0082 -7.19744 0.5
      vertex -11.5793 -6.94039 0
    endloop
  endfacet
  facet normal 0.359891 0.932994 -0
    outer loop
      vertex 5.35757 12.9343 0.5
      vertex 4.71646 13.1816 29
      vertex 5.35757 12.9343 29
    endloop
  endfacet
  facet normal 0.359891 0.932994 0
    outer loop
      vertex 4.71646 13.1816 29
      vertex 5.35757 12.9343 0.5
      vertex 4.71646 13.1816 0.5
    endloop
  endfacet
  facet normal -0.122389 0.992482 0
    outer loop
      vertex -1.37224 13.9326 0.5
      vertex -2.05423 13.8485 29
      vertex -1.37224 13.9326 29
    endloop
  endfacet
  facet normal -0.122389 0.992482 0
    outer loop
      vertex -2.05423 13.8485 29
      vertex -1.37224 13.9326 0.5
      vertex -2.05423 13.8485 0.5
    endloop
  endfacet
  facet normal -0.348573 0.615319 -0.707022
    outer loop
      vertex -6.36386 11.9059 0
      vertex -6.94039 11.5793 0
      vertex -6.59955 12.3469 0.5
    endloop
  endfacet
  facet normal -0.0519782 -0.705298 -0.707002
    outer loop
      vertex -0.686947 -13.9831 0.5
      vertex -1.32323 -13.435 0
      vertex -0.662414 -13.4837 0
    endloop
  endfacet
  facet normal -0.461914 -0.535513 -0.707009
    outer loop
      vertex -8.88151 -10.8221 0.5
      vertex -9.40182 -10.3733 0.5
      vertex -9.06605 -10.0028 0
    endloop
  endfacet
  facet normal -0.659851 -0.254529 -0.706974
    outer loop
      vertex -12.9343 -5.35757 0.5
      vertex -13.1816 -4.71646 0.5
      vertex -12.4724 -5.16623 0
    endloop
  endfacet
  facet normal -0.631646 0.318027 -0.707023
    outer loop
      vertex -12.2039 5.77199 0
      vertex -12.3469 6.59955 0.5
      vertex -11.9059 6.36386 0
    endloop
  endfacet
  facet normal -0.348573 0.615319 -0.707022
    outer loop
      vertex -6.94039 11.5793 0
      vertex -7.19744 12.0082 0.5
      vertex -6.59955 12.3469 0.5
    endloop
  endfacet
  facet normal 0.378341 0.597458 -0.707037
    outer loop
      vertex 7.5002 11.2248 0
      vertex 6.94039 11.5793 0
      vertex 7.77798 11.6406 0.5
    endloop
  endfacet
  facet normal 0.997296 0.0734918 0
    outer loop
      vertex 13.9831 0.686947 29
      vertex 13.9326 1.37224 0.5
      vertex 13.9326 1.37224 29
    endloop
  endfacet
  facet normal 0.997296 0.0734918 0
    outer loop
      vertex 13.9326 1.37224 0.5
      vertex 13.9831 0.686947 29
      vertex 13.9831 0.686947 0.5
    endloop
  endfacet
  facet normal 0 0 1
    outer loop
      vertex 13.9831 0.686947 29
      vertex 13.9831 0.686935 29
      vertex 14 0 29
    endloop
  endfacet
  facet normal 0 0 1
    outer loop
      vertex 13.9831 0.686947 29
      vertex 13.9326 1.37224 29
      vertex 13.9831 0.686935 29
    endloop
  endfacet
  facet normal -0 0 1
    outer loop
      vertex 13.8485 2.05421 29
      vertex 13.9326 1.37224 29
      vertex 13.8485 2.05423 29
    endloop
  endfacet
  facet normal 0 0 1
    outer loop
      vertex 13.8485 2.05423 29
      vertex 13.731 2.73126 29
      vertex 13.8485 2.05421 29
    endloop
  endfacet
  facet normal -0 0 1
    outer loop
      vertex 13.1816 4.71645 29
      vertex 13.3972 4.06398 29
      vertex 13.1816 4.71646 29
    endloop
  endfacet
  facet normal -0 0 1
    outer loop
      vertex 12.9343 5.35756 29
      vertex 13.1816 4.71646 29
      vertex 12.9343 5.35757 29
    endloop
  endfacet
  facet normal 0 0 1
    outer loop
      vertex 13.1816 4.71646 29
      vertex 12.9343 5.35756 29
      vertex 13.1816 4.71645 29
    endloop
  endfacet
  facet normal -0 0 1
    outer loop
      vertex 12.6558 5.98576 29
      vertex 12.9343 5.35757 29
      vertex 12.6558 5.98577 29
    endloop
  endfacet
  facet normal 0 0 1
    outer loop
      vertex 12.9343 5.35757 29
      vertex 12.6558 5.98576 29
      vertex 12.9343 5.35756 29
    endloop
  endfacet
  facet normal 0 0 1
    outer loop
      vertex 12.6558 5.98577 29
      vertex 12.3469 6.59955 29
      vertex 12.6558 5.98576 29
    endloop
  endfacet
  facet normal -0 0 1
    outer loop
      vertex 12.0082 7.19743 29
      vertex 12.3469 6.59955 29
      vertex 12.0082 7.19744 29
    endloop
  endfacet
  facet normal -0 0 1
    outer loop
      vertex 11.6406 7.77797 29
      vertex 12.0082 7.19744 29
      vertex 11.6406 7.77798 29
    endloop
  endfacet
  facet normal 0 0 1
    outer loop
      vertex 12.0082 7.19744 29
      vertex 11.6406 7.77797 29
      vertex 12.0082 7.19743 29
    endloop
  endfacet
  facet normal -0 0 1
    outer loop
      vertex 11.2449 8.33978 29
      vertex 11.6406 7.77798 29
      vertex 11.2449 8.33979 29
    endloop
  endfacet
  facet normal 0 0 1
    outer loop
      vertex 11.6406 7.77798 29
      vertex 11.2449 8.33978 29
      vertex 11.6406 7.77797 29
    endloop
  endfacet
  facet normal -0 0 1
    outer loop
      vertex 10.8221 8.8815 29
      vertex 11.2449 8.33979 29
      vertex 10.8221 8.88151 29
    endloop
  endfacet
  facet normal 0 0 1
    outer loop
      vertex 11.2449 8.33979 29
      vertex 10.8221 8.8815 29
      vertex 11.2449 8.33978 29
    endloop
  endfacet
  facet normal 0 0 1
    outer loop
      vertex 10.3733 9.40182 29
      vertex 10.8221 8.8815 29
      vertex 10.8221 8.88151 29
    endloop
  endfacet
  facet normal -0 0 1
    outer loop
      vertex 8.8815 10.8221 29
      vertex 9.40182 10.3733 29
      vertex 8.88151 10.8221 29
    endloop
  endfacet
  facet normal 0 0 1
    outer loop
      vertex 8.33979 11.2449 29
      vertex 8.8815 10.8221 29
      vertex 8.88151 10.8221 29
    endloop
  endfacet
  facet normal 0 0 1
    outer loop
      vertex 8.33979 11.2449 29
      vertex 8.33978 11.2449 29
      vertex 8.8815 10.8221 29
    endloop
  endfacet
  facet normal 0 0 1
    outer loop
      vertex 7.77798 11.6406 29
      vertex 8.33978 11.2449 29
      vertex 8.33979 11.2449 29
    endloop
  endfacet
  facet normal 0 0 1
    outer loop
      vertex 7.77798 11.6406 29
      vertex 7.77797 11.6406 29
      vertex 8.33978 11.2449 29
    endloop
  endfacet
  facet normal 0 0 1
    outer loop
      vertex 7.19744 12.0082 29
      vertex 7.77797 11.6406 29
      vertex 7.77798 11.6406 29
    endloop
  endfacet
  facet normal 0 0 1
    outer loop
      vertex 7.19744 12.0082 29
      vertex 7.19743 12.0082 29
      vertex 7.77797 11.6406 29
    endloop
  endfacet
  facet normal 0 0 1
    outer loop
      vertex 6.59955 12.3469 29
      vertex 7.19743 12.0082 29
      vertex 7.19744 12.0082 29
    endloop
  endfacet
  facet normal 0 0 1
    outer loop
      vertex 5.98577 12.6558 29
      vertex 5.98576 12.6558 29
      vertex 6.59955 12.3469 29
    endloop
  endfacet
  facet normal 0 0 1
    outer loop
      vertex 5.35757 12.9343 29
      vertex 5.98576 12.6558 29
      vertex 5.98577 12.6558 29
    endloop
  endfacet
  facet normal 0 0 1
    outer loop
      vertex 5.35757 12.9343 29
      vertex 5.35756 12.9343 29
      vertex 5.98576 12.6558 29
    endloop
  endfacet
  facet normal 0 0 1
    outer loop
      vertex 4.71646 13.1816 29
      vertex 5.35756 12.9343 29
      vertex 5.35757 12.9343 29
    endloop
  endfacet
  facet normal 0 0 1
    outer loop
      vertex 4.71646 13.1816 29
      vertex 4.71645 13.1816 29
      vertex 5.35756 12.9343 29
    endloop
  endfacet
  facet normal 0 0 1
    outer loop
      vertex 4.06398 13.3972 29
      vertex 4.71645 13.1816 29
      vertex 4.71646 13.1816 29
    endloop
  endfacet
  facet normal 0 0 1
    outer loop
      vertex 2.05423 13.8485 29
      vertex 2.05421 13.8485 29
      vertex 2.73126 13.731 29
    endloop
  endfacet
  facet normal 0 0 1
    outer loop
      vertex 1.37224 13.9326 29
      vertex 2.05421 13.8485 29
      vertex 2.05423 13.8485 29
    endloop
  endfacet
  facet normal 0 0 1
    outer loop
      vertex 0.686947 13.9831 29
      vertex 0.686935 13.9831 29
      vertex 1.37224 13.9326 29
    endloop
  endfacet
  facet normal 0 -0 1
    outer loop
      vertex 0.686935 13.9831 29
      vertex 0.686947 13.9831 29
      vertex 0 14 29
    endloop
  endfacet
  facet normal -0 0 1
    outer loop
      vertex 13.9831 -0.686935 29
      vertex 13.9831 -0.686947 29
      vertex 14 0 29
    endloop
  endfacet
  facet normal 0 0 1
    outer loop
      vertex 13.9326 -1.37224 29
      vertex 13.9831 -0.686947 29
      vertex 13.9831 -0.686935 29
    endloop
  endfacet
  facet normal 0 0 1
    outer loop
      vertex 13.9326 -1.37224 29
      vertex 13.8485 -2.05421 29
      vertex 13.8485 -2.05423 29
    endloop
  endfacet
  facet normal 0 0 1
    outer loop
      vertex 13.731 -2.73126 29
      vertex 13.8485 -2.05423 29
      vertex 13.8485 -2.05421 29
    endloop
  endfacet
  facet normal 0 0 1
    outer loop
      vertex 13.3972 -4.06398 29
      vertex 13.1816 -4.71645 29
      vertex 13.1816 -4.71646 29
    endloop
  endfacet
  facet normal 0 0 1
    outer loop
      vertex 12.9343 -5.35756 29
      vertex 13.1816 -4.71646 29
      vertex 13.1816 -4.71645 29
    endloop
  endfacet
  facet normal 0 0 1
    outer loop
      vertex 13.1816 -4.71646 29
      vertex 12.9343 -5.35756 29
      vertex 12.9343 -5.35757 29
    endloop
  endfacet
  facet normal 0 0 1
    outer loop
      vertex 12.6558 -5.98576 29
      vertex 12.9343 -5.35757 29
      vertex 12.9343 -5.35756 29
    endloop
  endfacet
  facet normal 0 0 1
    outer loop
      vertex 12.9343 -5.35757 29
      vertex 12.6558 -5.98576 29
      vertex 12.6558 -5.98577 29
    endloop
  endfacet
  facet normal 0 0 1
    outer loop
      vertex 12.3469 -6.59955 29
      vertex 12.6558 -5.98577 29
      vertex 12.6558 -5.98576 29
    endloop
  endfacet
  facet normal 0 0 1
    outer loop
      vertex 12.3469 -6.59955 29
      vertex 12.0082 -7.19743 29
      vertex 12.0082 -7.19744 29
    endloop
  endfacet
  facet normal 0 0 1
    outer loop
      vertex 11.6406 -7.77797 29
      vertex 12.0082 -7.19744 29
      vertex 12.0082 -7.19743 29
    endloop
  endfacet
  facet normal 0 0 1
    outer loop
      vertex 12.0082 -7.19744 29
      vertex 11.6406 -7.77797 29
      vertex 11.6406 -7.77798 29
    endloop
  endfacet
  facet normal 0 0 1
    outer loop
      vertex 11.2449 -8.33978 29
      vertex 11.6406 -7.77798 29
      vertex 11.6406 -7.77797 29
    endloop
  endfacet
  facet normal 0 0 1
    outer loop
      vertex 11.6406 -7.77798 29
      vertex 11.2449 -8.33978 29
      vertex 11.2449 -8.33979 29
    endloop
  endfacet
  facet normal 0 0 1
    outer loop
      vertex 10.8221 -8.8815 29
      vertex 11.2449 -8.33979 29
      vertex 11.2449 -8.33978 29
    endloop
  endfacet
  facet normal 0 0 1
    outer loop
      vertex 11.2449 -8.33979 29
      vertex 10.8221 -8.8815 29
      vertex 10.8221 -8.88151 29
    endloop
  endfacet
  facet normal 0 0 1
    outer loop
      vertex 10.8221 -8.8815 29
      vertex 10.3733 -9.40182 29
      vertex 10.8221 -8.88151 29
    endloop
  endfacet
  facet normal 0 0 1
    outer loop
      vertex 9.40182 -10.3733 29
      vertex 8.8815 -10.8221 29
      vertex 8.88151 -10.8221 29
    endloop
  endfacet
  facet normal -0 0 1
    outer loop
      vertex 8.8815 -10.8221 29
      vertex 8.33979 -11.2449 29
      vertex 8.88151 -10.8221 29
    endloop
  endfacet
  facet normal 0 0 1
    outer loop
      vertex 8.33978 -11.2449 29
      vertex 8.33979 -11.2449 29
      vertex 8.8815 -10.8221 29
    endloop
  endfacet
  facet normal -0 0 1
    outer loop
      vertex 8.33978 -11.2449 29
      vertex 7.77798 -11.6406 29
      vertex 8.33979 -11.2449 29
    endloop
  endfacet
  facet normal 0 0 1
    outer loop
      vertex 7.77797 -11.6406 29
      vertex 7.77798 -11.6406 29
      vertex 8.33978 -11.2449 29
    endloop
  endfacet
  facet normal -0 0 1
    outer loop
      vertex 7.77797 -11.6406 29
      vertex 7.19744 -12.0082 29
      vertex 7.77798 -11.6406 29
    endloop
  endfacet
  facet normal 0 0 1
    outer loop
      vertex 7.19743 -12.0082 29
      vertex 7.19744 -12.0082 29
      vertex 7.77797 -11.6406 29
    endloop
  endfacet
  facet normal -0 0 1
    outer loop
      vertex 7.19743 -12.0082 29
      vertex 6.59955 -12.3469 29
      vertex 7.19744 -12.0082 29
    endloop
  endfacet
  facet normal 0 0 1
    outer loop
      vertex 5.98576 -12.6558 29
      vertex 5.98577 -12.6558 29
      vertex 6.59955 -12.3469 29
    endloop
  endfacet
  facet normal -0 0 1
    outer loop
      vertex 5.98576 -12.6558 29
      vertex 5.35757 -12.9343 29
      vertex 5.98577 -12.6558 29
    endloop
  endfacet
  facet normal 0 0 1
    outer loop
      vertex 5.35756 -12.9343 29
      vertex 5.35757 -12.9343 29
      vertex 5.98576 -12.6558 29
    endloop
  endfacet
  facet normal -0 0 1
    outer loop
      vertex 5.35756 -12.9343 29
      vertex 4.71646 -13.1816 29
      vertex 5.35757 -12.9343 29
    endloop
  endfacet
  facet normal 0 0 1
    outer loop
      vertex 4.71645 -13.1816 29
      vertex 4.71646 -13.1816 29
      vertex 5.35756 -12.9343 29
    endloop
  endfacet
  facet normal -0 0 1
    outer loop
      vertex 4.71645 -13.1816 29
      vertex 4.06398 -13.3972 29
      vertex 4.71646 -13.1816 29
    endloop
  endfacet
  facet normal 0 0 1
    outer loop
      vertex 2.05421 -13.8485 29
      vertex 2.05423 -13.8485 29
      vertex 2.73126 -13.731 29
    endloop
  endfacet
  facet normal -0 0 1
    outer loop
      vertex 2.05421 -13.8485 29
      vertex 1.37224 -13.9326 29
      vertex 2.05423 -13.8485 29
    endloop
  endfacet
  facet normal 0 0 1
    outer loop
      vertex 0.686935 -13.9831 29
      vertex 0.686947 -13.9831 29
      vertex 1.37224 -13.9326 29
    endloop
  endfacet
  facet normal 0 0 1
    outer loop
      vertex 0.686947 -13.9831 29
      vertex 0.686935 -13.9831 29
      vertex 0 -14 29
    endloop
  endfacet
  facet normal 0 0 1
    outer loop
      vertex -0.686947 13.9831 29
      vertex -0.686935 13.9831 29
      vertex 0 14 29
    endloop
  endfacet
  facet normal -0 0 1
    outer loop
      vertex -0.686947 13.9831 29
      vertex -1.37224 13.9326 29
      vertex -0.686935 13.9831 29
    endloop
  endfacet
  facet normal 0 0 1
    outer loop
      vertex -2.05423 13.8485 29
      vertex -2.05421 13.8485 29
      vertex -1.37224 13.9326 29
    endloop
  endfacet
  facet normal -0 0 1
    outer loop
      vertex -2.05423 13.8485 29
      vertex -2.73126 13.731 29
      vertex -2.05421 13.8485 29
    endloop
  endfacet
  facet normal 0 0 1
    outer loop
      vertex -4.71646 13.1816 29
      vertex -4.71645 13.1816 29
      vertex -4.06398 13.3972 29
    endloop
  endfacet
  facet normal -0 0 1
    outer loop
      vertex -4.71646 13.1816 29
      vertex -5.35756 12.9343 29
      vertex -4.71645 13.1816 29
    endloop
  endfacet
  facet normal 0 0 1
    outer loop
      vertex -5.35757 12.9343 29
      vertex -5.35756 12.9343 29
      vertex -4.71646 13.1816 29
    endloop
  endfacet
  facet normal -0 0 1
    outer loop
      vertex -5.35757 12.9343 29
      vertex -5.98576 12.6558 29
      vertex -5.35756 12.9343 29
    endloop
  endfacet
  facet normal 0 0 1
    outer loop
      vertex -5.98577 12.6558 29
      vertex -5.98576 12.6558 29
      vertex -5.35757 12.9343 29
    endloop
  endfacet
  facet normal -0 0 1
    outer loop
      vertex -5.98577 12.6558 29
      vertex -6.59955 12.3469 29
      vertex -5.98576 12.6558 29
    endloop
  endfacet
  facet normal 0 0 1
    outer loop
      vertex -7.19744 12.0082 29
      vertex -7.19743 12.0082 29
      vertex -6.59955 12.3469 29
    endloop
  endfacet
  facet normal -0 0 1
    outer loop
      vertex -7.19744 12.0082 29
      vertex -7.77797 11.6406 29
      vertex -7.19743 12.0082 29
    endloop
  endfacet
  facet normal 0 0 1
    outer loop
      vertex -7.77798 11.6406 29
      vertex -7.77797 11.6406 29
      vertex -7.19744 12.0082 29
    endloop
  endfacet
  facet normal -0 0 1
    outer loop
      vertex -7.77798 11.6406 29
      vertex -8.33978 11.2449 29
      vertex -7.77797 11.6406 29
    endloop
  endfacet
  facet normal 0 0 1
    outer loop
      vertex -8.33979 11.2449 29
      vertex -8.33978 11.2449 29
      vertex -7.77798 11.6406 29
    endloop
  endfacet
  facet normal -0 0 1
    outer loop
      vertex -8.33979 11.2449 29
      vertex -8.8815 10.8221 29
      vertex -8.33978 11.2449 29
    endloop
  endfacet
  facet normal 0 0 1
    outer loop
      vertex -8.88151 10.8221 29
      vertex -8.8815 10.8221 29
      vertex -8.33979 11.2449 29
    endloop
  endfacet
  facet normal 0 0 1
    outer loop
      vertex -9.40182 10.3733 29
      vertex -8.8815 10.8221 29
      vertex -8.88151 10.8221 29
    endloop
  endfacet
  facet normal -0 0 1
    outer loop
      vertex -10.8221 8.88151 29
      vertex -10.8221 8.8815 29
      vertex -10.3733 9.40182 29
    endloop
  endfacet
  facet normal 0 0 1
    outer loop
      vertex -11.2449 8.33979 29
      vertex -10.8221 8.8815 29
      vertex -10.8221 8.88151 29
    endloop
  endfacet
  facet normal 0 0 1
    outer loop
      vertex -10.8221 8.8815 29
      vertex -11.2449 8.33979 29
      vertex -11.2449 8.33978 29
    endloop
  endfacet
  facet normal 0 0 1
    outer loop
      vertex -11.6406 7.77798 29
      vertex -11.2449 8.33978 29
      vertex -11.2449 8.33979 29
    endloop
  endfacet
  facet normal 0 0 1
    outer loop
      vertex -11.2449 8.33978 29
      vertex -11.6406 7.77798 29
      vertex -11.6406 7.77797 29
    endloop
  endfacet
  facet normal 0 0 1
    outer loop
      vertex -12.0082 7.19744 29
      vertex -11.6406 7.77797 29
      vertex -11.6406 7.77798 29
    endloop
  endfacet
  facet normal 0 0 1
    outer loop
      vertex -11.6406 7.77797 29
      vertex -12.0082 7.19744 29
      vertex -12.0082 7.19743 29
    endloop
  endfacet
  facet normal 0 0 1
    outer loop
      vertex -12.3469 6.59955 29
      vertex -12.0082 7.19743 29
      vertex -12.0082 7.19744 29
    endloop
  endfacet
  facet normal 0 0 1
    outer loop
      vertex -12.3469 6.59955 29
      vertex -12.6558 5.98577 29
      vertex -12.6558 5.98576 29
    endloop
  endfacet
  facet normal 0 0 1
    outer loop
      vertex -12.9343 5.35757 29
      vertex -12.6558 5.98576 29
      vertex -12.6558 5.98577 29
    endloop
  endfacet
  facet normal 0 0 1
    outer loop
      vertex -12.6558 5.98576 29
      vertex -12.9343 5.35757 29
      vertex -12.9343 5.35756 29
    endloop
  endfacet
  facet normal 0 0 1
    outer loop
      vertex -13.1816 4.71646 29
      vertex -12.9343 5.35756 29
      vertex -12.9343 5.35757 29
    endloop
  endfacet
  facet normal 0 0 1
    outer loop
      vertex -12.9343 5.35756 29
      vertex -13.1816 4.71646 29
      vertex -13.1816 4.71645 29
    endloop
  endfacet
  facet normal 0 0 1
    outer loop
      vertex -13.3972 4.06398 29
      vertex -13.1816 4.71645 29
      vertex -13.1816 4.71646 29
    endloop
  endfacet
  facet normal 0 0 1
    outer loop
      vertex -13.731 2.73126 29
      vertex -13.8485 2.05423 29
      vertex -13.8485 2.05421 29
    endloop
  endfacet
  facet normal 0 0 1
    outer loop
      vertex -13.9326 1.37224 29
      vertex -13.8485 2.05421 29
      vertex -13.8485 2.05423 29
    endloop
  endfacet
  facet normal 0 0 1
    outer loop
      vertex -13.9326 1.37224 29
      vertex -13.9831 0.686947 29
      vertex -13.9831 0.686935 29
    endloop
  endfacet
  facet normal 0 -0 1
    outer loop
      vertex -13.9831 0.686935 29
      vertex -13.9831 0.686947 29
      vertex -14 0 29
    endloop
  endfacet
  facet normal 0 0 1
    outer loop
      vertex -0.686935 -13.9831 29
      vertex -0.686947 -13.9831 29
      vertex 0 -14 29
    endloop
  endfacet
  facet normal 0 0 1
    outer loop
      vertex -1.37224 -13.9326 29
      vertex -0.686947 -13.9831 29
      vertex -0.686935 -13.9831 29
    endloop
  endfacet
  facet normal 0 0 1
    outer loop
      vertex -2.05421 -13.8485 29
      vertex -2.05423 -13.8485 29
      vertex -1.37224 -13.9326 29
    endloop
  endfacet
  facet normal 0 0 1
    outer loop
      vertex -2.73126 -13.731 29
      vertex -2.05423 -13.8485 29
      vertex -2.05421 -13.8485 29
    endloop
  endfacet
  facet normal 0 0 1
    outer loop
      vertex -4.71645 -13.1816 29
      vertex -4.71646 -13.1816 29
      vertex -4.06398 -13.3972 29
    endloop
  endfacet
  facet normal 0 0 1
    outer loop
      vertex -5.35756 -12.9343 29
      vertex -4.71646 -13.1816 29
      vertex -4.71645 -13.1816 29
    endloop
  endfacet
  facet normal 0 0 1
    outer loop
      vertex -5.35756 -12.9343 29
      vertex -5.35757 -12.9343 29
      vertex -4.71646 -13.1816 29
    endloop
  endfacet
  facet normal 0 0 1
    outer loop
      vertex -5.98576 -12.6558 29
      vertex -5.35757 -12.9343 29
      vertex -5.35756 -12.9343 29
    endloop
  endfacet
  facet normal 0 0 1
    outer loop
      vertex -5.98576 -12.6558 29
      vertex -5.98577 -12.6558 29
      vertex -5.35757 -12.9343 29
    endloop
  endfacet
  facet normal 0 0 1
    outer loop
      vertex -6.59955 -12.3469 29
      vertex -5.98577 -12.6558 29
      vertex -5.98576 -12.6558 29
    endloop
  endfacet
  facet normal 0 0 1
    outer loop
      vertex -7.19743 -12.0082 29
      vertex -7.19744 -12.0082 29
      vertex -6.59955 -12.3469 29
    endloop
  endfacet
  facet normal 0 0 1
    outer loop
      vertex -7.77797 -11.6406 29
      vertex -7.19744 -12.0082 29
      vertex -7.19743 -12.0082 29
    endloop
  endfacet
  facet normal 0 0 1
    outer loop
      vertex -7.77797 -11.6406 29
      vertex -7.77798 -11.6406 29
      vertex -7.19744 -12.0082 29
    endloop
  endfacet
  facet normal 0 0 1
    outer loop
      vertex -8.33978 -11.2449 29
      vertex -7.77798 -11.6406 29
      vertex -7.77797 -11.6406 29
    endloop
  endfacet
  facet normal 0 0 1
    outer loop
      vertex -8.33978 -11.2449 29
      vertex -8.33979 -11.2449 29
      vertex -7.77798 -11.6406 29
    endloop
  endfacet
  facet normal 0 0 1
    outer loop
      vertex -8.8815 -10.8221 29
      vertex -8.33979 -11.2449 29
      vertex -8.33978 -11.2449 29
    endloop
  endfacet
  facet normal 0 0 1
    outer loop
      vertex -8.8815 -10.8221 29
      vertex -8.88151 -10.8221 29
      vertex -8.33979 -11.2449 29
    endloop
  endfacet
  facet normal 0 0 1
    outer loop
      vertex -8.8815 -10.8221 29
      vertex -9.40182 -10.3733 29
      vertex -8.88151 -10.8221 29
    endloop
  endfacet
  facet normal 0 0 1
    outer loop
      vertex -10.8221 -8.8815 29
      vertex -10.8221 -8.88151 29
      vertex -10.3733 -9.40182 29
    endloop
  endfacet
  facet normal -0 0 1
    outer loop
      vertex -11.2449 -8.33979 29
      vertex -10.8221 -8.8815 29
      vertex -11.2449 -8.33978 29
    endloop
  endfacet
  facet normal 0 0 1
    outer loop
      vertex -10.8221 -8.8815 29
      vertex -11.2449 -8.33979 29
      vertex -10.8221 -8.88151 29
    endloop
  endfacet
  facet normal -0 0 1
    outer loop
      vertex -11.6406 -7.77798 29
      vertex -11.2449 -8.33978 29
      vertex -11.6406 -7.77797 29
    endloop
  endfacet
  facet normal 0 0 1
    outer loop
      vertex -11.2449 -8.33978 29
      vertex -11.6406 -7.77798 29
      vertex -11.2449 -8.33979 29
    endloop
  endfacet
  facet normal -0 0 1
    outer loop
      vertex -12.0082 -7.19744 29
      vertex -11.6406 -7.77797 29
      vertex -12.0082 -7.19743 29
    endloop
  endfacet
  facet normal 0 0 1
    outer loop
      vertex -11.6406 -7.77797 29
      vertex -12.0082 -7.19744 29
      vertex -11.6406 -7.77798 29
    endloop
  endfacet
  facet normal 0 0 1
    outer loop
      vertex -12.0082 -7.19743 29
      vertex -12.3469 -6.59955 29
      vertex -12.0082 -7.19744 29
    endloop
  endfacet
  facet normal -0 0 1
    outer loop
      vertex -12.6558 -5.98577 29
      vertex -12.3469 -6.59955 29
      vertex -12.6558 -5.98576 29
    endloop
  endfacet
  facet normal -0 0 1
    outer loop
      vertex -12.9343 -5.35757 29
      vertex -12.6558 -5.98576 29
      vertex -12.9343 -5.35756 29
    endloop
  endfacet
  facet normal 0 0 1
    outer loop
      vertex -12.6558 -5.98576 29
      vertex -12.9343 -5.35757 29
      vertex -12.6558 -5.98577 29
    endloop
  endfacet
  facet normal -0 0 1
    outer loop
      vertex -13.1816 -4.71646 29
      vertex -12.9343 -5.35756 29
      vertex -13.1816 -4.71645 29
    endloop
  endfacet
  facet normal 0 0 1
    outer loop
      vertex -12.9343 -5.35756 29
      vertex -13.1816 -4.71646 29
      vertex -12.9343 -5.35757 29
    endloop
  endfacet
  facet normal 0 0 1
    outer loop
      vertex -13.1816 -4.71645 29
      vertex -13.3972 -4.06398 29
      vertex -13.1816 -4.71646 29
    endloop
  endfacet
  facet normal -0 0 1
    outer loop
      vertex -13.8485 -2.05423 29
      vertex -13.731 -2.73126 29
      vertex -13.8485 -2.05421 29
    endloop
  endfacet
  facet normal 0 0 1
    outer loop
      vertex -13.8485 -2.05421 29
      vertex -13.9326 -1.37224 29
      vertex -13.8485 -2.05423 29
    endloop
  endfacet
  facet normal -0 0 1
    outer loop
      vertex -13.9831 -0.686947 29
      vertex -13.9326 -1.37224 29
      vertex -13.9831 -0.686935 29
    endloop
  endfacet
  facet normal 0 -0 1
    outer loop
      vertex -13.9831 -0.686947 29
      vertex -13.9831 -0.686935 29
      vertex -14 0 29
    endloop
  endfacet
  facet normal 0 0 1
    outer loop
      vertex -4.32587 -2.75026 29
      vertex -6.9287 -4.23265 29
      vertex -4.34813 -2.91953 29
    endloop
  endfacet
  facet normal 0 0 1
    outer loop
      vertex -6.9287 -4.23265 29
      vertex -4.32587 -2.75026 29
      vertex -5.09976 -0.574738 29
    endloop
  endfacet
  facet normal 0 0 1
    outer loop
      vertex -4.31911 -2.72504 29
      vertex -5.09976 -0.574738 29
      vertex -4.32587 -2.75026 29
    endloop
  endfacet
  facet normal 0 0 1
    outer loop
      vertex -4.25925 -2.58054 29
      vertex -5.09976 -0.574738 29
      vertex -4.31911 -2.72504 29
    endloop
  endfacet
  facet normal 0 0 1
    outer loop
      vertex -4.24619 -2.55792 29
      vertex -5.09976 -0.574738 29
      vertex -4.25925 -2.58054 29
    endloop
  endfacet
  facet normal 0 0 1
    outer loop
      vertex -4.14404 -2.42484 29
      vertex -5.09976 -0.574738 29
      vertex -4.24619 -2.55792 29
    endloop
  endfacet
  facet normal 0 0 1
    outer loop
      vertex -4.14175 -2.42197 29
      vertex -5.09976 -0.574738 29
      vertex -4.14404 -2.42484 29
    endloop
  endfacet
  facet normal -0 0 1
    outer loop
      vertex -5.09976 -0.574738 29
      vertex -4.14175 -2.42197 29
      vertex -1.70068 0.527649 29
    endloop
  endfacet
  facet normal 0 0 1
    outer loop
      vertex 2.99913 6.1907 29
      vertex 1.20592 5.25932 29
      vertex 1.21545 5.11371 29
    endloop
  endfacet
  facet normal 0 0 1
    outer loop
      vertex 3.69958 10.627 29
      vertex 1.20421 5.27228 29
      vertex 1.20592 5.25932 29
    endloop
  endfacet
  facet normal 0 0 1
    outer loop
      vertex 3.69958 10.627 29
      vertex 1.17578 5.41541 29
      vertex 1.20421 5.27228 29
    endloop
  endfacet
  facet normal 0 0 1
    outer loop
      vertex 3.69958 10.627 29
      vertex 1.17238 5.4281 29
      vertex 1.17578 5.41541 29
    endloop
  endfacet
  facet normal 0 0 1
    outer loop
      vertex 3.69958 10.627 29
      vertex 1.1254 5.56633 29
      vertex 1.17238 5.4281 29
    endloop
  endfacet
  facet normal 0 0 1
    outer loop
      vertex 3.69958 10.627 29
      vertex 1.12039 5.5784 29
      vertex 1.1254 5.56633 29
    endloop
  endfacet
  facet normal 0 0 1
    outer loop
      vertex 3.69958 10.627 29
      vertex 1.05585 5.70921 29
      vertex 1.12039 5.5784 29
    endloop
  endfacet
  facet normal 0 0 1
    outer loop
      vertex 3.69958 10.627 29
      vertex 1.04933 5.72049 29
      vertex 1.05585 5.70921 29
    endloop
  endfacet
  facet normal 0 0 1
    outer loop
      vertex 3.69958 10.627 29
      vertex 0.968307 5.84184 29
      vertex 1.04933 5.72049 29
    endloop
  endfacet
  facet normal 0 0 1
    outer loop
      vertex 3.69958 10.627 29
      vertex 0.960373 5.8522 29
      vertex 0.968307 5.84184 29
    endloop
  endfacet
  facet normal 0 0 1
    outer loop
      vertex 3.69958 10.627 29
      vertex 0.864182 5.96202 29
      vertex 0.960373 5.8522 29
    endloop
  endfacet
  facet normal 0 0 1
    outer loop
      vertex 3.69958 10.627 29
      vertex 0.854843 5.97136 29
      vertex 0.864182 5.96202 29
    endloop
  endfacet
  facet normal 0 0 1
    outer loop
      vertex 3.69958 10.627 29
      vertex 0.745026 6.06755 29
      vertex 0.854843 5.97136 29
    endloop
  endfacet
  facet normal 0 0 1
    outer loop
      vertex 3.69958 10.627 29
      vertex 0.734665 6.07549 29
      vertex 0.745026 6.06755 29
    endloop
  endfacet
  facet normal 0 0 1
    outer loop
      vertex 3.69958 10.627 29
      vertex 0.628052 12.7846 29
      vertex 0.1651 6.31139 29
    endloop
  endfacet
  facet normal 0 0 1
    outer loop
      vertex 3.69958 10.627 29
      vertex 0.613373 6.15646 29
      vertex 0.734665 6.07549 29
    endloop
  endfacet
  facet normal 0 0 1
    outer loop
      vertex 3.69958 10.627 29
      vertex 0.602051 6.16301 29
      vertex 0.613373 6.15646 29
    endloop
  endfacet
  facet normal 0 0 1
    outer loop
      vertex 3.69958 10.627 29
      vertex 0.470917 6.22763 29
      vertex 0.602051 6.16301 29
    endloop
  endfacet
  facet normal 0 0 1
    outer loop
      vertex 3.69958 10.627 29
      vertex 0.458939 6.23259 29
      vertex 0.470917 6.22763 29
    endloop
  endfacet
  facet normal 0 0 1
    outer loop
      vertex 3.69958 10.627 29
      vertex 0.320984 6.27954 29
      vertex 0.458939 6.23259 29
    endloop
  endfacet
  facet normal 0 0 1
    outer loop
      vertex 3.69958 10.627 29
      vertex 0.308243 6.28296 29
      vertex 0.320984 6.27954 29
    endloop
  endfacet
  facet normal 0 0 1
    outer loop
      vertex 3.69958 10.627 29
      vertex 0.1651 6.31139 29
      vertex 0.308243 6.28296 29
    endloop
  endfacet
  facet normal 0 0 1
    outer loop
      vertex 0.628052 12.7846 29
      vertex 0.152145 6.3131 29
      vertex 0.1651 6.31139 29
    endloop
  endfacet
  facet normal 0 0 1
    outer loop
      vertex 0.628052 12.7846 29
      vertex 0.00653076 6.32263 29
      vertex 0.152145 6.3131 29
    endloop
  endfacet
  facet normal 0 0 1
    outer loop
      vertex 0 12.8 29
      vertex 0.00653076 6.32263 29
      vertex 0.628052 12.7846 29
    endloop
  endfacet
  facet normal 0 0 1
    outer loop
      vertex 0 12.8 29
      vertex -0.00653076 6.32263 29
      vertex 0.00653076 6.32263 29
    endloop
  endfacet
  facet normal -0 0 1
    outer loop
      vertex -0.628052 12.7846 29
      vertex -0.00653076 6.32263 29
      vertex 0 12.8 29
    endloop
  endfacet
  facet normal 0 0 1
    outer loop
      vertex -0.00653076 6.32263 29
      vertex -0.628052 12.7846 29
      vertex -0.152145 6.3131 29
    endloop
  endfacet
  facet normal 0 0 1
    outer loop
      vertex -0.152145 6.3131 29
      vertex -0.628052 12.7846 29
      vertex -0.1651 6.31139 29
    endloop
  endfacet
  facet normal -0 0 1
    outer loop
      vertex -3.69958 10.627 29
      vertex -0.1651 6.31139 29
      vertex -0.628052 12.7846 29
    endloop
  endfacet
  facet normal 0 0 1
    outer loop
      vertex -0.1651 6.31139 29
      vertex -3.69958 10.627 29
      vertex -0.308243 6.28296 29
    endloop
  endfacet
  facet normal 0 0 1
    outer loop
      vertex -0.308243 6.28296 29
      vertex -3.69958 10.627 29
      vertex -0.320984 6.27954 29
    endloop
  endfacet
  facet normal 0 0 1
    outer loop
      vertex -0.320984 6.27954 29
      vertex -3.69958 10.627 29
      vertex -0.458939 6.23259 29
    endloop
  endfacet
  facet normal 0 0 1
    outer loop
      vertex -0.458939 6.23259 29
      vertex -3.69958 10.627 29
      vertex -0.470917 6.22763 29
    endloop
  endfacet
  facet normal 0 0 1
    outer loop
      vertex -0.470917 6.22763 29
      vertex -3.69958 10.627 29
      vertex -0.602051 6.16301 29
    endloop
  endfacet
  facet normal -0 -0 1
    outer loop
      vertex -2.99913 6.1907 29
      vertex -0.602051 6.16301 29
      vertex -3.69958 10.627 29
    endloop
  endfacet
  facet normal 0 0 1
    outer loop
      vertex -0.602051 6.16301 29
      vertex -2.99913 6.1907 29
      vertex -0.613373 6.15646 29
    endloop
  endfacet
  facet normal 0 0 1
    outer loop
      vertex -0.613373 6.15646 29
      vertex -2.99913 6.1907 29
      vertex -0.734665 6.07549 29
    endloop
  endfacet
  facet normal 0 0 1
    outer loop
      vertex -0.734665 6.07549 29
      vertex -2.99913 6.1907 29
      vertex -0.745026 6.06755 29
    endloop
  endfacet
  facet normal 0 0 1
    outer loop
      vertex -0.745026 6.06755 29
      vertex -2.99913 6.1907 29
      vertex -0.854843 5.97136 29
    endloop
  endfacet
  facet normal 0 0 1
    outer loop
      vertex -0.854843 5.97136 29
      vertex -2.99913 6.1907 29
      vertex -0.864182 5.96202 29
    endloop
  endfacet
  facet normal 0 0 1
    outer loop
      vertex -0.864182 5.96202 29
      vertex -2.99913 6.1907 29
      vertex -0.960373 5.8522 29
    endloop
  endfacet
  facet normal 0 0 1
    outer loop
      vertex -0.960373 5.8522 29
      vertex -2.99913 6.1907 29
      vertex -0.968307 5.84184 29
    endloop
  endfacet
  facet normal 0 0 1
    outer loop
      vertex -0.968307 5.84184 29
      vertex -2.99913 6.1907 29
      vertex -1.04933 5.72049 29
    endloop
  endfacet
  facet normal 0 0 1
    outer loop
      vertex -1.04933 5.72049 29
      vertex -2.99913 6.1907 29
      vertex -1.05585 5.70921 29
    endloop
  endfacet
  facet normal 0 0 1
    outer loop
      vertex -1.05585 5.70921 29
      vertex -2.99913 6.1907 29
      vertex -1.12039 5.5784 29
    endloop
  endfacet
  facet normal 0 0 1
    outer loop
      vertex -1.12039 5.5784 29
      vertex -2.99913 6.1907 29
      vertex -1.1254 5.56633 29
    endloop
  endfacet
  facet normal 0 0 1
    outer loop
      vertex -1.1254 5.56633 29
      vertex -2.99913 6.1907 29
      vertex -1.17238 5.4281 29
    endloop
  endfacet
  facet normal 0 0 1
    outer loop
      vertex -1.17238 5.4281 29
      vertex -2.99913 6.1907 29
      vertex -1.17578 5.41541 29
    endloop
  endfacet
  facet normal 0 0 1
    outer loop
      vertex -1.20421 5.27228 29
      vertex -2.99913 6.1907 29
      vertex -1.20592 5.25932 29
    endloop
  endfacet
  facet normal 0 0 1
    outer loop
      vertex -1.17578 5.41541 29
      vertex -2.99913 6.1907 29
      vertex -1.20421 5.27228 29
    endloop
  endfacet
  facet normal 0 0 1
    outer loop
      vertex -3.69958 10.627 29
      vertex -0.628052 12.7846 29
      vertex -1.25461 12.7384 29
    endloop
  endfacet
  facet normal 0 0 1
    outer loop
      vertex 6.93881 -4.24881 29
      vertex 4.34799 -2.9184 29
      vertex 5.0761 -8.98589 29
    endloop
  endfacet
  facet normal 0 0 1
    outer loop
      vertex 6.9287 -4.23265 29
      vertex 4.32587 -2.75026 29
      vertex 4.34799 -2.9184 29
    endloop
  endfacet
  facet normal 0 0 1
    outer loop
      vertex 5.09976 -0.574738 29
      vertex 4.31911 -2.72504 29
      vertex 4.32587 -2.75026 29
    endloop
  endfacet
  facet normal 0 0 1
    outer loop
      vertex 5.09976 -0.574738 29
      vertex 4.25925 -2.58054 29
      vertex 4.31911 -2.72504 29
    endloop
  endfacet
  facet normal 0 0 1
    outer loop
      vertex 5.09976 -0.574738 29
      vertex 4.24619 -2.55792 29
      vertex 4.25925 -2.58054 29
    endloop
  endfacet
  facet normal 0 0 1
    outer loop
      vertex 5.09976 -0.574738 29
      vertex 4.14404 -2.42484 29
      vertex 4.24619 -2.55792 29
    endloop
  endfacet
  facet normal 0 0 1
    outer loop
      vertex 5.09976 -0.574738 29
      vertex 4.14175 -2.42197 29
      vertex 4.14404 -2.42484 29
    endloop
  endfacet
  facet normal 0 -0 1
    outer loop
      vertex 4.14175 -2.42197 29
      vertex 5.09976 -0.574738 29
      vertex 1.70068 0.527649 29
    endloop
  endfacet
  facet normal 0 0 1
    outer loop
      vertex 11.5711 5.4727 29
      vertex 6.20369 3.54845 29
      vertex 11.8257 4.89835 29
    endloop
  endfacet
  facet normal 0 0 1
    outer loop
      vertex 12.4164 3.11014 29
      vertex 8.21707 -3.72307 29
      vertex 8.23747 -3.87814 29
    endloop
  endfacet
  facet normal 0 0 1
    outer loop
      vertex 11.8257 4.89835 29
      vertex 6.20369 3.54845 29
      vertex 12.0518 4.31218 29
    endloop
  endfacet
  facet normal 0 0 1
    outer loop
      vertex 12.4164 3.11014 29
      vertex 8.2103 -3.69783 29
      vertex 8.21707 -3.72307 29
    endloop
  endfacet
  facet normal 0 0 1
    outer loop
      vertex 12.0518 4.31218 29
      vertex 6.20369 3.54845 29
      vertex 12.2488 3.71564 29
    endloop
  endfacet
  facet normal 0 0 1
    outer loop
      vertex 12.4164 3.11014 29
      vertex 8.14676 -3.54448 29
      vertex 8.2103 -3.69783 29
    endloop
  endfacet
  facet normal 0 0 1
    outer loop
      vertex 12.4164 3.11014 29
      vertex 8.14383 -3.53804 29
      vertex 8.14676 -3.54448 29
    endloop
  endfacet
  facet normal 0 0 1
    outer loop
      vertex 12.2488 3.71564 29
      vertex 6.20369 3.54845 29
      vertex 12.4164 3.11014 29
    endloop
  endfacet
  facet normal 0 0 1
    outer loop
      vertex 12.4164 3.11014 29
      vertex 6.20409 0.341446 29
      vertex 8.14383 -3.53804 29
    endloop
  endfacet
  facet normal 0 0 1
    outer loop
      vertex 12.4164 3.11014 29
      vertex 6.20369 3.54845 29
      vertex 6.20409 0.341446 29
    endloop
  endfacet
  facet normal 0 0 1
    outer loop
      vertex 6.19397 0.357605 29
      vertex 6.20369 3.54845 29
      vertex 6.19478 3.53462 29
    endloop
  endfacet
  facet normal 0 0 1
    outer loop
      vertex 6.20369 3.54845 29
      vertex 6.19397 0.357605 29
      vertex 6.20409 0.341446 29
    endloop
  endfacet
  facet normal -0 0 1
    outer loop
      vertex 6.09657 3.40666 29
      vertex 6.19397 0.357605 29
      vertex 6.19478 3.53462 29
    endloop
  endfacet
  facet normal 0 0 1
    outer loop
      vertex 6.09657 3.40666 29
      vertex 6.09657 0.484528 29
      vertex 6.19397 0.357605 29
    endloop
  endfacet
  facet normal -0 0 1
    outer loop
      vertex 6.07812 3.38821 29
      vertex 6.09657 0.484528 29
      vertex 6.09657 3.40666 29
    endloop
  endfacet
  facet normal 0 0 1
    outer loop
      vertex 6.07812 3.38821 29
      vertex 6.07812 0.502975 29
      vertex 6.09657 0.484528 29
    endloop
  endfacet
  facet normal -0 0 1
    outer loop
      vertex 5.95406 3.293 29
      vertex 6.07812 0.502975 29
      vertex 6.07812 3.38821 29
    endloop
  endfacet
  facet normal 0 0 1
    outer loop
      vertex 5.95406 3.293 29
      vertex 5.95406 0.59819 29
      vertex 6.07812 0.502975 29
    endloop
  endfacet
  facet normal -0 0 1
    outer loop
      vertex 5.93144 3.27994 29
      vertex 5.95406 0.59819 29
      vertex 5.95406 3.293 29
    endloop
  endfacet
  facet normal 0 0 1
    outer loop
      vertex 5.93144 3.27994 29
      vertex 5.93144 0.611252 29
      vertex 5.95406 0.59819 29
    endloop
  endfacet
  facet normal -0 0 1
    outer loop
      vertex 5.7784 3.21655 29
      vertex 5.93144 0.611252 29
      vertex 5.93144 3.27994 29
    endloop
  endfacet
  facet normal 0 0 1
    outer loop
      vertex 5.7784 3.21655 29
      vertex 5.7784 0.674637 29
      vertex 5.93144 0.611252 29
    endloop
  endfacet
  facet normal -0 0 1
    outer loop
      vertex 5.77098 3.21382 29
      vertex 5.7784 0.674637 29
      vertex 5.7784 3.21655 29
    endloop
  endfacet
  facet normal 0 0 1
    outer loop
      vertex 5.77098 3.21382 29
      vertex 5.77098 0.677368 29
      vertex 5.7784 0.674637 29
    endloop
  endfacet
  facet normal -0 0 1
    outer loop
      vertex 1.90857 1.96115 29
      vertex 5.77098 0.677368 29
      vertex 5.77098 3.21382 29
    endloop
  endfacet
  facet normal -0 0 1
    outer loop
      vertex 1.90735 1.95352 29
      vertex 5.77098 0.677368 29
      vertex 1.90857 1.96115 29
    endloop
  endfacet
  facet normal 0 0 1
    outer loop
      vertex 5.77098 0.677368 29
      vertex 1.90735 1.95352 29
      vertex 1.90302 1.93185 29
    endloop
  endfacet
  facet normal 0 0 1
    outer loop
      vertex 8.23747 -3.87814 29
      vertex 12.8 0 29
      vertex 12.7846 0.628052 29
    endloop
  endfacet
  facet normal 0 0 1
    outer loop
      vertex 8.23747 -3.87814 29
      vertex 12.7846 0.628052 29
      vertex 12.7384 1.25461 29
    endloop
  endfacet
  facet normal 0 0 1
    outer loop
      vertex 12.8 0 29
      vertex 8.23747 -3.87814 29
      vertex 12.7846 -0.628052 29
    endloop
  endfacet
  facet normal 0 0 1
    outer loop
      vertex 8.23747 -3.87814 29
      vertex 12.7384 1.25461 29
      vertex 12.6615 1.87814 29
    endloop
  endfacet
  facet normal 0 0 1
    outer loop
      vertex 12.7846 -0.628052 29
      vertex 8.23747 -3.87814 29
      vertex 12.7384 -1.25461 29
    endloop
  endfacet
  facet normal 0 0 1
    outer loop
      vertex 8.23747 -3.87814 29
      vertex 12.6615 1.87814 29
      vertex 12.554 2.49715 29
    endloop
  endfacet
  facet normal 0 0 1
    outer loop
      vertex 12.7384 -1.25461 29
      vertex 8.23747 -3.87814 29
      vertex 12.6615 -1.87814 29
    endloop
  endfacet
  facet normal 0 0 1
    outer loop
      vertex 8.23747 -3.87814 29
      vertex 12.554 2.49715 29
      vertex 12.4164 3.11014 29
    endloop
  endfacet
  facet normal 0 0 1
    outer loop
      vertex 12.6615 -1.87814 29
      vertex 8.23747 -3.87814 29
      vertex 12.554 -2.49715 29
    endloop
  endfacet
  facet normal 0 0 1
    outer loop
      vertex 6.20369 3.54845 29
      vertex 11.5711 5.4727 29
      vertex 8.14313 7.18492 29
    endloop
  endfacet
  facet normal 0 0 1
    outer loop
      vertex 12.554 -2.49715 29
      vertex 8.23747 -3.87814 29
      vertex 12.4164 -3.11014 29
    endloop
  endfacet
  facet normal 0 0 1
    outer loop
      vertex 10.9789 6.58051 29
      vertex 8.14313 7.18492 29
      vertex 11.2886 6.03387 29
    endloop
  endfacet
  facet normal 0 0 1
    outer loop
      vertex 12.4164 -3.11014 29
      vertex 8.23747 -3.87814 29
      vertex 12.2488 -3.71564 29
    endloop
  endfacet
  facet normal 0 0 1
    outer loop
      vertex 10.6428 7.1113 29
      vertex 8.14313 7.18492 29
      vertex 10.9789 6.58051 29
    endloop
  endfacet
  facet normal 0 0 1
    outer loop
      vertex 12.2488 -3.71564 29
      vertex 8.23747 -3.87814 29
      vertex 12.0518 -4.31218 29
    endloop
  endfacet
  facet normal -0 0 1
    outer loop
      vertex 8.14313 7.18492 29
      vertex 10.6428 7.1113 29
      vertex 8.14726 7.1937 29
    endloop
  endfacet
  facet normal -0 0 1
    outer loop
      vertex 8.23747 -3.90424 29
      vertex 12.0518 -4.31218 29
      vertex 8.23747 -3.87814 29
    endloop
  endfacet
  facet normal 0 0 1
    outer loop
      vertex 10.2811 7.62494 29
      vertex 8.14726 7.1937 29
      vertex 10.6428 7.1113 29
    endloop
  endfacet
  facet normal 0 0 1
    outer loop
      vertex 12.0518 -4.31218 29
      vertex 8.23747 -3.90424 29
      vertex 11.8257 -4.89835 29
    endloop
  endfacet
  facet normal 0 0 1
    outer loop
      vertex 8.14726 7.1937 29
      vertex 10.2811 7.62494 29
      vertex 8.2103 7.34583 29
    endloop
  endfacet
  facet normal -0 0 1
    outer loop
      vertex 8.21707 -4.05933 29
      vertex 11.8257 -4.89835 29
      vertex 8.23747 -3.90424 29
    endloop
  endfacet
  facet normal 0 0 1
    outer loop
      vertex 8.2103 7.34583 29
      vertex 10.2811 7.62494 29
      vertex 8.21707 7.37106 29
    endloop
  endfacet
  facet normal 0 0 1
    outer loop
      vertex 11.8257 -4.89835 29
      vertex 8.21707 -4.05933 29
      vertex 11.5711 -5.4727 29
    endloop
  endfacet
  facet normal 0 0 1
    outer loop
      vertex 9.89453 8.12022 29
      vertex 8.21707 7.37106 29
      vertex 10.2811 7.62494 29
    endloop
  endfacet
  facet normal -0 0 1
    outer loop
      vertex 8.21031 -4.08455 29
      vertex 11.5711 -5.4727 29
      vertex 8.21707 -4.05933 29
    endloop
  endfacet
  facet normal 0 0 1
    outer loop
      vertex 8.21707 7.37106 29
      vertex 9.89453 8.12022 29
      vertex 8.23747 7.52615 29
    endloop
  endfacet
  facet normal -0 0 1
    outer loop
      vertex 8.15045 -4.22905 29
      vertex 11.5711 -5.4727 29
      vertex 8.21031 -4.08455 29
    endloop
  endfacet
  facet normal 0 0 1
    outer loop
      vertex 8.21707 7.70732 29
      vertex 9.89453 8.12022 29
      vertex 9.48416 8.59595 29
    endloop
  endfacet
  facet normal 0 0 1
    outer loop
      vertex 11.5711 -5.4727 29
      vertex 8.15045 -4.22905 29
      vertex 11.2886 -6.03387 29
    endloop
  endfacet
  facet normal 0 0 1
    outer loop
      vertex 8.13739 7.89966 29
      vertex 9.48416 8.59595 29
      vertex 9.05096 9.05096 29
    endloop
  endfacet
  facet normal -0 0 1
    outer loop
      vertex 8.13739 -4.25166 29
      vertex 11.2886 -6.03387 29
      vertex 8.15045 -4.22905 29
    endloop
  endfacet
  facet normal 0 0 1
    outer loop
      vertex 7.89966 8.13739 29
      vertex 9.05096 9.05096 29
      vertex 8.59595 9.48416 29
    endloop
  endfacet
  facet normal 0 0 1
    outer loop
      vertex 11.2886 -6.03387 29
      vertex 8.13739 -4.25166 29
      vertex 10.9789 -6.58051 29
    endloop
  endfacet
  facet normal 0 0 1
    outer loop
      vertex 9.89453 8.12022 29
      vertex 8.23747 7.55225 29
      vertex 8.23747 7.52615 29
    endloop
  endfacet
  facet normal 0 0 1
    outer loop
      vertex 9.89453 8.12022 29
      vertex 8.21707 7.70732 29
      vertex 8.23747 7.55225 29
    endloop
  endfacet
  facet normal 0 0 1
    outer loop
      vertex 9.48416 8.59595 29
      vertex 8.21031 7.73254 29
      vertex 8.21707 7.70732 29
    endloop
  endfacet
  facet normal 0 0 1
    outer loop
      vertex 9.48416 8.59595 29
      vertex 8.15045 7.87704 29
      vertex 8.21031 7.73254 29
    endloop
  endfacet
  facet normal 0 0 1
    outer loop
      vertex 9.48416 8.59595 29
      vertex 8.13739 7.89966 29
      vertex 8.15045 7.87704 29
    endloop
  endfacet
  facet normal 0 0 1
    outer loop
      vertex 7.70732 8.21707 29
      vertex 8.59595 9.48416 29
      vertex 8.12022 9.89453 29
    endloop
  endfacet
  facet normal 0 0 1
    outer loop
      vertex 9.05096 9.05096 29
      vertex 8.04218 8.02373 29
      vertex 8.13739 7.89966 29
    endloop
  endfacet
  facet normal 0 0 1
    outer loop
      vertex 9.05096 9.05096 29
      vertex 8.02373 8.04218 29
      vertex 8.04218 8.02373 29
    endloop
  endfacet
  facet normal 0 0 1
    outer loop
      vertex 9.05096 9.05096 29
      vertex 7.89966 8.13739 29
      vertex 8.02373 8.04218 29
    endloop
  endfacet
  facet normal 0 0 1
    outer loop
      vertex 8.59595 9.48416 29
      vertex 7.87704 8.15045 29
      vertex 7.89966 8.13739 29
    endloop
  endfacet
  facet normal 0 0 1
    outer loop
      vertex 8.59595 9.48416 29
      vertex 7.73254 8.21031 29
      vertex 7.87704 8.15045 29
    endloop
  endfacet
  facet normal 0 0 1
    outer loop
      vertex 8.59595 9.48416 29
      vertex 7.70732 8.21707 29
      vertex 7.73254 8.21031 29
    endloop
  endfacet
  facet normal 0 0 1
    outer loop
      vertex 7.37106 8.21707 29
      vertex 8.12022 9.89453 29
      vertex 7.62494 10.2811 29
    endloop
  endfacet
  facet normal 0 0 1
    outer loop
      vertex 8.12022 9.89453 29
      vertex 7.55225 8.23747 29
      vertex 7.70732 8.21707 29
    endloop
  endfacet
  facet normal 0 0 1
    outer loop
      vertex 8.12022 9.89453 29
      vertex 7.52615 8.23747 29
      vertex 7.55225 8.23747 29
    endloop
  endfacet
  facet normal 0 0 1
    outer loop
      vertex 8.12022 9.89453 29
      vertex 7.37106 8.21707 29
      vertex 7.52615 8.23747 29
    endloop
  endfacet
  facet normal 0 0 1
    outer loop
      vertex 7.62494 10.2811 29
      vertex 7.34584 8.21031 29
      vertex 7.37106 8.21707 29
    endloop
  endfacet
  facet normal 0 0 1
    outer loop
      vertex 7.62494 10.2811 29
      vertex 7.20134 8.15045 29
      vertex 7.34584 8.21031 29
    endloop
  endfacet
  facet normal 0 0 1
    outer loop
      vertex 7.1113 10.6428 29
      vertex 7.20134 8.15045 29
      vertex 7.62494 10.2811 29
    endloop
  endfacet
  facet normal 0 0 1
    outer loop
      vertex 7.20134 8.15045 29
      vertex 7.1113 10.6428 29
      vertex 7.17873 8.13739 29
    endloop
  endfacet
  facet normal -0 0 1
    outer loop
      vertex 5.05385 10.2772 29
      vertex 7.17873 8.13739 29
      vertex 7.1113 10.6428 29
    endloop
  endfacet
  facet normal 0 0 1
    outer loop
      vertex 7.17873 8.13739 29
      vertex 5.05385 10.2772 29
      vertex 7.05466 8.04218 29
    endloop
  endfacet
  facet normal 0 0 1
    outer loop
      vertex 7.05466 8.04218 29
      vertex 5.05385 10.2772 29
      vertex 7.03621 8.02373 29
    endloop
  endfacet
  facet normal 0 0 1
    outer loop
      vertex 7.03621 8.02373 29
      vertex 5.05385 10.2772 29
      vertex 6.938 7.89577 29
    endloop
  endfacet
  facet normal 0 0 1
    outer loop
      vertex 5.05385 10.2772 29
      vertex 7.1113 10.6428 29
      vertex 6.58051 10.9789 29
    endloop
  endfacet
  facet normal 0 0 1
    outer loop
      vertex 5.07587 10.4445 29
      vertex 6.58051 10.9789 29
      vertex 6.03387 11.2886 29
    endloop
  endfacet
  facet normal 0 0 1
    outer loop
      vertex 4.98883 10.7955 29
      vertex 6.03387 11.2886 29
      vertex 5.4727 11.5711 29
    endloop
  endfacet
  facet normal 0 0 1
    outer loop
      vertex 6.58051 10.9789 29
      vertex 5.07587 10.4445 29
      vertex 5.05385 10.2772 29
    endloop
  endfacet
  facet normal 0 0 1
    outer loop
      vertex 6.03387 11.2886 29
      vertex 5.07587 10.4706 29
      vertex 5.07587 10.4445 29
    endloop
  endfacet
  facet normal 0 0 1
    outer loop
      vertex 6.03387 11.2886 29
      vertex 5.05547 10.6257 29
      vertex 5.07587 10.4706 29
    endloop
  endfacet
  facet normal 0 0 1
    outer loop
      vertex 6.03387 11.2886 29
      vertex 5.04871 10.6509 29
      vertex 5.05547 10.6257 29
    endloop
  endfacet
  facet normal 0 0 1
    outer loop
      vertex 6.03387 11.2886 29
      vertex 4.98883 10.7955 29
      vertex 5.04871 10.6509 29
    endloop
  endfacet
  facet normal 0 0 1
    outer loop
      vertex 5.4727 11.5711 29
      vertex 4.97578 10.8181 29
      vertex 4.98883 10.7955 29
    endloop
  endfacet
  facet normal 0 0 1
    outer loop
      vertex 4.73804 11.0558 29
      vertex 5.4727 11.5711 29
      vertex 4.89835 11.8257 29
    endloop
  endfacet
  facet normal 0 0 1
    outer loop
      vertex 5.4727 11.5711 29
      vertex 4.88063 10.9421 29
      vertex 4.97578 10.8181 29
    endloop
  endfacet
  facet normal 0 0 1
    outer loop
      vertex 5.4727 11.5711 29
      vertex 4.86215 10.9606 29
      vertex 4.88063 10.9421 29
    endloop
  endfacet
  facet normal 0 0 1
    outer loop
      vertex 5.4727 11.5711 29
      vertex 4.73804 11.0558 29
      vertex 4.86215 10.9606 29
    endloop
  endfacet
  facet normal 0 0 1
    outer loop
      vertex 4.89835 11.8257 29
      vertex 4.71544 11.0688 29
      vertex 4.73804 11.0558 29
    endloop
  endfacet
  facet normal 0 0 1
    outer loop
      vertex 4.89835 11.8257 29
      vertex 4.57094 11.1287 29
      vertex 4.71544 11.0688 29
    endloop
  endfacet
  facet normal 0 0 1
    outer loop
      vertex 4.89835 11.8257 29
      vertex 4.54572 11.1355 29
      vertex 4.57094 11.1287 29
    endloop
  endfacet
  facet normal 0 0 1
    outer loop
      vertex 4.89835 11.8257 29
      vertex 4.39064 11.1559 29
      vertex 4.54572 11.1355 29
    endloop
  endfacet
  facet normal 0 0 1
    outer loop
      vertex 4.31218 12.0518 29
      vertex 4.39064 11.1559 29
      vertex 4.89835 11.8257 29
    endloop
  endfacet
  facet normal 0 0 1
    outer loop
      vertex 4.39064 11.1559 29
      vertex 4.31218 12.0518 29
      vertex 4.36455 11.1559 29
    endloop
  endfacet
  facet normal 0 0 1
    outer loop
      vertex 4.31218 12.0518 29
      vertex 4.20947 11.1355 29
      vertex 4.36455 11.1559 29
    endloop
  endfacet
  facet normal 0 0 1
    outer loop
      vertex 4.31218 12.0518 29
      vertex 4.18425 11.1287 29
      vertex 4.20947 11.1355 29
    endloop
  endfacet
  facet normal 0 0 1
    outer loop
      vertex 4.31218 12.0518 29
      vertex 4.03973 11.0688 29
      vertex 4.18425 11.1287 29
    endloop
  endfacet
  facet normal 0 0 1
    outer loop
      vertex 3.71564 12.2488 29
      vertex 4.03973 11.0688 29
      vertex 4.31218 12.0518 29
    endloop
  endfacet
  facet normal 0 0 1
    outer loop
      vertex 4.03973 11.0688 29
      vertex 3.71564 12.2488 29
      vertex 4.01712 11.0558 29
    endloop
  endfacet
  facet normal 0 0 1
    outer loop
      vertex 4.01712 11.0558 29
      vertex 3.71564 12.2488 29
      vertex 3.89302 10.9606 29
    endloop
  endfacet
  facet normal 0 0 1
    outer loop
      vertex 3.89302 10.9606 29
      vertex 3.71564 12.2488 29
      vertex 3.87456 10.9421 29
    endloop
  endfacet
  facet normal 0 0 1
    outer loop
      vertex 3.11014 12.4164 29
      vertex 3.87456 10.9421 29
      vertex 3.71564 12.2488 29
    endloop
  endfacet
  facet normal 0 0 1
    outer loop
      vertex 3.87456 10.9421 29
      vertex 3.11014 12.4164 29
      vertex 3.7794 10.8181 29
    endloop
  endfacet
  facet normal 0 0 1
    outer loop
      vertex 3.7794 10.8181 29
      vertex 3.11014 12.4164 29
      vertex 3.76636 10.7955 29
    endloop
  endfacet
  facet normal 0 0 1
    outer loop
      vertex 3.76636 10.7955 29
      vertex 3.11014 12.4164 29
      vertex 3.70596 10.6497 29
    endloop
  endfacet
  facet normal 0 0 1
    outer loop
      vertex 2.49715 12.554 29
      vertex 3.70596 10.6497 29
      vertex 3.11014 12.4164 29
    endloop
  endfacet
  facet normal 0 0 1
    outer loop
      vertex 3.70596 10.6497 29
      vertex 2.49715 12.554 29
      vertex 3.69958 10.627 29
    endloop
  endfacet
  facet normal 0 0 1
    outer loop
      vertex 1.87814 12.6615 29
      vertex 3.69958 10.627 29
      vertex 2.49715 12.554 29
    endloop
  endfacet
  facet normal 0 0 1
    outer loop
      vertex 1.25461 12.7384 29
      vertex 3.69958 10.627 29
      vertex 1.87814 12.6615 29
    endloop
  endfacet
  facet normal 0 0 1
    outer loop
      vertex 0.628052 12.7846 29
      vertex 3.69958 10.627 29
      vertex 1.25461 12.7384 29
    endloop
  endfacet
  facet normal 0 0 1
    outer loop
      vertex 3.69958 10.627 29
      vertex 1.20592 5.25932 29
      vertex 2.99913 6.1907 29
    endloop
  endfacet
  facet normal 0 0 1
    outer loop
      vertex 1.21545 5.10065 29
      vertex 2.99913 6.1907 29
      vertex 1.21545 5.11371 29
    endloop
  endfacet
  facet normal 0 0 1
    outer loop
      vertex 1.20592 4.95483 29
      vertex 2.99913 6.1907 29
      vertex 1.21545 5.10065 29
    endloop
  endfacet
  facet normal 0 0 1
    outer loop
      vertex 1.20421 4.94188 29
      vertex 2.99913 6.1907 29
      vertex 1.20592 4.95483 29
    endloop
  endfacet
  facet normal 0 0 1
    outer loop
      vertex 1.17578 4.79874 29
      vertex 2.99913 6.1907 29
      vertex 1.20421 4.94188 29
    endloop
  endfacet
  facet normal 0 0 1
    outer loop
      vertex 1.17236 4.786 29
      vertex 2.99913 6.1907 29
      vertex 1.17578 4.79874 29
    endloop
  endfacet
  facet normal 0 0 1
    outer loop
      vertex 1.09264 4.44308 29
      vertex 1.17236 4.786 29
      vertex 1.12541 4.64804 29
    endloop
  endfacet
  facet normal 0 0 1
    outer loop
      vertex 1.09264 4.44308 29
      vertex 1.12541 4.64804 29
      vertex 1.12045 4.63606 29
    endloop
  endfacet
  facet normal -0 0 1
    outer loop
      vertex 1.17236 4.786 29
      vertex 1.09264 4.44308 29
      vertex 2.99913 6.1907 29
    endloop
  endfacet
  facet normal -0 0 1
    outer loop
      vertex 1.05585 4.50494 29
      vertex 1.09264 4.44308 29
      vertex 1.12045 4.63606 29
    endloop
  endfacet
  facet normal 0 0 1
    outer loop
      vertex 1.09264 4.44308 29
      vertex 1.05585 4.50494 29
      vertex 1.08452 4.45061 29
    endloop
  endfacet
  facet normal 0 0 1
    outer loop
      vertex 1.08452 4.45061 29
      vertex 1.05585 4.50494 29
      vertex 1.07654 4.45724 29
    endloop
  endfacet
  facet normal -0 0 1
    outer loop
      vertex 1.04932 4.49364 29
      vertex 1.07654 4.45724 29
      vertex 1.05585 4.50494 29
    endloop
  endfacet
  facet normal 0 0 1
    outer loop
      vertex 1.07654 4.45724 29
      vertex 1.04932 4.49364 29
      vertex 1.04221 4.48299 29
    endloop
  endfacet
  facet normal 0 0 1
    outer loop
      vertex 11.2886 6.03387 29
      vertex 8.14313 7.18492 29
      vertex 11.5711 5.4727 29
    endloop
  endfacet
  facet normal -0 0 1
    outer loop
      vertex 8.04216 -4.37576 29
      vertex 10.9789 -6.58051 29
      vertex 8.13739 -4.25166 29
    endloop
  endfacet
  facet normal -0 0 1
    outer loop
      vertex 8.0237 -4.39423 29
      vertex 10.9789 -6.58051 29
      vertex 8.04216 -4.37576 29
    endloop
  endfacet
  facet normal 0 0 1
    outer loop
      vertex 10.9789 -6.58051 29
      vertex 8.0237 -4.39423 29
      vertex 10.6428 -7.1113 29
    endloop
  endfacet
  facet normal -0 0 1
    outer loop
      vertex 7.89967 -4.48938 29
      vertex 10.6428 -7.1113 29
      vertex 8.0237 -4.39423 29
    endloop
  endfacet
  facet normal -0 0 1
    outer loop
      vertex 7.87708 -4.50243 29
      vertex 10.6428 -7.1113 29
      vertex 7.89967 -4.48938 29
    endloop
  endfacet
  facet normal 0 0 1
    outer loop
      vertex 10.6428 -7.1113 29
      vertex 7.87708 -4.50243 29
      vertex 10.2811 -7.62494 29
    endloop
  endfacet
  facet normal -0 0 1
    outer loop
      vertex 7.73254 -4.5623 29
      vertex 10.2811 -7.62494 29
      vertex 7.87708 -4.50243 29
    endloop
  endfacet
  facet normal 0 0 1
    outer loop
      vertex 10.2811 -7.62494 29
      vertex 7.73254 -4.5623 29
      vertex 9.89453 -8.12022 29
    endloop
  endfacet
  facet normal -0 0 1
    outer loop
      vertex 7.70732 -4.56906 29
      vertex 9.89453 -8.12022 29
      vertex 7.73254 -4.5623 29
    endloop
  endfacet
  facet normal 0 0 1
    outer loop
      vertex 9.89453 -8.12022 29
      vertex 7.70732 -4.56906 29
      vertex 9.48416 -8.59595 29
    endloop
  endfacet
  facet normal -0 0 1
    outer loop
      vertex 7.55225 -4.58946 29
      vertex 9.48416 -8.59595 29
      vertex 7.70732 -4.56906 29
    endloop
  endfacet
  facet normal -0 0 1
    outer loop
      vertex 7.52615 -4.58946 29
      vertex 9.48416 -8.59595 29
      vertex 7.55225 -4.58946 29
    endloop
  endfacet
  facet normal 0 0 1
    outer loop
      vertex 9.48416 -8.59595 29
      vertex 7.52615 -4.58946 29
      vertex 9.05096 -9.05096 29
    endloop
  endfacet
  facet normal -0 0 1
    outer loop
      vertex 5.0761 -8.98589 29
      vertex 9.05096 -9.05096 29
      vertex 7.52615 -4.58946 29
    endloop
  endfacet
  facet normal 0 0 1
    outer loop
      vertex 9.05096 -9.05096 29
      vertex 5.0761 -8.98589 29
      vertex 8.59595 -9.48416 29
    endloop
  endfacet
  facet normal 0 0 1
    outer loop
      vertex 8.59595 -9.48416 29
      vertex 5.0761 -8.98589 29
      vertex 8.12022 -9.89453 29
    endloop
  endfacet
  facet normal 0 0 1
    outer loop
      vertex 5.0761 -8.98589 29
      vertex 7.52615 -4.58946 29
      vertex 7.37106 -4.56906 29
    endloop
  endfacet
  facet normal 0 0 1
    outer loop
      vertex 5.0761 -8.98589 29
      vertex 7.37106 -4.56906 29
      vertex 7.34584 -4.5623 29
    endloop
  endfacet
  facet normal 0 0 1
    outer loop
      vertex 5.0761 -8.98589 29
      vertex 7.34584 -4.5623 29
      vertex 7.20131 -4.50243 29
    endloop
  endfacet
  facet normal 0 0 1
    outer loop
      vertex 5.0761 -8.98589 29
      vertex 7.20131 -4.50243 29
      vertex 7.17871 -4.48938 29
    endloop
  endfacet
  facet normal 0 0 1
    outer loop
      vertex 8.12022 -9.89453 29
      vertex 5.0761 -8.98589 29
      vertex 7.62494 -10.2811 29
    endloop
  endfacet
  facet normal 0 0 1
    outer loop
      vertex 5.0761 -8.98589 29
      vertex 7.17871 -4.48938 29
      vertex 7.05469 -4.39423 29
    endloop
  endfacet
  facet normal 0 0 1
    outer loop
      vertex 5.0761 -8.98589 29
      vertex 7.05469 -4.39423 29
      vertex 7.03622 -4.37576 29
    endloop
  endfacet
  facet normal 0 0 1
    outer loop
      vertex 5.0761 -8.98589 29
      vertex 7.03622 -4.37576 29
      vertex 6.93881 -4.24881 29
    endloop
  endfacet
  facet normal 0 0 1
    outer loop
      vertex 4.34799 -2.9184 29
      vertex 6.93881 -4.24881 29
      vertex 6.9287 -4.23265 29
    endloop
  endfacet
  facet normal -0 0 1
    outer loop
      vertex 5.07596 -9.01085 29
      vertex 7.62494 -10.2811 29
      vertex 5.0761 -8.98589 29
    endloop
  endfacet
  facet normal 0 0 1
    outer loop
      vertex 7.62494 -10.2811 29
      vertex 5.07596 -9.01085 29
      vertex 7.1113 -10.6428 29
    endloop
  endfacet
  facet normal -0 0 1
    outer loop
      vertex 5.05547 -9.16652 29
      vertex 7.1113 -10.6428 29
      vertex 5.07596 -9.01085 29
    endloop
  endfacet
  facet normal -0 0 1
    outer loop
      vertex 4.32587 -2.75026 29
      vertex 6.9287 -4.23265 29
      vertex 5.09976 -0.574738 29
    endloop
  endfacet
  facet normal -0 0 1
    outer loop
      vertex 5.04871 -9.19174 29
      vertex 7.1113 -10.6428 29
      vertex 5.05547 -9.16652 29
    endloop
  endfacet
  facet normal -0 0 1
    outer loop
      vertex 4.98883 -9.33627 29
      vertex 7.1113 -10.6428 29
      vertex 5.04871 -9.19174 29
    endloop
  endfacet
  facet normal 0 0 1
    outer loop
      vertex 7.1113 -10.6428 29
      vertex 4.98883 -9.33627 29
      vertex 6.58051 -10.9789 29
    endloop
  endfacet
  facet normal -0 0 1
    outer loop
      vertex 4.97578 -9.35887 29
      vertex 6.58051 -10.9789 29
      vertex 4.98883 -9.33627 29
    endloop
  endfacet
  facet normal -0 0 1
    outer loop
      vertex 4.88063 -9.48289 29
      vertex 6.58051 -10.9789 29
      vertex 4.97578 -9.35887 29
    endloop
  endfacet
  facet normal 0 0 1
    outer loop
      vertex 6.58051 -10.9789 29
      vertex 4.88063 -9.48289 29
      vertex 6.03387 -11.2886 29
    endloop
  endfacet
  facet normal -0 0 1
    outer loop
      vertex 4.86215 -9.50136 29
      vertex 6.03387 -11.2886 29
      vertex 4.88063 -9.48289 29
    endloop
  endfacet
  facet normal -0 0 1
    outer loop
      vertex 4.73804 -9.59659 29
      vertex 6.03387 -11.2886 29
      vertex 4.86215 -9.50136 29
    endloop
  endfacet
  facet normal 0 0 1
    outer loop
      vertex 6.03387 -11.2886 29
      vertex 4.73804 -9.59659 29
      vertex 5.4727 -11.5711 29
    endloop
  endfacet
  facet normal -0 0 1
    outer loop
      vertex 4.71544 -9.60965 29
      vertex 5.4727 -11.5711 29
      vertex 4.73804 -9.59659 29
    endloop
  endfacet
  facet normal -0 0 1
    outer loop
      vertex 4.57094 -9.66951 29
      vertex 5.4727 -11.5711 29
      vertex 4.71544 -9.60965 29
    endloop
  endfacet
  facet normal -0 0 1
    outer loop
      vertex 4.54572 -9.67627 29
      vertex 5.4727 -11.5711 29
      vertex 4.57094 -9.66951 29
    endloop
  endfacet
  facet normal 0 0 1
    outer loop
      vertex 5.4727 -11.5711 29
      vertex 4.54572 -9.67627 29
      vertex 4.89835 -11.8257 29
    endloop
  endfacet
  facet normal -0 0 1
    outer loop
      vertex 4.39064 -9.69667 29
      vertex 4.89835 -11.8257 29
      vertex 4.54572 -9.67627 29
    endloop
  endfacet
  facet normal -0 0 1
    outer loop
      vertex 4.36455 -9.69667 29
      vertex 4.89835 -11.8257 29
      vertex 4.39064 -9.69667 29
    endloop
  endfacet
  facet normal 0 0 1
    outer loop
      vertex 4.36455 -9.69667 29
      vertex 4.31218 -12.0518 29
      vertex 4.89835 -11.8257 29
    endloop
  endfacet
  facet normal 0 0 1
    outer loop
      vertex 4.20947 -9.67627 29
      vertex 4.31218 -12.0518 29
      vertex 4.36455 -9.69667 29
    endloop
  endfacet
  facet normal 0 0 1
    outer loop
      vertex 4.18425 -9.66951 29
      vertex 4.31218 -12.0518 29
      vertex 4.20947 -9.67627 29
    endloop
  endfacet
  facet normal 0 0 1
    outer loop
      vertex 4.03973 -9.60965 29
      vertex 4.31218 -12.0518 29
      vertex 4.18425 -9.66951 29
    endloop
  endfacet
  facet normal 0 0 1
    outer loop
      vertex 3.71564 -12.2488 29
      vertex 4.03973 -9.60965 29
      vertex 4.01712 -9.59659 29
    endloop
  endfacet
  facet normal 0 0 1
    outer loop
      vertex 3.71564 -12.2488 29
      vertex 4.01712 -9.59659 29
      vertex 3.89302 -9.50136 29
    endloop
  endfacet
  facet normal 0 0 1
    outer loop
      vertex 3.11014 -12.4164 29
      vertex 3.89302 -9.50136 29
      vertex 3.87456 -9.48289 29
    endloop
  endfacet
  facet normal 0 0 1
    outer loop
      vertex 2.49715 -12.554 29
      vertex 3.87456 -9.48289 29
      vertex 3.7794 -9.35887 29
    endloop
  endfacet
  facet normal 0 0 1
    outer loop
      vertex 2.49715 -12.554 29
      vertex 3.7794 -9.35887 29
      vertex 3.76636 -9.33627 29
    endloop
  endfacet
  facet normal 0 0 1
    outer loop
      vertex 4.03973 -9.60965 29
      vertex 3.71564 -12.2488 29
      vertex 4.31218 -12.0518 29
    endloop
  endfacet
  facet normal 0 0 1
    outer loop
      vertex 0.419464 -8.46336 29
      vertex 3.76636 -9.33627 29
      vertex 3.70648 -9.19174 29
    endloop
  endfacet
  facet normal 0 0 1
    outer loop
      vertex 0.437927 -8.4449 29
      vertex 3.70648 -9.19174 29
      vertex 3.69972 -9.16652 29
    endloop
  endfacet
  facet normal 0 0 1
    outer loop
      vertex 0.518356 -8.34004 29
      vertex 3.69972 -9.16652 29
      vertex 3.6776 -8.9984 29
    endloop
  endfacet
  facet normal 0 0 1
    outer loop
      vertex 3.89302 -9.50136 29
      vertex 3.11014 -12.4164 29
      vertex 3.71564 -12.2488 29
    endloop
  endfacet
  facet normal -0 0 1
    outer loop
      vertex 0.589172 -8.17293 29
      vertex 3.6776 -8.9984 29
      vertex 2.9827 -3.20757 29
    endloop
  endfacet
  facet normal -0 0 1
    outer loop
      vertex 0.583405 -8.19203 29
      vertex 3.6776 -8.9984 29
      vertex 0.589172 -8.17293 29
    endloop
  endfacet
  facet normal -0 0 1
    outer loop
      vertex 0.531387 -8.31747 29
      vertex 3.6776 -8.9984 29
      vertex 0.583405 -8.19203 29
    endloop
  endfacet
  facet normal -0 0 1
    outer loop
      vertex 1.80875 -1.93407 29
      vertex 2.9827 -3.20757 29
      vertex 1.81755 -1.79967 29
    endloop
  endfacet
  facet normal -0 0 1
    outer loop
      vertex 1.8071 -1.94673 29
      vertex 2.9827 -3.20757 29
      vertex 1.80875 -1.93407 29
    endloop
  endfacet
  facet normal 0 0 1
    outer loop
      vertex 0.589172 -8.17293 29
      vertex 2.9827 -3.20757 29
      vertex 1.8071 -1.94673 29
    endloop
  endfacet
  facet normal -0 0 1
    outer loop
      vertex 0.518356 -8.34004 29
      vertex 3.6776 -8.9984 29
      vertex 0.531387 -8.31747 29
    endloop
  endfacet
  facet normal 0 0 1
    outer loop
      vertex 3.69972 -9.16652 29
      vertex 0.518356 -8.34004 29
      vertex 0.437927 -8.4449 29
    endloop
  endfacet
  facet normal 0 0 1
    outer loop
      vertex 3.70648 -9.19174 29
      vertex 0.437927 -8.4449 29
      vertex 0.419464 -8.46336 29
    endloop
  endfacet
  facet normal 0 0 1
    outer loop
      vertex 3.87456 -9.48289 29
      vertex 2.49715 -12.554 29
      vertex 3.11014 -12.4164 29
    endloop
  endfacet
  facet normal 0 0 1
    outer loop
      vertex 3.76636 -9.33627 29
      vertex 0.419464 -8.46336 29
      vertex 0.314362 -8.54402 29
    endloop
  endfacet
  facet normal 0 0 1
    outer loop
      vertex 3.76636 -9.33627 29
      vertex 1.87814 -12.6615 29
      vertex 2.49715 -12.554 29
    endloop
  endfacet
  facet normal 0 0 1
    outer loop
      vertex 3.76636 -9.33627 29
      vertex 0.314362 -8.54402 29
      vertex 1.87814 -12.6615 29
    endloop
  endfacet
  facet normal -0 0 1
    outer loop
      vertex 0.291718 -8.55708 29
      vertex 1.87814 -12.6615 29
      vertex 0.314362 -8.54402 29
    endloop
  endfacet
  facet normal 0 0 1
    outer loop
      vertex 1.87814 -12.6615 29
      vertex 0.291718 -8.55708 29
      vertex 1.25461 -12.7384 29
    endloop
  endfacet
  facet normal -0 0 1
    outer loop
      vertex 0.169479 -8.60768 29
      vertex 1.25461 -12.7384 29
      vertex 0.291718 -8.55708 29
    endloop
  endfacet
  facet normal 0 0 1
    outer loop
      vertex 1.25461 -12.7384 29
      vertex 0.169479 -8.60768 29
      vertex 0.628052 -12.7846 29
    endloop
  endfacet
  facet normal -0 0 1
    outer loop
      vertex 0.144333 -8.61443 29
      vertex 0.628052 -12.7846 29
      vertex 0.169479 -8.60768 29
    endloop
  endfacet
  facet normal -0 0 1
    outer loop
      vertex 0.013092 -8.63176 29
      vertex 0.628052 -12.7846 29
      vertex 0.144333 -8.61443 29
    endloop
  endfacet
  facet normal 0 0 1
    outer loop
      vertex 0.013092 -8.63176 29
      vertex 0 -12.8 29
      vertex 0.628052 -12.7846 29
    endloop
  endfacet
  facet normal -0 0 1
    outer loop
      vertex -0.013092 -8.63176 29
      vertex 0 -12.8 29
      vertex 0.013092 -8.63176 29
    endloop
  endfacet
  facet normal 0 0 1
    outer loop
      vertex -0.628052 -12.7846 29
      vertex -0.013092 -8.63176 29
      vertex -0.144333 -8.61443 29
    endloop
  endfacet
  facet normal 0 0 1
    outer loop
      vertex -0.628052 -12.7846 29
      vertex -0.144333 -8.61443 29
      vertex -0.169479 -8.60768 29
    endloop
  endfacet
  facet normal 0 0 1
    outer loop
      vertex -1.25461 -12.7384 29
      vertex -0.169479 -8.60768 29
      vertex -0.291718 -8.55708 29
    endloop
  endfacet
  facet normal 0 0 1
    outer loop
      vertex -1.87814 -12.6615 29
      vertex -0.291718 -8.55708 29
      vertex -0.314362 -8.54402 29
    endloop
  endfacet
  facet normal 0 0 1
    outer loop
      vertex -3.76636 -9.33627 29
      vertex -0.314362 -8.54402 29
      vertex -0.419464 -8.46336 29
    endloop
  endfacet
  facet normal 0 0 1
    outer loop
      vertex -3.70648 -9.19174 29
      vertex -0.419464 -8.46336 29
      vertex -0.437927 -8.4449 29
    endloop
  endfacet
  facet normal 0 0 1
    outer loop
      vertex -3.69972 -9.16652 29
      vertex -0.437927 -8.4449 29
      vertex -0.518356 -8.34004 29
    endloop
  endfacet
  facet normal 0 0 1
    outer loop
      vertex -3.67746 -8.99727 29
      vertex -0.518356 -8.34004 29
      vertex -0.531387 -8.31747 29
    endloop
  endfacet
  facet normal 0 0 1
    outer loop
      vertex -3.67746 -8.99727 29
      vertex -0.531387 -8.31747 29
      vertex -0.583405 -8.19203 29
    endloop
  endfacet
  facet normal 0 0 1
    outer loop
      vertex -3.67746 -8.99727 29
      vertex -0.583405 -8.19203 29
      vertex -0.589172 -8.17293 29
    endloop
  endfacet
  facet normal 0 0 1
    outer loop
      vertex -0.013092 -8.63176 29
      vertex -0.628052 -12.7846 29
      vertex 0 -12.8 29
    endloop
  endfacet
  facet normal 0 0 1
    outer loop
      vertex -0.169479 -8.60768 29
      vertex -1.25461 -12.7384 29
      vertex -0.628052 -12.7846 29
    endloop
  endfacet
  facet normal -0 0 1
    outer loop
      vertex -2.9827 -3.20757 29
      vertex -0.589172 -8.17293 29
      vertex -1.8071 -1.94673 29
    endloop
  endfacet
  facet normal 0 0 1
    outer loop
      vertex -2.9827 -3.20757 29
      vertex -1.8071 -1.94673 29
      vertex -1.80875 -1.93407 29
    endloop
  endfacet
  facet normal 0 0 1
    outer loop
      vertex -2.9827 -3.20757 29
      vertex -1.80875 -1.93407 29
      vertex -1.81755 -1.79967 29
    endloop
  endfacet
  facet normal 0 0 1
    outer loop
      vertex -0.518356 -8.34004 29
      vertex -3.67746 -8.99727 29
      vertex -3.69972 -9.16652 29
    endloop
  endfacet
  facet normal 0 0 1
    outer loop
      vertex -0.437927 -8.4449 29
      vertex -3.69972 -9.16652 29
      vertex -3.70648 -9.19174 29
    endloop
  endfacet
  facet normal 0 0 1
    outer loop
      vertex -0.589172 -8.17293 29
      vertex -2.9827 -3.20757 29
      vertex -3.67746 -8.99727 29
    endloop
  endfacet
  facet normal 0 0 1
    outer loop
      vertex -0.419464 -8.46336 29
      vertex -3.70648 -9.19174 29
      vertex -3.76636 -9.33627 29
    endloop
  endfacet
  facet normal 0 0 1
    outer loop
      vertex -0.291718 -8.55708 29
      vertex -1.87814 -12.6615 29
      vertex -1.25461 -12.7384 29
    endloop
  endfacet
  facet normal 0 0 1
    outer loop
      vertex -0.314362 -8.54402 29
      vertex -3.76636 -9.33627 29
      vertex -1.87814 -12.6615 29
    endloop
  endfacet
  facet normal 0 0 1
    outer loop
      vertex -1.87814 -12.6615 29
      vertex -3.76636 -9.33627 29
      vertex -2.49715 -12.554 29
    endloop
  endfacet
  facet normal -0 0 1
    outer loop
      vertex -3.7794 -9.35887 29
      vertex -2.49715 -12.554 29
      vertex -3.76636 -9.33627 29
    endloop
  endfacet
  facet normal -0 0 1
    outer loop
      vertex -3.87456 -9.48289 29
      vertex -2.49715 -12.554 29
      vertex -3.7794 -9.35887 29
    endloop
  endfacet
  facet normal 0 0 1
    outer loop
      vertex -2.49715 -12.554 29
      vertex -3.87456 -9.48289 29
      vertex -3.11014 -12.4164 29
    endloop
  endfacet
  facet normal -0 0 1
    outer loop
      vertex -3.89302 -9.50136 29
      vertex -3.11014 -12.4164 29
      vertex -3.87456 -9.48289 29
    endloop
  endfacet
  facet normal 0 0 1
    outer loop
      vertex -3.11014 -12.4164 29
      vertex -3.89302 -9.50136 29
      vertex -3.71564 -12.2488 29
    endloop
  endfacet
  facet normal -0 0 1
    outer loop
      vertex -4.01712 -9.59659 29
      vertex -3.71564 -12.2488 29
      vertex -3.89302 -9.50136 29
    endloop
  endfacet
  facet normal -0 0 1
    outer loop
      vertex -4.03973 -9.60965 29
      vertex -3.71564 -12.2488 29
      vertex -4.01712 -9.59659 29
    endloop
  endfacet
  facet normal -0 0 1
    outer loop
      vertex -4.18425 -9.66951 29
      vertex -3.71564 -12.2488 29
      vertex -4.03973 -9.60965 29
    endloop
  endfacet
  facet normal 0 0 1
    outer loop
      vertex -4.31218 -12.0518 29
      vertex -4.18425 -9.66951 29
      vertex -4.20947 -9.67627 29
    endloop
  endfacet
  facet normal 0 0 1
    outer loop
      vertex -4.18425 -9.66951 29
      vertex -4.31218 -12.0518 29
      vertex -3.71564 -12.2488 29
    endloop
  endfacet
  facet normal -0 0 1
    outer loop
      vertex -4.36455 -9.69667 29
      vertex -4.31218 -12.0518 29
      vertex -4.20947 -9.67627 29
    endloop
  endfacet
  facet normal 0 0 1
    outer loop
      vertex -4.89835 -11.8257 29
      vertex -4.36455 -9.69667 29
      vertex -4.39064 -9.69667 29
    endloop
  endfacet
  facet normal 0 0 1
    outer loop
      vertex -4.89835 -11.8257 29
      vertex -4.39064 -9.69667 29
      vertex -4.54572 -9.67627 29
    endloop
  endfacet
  facet normal 0 0 1
    outer loop
      vertex -5.4727 -11.5711 29
      vertex -4.54572 -9.67627 29
      vertex -4.57094 -9.66951 29
    endloop
  endfacet
  facet normal 0 0 1
    outer loop
      vertex -5.4727 -11.5711 29
      vertex -4.57094 -9.66951 29
      vertex -4.71544 -9.60965 29
    endloop
  endfacet
  facet normal 0 0 1
    outer loop
      vertex -5.4727 -11.5711 29
      vertex -4.71544 -9.60965 29
      vertex -4.73804 -9.59659 29
    endloop
  endfacet
  facet normal 0 0 1
    outer loop
      vertex -6.03387 -11.2886 29
      vertex -4.73804 -9.59659 29
      vertex -4.86215 -9.50136 29
    endloop
  endfacet
  facet normal 0 0 1
    outer loop
      vertex -6.03387 -11.2886 29
      vertex -4.86215 -9.50136 29
      vertex -4.88063 -9.48289 29
    endloop
  endfacet
  facet normal 0 0 1
    outer loop
      vertex -4.36455 -9.69667 29
      vertex -4.89835 -11.8257 29
      vertex -4.31218 -12.0518 29
    endloop
  endfacet
  facet normal 0 0 1
    outer loop
      vertex -6.58051 -10.9789 29
      vertex -4.88063 -9.48289 29
      vertex -4.97578 -9.35887 29
    endloop
  endfacet
  facet normal 0 0 1
    outer loop
      vertex -6.58051 -10.9789 29
      vertex -4.97578 -9.35887 29
      vertex -4.98883 -9.33627 29
    endloop
  endfacet
  facet normal 0 0 1
    outer loop
      vertex -7.1113 -10.6428 29
      vertex -4.98883 -9.33627 29
      vertex -5.04871 -9.19174 29
    endloop
  endfacet
  facet normal 0 0 1
    outer loop
      vertex -7.1113 -10.6428 29
      vertex -5.04871 -9.19174 29
      vertex -5.05547 -9.16652 29
    endloop
  endfacet
  facet normal 0 0 1
    outer loop
      vertex -7.1113 -10.6428 29
      vertex -5.05547 -9.16652 29
      vertex -5.07596 -9.01085 29
    endloop
  endfacet
  facet normal 0 0 1
    outer loop
      vertex -4.54572 -9.67627 29
      vertex -5.4727 -11.5711 29
      vertex -4.89835 -11.8257 29
    endloop
  endfacet
  facet normal 0 0 1
    outer loop
      vertex -7.62494 -10.2811 29
      vertex -5.07596 -9.01085 29
      vertex -5.0761 -8.98589 29
    endloop
  endfacet
  facet normal 0 0 1
    outer loop
      vertex -6.93881 -4.24881 29
      vertex -4.34813 -2.91953 29
      vertex -6.9287 -4.23265 29
    endloop
  endfacet
  facet normal 0 0 1
    outer loop
      vertex -4.34813 -2.91953 29
      vertex -6.93881 -4.24881 29
      vertex -5.0761 -8.98589 29
    endloop
  endfacet
  facet normal -0 0 1
    outer loop
      vertex -7.03622 -4.37576 29
      vertex -5.0761 -8.98589 29
      vertex -6.93881 -4.24881 29
    endloop
  endfacet
  facet normal -0 0 1
    outer loop
      vertex -7.05469 -4.39423 29
      vertex -5.0761 -8.98589 29
      vertex -7.03622 -4.37576 29
    endloop
  endfacet
  facet normal 0 0 1
    outer loop
      vertex -4.73804 -9.59659 29
      vertex -6.03387 -11.2886 29
      vertex -5.4727 -11.5711 29
    endloop
  endfacet
  facet normal -0 0 1
    outer loop
      vertex -7.17871 -4.48938 29
      vertex -5.0761 -8.98589 29
      vertex -7.05469 -4.39423 29
    endloop
  endfacet
  facet normal 0 0 1
    outer loop
      vertex -4.88063 -9.48289 29
      vertex -6.58051 -10.9789 29
      vertex -6.03387 -11.2886 29
    endloop
  endfacet
  facet normal 0 0 1
    outer loop
      vertex -4.98883 -9.33627 29
      vertex -7.1113 -10.6428 29
      vertex -6.58051 -10.9789 29
    endloop
  endfacet
  facet normal -0 0 1
    outer loop
      vertex -7.20131 -4.50243 29
      vertex -5.0761 -8.98589 29
      vertex -7.17871 -4.48938 29
    endloop
  endfacet
  facet normal -0 0 1
    outer loop
      vertex -7.34584 -4.5623 29
      vertex -5.0761 -8.98589 29
      vertex -7.20131 -4.50243 29
    endloop
  endfacet
  facet normal -0 0 1
    outer loop
      vertex -7.37106 -4.56906 29
      vertex -5.0761 -8.98589 29
      vertex -7.34584 -4.5623 29
    endloop
  endfacet
  facet normal 0 0 1
    outer loop
      vertex -9.05096 -9.05096 29
      vertex -5.0761 -8.98589 29
      vertex -7.37106 -4.56906 29
    endloop
  endfacet
  facet normal 0 0 1
    outer loop
      vertex -9.05096 -9.05096 29
      vertex -7.37106 -4.56906 29
      vertex -7.52615 -4.58946 29
    endloop
  endfacet
  facet normal 0 0 1
    outer loop
      vertex -9.48416 -8.59595 29
      vertex -7.52615 -4.58946 29
      vertex -7.55225 -4.58946 29
    endloop
  endfacet
  facet normal 0 0 1
    outer loop
      vertex -5.07596 -9.01085 29
      vertex -7.62494 -10.2811 29
      vertex -7.1113 -10.6428 29
    endloop
  endfacet
  facet normal 0 0 1
    outer loop
      vertex -9.48416 -8.59595 29
      vertex -7.55225 -4.58946 29
      vertex -7.70732 -4.56906 29
    endloop
  endfacet
  facet normal 0 0 1
    outer loop
      vertex -9.89453 -8.12022 29
      vertex -7.70732 -4.56906 29
      vertex -7.73254 -4.5623 29
    endloop
  endfacet
  facet normal 0 0 1
    outer loop
      vertex -10.2811 -7.62494 29
      vertex -7.73254 -4.5623 29
      vertex -7.87708 -4.50243 29
    endloop
  endfacet
  facet normal 0 0 1
    outer loop
      vertex -10.6428 -7.1113 29
      vertex -7.87708 -4.50243 29
      vertex -7.89967 -4.48938 29
    endloop
  endfacet
  facet normal 0 0 1
    outer loop
      vertex -10.6428 -7.1113 29
      vertex -7.89967 -4.48938 29
      vertex -8.0237 -4.39423 29
    endloop
  endfacet
  facet normal 0 0 1
    outer loop
      vertex -10.9789 -6.58051 29
      vertex -8.0237 -4.39423 29
      vertex -8.04216 -4.37576 29
    endloop
  endfacet
  facet normal 0 0 1
    outer loop
      vertex -5.0761 -8.98589 29
      vertex -8.12022 -9.89453 29
      vertex -7.62494 -10.2811 29
    endloop
  endfacet
  facet normal 0 0 1
    outer loop
      vertex -10.9789 -6.58051 29
      vertex -8.04216 -4.37576 29
      vertex -8.13739 -4.25166 29
    endloop
  endfacet
  facet normal 0 0 1
    outer loop
      vertex -11.2886 -6.03387 29
      vertex -8.13739 -4.25166 29
      vertex -8.15045 -4.22905 29
    endloop
  endfacet
  facet normal 0 0 1
    outer loop
      vertex -11.5711 -5.4727 29
      vertex -8.15045 -4.22905 29
      vertex -8.21031 -4.08455 29
    endloop
  endfacet
  facet normal 0 0 1
    outer loop
      vertex -11.5711 -5.4727 29
      vertex -8.21031 -4.08455 29
      vertex -8.21707 -4.05933 29
    endloop
  endfacet
  facet normal 0 0 1
    outer loop
      vertex -11.8257 -4.89835 29
      vertex -8.21707 -4.05933 29
      vertex -8.23747 -3.90424 29
    endloop
  endfacet
  facet normal 0 0 1
    outer loop
      vertex -8.14313 7.18492 29
      vertex -11.5711 5.4727 29
      vertex -6.20369 3.54845 29
    endloop
  endfacet
  facet normal 0 0 1
    outer loop
      vertex -5.0761 -8.98589 29
      vertex -8.59595 -9.48416 29
      vertex -8.12022 -9.89453 29
    endloop
  endfacet
  facet normal -0 0 1
    outer loop
      vertex -11.8257 4.89835 29
      vertex -6.20369 3.54845 29
      vertex -11.5711 5.4727 29
    endloop
  endfacet
  facet normal 0 0 1
    outer loop
      vertex -5.0761 -8.98589 29
      vertex -9.05096 -9.05096 29
      vertex -8.59595 -9.48416 29
    endloop
  endfacet
  facet normal -0 0 1
    outer loop
      vertex -12.0518 4.31218 29
      vertex -6.20369 3.54845 29
      vertex -11.8257 4.89835 29
    endloop
  endfacet
  facet normal 0 0 1
    outer loop
      vertex -7.52615 -4.58946 29
      vertex -9.48416 -8.59595 29
      vertex -9.05096 -9.05096 29
    endloop
  endfacet
  facet normal -0 0 1
    outer loop
      vertex -12.2488 3.71564 29
      vertex -6.20369 3.54845 29
      vertex -12.0518 4.31218 29
    endloop
  endfacet
  facet normal 0 0 1
    outer loop
      vertex -7.70732 -4.56906 29
      vertex -9.89453 -8.12022 29
      vertex -9.48416 -8.59595 29
    endloop
  endfacet
  facet normal 0 0 1
    outer loop
      vertex -12.4164 3.11014 29
      vertex -6.20369 3.54845 29
      vertex -12.2488 3.71564 29
    endloop
  endfacet
  facet normal 0 0 1
    outer loop
      vertex -7.73254 -4.5623 29
      vertex -10.2811 -7.62494 29
      vertex -9.89453 -8.12022 29
    endloop
  endfacet
  facet normal 0 0 1
    outer loop
      vertex -12.554 2.49715 29
      vertex -6.20369 3.54845 29
      vertex -12.4164 3.11014 29
    endloop
  endfacet
  facet normal 0 0 1
    outer loop
      vertex -7.87708 -4.50243 29
      vertex -10.6428 -7.1113 29
      vertex -10.2811 -7.62494 29
    endloop
  endfacet
  facet normal 0 0 1
    outer loop
      vertex -6.20369 3.54845 29
      vertex -12.554 2.49715 29
      vertex -6.20409 0.341446 29
    endloop
  endfacet
  facet normal 0 0 1
    outer loop
      vertex -8.0237 -4.39423 29
      vertex -10.9789 -6.58051 29
      vertex -10.6428 -7.1113 29
    endloop
  endfacet
  facet normal -0 0 1
    outer loop
      vertex -12.6615 1.87814 29
      vertex -6.20409 0.341446 29
      vertex -12.554 2.49715 29
    endloop
  endfacet
  facet normal 0 0 1
    outer loop
      vertex -8.13739 -4.25166 29
      vertex -11.2886 -6.03387 29
      vertex -10.9789 -6.58051 29
    endloop
  endfacet
  facet normal -0 0 1
    outer loop
      vertex -12.7384 1.25461 29
      vertex -6.20409 0.341446 29
      vertex -12.6615 1.87814 29
    endloop
  endfacet
  facet normal 0 0 1
    outer loop
      vertex -8.15045 -4.22905 29
      vertex -11.5711 -5.4727 29
      vertex -11.2886 -6.03387 29
    endloop
  endfacet
  facet normal -0 0 1
    outer loop
      vertex -12.7846 0.628052 29
      vertex -6.20409 0.341446 29
      vertex -12.7384 1.25461 29
    endloop
  endfacet
  facet normal 0 0 1
    outer loop
      vertex -8.21707 -4.05933 29
      vertex -11.8257 -4.89835 29
      vertex -11.5711 -5.4727 29
    endloop
  endfacet
  facet normal 0 0 1
    outer loop
      vertex -12.8 0 29
      vertex -6.20409 0.341446 29
      vertex -12.7846 0.628052 29
    endloop
  endfacet
  facet normal 0 0 1
    outer loop
      vertex -8.23747 -3.90424 29
      vertex -12.0518 -4.31218 29
      vertex -11.8257 -4.89835 29
    endloop
  endfacet
  facet normal 0 -0 1
    outer loop
      vertex -12.7846 -0.628052 29
      vertex -6.20409 0.341446 29
      vertex -12.8 0 29
    endloop
  endfacet
  facet normal 0 0 1
    outer loop
      vertex -8.23747 -3.87814 29
      vertex -12.0518 -4.31218 29
      vertex -8.23747 -3.90424 29
    endloop
  endfacet
  facet normal 0 0 1
    outer loop
      vertex -6.20409 0.341446 29
      vertex -12.7846 -0.628052 29
      vertex -8.14383 -3.53804 29
    endloop
  endfacet
  facet normal 0 0 1
    outer loop
      vertex -8.21707 -3.72307 29
      vertex -12.0518 -4.31218 29
      vertex -8.23747 -3.87814 29
    endloop
  endfacet
  facet normal -0 -0 1
    outer loop
      vertex -12.7384 -1.25461 29
      vertex -8.14383 -3.53804 29
      vertex -12.7846 -0.628052 29
    endloop
  endfacet
  facet normal 0 -0 1
    outer loop
      vertex -12.0518 -4.31218 29
      vertex -8.21707 -3.72307 29
      vertex -12.2488 -3.71564 29
    endloop
  endfacet
  facet normal -0 -0 1
    outer loop
      vertex -12.6615 -1.87814 29
      vertex -8.14383 -3.53804 29
      vertex -12.7384 -1.25461 29
    endloop
  endfacet
  facet normal 0 0 1
    outer loop
      vertex -8.2103 -3.69783 29
      vertex -12.2488 -3.71564 29
      vertex -8.21707 -3.72307 29
    endloop
  endfacet
  facet normal -0 -0 1
    outer loop
      vertex -12.554 -2.49715 29
      vertex -8.14383 -3.53804 29
      vertex -12.6615 -1.87814 29
    endloop
  endfacet
  facet normal 0 -0 1
    outer loop
      vertex -12.2488 -3.71564 29
      vertex -8.2103 -3.69783 29
      vertex -12.4164 -3.11014 29
    endloop
  endfacet
  facet normal -0 -0 1
    outer loop
      vertex -12.4164 -3.11014 29
      vertex -8.14383 -3.53804 29
      vertex -12.554 -2.49715 29
    endloop
  endfacet
  facet normal 0 0 1
    outer loop
      vertex -8.14676 -3.54448 29
      vertex -12.4164 -3.11014 29
      vertex -8.2103 -3.69783 29
    endloop
  endfacet
  facet normal 0 0 1
    outer loop
      vertex -8.14383 -3.53804 29
      vertex -12.4164 -3.11014 29
      vertex -8.14676 -3.54448 29
    endloop
  endfacet
  facet normal 0 0 1
    outer loop
      vertex 6.938 7.89577 29
      vertex 5.05385 10.2772 29
      vertex 6.92909 7.88194 29
    endloop
  endfacet
  facet normal 0 0 1
    outer loop
      vertex 4.326 5.66739 29
      vertex 6.92909 7.88194 29
      vertex 5.05385 10.2772 29
    endloop
  endfacet
  facet normal 0 0 1
    outer loop
      vertex 6.92909 7.88194 29
      vertex 4.326 5.66739 29
      vertex 5.10881 4.46887 29
    endloop
  endfacet
  facet normal -0 0 1
    outer loop
      vertex 4.31963 5.64471 29
      vertex 5.10881 4.46887 29
      vertex 4.326 5.66739 29
    endloop
  endfacet
  facet normal -0 0 1
    outer loop
      vertex 4.25925 5.49893 29
      vertex 5.10881 4.46887 29
      vertex 4.31963 5.64471 29
    endloop
  endfacet
  facet normal -0 0 1
    outer loop
      vertex 4.24619 5.47632 29
      vertex 5.10881 4.46887 29
      vertex 4.25925 5.49893 29
    endloop
  endfacet
  facet normal -0 0 1
    outer loop
      vertex 4.14825 5.34872 29
      vertex 5.10881 4.46887 29
      vertex 4.24619 5.47632 29
    endloop
  endfacet
  facet normal -0 0 1
    outer loop
      vertex 4.13649 5.33589 29
      vertex 5.10881 4.46887 29
      vertex 4.14825 5.34872 29
    endloop
  endfacet
  facet normal 0 0 1
    outer loop
      vertex 5.10881 4.46887 29
      vertex 4.13649 5.33589 29
      vertex 2.14041 3.50615 29
    endloop
  endfacet
  facet normal 0 0 1
    outer loop
      vertex -1.04932 4.49364 29
      vertex -1.07654 4.45724 29
      vertex -1.04221 4.48299 29
    endloop
  endfacet
  facet normal 0 0 1
    outer loop
      vertex -1.05585 4.50494 29
      vertex -1.07654 4.45724 29
      vertex -1.04932 4.49364 29
    endloop
  endfacet
  facet normal 0 0 1
    outer loop
      vertex -1.05585 4.50494 29
      vertex -1.08452 4.45061 29
      vertex -1.07654 4.45724 29
    endloop
  endfacet
  facet normal 0 0 1
    outer loop
      vertex -1.05585 4.50494 29
      vertex -1.09264 4.44308 29
      vertex -1.08452 4.45061 29
    endloop
  endfacet
  facet normal 0 0 1
    outer loop
      vertex -1.12045 4.63606 29
      vertex -1.09264 4.44308 29
      vertex -1.05585 4.50494 29
    endloop
  endfacet
  facet normal 0 0 1
    outer loop
      vertex -1.12541 4.64804 29
      vertex -1.09264 4.44308 29
      vertex -1.12045 4.63606 29
    endloop
  endfacet
  facet normal 0 0 1
    outer loop
      vertex -1.17236 4.786 29
      vertex -1.09264 4.44308 29
      vertex -1.12541 4.64804 29
    endloop
  endfacet
  facet normal 0 0 1
    outer loop
      vertex -2.99913 6.1907 29
      vertex -1.17236 4.786 29
      vertex -1.17578 4.79874 29
    endloop
  endfacet
  facet normal 0 0 1
    outer loop
      vertex -3.69958 10.627 29
      vertex -1.25461 12.7384 29
      vertex -1.87814 12.6615 29
    endloop
  endfacet
  facet normal 0 0 1
    outer loop
      vertex -1.20592 5.25932 29
      vertex -2.99913 6.1907 29
      vertex -1.21545 5.11371 29
    endloop
  endfacet
  facet normal 0 0 1
    outer loop
      vertex -3.69958 10.627 29
      vertex -1.87814 12.6615 29
      vertex -2.49715 12.554 29
    endloop
  endfacet
  facet normal 0 0 1
    outer loop
      vertex -1.21545 5.11371 29
      vertex -2.99913 6.1907 29
      vertex -1.21545 5.10065 29
    endloop
  endfacet
  facet normal 0 0 1
    outer loop
      vertex -1.17236 4.786 29
      vertex -2.99913 6.1907 29
      vertex -1.09264 4.44308 29
    endloop
  endfacet
  facet normal 0 0 1
    outer loop
      vertex -1.20421 4.94188 29
      vertex -2.99913 6.1907 29
      vertex -1.17578 4.79874 29
    endloop
  endfacet
  facet normal 0 0 1
    outer loop
      vertex -1.21545 5.10065 29
      vertex -2.99913 6.1907 29
      vertex -1.20592 4.95483 29
    endloop
  endfacet
  facet normal 0 0 1
    outer loop
      vertex -3.70596 10.6497 29
      vertex -2.49715 12.554 29
      vertex -3.11014 12.4164 29
    endloop
  endfacet
  facet normal 0 0 1
    outer loop
      vertex -1.20592 4.95483 29
      vertex -2.99913 6.1907 29
      vertex -1.20421 4.94188 29
    endloop
  endfacet
  facet normal 0 0 1
    outer loop
      vertex -2.49715 12.554 29
      vertex -3.70596 10.6497 29
      vertex -3.69958 10.627 29
    endloop
  endfacet
  facet normal 0 0 1
    outer loop
      vertex -3.87456 10.9421 29
      vertex -3.11014 12.4164 29
      vertex -3.71564 12.2488 29
    endloop
  endfacet
  facet normal 0 0 1
    outer loop
      vertex -3.11014 12.4164 29
      vertex -3.76636 10.7955 29
      vertex -3.70596 10.6497 29
    endloop
  endfacet
  facet normal 0 0 1
    outer loop
      vertex -3.11014 12.4164 29
      vertex -3.7794 10.8181 29
      vertex -3.76636 10.7955 29
    endloop
  endfacet
  facet normal 0 0 1
    outer loop
      vertex -3.11014 12.4164 29
      vertex -3.87456 10.9421 29
      vertex -3.7794 10.8181 29
    endloop
  endfacet
  facet normal 0 0 1
    outer loop
      vertex -3.71564 12.2488 29
      vertex -3.89302 10.9606 29
      vertex -3.87456 10.9421 29
    endloop
  endfacet
  facet normal 0 0 1
    outer loop
      vertex -3.71564 12.2488 29
      vertex -4.01712 11.0558 29
      vertex -3.89302 10.9606 29
    endloop
  endfacet
  facet normal 0 0 1
    outer loop
      vertex -3.71564 12.2488 29
      vertex -4.03973 11.0688 29
      vertex -4.01712 11.0558 29
    endloop
  endfacet
  facet normal -0 0 1
    outer loop
      vertex -4.31218 12.0518 29
      vertex -4.03973 11.0688 29
      vertex -3.71564 12.2488 29
    endloop
  endfacet
  facet normal 0 0 1
    outer loop
      vertex -4.03973 11.0688 29
      vertex -4.31218 12.0518 29
      vertex -4.18425 11.1287 29
    endloop
  endfacet
  facet normal 0 0 1
    outer loop
      vertex -4.18425 11.1287 29
      vertex -4.31218 12.0518 29
      vertex -4.20947 11.1355 29
    endloop
  endfacet
  facet normal 0 0 1
    outer loop
      vertex -4.31218 12.0518 29
      vertex -4.36455 11.1559 29
      vertex -4.20947 11.1355 29
    endloop
  endfacet
  facet normal 0 0 1
    outer loop
      vertex -4.31218 12.0518 29
      vertex -4.39064 11.1559 29
      vertex -4.36455 11.1559 29
    endloop
  endfacet
  facet normal -0 0 1
    outer loop
      vertex -4.89835 11.8257 29
      vertex -4.39064 11.1559 29
      vertex -4.31218 12.0518 29
    endloop
  endfacet
  facet normal 0 0 1
    outer loop
      vertex -4.39064 11.1559 29
      vertex -4.89835 11.8257 29
      vertex -4.54572 11.1355 29
    endloop
  endfacet
  facet normal 0 0 1
    outer loop
      vertex -4.54572 11.1355 29
      vertex -4.89835 11.8257 29
      vertex -4.57094 11.1287 29
    endloop
  endfacet
  facet normal 0 0 1
    outer loop
      vertex -4.57094 11.1287 29
      vertex -4.89835 11.8257 29
      vertex -4.71544 11.0688 29
    endloop
  endfacet
  facet normal 0 0 1
    outer loop
      vertex -4.71544 11.0688 29
      vertex -4.89835 11.8257 29
      vertex -4.73804 11.0558 29
    endloop
  endfacet
  facet normal -0 0 1
    outer loop
      vertex -5.4727 11.5711 29
      vertex -4.73804 11.0558 29
      vertex -4.89835 11.8257 29
    endloop
  endfacet
  facet normal 0 0 1
    outer loop
      vertex -4.73804 11.0558 29
      vertex -5.4727 11.5711 29
      vertex -4.86215 10.9606 29
    endloop
  endfacet
  facet normal 0 0 1
    outer loop
      vertex -4.86215 10.9606 29
      vertex -5.4727 11.5711 29
      vertex -4.88063 10.9421 29
    endloop
  endfacet
  facet normal 0 0 1
    outer loop
      vertex -4.88063 10.9421 29
      vertex -5.4727 11.5711 29
      vertex -4.97578 10.8181 29
    endloop
  endfacet
  facet normal 0 0 1
    outer loop
      vertex -4.97578 10.8181 29
      vertex -5.4727 11.5711 29
      vertex -4.98883 10.7955 29
    endloop
  endfacet
  facet normal -0 0 1
    outer loop
      vertex -6.03387 11.2886 29
      vertex -4.98883 10.7955 29
      vertex -5.4727 11.5711 29
    endloop
  endfacet
  facet normal 0 0 1
    outer loop
      vertex -4.98883 10.7955 29
      vertex -6.03387 11.2886 29
      vertex -5.04871 10.6509 29
    endloop
  endfacet
  facet normal 0 0 1
    outer loop
      vertex -6.58051 10.9789 29
      vertex -5.07587 10.4445 29
      vertex -5.07587 10.4706 29
    endloop
  endfacet
  facet normal 0 0 1
    outer loop
      vertex -5.04871 10.6509 29
      vertex -6.03387 11.2886 29
      vertex -5.05547 10.6257 29
    endloop
  endfacet
  facet normal 0 0 1
    outer loop
      vertex -5.05547 10.6257 29
      vertex -6.03387 11.2886 29
      vertex -5.07587 10.4706 29
    endloop
  endfacet
  facet normal -0 0 1
    outer loop
      vertex -6.58051 10.9789 29
      vertex -5.07587 10.4706 29
      vertex -6.03387 11.2886 29
    endloop
  endfacet
  facet normal 0 0 1
    outer loop
      vertex -5.07587 10.4445 29
      vertex -6.58051 10.9789 29
      vertex -7.1113 10.6428 29
    endloop
  endfacet
  facet normal 0 0 1
    outer loop
      vertex -5.07587 10.4445 29
      vertex -6.92909 7.88194 29
      vertex -5.10881 4.46887 29
    endloop
  endfacet
  facet normal 0 0 1
    outer loop
      vertex -5.07587 10.4445 29
      vertex -6.938 7.89577 29
      vertex -6.92909 7.88194 29
    endloop
  endfacet
  facet normal 0 0 1
    outer loop
      vertex -5.07587 10.4445 29
      vertex -7.03621 8.02373 29
      vertex -6.938 7.89577 29
    endloop
  endfacet
  facet normal 0 0 1
    outer loop
      vertex -5.07587 10.4445 29
      vertex -7.05466 8.04218 29
      vertex -7.03621 8.02373 29
    endloop
  endfacet
  facet normal 0 0 1
    outer loop
      vertex -5.07587 10.4445 29
      vertex -7.1113 10.6428 29
      vertex -7.17873 8.13739 29
    endloop
  endfacet
  facet normal 0 0 1
    outer loop
      vertex -5.07587 10.4445 29
      vertex -7.17873 8.13739 29
      vertex -7.05466 8.04218 29
    endloop
  endfacet
  facet normal 0 0 1
    outer loop
      vertex -7.1113 10.6428 29
      vertex -7.20134 8.15045 29
      vertex -7.17873 8.13739 29
    endloop
  endfacet
  facet normal -0 0 1
    outer loop
      vertex -7.62494 10.2811 29
      vertex -7.20134 8.15045 29
      vertex -7.1113 10.6428 29
    endloop
  endfacet
  facet normal 0 0 1
    outer loop
      vertex -7.20134 8.15045 29
      vertex -7.62494 10.2811 29
      vertex -7.34584 8.21031 29
    endloop
  endfacet
  facet normal 0 0 1
    outer loop
      vertex -7.34584 8.21031 29
      vertex -7.62494 10.2811 29
      vertex -7.37106 8.21707 29
    endloop
  endfacet
  facet normal -0 0 1
    outer loop
      vertex -8.12022 9.89453 29
      vertex -7.37106 8.21707 29
      vertex -7.62494 10.2811 29
    endloop
  endfacet
  facet normal 0 0 1
    outer loop
      vertex -7.37106 8.21707 29
      vertex -8.12022 9.89453 29
      vertex -7.52615 8.23747 29
    endloop
  endfacet
  facet normal 0 0 1
    outer loop
      vertex -7.52615 8.23747 29
      vertex -8.12022 9.89453 29
      vertex -7.55225 8.23747 29
    endloop
  endfacet
  facet normal 0 0 1
    outer loop
      vertex -7.55225 8.23747 29
      vertex -8.12022 9.89453 29
      vertex -7.70732 8.21707 29
    endloop
  endfacet
  facet normal -0 0 1
    outer loop
      vertex -8.59595 9.48416 29
      vertex -7.70732 8.21707 29
      vertex -8.12022 9.89453 29
    endloop
  endfacet
  facet normal 0 0 1
    outer loop
      vertex -7.70732 8.21707 29
      vertex -8.59595 9.48416 29
      vertex -7.73254 8.21031 29
    endloop
  endfacet
  facet normal 0 0 1
    outer loop
      vertex -7.73254 8.21031 29
      vertex -8.59595 9.48416 29
      vertex -7.87704 8.15045 29
    endloop
  endfacet
  facet normal 0 0 1
    outer loop
      vertex -7.87704 8.15045 29
      vertex -8.59595 9.48416 29
      vertex -7.89966 8.13739 29
    endloop
  endfacet
  facet normal -0 0 1
    outer loop
      vertex -9.05096 9.05096 29
      vertex -7.89966 8.13739 29
      vertex -8.59595 9.48416 29
    endloop
  endfacet
  facet normal 0 0 1
    outer loop
      vertex -7.89966 8.13739 29
      vertex -9.05096 9.05096 29
      vertex -8.02373 8.04218 29
    endloop
  endfacet
  facet normal 0 0 1
    outer loop
      vertex -8.02373 8.04218 29
      vertex -9.05096 9.05096 29
      vertex -8.04218 8.02373 29
    endloop
  endfacet
  facet normal 0 0 1
    outer loop
      vertex -8.04218 8.02373 29
      vertex -9.05096 9.05096 29
      vertex -8.13739 7.89966 29
    endloop
  endfacet
  facet normal -0 0 1
    outer loop
      vertex -9.48416 8.59595 29
      vertex -8.13739 7.89966 29
      vertex -9.05096 9.05096 29
    endloop
  endfacet
  facet normal 0 0 1
    outer loop
      vertex -8.13739 7.89966 29
      vertex -9.48416 8.59595 29
      vertex -8.15045 7.87704 29
    endloop
  endfacet
  facet normal 0 0 1
    outer loop
      vertex -8.21031 7.73254 29
      vertex -9.48416 8.59595 29
      vertex -8.21707 7.70732 29
    endloop
  endfacet
  facet normal -0 0 1
    outer loop
      vertex -9.89453 8.12022 29
      vertex -8.21707 7.70732 29
      vertex -9.48416 8.59595 29
    endloop
  endfacet
  facet normal 0 0 1
    outer loop
      vertex -11.5711 5.4727 29
      vertex -8.14313 7.18492 29
      vertex -11.2886 6.03387 29
    endloop
  endfacet
  facet normal 0 0 1
    outer loop
      vertex -8.15045 7.87704 29
      vertex -9.48416 8.59595 29
      vertex -8.21031 7.73254 29
    endloop
  endfacet
  facet normal 0 0 1
    outer loop
      vertex -4.13649 5.33589 29
      vertex -5.10881 4.46887 29
      vertex -2.14041 3.50615 29
    endloop
  endfacet
  facet normal 0 0 1
    outer loop
      vertex -4.14825 5.34872 29
      vertex -5.10881 4.46887 29
      vertex -4.13649 5.33589 29
    endloop
  endfacet
  facet normal 0 0 1
    outer loop
      vertex -4.24619 5.47632 29
      vertex -5.10881 4.46887 29
      vertex -4.14825 5.34872 29
    endloop
  endfacet
  facet normal 0 0 1
    outer loop
      vertex -4.25925 5.49893 29
      vertex -5.10881 4.46887 29
      vertex -4.24619 5.47632 29
    endloop
  endfacet
  facet normal 0 0 1
    outer loop
      vertex -4.31963 5.64471 29
      vertex -5.10881 4.46887 29
      vertex -4.25925 5.49893 29
    endloop
  endfacet
  facet normal 0 0 1
    outer loop
      vertex -4.326 5.66739 29
      vertex -5.10881 4.46887 29
      vertex -4.31963 5.64471 29
    endloop
  endfacet
  facet normal 0 0 1
    outer loop
      vertex -5.05385 10.2772 29
      vertex -5.10881 4.46887 29
      vertex -4.326 5.66739 29
    endloop
  endfacet
  facet normal 0 0 1
    outer loop
      vertex -5.10881 4.46887 29
      vertex -5.05385 10.2772 29
      vertex -5.07587 10.4445 29
    endloop
  endfacet
  facet normal 0 0 1
    outer loop
      vertex -5.77098 0.677368 29
      vertex -1.90857 1.96115 29
      vertex -5.77098 3.21382 29
    endloop
  endfacet
  facet normal 0 0 1
    outer loop
      vertex -1.90857 1.96115 29
      vertex -5.77098 0.677368 29
      vertex -1.90735 1.95352 29
    endloop
  endfacet
  facet normal 0 0 1
    outer loop
      vertex -1.90735 1.95352 29
      vertex -5.77098 0.677368 29
      vertex -1.90302 1.93185 29
    endloop
  endfacet
  facet normal 0 0 1
    outer loop
      vertex -5.7784 3.21655 29
      vertex -5.77098 0.677368 29
      vertex -5.77098 3.21382 29
    endloop
  endfacet
  facet normal 0 0 1
    outer loop
      vertex -5.7784 3.21655 29
      vertex -5.7784 0.674637 29
      vertex -5.77098 0.677368 29
    endloop
  endfacet
  facet normal 0 0 1
    outer loop
      vertex -5.93144 3.27994 29
      vertex -5.7784 0.674637 29
      vertex -5.7784 3.21655 29
    endloop
  endfacet
  facet normal 0 0 1
    outer loop
      vertex -5.93144 3.27994 29
      vertex -5.93144 0.611252 29
      vertex -5.7784 0.674637 29
    endloop
  endfacet
  facet normal 0 0 1
    outer loop
      vertex -5.95406 3.293 29
      vertex -5.93144 0.611252 29
      vertex -5.93144 3.27994 29
    endloop
  endfacet
  facet normal 0 0 1
    outer loop
      vertex -5.95406 3.293 29
      vertex -5.95406 0.59819 29
      vertex -5.93144 0.611252 29
    endloop
  endfacet
  facet normal 0 0 1
    outer loop
      vertex -6.07812 3.38821 29
      vertex -5.95406 0.59819 29
      vertex -5.95406 3.293 29
    endloop
  endfacet
  facet normal 0 0 1
    outer loop
      vertex -6.07812 3.38821 29
      vertex -6.07812 0.502975 29
      vertex -5.95406 0.59819 29
    endloop
  endfacet
  facet normal 0 0 1
    outer loop
      vertex -6.09657 3.40666 29
      vertex -6.07812 0.502975 29
      vertex -6.07812 3.38821 29
    endloop
  endfacet
  facet normal 0 0 1
    outer loop
      vertex -6.09657 3.40666 29
      vertex -6.09657 0.484528 29
      vertex -6.07812 0.502975 29
    endloop
  endfacet
  facet normal 0 0 1
    outer loop
      vertex -6.09657 3.40666 29
      vertex -6.19397 0.357605 29
      vertex -6.09657 0.484528 29
    endloop
  endfacet
  facet normal 0 0 1
    outer loop
      vertex -6.19478 3.53462 29
      vertex -6.19397 0.357605 29
      vertex -6.09657 3.40666 29
    endloop
  endfacet
  facet normal 0 0 1
    outer loop
      vertex -6.20369 3.54845 29
      vertex -6.19397 0.357605 29
      vertex -6.19478 3.53462 29
    endloop
  endfacet
  facet normal 0 0 1
    outer loop
      vertex -6.20369 3.54845 29
      vertex -6.20409 0.341446 29
      vertex -6.19397 0.357605 29
    endloop
  endfacet
  facet normal 0 0 1
    outer loop
      vertex -8.14726 7.1937 29
      vertex -10.2811 7.62494 29
      vertex -8.14313 7.18492 29
    endloop
  endfacet
  facet normal 0 0 1
    outer loop
      vertex -10.6428 7.1113 29
      vertex -8.14313 7.18492 29
      vertex -10.2811 7.62494 29
    endloop
  endfacet
  facet normal 0 0 1
    outer loop
      vertex -8.21707 7.37106 29
      vertex -10.2811 7.62494 29
      vertex -8.2103 7.34583 29
    endloop
  endfacet
  facet normal 0 0 1
    outer loop
      vertex -8.2103 7.34583 29
      vertex -10.2811 7.62494 29
      vertex -8.14726 7.1937 29
    endloop
  endfacet
  facet normal -0 0 1
    outer loop
      vertex -10.2811 7.62494 29
      vertex -8.21707 7.37106 29
      vertex -9.89453 8.12022 29
    endloop
  endfacet
  facet normal 0 0 1
    outer loop
      vertex -10.9789 6.58051 29
      vertex -8.14313 7.18492 29
      vertex -10.6428 7.1113 29
    endloop
  endfacet
  facet normal 0 0 1
    outer loop
      vertex -8.23747 7.55225 29
      vertex -9.89453 8.12022 29
      vertex -8.23747 7.52615 29
    endloop
  endfacet
  facet normal 0 0 1
    outer loop
      vertex -8.23747 7.52615 29
      vertex -9.89453 8.12022 29
      vertex -8.21707 7.37106 29
    endloop
  endfacet
  facet normal 0 0 1
    outer loop
      vertex -8.21707 7.70732 29
      vertex -9.89453 8.12022 29
      vertex -8.23747 7.55225 29
    endloop
  endfacet
  facet normal 0 0 1
    outer loop
      vertex -11.2886 6.03387 29
      vertex -8.14313 7.18492 29
      vertex -10.9789 6.58051 29
    endloop
  endfacet
  facet normal -0.120929 0.696789 -0.707009
    outer loop
      vertex -1.98086 13.3539 0
      vertex -2.73126 13.731 0.5
      vertex -2.05423 13.8485 0.5
    endloop
  endfacet
  facet normal 0.870087 -0.492898 0
    outer loop
      vertex 12.0082 -7.19744 29
      vertex 12.3469 -6.59955 0.5
      vertex 12.3469 -6.59955 29
    endloop
  endfacet
  facet normal 0.870087 -0.492898 0
    outer loop
      vertex 12.3469 -6.59955 0.5
      vertex 12.0082 -7.19744 29
      vertex 12.0082 -7.19744 0.5
    endloop
  endfacet
  facet normal 0.266615 -0.963803 0
    outer loop
      vertex 3.40172 -13.5804 0.5
      vertex 4.06398 -13.3972 29
      vertex 3.40172 -13.5804 29
    endloop
  endfacet
  facet normal 0.266615 -0.963803 0
    outer loop
      vertex 4.06398 -13.3972 29
      vertex 3.40172 -13.5804 0.5
      vertex 4.06398 -13.3972 0.5
    endloop
  endfacet
  facet normal 0.0734918 0.997296 -0
    outer loop
      vertex 1.37224 13.9326 0.5
      vertex 0.686947 13.9831 29
      vertex 1.37224 13.9326 29
    endloop
  endfacet
  facet normal 0.0734918 0.997296 0
    outer loop
      vertex 0.686947 13.9831 29
      vertex 1.37224 13.9326 0.5
      vertex 0.686947 13.9831 0.5
    endloop
  endfacet
  facet normal 0.631773 0.317956 -0.706942
    outer loop
      vertex 12.6558 5.98577 0.5
      vertex 12.2039 5.77199 0
      vertex 12.3469 6.59955 0.5
    endloop
  endfacet
  facet normal -0.461931 0.535511 -0.706999
    outer loop
      vertex -8.56431 10.4356 0
      vertex -9.06605 10.0028 0
      vertex -8.88151 10.8221 0.5
    endloop
  endfacet
  facet normal -0.705298 -0.0519782 -0.707002
    outer loop
      vertex -13.435 -1.32323 0
      vertex -13.9831 -0.686947 0.5
      vertex -13.4837 -0.662414 0
    endloop
  endfacet
  facet normal 0.659832 0.254447 -0.707021
    outer loop
      vertex 12.7108 4.54801 0
      vertex 12.4724 5.16623 0
      vertex 13.1816 4.71646 0.5
    endloop
  endfacet
  facet normal 0.631646 0.318027 -0.707023
    outer loop
      vertex 12.2039 5.77199 0
      vertex 11.9059 6.36386 0
      vertex 12.3469 6.59955 0.5
    endloop
  endfacet
  facet normal 0.449552 0.893254 -0
    outer loop
      vertex 6.59955 12.3469 0.5
      vertex 5.98577 12.6558 29
      vertex 6.59955 12.3469 29
    endloop
  endfacet
  facet normal 0.449552 0.893254 0
    outer loop
      vertex 5.98577 12.6558 29
      vertex 6.59955 12.3469 0.5
      vertex 5.98577 12.6558 0.5
    endloop
  endfacet
  facet normal -0.120924 0.696794 -0.707005
    outer loop
      vertex -2.63372 13.2406 0
      vertex -2.73126 13.731 0.5
      vertex -1.98086 13.3539 0
    endloop
  endfacet
  facet normal 0.286649 0.646582 -0.70694
    outer loop
      vertex 5.77199 12.2039 0
      vertex 5.35757 12.9343 0.5
      vertex 5.98577 12.6558 0.5
    endloop
  endfacet
  facet normal 0.705296 -0.051974 -0.707005
    outer loop
      vertex 13.9326 -1.37224 0.5
      vertex 13.435 -1.32323 0
      vertex 13.9831 -0.686947 0.5
    endloop
  endfacet
  facet normal 0.535511 0.461931 -0.706999
    outer loop
      vertex 10.4356 8.56431 0
      vertex 10.0028 9.06605 0
      vertex 10.8221 8.88151 0.5
    endloop
  endfacet
  facet normal -0.221882 0.671483 -0.707021
    outer loop
      vertex -4.54801 12.7108 0
      vertex -4.71646 13.1816 0.5
      vertex -3.91884 12.9187 0
    endloop
  endfacet
  facet normal 0.461914 0.535513 -0.707009
    outer loop
      vertex 9.06605 10.0028 0
      vertex 8.88151 10.8221 0.5
      vertex 9.40182 10.3733 0.5
    endloop
  endfacet
  facet normal 0.701891 0.0865541 -0.707006
    outer loop
      vertex 13.9326 1.37224 0.5
      vertex 13.435 1.32323 0
      vertex 13.8485 2.05423 0.5
    endloop
  endfacet
  facet normal -0.266615 0.963803 0
    outer loop
      vertex -3.40172 13.5804 0.5
      vertex -4.06398 13.3972 29
      vertex -3.40172 13.5804 29
    endloop
  endfacet
  facet normal -0.266615 0.963803 0
    outer loop
      vertex -4.06398 13.3972 29
      vertex -3.40172 13.5804 0.5
      vertex -4.06398 13.3972 0.5
    endloop
  endfacet
  facet normal -0.0173933 0.707 -0.707
    outer loop
      vertex 0 13.5 0
      vertex -0.686947 13.9831 0.5
      vertex 0 14 0.5
    endloop
  endfacet
  facet normal 0.671483 -0.221882 -0.707021
    outer loop
      vertex 13.1816 -4.71646 0.5
      vertex 12.7108 -4.54801 0
      vertex 12.9187 -3.91884 0
    endloop
  endfacet
  facet normal 0.975689 -0.219161 0
    outer loop
      vertex 13.5804 -3.40172 29
      vertex 13.731 -2.73126 0.5
      vertex 13.731 -2.73126 29
    endloop
  endfacet
  facet normal 0.975689 -0.219161 0
    outer loop
      vertex 13.731 -2.73126 0.5
      vertex 13.5804 -3.40172 29
      vertex 13.5804 -3.40172 0.5
    endloop
  endfacet
  facet normal 0.671486 -0.22188 -0.707019
    outer loop
      vertex 13.1816 -4.71646 0.5
      vertex 12.9187 -3.91884 0
      vertex 13.3972 -4.06398 0.5
    endloop
  endfacet
  facet normal -0.407173 -0.578196 -0.707036
    outer loop
      vertex -7.77798 -11.6406 0.5
      vertex -8.04194 -10.8433 0
      vertex -7.5002 -11.2248 0
    endloop
  endfacet
  facet normal -0.578196 0.407173 -0.707036
    outer loop
      vertex -11.2248 7.5002 0
      vertex -11.6406 7.77798 0.5
      vertex -10.8433 8.04194 0
    endloop
  endfacet
  facet normal -0.22188 -0.671486 -0.707019
    outer loop
      vertex -4.06398 -13.3972 0.5
      vertex -4.71646 -13.1816 0.5
      vertex -3.91884 -12.9187 0
    endloop
  endfacet
  facet normal -0.724255 -0.689532 0
    outer loop
      vertex -9.89949 -9.89949 0.5
      vertex -10.3733 -9.40182 29
      vertex -10.3733 -9.40182 0.5
    endloop
  endfacet
  facet normal -0.724255 -0.689532 0
    outer loop
      vertex -10.3733 -9.40182 29
      vertex -9.89949 -9.89949 0.5
      vertex -9.89949 -9.89949 29
    endloop
  endfacet
  facet normal -0.757225 -0.653154 0
    outer loop
      vertex -10.3733 -9.40182 0.5
      vertex -10.8221 -8.88151 29
      vertex -10.8221 -8.88151 0.5
    endloop
  endfacet
  facet normal -0.757225 -0.653154 0
    outer loop
      vertex -10.8221 -8.88151 29
      vertex -10.3733 -9.40182 0.5
      vertex -10.3733 -9.40182 29
    endloop
  endfacet
  facet normal -0.705296 -0.051974 -0.707005
    outer loop
      vertex -13.9326 -1.37224 0.5
      vertex -13.9831 -0.686947 0.5
      vertex -13.435 -1.32323 0
    endloop
  endfacet
  facet normal -0.701891 -0.0865541 -0.707006
    outer loop
      vertex -13.8485 -2.05423 0.5
      vertex -13.9326 -1.37224 0.5
      vertex -13.435 -1.32323 0
    endloop
  endfacet
  facet normal -0.932994 -0.359891 0
    outer loop
      vertex -12.9343 -5.35757 0.5
      vertex -13.1816 -4.71646 29
      vertex -13.1816 -4.71646 0.5
    endloop
  endfacet
  facet normal -0.932994 -0.359891 0
    outer loop
      vertex -13.1816 -4.71646 29
      vertex -12.9343 -5.35757 0.5
      vertex -12.9343 -5.35757 29
    endloop
  endfacet
  facet normal -0.188591 0.681584 -0.70702
    outer loop
      vertex -3.91884 12.9187 0
      vertex -4.06398 13.3972 0.5
      vertex -3.28023 13.0954 0
    endloop
  endfacet
  facet normal 0.844869 -0.534974 0
    outer loop
      vertex 11.6406 -7.77798 29
      vertex 12.0082 -7.19744 0.5
      vertex 12.0082 -7.19744 29
    endloop
  endfacet
  facet normal 0.844869 -0.534974 0
    outer loop
      vertex 12.0082 -7.19744 0.5
      vertex 11.6406 -7.77798 29
      vertex 11.6406 -7.77798 0.5
    endloop
  endfacet
  facet normal 0.78832 0.615266 0
    outer loop
      vertex 11.2449 8.33979 29
      vertex 10.8221 8.88151 0.5
      vertex 10.8221 8.88151 29
    endloop
  endfacet
  facet normal 0.78832 0.615266 0
    outer loop
      vertex 10.8221 8.88151 0.5
      vertex 11.2449 8.33979 29
      vertex 11.2449 8.33979 0.5
    endloop
  endfacet
  facet normal -0.286649 -0.646582 -0.70694
    outer loop
      vertex -5.35757 -12.9343 0.5
      vertex -5.98577 -12.6558 0.5
      vertex -5.77199 -12.2039 0
    endloop
  endfacet
  facet normal 0.653154 0.757225 -0
    outer loop
      vertex 9.40182 10.3733 0.5
      vertex 8.88151 10.8221 29
      vertex 9.40182 10.3733 29
    endloop
  endfacet
  facet normal 0.653154 0.757225 0
    outer loop
      vertex 8.88151 10.8221 29
      vertex 9.40182 10.3733 0.5
      vertex 8.88151 10.8221 0.5
    endloop
  endfacet
  facet normal -0.492898 0.870087 0
    outer loop
      vertex -6.59955 12.3469 0.5
      vertex -7.19744 12.0082 29
      vertex -6.59955 12.3469 29
    endloop
  endfacet
  facet normal -0.492898 0.870087 0
    outer loop
      vertex -7.19744 12.0082 29
      vertex -6.59955 12.3469 0.5
      vertex -7.19744 12.0082 0.5
    endloop
  endfacet
  facet normal 0.893254 -0.449552 0
    outer loop
      vertex 12.3469 -6.59955 29
      vertex 12.6558 -5.98577 0.5
      vertex 12.6558 -5.98577 29
    endloop
  endfacet
  facet normal 0.893254 -0.449552 0
    outer loop
      vertex 12.6558 -5.98577 0.5
      vertex 12.3469 -6.59955 29
      vertex 12.3469 -6.59955 0.5
    endloop
  endfacet
  facet normal 0.170996 -0.985272 0
    outer loop
      vertex 2.05423 -13.8485 0.5
      vertex 2.73126 -13.731 29
      vertex 2.05423 -13.8485 29
    endloop
  endfacet
  facet normal 0.170996 -0.985272 0
    outer loop
      vertex 2.73126 -13.731 29
      vertex 2.05423 -13.8485 0.5
      vertex 2.73126 -13.731 0.5
    endloop
  endfacet
  facet normal 0.120929 -0.696789 -0.707009
    outer loop
      vertex 2.05423 -13.8485 0.5
      vertex 1.98086 -13.3539 0
      vertex 2.73126 -13.731 0.5
    endloop
  endfacet
  facet normal -0.435126 -0.55751 -0.706999
    outer loop
      vertex -8.04194 -10.8433 0
      vertex -8.88151 -10.8221 0.5
      vertex -8.56431 -10.4356 0
    endloop
  endfacet
  facet normal -0.487649 0.512205 -0.706997
    outer loop
      vertex -9.54594 9.54594 0
      vertex -9.89949 9.89949 0.5
      vertex -9.40182 10.3733 0.5
    endloop
  endfacet
  facet normal -0.512205 0.487649 -0.706997
    outer loop
      vertex -9.54594 9.54594 0
      vertex -10.3733 9.40182 0.5
      vertex -9.89949 9.89949 0.5
    endloop
  endfacet
  facet normal 0.188591 0.681584 -0.70702
    outer loop
      vertex 3.91884 12.9187 0
      vertex 3.28023 13.0954 0
      vertex 4.06398 13.3972 0.5
    endloop
  endfacet
  facet normal 0.707 0.0173933 -0.707
    outer loop
      vertex 14 0 0.5
      vertex 13.5 0 0
      vertex 13.9831 0.686947 0.5
    endloop
  endfacet
  facet normal -0.405288 -0.914189 0
    outer loop
      vertex -5.98577 -12.6558 0.5
      vertex -5.35757 -12.9343 29
      vertex -5.98577 -12.6558 29
    endloop
  endfacet
  facet normal -0.405288 -0.914189 -0
    outer loop
      vertex -5.35757 -12.9343 29
      vertex -5.98577 -12.6558 0.5
      vertex -5.35757 -12.9343 0.5
    endloop
  endfacet
  facet normal 0.0173933 -0.707 -0.707
    outer loop
      vertex 0.686947 -13.9831 0.5
      vertex 0 -14 0.5
      vertex 0 -13.5 0
    endloop
  endfacet
  facet normal -0.348573 -0.615319 -0.707022
    outer loop
      vertex -6.59955 -12.3469 0.5
      vertex -6.94039 -11.5793 0
      vertex -6.36386 -11.9059 0
    endloop
  endfacet
  facet normal 0.435125 0.557512 -0.706998
    outer loop
      vertex 8.88151 10.8221 0.5
      vertex 8.04194 10.8433 0
      vertex 8.33979 11.2449 0.5
    endloop
  endfacet
  facet normal 0.405288 0.914189 -0
    outer loop
      vertex 5.98577 12.6558 0.5
      vertex 5.35757 12.9343 29
      vertex 5.98577 12.6558 29
    endloop
  endfacet
  facet normal 0.405288 0.914189 0
    outer loop
      vertex 5.35757 12.9343 29
      vertex 5.98577 12.6558 0.5
      vertex 5.35757 12.9343 0.5
    endloop
  endfacet
  facet normal -0.154972 0.690021 -0.707004
    outer loop
      vertex -2.63372 13.2406 0
      vertex -3.28023 13.0954 0
      vertex -2.73126 13.731 0.5
    endloop
  endfacet
  facet normal -0.646571 -0.286589 -0.706974
    outer loop
      vertex -12.2039 -5.77199 0
      vertex -12.9343 -5.35757 0.5
      vertex -12.4724 -5.16623 0
    endloop
  endfacet
  facet normal -0.893254 0.449552 0
    outer loop
      vertex -12.6558 5.98577 0.5
      vertex -12.3469 6.59955 29
      vertex -12.3469 6.59955 0.5
    endloop
  endfacet
  facet normal -0.893254 0.449552 0
    outer loop
      vertex -12.3469 6.59955 29
      vertex -12.6558 5.98577 0.5
      vertex -12.6558 5.98577 29
    endloop
  endfacet
  facet normal 0.705298 -0.0519782 -0.707002
    outer loop
      vertex 13.9831 -0.686947 0.5
      vertex 13.435 -1.32323 0
      vertex 13.4837 -0.662414 0
    endloop
  endfacet
  facet normal -0.631646 -0.318027 -0.707023
    outer loop
      vertex -11.9059 -6.36386 0
      vertex -12.3469 -6.59955 0.5
      vertex -12.2039 -5.77199 0
    endloop
  endfacet
  facet normal 0.122389 0.992482 -0
    outer loop
      vertex 2.05423 13.8485 0.5
      vertex 1.37224 13.9326 29
      vertex 2.05423 13.8485 29
    endloop
  endfacet
  facet normal 0.122389 0.992482 0
    outer loop
      vertex 1.37224 13.9326 29
      vertex 2.05423 13.8485 0.5
      vertex 1.37224 13.9326 0.5
    endloop
  endfacet
  facet normal 0.932994 0.359891 0
    outer loop
      vertex 13.1816 4.71646 29
      vertex 12.9343 5.35757 0.5
      vertex 12.9343 5.35757 29
    endloop
  endfacet
  facet normal 0.932994 0.359891 0
    outer loop
      vertex 12.9343 5.35757 0.5
      vertex 13.1816 4.71646 29
      vertex 13.1816 4.71646 0.5
    endloop
  endfacet
  facet normal 0.0865579 0.701888 -0.707009
    outer loop
      vertex 1.98086 13.3539 0
      vertex 1.32323 13.435 0
      vertex 2.05423 13.8485 0.5
    endloop
  endfacet
  facet normal 0.120929 0.696789 -0.707009
    outer loop
      vertex 2.73126 13.731 0.5
      vertex 1.98086 13.3539 0
      vertex 2.05423 13.8485 0.5
    endloop
  endfacet
  facet normal -0.170996 0.985272 0
    outer loop
      vertex -2.05423 13.8485 0.5
      vertex -2.73126 13.731 29
      vertex -2.05423 13.8485 29
    endloop
  endfacet
  facet normal -0.170996 0.985272 0
    outer loop
      vertex -2.73126 13.731 29
      vertex -2.05423 13.8485 0.5
      vertex -2.73126 13.731 0.5
    endloop
  endfacet
  facet normal -0.286649 0.646582 -0.70694
    outer loop
      vertex -5.77199 12.2039 0
      vertex -5.98577 12.6558 0.5
      vertex -5.35757 12.9343 0.5
    endloop
  endfacet
  facet normal -0.0173933 -0.707 -0.707
    outer loop
      vertex 0 -14 0.5
      vertex -0.686947 -13.9831 0.5
      vertex 0 -13.5 0
    endloop
  endfacet
  facet normal -0.597458 -0.378341 -0.707037
    outer loop
      vertex -11.2248 -7.5002 0
      vertex -11.6406 -7.77798 0.5
      vertex -11.5793 -6.94039 0
    endloop
  endfacet
  facet normal -0.487628 0.512209 -0.707008
    outer loop
      vertex -9.06605 10.0028 0
      vertex -9.54594 9.54594 0
      vertex -9.40182 10.3733 0.5
    endloop
  endfacet
  facet normal 0.219161 0.975689 -0
    outer loop
      vertex 3.40172 13.5804 0.5
      vertex 2.73126 13.731 29
      vertex 3.40172 13.5804 29
    endloop
  endfacet
  facet normal 0.219161 0.975689 0
    outer loop
      vertex 2.73126 13.731 29
      vertex 3.40172 13.5804 0.5
      vertex 2.73126 13.731 0.5
    endloop
  endfacet
  facet normal -0.154996 0.69003 -0.70699
    outer loop
      vertex -3.28023 13.0954 0
      vertex -3.40172 13.5804 0.5
      vertex -2.73126 13.731 0.5
    endloop
  endfacet
  facet normal 0.0173971 0.706997 -0.707002
    outer loop
      vertex 0.662414 13.4837 0
      vertex 0 13.5 0
      vertex 0.686947 13.9831 0.5
    endloop
  endfacet
  facet normal -0.0734918 0.997296 0
    outer loop
      vertex -0.686947 13.9831 0.5
      vertex -1.37224 13.9326 29
      vertex -0.686947 13.9831 29
    endloop
  endfacet
  facet normal -0.0734918 0.997296 0
    outer loop
      vertex -1.37224 13.9326 29
      vertex -0.686947 13.9831 0.5
      vertex -1.37224 13.9326 0.5
    endloop
  endfacet
  facet normal -0.051974 0.705296 -0.707005
    outer loop
      vertex -1.32323 13.435 0
      vertex -1.37224 13.9326 0.5
      vertex -0.686947 13.9831 0.5
    endloop
  endfacet
  facet normal -0.0245942 0.999698 0
    outer loop
      vertex 0 14 0.5
      vertex -0.686947 13.9831 29
      vertex 0 14 29
    endloop
  endfacet
  facet normal -0.0245942 0.999698 0
    outer loop
      vertex -0.686947 13.9831 29
      vertex 0 14 0.5
      vertex -0.686947 13.9831 0.5
    endloop
  endfacet
  facet normal -0.487649 -0.512205 -0.706997
    outer loop
      vertex -9.40182 -10.3733 0.5
      vertex -9.89949 -9.89949 0.5
      vertex -9.54594 -9.54594 0
    endloop
  endfacet
  facet normal 0.975689 0.219161 0
    outer loop
      vertex 13.731 2.73126 29
      vertex 13.5804 3.40172 0.5
      vertex 13.5804 3.40172 29
    endloop
  endfacet
  facet normal 0.975689 0.219161 0
    outer loop
      vertex 13.5804 3.40172 0.5
      vertex 13.731 2.73126 29
      vertex 13.731 2.73126 0.5
    endloop
  endfacet
  facet normal 0.671486 0.22188 -0.707019
    outer loop
      vertex 13.3972 4.06398 0.5
      vertex 12.9187 3.91884 0
      vertex 13.1816 4.71646 0.5
    endloop
  endfacet
  facet normal -0.578194 0.40724 -0.706999
    outer loop
      vertex -10.8433 8.04194 0
      vertex -11.6406 7.77798 0.5
      vertex -11.2449 8.33979 0.5
    endloop
  endfacet
  facet normal 0.154996 0.69003 -0.70699
    outer loop
      vertex 3.28023 13.0954 0
      vertex 2.73126 13.731 0.5
      vertex 3.40172 13.5804 0.5
    endloop
  endfacet
  facet normal -0.359891 0.932994 0
    outer loop
      vertex -4.71646 13.1816 0.5
      vertex -5.35757 12.9343 29
      vertex -4.71646 13.1816 29
    endloop
  endfacet
  facet normal -0.359891 0.932994 0
    outer loop
      vertex -5.35757 12.9343 29
      vertex -4.71646 13.1816 0.5
      vertex -5.35757 12.9343 0.5
    endloop
  endfacet
  facet normal 0.689532 0.724255 -0
    outer loop
      vertex 9.89949 9.89949 0.5
      vertex 9.40182 10.3733 29
      vertex 9.89949 9.89949 29
    endloop
  endfacet
  facet normal 0.689532 0.724255 0
    outer loop
      vertex 9.40182 10.3733 29
      vertex 9.89949 9.89949 0.5
      vertex 9.40182 10.3733 0.5
    endloop
  endfacet
  facet normal 0.597485 0.378329 -0.707021
    outer loop
      vertex 12.0082 7.19744 0.5
      vertex 11.5793 6.94039 0
      vertex 11.6406 7.77798 0.5
    endloop
  endfacet
  facet normal 0.534974 0.844869 -0
    outer loop
      vertex 7.77798 11.6406 0.5
      vertex 7.19744 12.0082 29
      vertex 7.77798 11.6406 29
    endloop
  endfacet
  facet normal 0.534974 0.844869 0
    outer loop
      vertex 7.19744 12.0082 29
      vertex 7.77798 11.6406 0.5
      vertex 7.19744 12.0082 0.5
    endloop
  endfacet
  facet normal -0.659832 -0.254447 -0.707021
    outer loop
      vertex -12.4724 -5.16623 0
      vertex -13.1816 -4.71646 0.5
      vertex -12.7108 -4.54801 0
    endloop
  endfacet
  facet normal -0.254447 -0.659832 -0.707021
    outer loop
      vertex -4.71646 -13.1816 0.5
      vertex -5.16623 -12.4724 0
      vertex -4.54801 -12.7108 0
    endloop
  endfacet
  facet normal 0.696794 0.120924 -0.707005
    outer loop
      vertex 13.3539 1.98086 0
      vertex 13.2406 2.63372 0
      vertex 13.731 2.73126 0.5
    endloop
  endfacet
  facet normal 0.690021 0.154972 -0.707004
    outer loop
      vertex 13.2406 2.63372 0
      vertex 13.0954 3.28023 0
      vertex 13.731 2.73126 0.5
    endloop
  endfacet
  facet normal 0.681624 0.188557 -0.70699
    outer loop
      vertex 13.5804 3.40172 0.5
      vertex 13.0954 3.28023 0
      vertex 13.3972 4.06398 0.5
    endloop
  endfacet
  facet normal 0.705298 0.0519782 -0.707002
    outer loop
      vertex 13.4837 0.662414 0
      vertex 13.435 1.32323 0
      vertex 13.9831 0.686947 0.5
    endloop
  endfacet
  facet normal 0.188557 0.681624 -0.70699
    outer loop
      vertex 4.06398 13.3972 0.5
      vertex 3.28023 13.0954 0
      vertex 3.40172 13.5804 0.5
    endloop
  endfacet
  facet normal 0.997296 -0.0734918 0
    outer loop
      vertex 13.9326 -1.37224 29
      vertex 13.9831 -0.686947 0.5
      vertex 13.9831 -0.686947 29
    endloop
  endfacet
  facet normal 0.997296 -0.0734918 0
    outer loop
      vertex 13.9831 -0.686947 0.5
      vertex 13.9326 -1.37224 29
      vertex 13.9326 -1.37224 0.5
    endloop
  endfacet
  facet normal -0.615266 0.78832 0
    outer loop
      vertex -8.33979 11.2449 0.5
      vertex -8.88151 10.8221 29
      vertex -8.33979 11.2449 29
    endloop
  endfacet
  facet normal -0.615266 0.78832 0
    outer loop
      vertex -8.88151 10.8221 29
      vertex -8.33979 11.2449 0.5
      vertex -8.88151 10.8221 0.5
    endloop
  endfacet
  facet normal 0.69003 -0.154996 -0.70699
    outer loop
      vertex 13.5804 -3.40172 0.5
      vertex 13.0954 -3.28023 0
      vertex 13.731 -2.73126 0.5
    endloop
  endfacet
  facet normal 0.932994 -0.359891 0
    outer loop
      vertex 12.9343 -5.35757 29
      vertex 13.1816 -4.71646 0.5
      vertex 13.1816 -4.71646 29
    endloop
  endfacet
  facet normal 0.932994 -0.359891 0
    outer loop
      vertex 13.1816 -4.71646 0.5
      vertex 12.9343 -5.35757 29
      vertex 12.9343 -5.35757 0.5
    endloop
  endfacet
  facet normal 0.659851 -0.254529 -0.706974
    outer loop
      vertex 12.9343 -5.35757 0.5
      vertex 12.4724 -5.16623 0
      vertex 13.1816 -4.71646 0.5
    endloop
  endfacet
  facet normal -0.313747 -0.949507 0
    outer loop
      vertex -4.71646 -13.1816 0.5
      vertex -4.06398 -13.3972 29
      vertex -4.71646 -13.1816 29
    endloop
  endfacet
  facet normal -0.313747 -0.949507 -0
    outer loop
      vertex -4.06398 -13.3972 29
      vertex -4.71646 -13.1816 0.5
      vertex -4.06398 -13.3972 0.5
    endloop
  endfacet
  facet normal 0.512205 0.487649 -0.706997
    outer loop
      vertex 10.3733 9.40182 0.5
      vertex 9.54594 9.54594 0
      vertex 9.89949 9.89949 0.5
    endloop
  endfacet
  facet normal -0.318027 -0.631646 -0.707023
    outer loop
      vertex -5.77199 -12.2039 0
      vertex -6.59955 -12.3469 0.5
      vertex -6.36386 -11.9059 0
    endloop
  endfacet
  facet normal 0.706997 -0.0173971 -0.707002
    outer loop
      vertex 13.9831 -0.686947 0.5
      vertex 13.4837 -0.662414 0
      vertex 13.5 0 0
    endloop
  endfacet
  facet normal -0.051974 -0.705296 -0.707005
    outer loop
      vertex -0.686947 -13.9831 0.5
      vertex -1.37224 -13.9326 0.5
      vertex -1.32323 -13.435 0
    endloop
  endfacet
  facet normal -0.0865541 -0.701891 -0.707006
    outer loop
      vertex -1.37224 -13.9326 0.5
      vertex -2.05423 -13.8485 0.5
      vertex -1.32323 -13.435 0
    endloop
  endfacet
  facet normal -0.597458 0.378341 -0.707037
    outer loop
      vertex -11.5793 6.94039 0
      vertex -11.6406 7.77798 0.5
      vertex -11.2248 7.5002 0
    endloop
  endfacet
  facet normal -0.615319 0.348573 -0.707022
    outer loop
      vertex -11.9059 6.36386 0
      vertex -12.3469 6.59955 0.5
      vertex -11.5793 6.94039 0
    endloop
  endfacet
  facet normal 0.999698 0.0245942 0
    outer loop
      vertex 14 0 29
      vertex 13.9831 0.686947 0.5
      vertex 13.9831 0.686947 29
    endloop
  endfacet
  facet normal 0.999698 0.0245942 0
    outer loop
      vertex 13.9831 0.686947 0.5
      vertex 14 0 29
      vertex 14 0 0.5
    endloop
  endfacet
  facet normal -0.492898 -0.870087 0
    outer loop
      vertex -7.19744 -12.0082 0.5
      vertex -6.59955 -12.3469 29
      vertex -7.19744 -12.0082 29
    endloop
  endfacet
  facet normal -0.492898 -0.870087 -0
    outer loop
      vertex -6.59955 -12.3469 29
      vertex -7.19744 -12.0082 0.5
      vertex -6.59955 -12.3469 0.5
    endloop
  endfacet
  facet normal -0.597485 0.378329 -0.707021
    outer loop
      vertex -11.5793 6.94039 0
      vertex -12.0082 7.19744 0.5
      vertex -11.6406 7.77798 0.5
    endloop
  endfacet
  facet normal -0.914189 0.405288 0
    outer loop
      vertex -12.9343 5.35757 0.5
      vertex -12.6558 5.98577 29
      vertex -12.6558 5.98577 0.5
    endloop
  endfacet
  facet normal -0.914189 0.405288 0
    outer loop
      vertex -12.6558 5.98577 29
      vertex -12.9343 5.35757 0.5
      vertex -12.9343 5.35757 29
    endloop
  endfacet
  facet normal 0.690021 -0.154972 -0.707004
    outer loop
      vertex 13.731 -2.73126 0.5
      vertex 13.0954 -3.28023 0
      vertex 13.2406 -2.63372 0
    endloop
  endfacet
  facet normal 0.696794 -0.120924 -0.707005
    outer loop
      vertex 13.731 -2.73126 0.5
      vertex 13.2406 -2.63372 0
      vertex 13.3539 -1.98086 0
    endloop
  endfacet
  facet normal 0.40724 0.578194 -0.706999
    outer loop
      vertex 8.04194 10.8433 0
      vertex 7.77798 11.6406 0.5
      vertex 8.33979 11.2449 0.5
    endloop
  endfacet
  facet normal 0.575836 0.817565 -0
    outer loop
      vertex 8.33979 11.2449 0.5
      vertex 7.77798 11.6406 29
      vertex 8.33979 11.2449 29
    endloop
  endfacet
  facet normal 0.575836 0.817565 0
    outer loop
      vertex 7.77798 11.6406 29
      vertex 8.33979 11.2449 0.5
      vertex 7.77798 11.6406 0.5
    endloop
  endfacet
  facet normal 0.659832 -0.254447 -0.707021
    outer loop
      vertex 13.1816 -4.71646 0.5
      vertex 12.4724 -5.16623 0
      vertex 12.7108 -4.54801 0
    endloop
  endfacet
  facet normal -0.40724 0.578194 -0.706999
    outer loop
      vertex -8.04194 10.8433 0
      vertex -8.33979 11.2449 0.5
      vertex -7.77798 11.6406 0.5
    endloop
  endfacet
  facet normal -0.435125 0.557512 -0.706998
    outer loop
      vertex -8.04194 10.8433 0
      vertex -8.88151 10.8221 0.5
      vertex -8.33979 11.2449 0.5
    endloop
  endfacet
  facet normal 0 0 1
    outer loop
      vertex 12.8 0 30
      vertex 14 0 30
      vertex 13.9831 0.686935 30
    endloop
  endfacet
  facet normal 0 0 1
    outer loop
      vertex 12.7846 0.628052 30
      vertex 13.9831 0.686935 30
      vertex 13.9326 1.37224 30
    endloop
  endfacet
  facet normal 0 0 1
    outer loop
      vertex 14 0 30
      vertex 12.8 0 30
      vertex 13.9831 -0.686935 30
    endloop
  endfacet
  facet normal 0 0 1
    outer loop
      vertex 12.7384 1.25461 30
      vertex 13.9326 1.37224 30
      vertex 13.8485 2.05421 30
    endloop
  endfacet
  facet normal -0 0 1
    outer loop
      vertex 12.7846 -0.628052 30
      vertex 13.9831 -0.686935 30
      vertex 12.8 0 30
    endloop
  endfacet
  facet normal 0 0 1
    outer loop
      vertex 12.6615 1.87814 30
      vertex 13.8485 2.05421 30
      vertex 13.731 2.73126 30
    endloop
  endfacet
  facet normal 0 0 1
    outer loop
      vertex 13.9831 -0.686935 30
      vertex 12.7846 -0.628052 30
      vertex 13.9326 -1.37224 30
    endloop
  endfacet
  facet normal 0 0 1
    outer loop
      vertex 12.554 2.49715 30
      vertex 13.731 2.73126 30
      vertex 13.5804 3.40172 30
    endloop
  endfacet
  facet normal -0 0 1
    outer loop
      vertex 12.7384 -1.25461 30
      vertex 13.9326 -1.37224 30
      vertex 12.7846 -0.628052 30
    endloop
  endfacet
  facet normal 0 0 1
    outer loop
      vertex 12.4164 3.11014 30
      vertex 13.5804 3.40172 30
      vertex 13.3972 4.06398 30
    endloop
  endfacet
  facet normal 0 0 1
    outer loop
      vertex 13.9326 -1.37224 30
      vertex 12.7384 -1.25461 30
      vertex 13.8485 -2.05421 30
    endloop
  endfacet
  facet normal 0 0 1
    outer loop
      vertex 12.2488 3.71564 30
      vertex 13.3972 4.06398 30
      vertex 13.1816 4.71645 30
    endloop
  endfacet
  facet normal -0 0 1
    outer loop
      vertex 12.6615 -1.87814 30
      vertex 13.8485 -2.05421 30
      vertex 12.7384 -1.25461 30
    endloop
  endfacet
  facet normal 0 0 1
    outer loop
      vertex 12.0518 4.31218 30
      vertex 13.1816 4.71645 30
      vertex 12.9343 5.35756 30
    endloop
  endfacet
  facet normal 0 0 1
    outer loop
      vertex 13.8485 -2.05421 30
      vertex 12.6615 -1.87814 30
      vertex 13.731 -2.73126 30
    endloop
  endfacet
  facet normal -0 0 1
    outer loop
      vertex 12.554 -2.49715 30
      vertex 13.731 -2.73126 30
      vertex 12.6615 -1.87814 30
    endloop
  endfacet
  facet normal 0 0 1
    outer loop
      vertex 13.9831 0.686935 30
      vertex 12.7846 0.628052 30
      vertex 12.8 0 30
    endloop
  endfacet
  facet normal 0 0 1
    outer loop
      vertex 13.9326 1.37224 30
      vertex 12.7384 1.25461 30
      vertex 12.7846 0.628052 30
    endloop
  endfacet
  facet normal 0 0 1
    outer loop
      vertex 13.8485 2.05421 30
      vertex 12.6615 1.87814 30
      vertex 12.7384 1.25461 30
    endloop
  endfacet
  facet normal 0 0 1
    outer loop
      vertex 11.8257 4.89835 30
      vertex 12.9343 5.35756 30
      vertex 12.6558 5.98576 30
    endloop
  endfacet
  facet normal 0 0 1
    outer loop
      vertex 13.731 2.73126 30
      vertex 12.554 2.49715 30
      vertex 12.6615 1.87814 30
    endloop
  endfacet
  facet normal 0 0 1
    outer loop
      vertex 13.5804 3.40172 30
      vertex 12.4164 3.11014 30
      vertex 12.554 2.49715 30
    endloop
  endfacet
  facet normal 0 0 1
    outer loop
      vertex 11.5711 5.4727 30
      vertex 12.6558 5.98576 30
      vertex 12.3469 6.59955 30
    endloop
  endfacet
  facet normal 0 0 1
    outer loop
      vertex 13.3972 4.06398 30
      vertex 12.2488 3.71564 30
      vertex 12.4164 3.11014 30
    endloop
  endfacet
  facet normal 0 0 1
    outer loop
      vertex 13.1816 4.71645 30
      vertex 12.0518 4.31218 30
      vertex 12.2488 3.71564 30
    endloop
  endfacet
  facet normal 0 0 1
    outer loop
      vertex 11.2886 6.03387 30
      vertex 12.3469 6.59955 30
      vertex 12.0082 7.19743 30
    endloop
  endfacet
  facet normal 0 0 1
    outer loop
      vertex 12.9343 5.35756 30
      vertex 11.8257 4.89835 30
      vertex 12.0518 4.31218 30
    endloop
  endfacet
  facet normal 0 0 1
    outer loop
      vertex 10.9789 6.58051 30
      vertex 12.0082 7.19743 30
      vertex 11.6406 7.77797 30
    endloop
  endfacet
  facet normal 0 0 1
    outer loop
      vertex 12.6558 5.98576 30
      vertex 11.5711 5.4727 30
      vertex 11.8257 4.89835 30
    endloop
  endfacet
  facet normal 0 0 1
    outer loop
      vertex 12.3469 6.59955 30
      vertex 11.2886 6.03387 30
      vertex 11.5711 5.4727 30
    endloop
  endfacet
  facet normal 0 0 1
    outer loop
      vertex 10.6428 7.1113 30
      vertex 11.6406 7.77797 30
      vertex 11.2449 8.33978 30
    endloop
  endfacet
  facet normal 0 0 1
    outer loop
      vertex 12.0082 7.19743 30
      vertex 10.9789 6.58051 30
      vertex 11.2886 6.03387 30
    endloop
  endfacet
  facet normal 0 0 1
    outer loop
      vertex 10.2811 7.62494 30
      vertex 11.2449 8.33978 30
      vertex 10.8221 8.8815 30
    endloop
  endfacet
  facet normal 0 0 1
    outer loop
      vertex 11.6406 7.77797 30
      vertex 10.6428 7.1113 30
      vertex 10.9789 6.58051 30
    endloop
  endfacet
  facet normal 0 0 1
    outer loop
      vertex 9.89453 8.12022 30
      vertex 10.8221 8.8815 30
      vertex 10.3733 9.40182 30
    endloop
  endfacet
  facet normal 0 0 1
    outer loop
      vertex 11.2449 8.33978 30
      vertex 10.2811 7.62494 30
      vertex 10.6428 7.1113 30
    endloop
  endfacet
  facet normal 0 0 1
    outer loop
      vertex 9.48416 8.59595 30
      vertex 10.3733 9.40182 30
      vertex 9.89949 9.89949 30
    endloop
  endfacet
  facet normal 0 0 1
    outer loop
      vertex 10.8221 8.8815 30
      vertex 9.89453 8.12022 30
      vertex 10.2811 7.62494 30
    endloop
  endfacet
  facet normal 0 0 1
    outer loop
      vertex 10.3733 9.40182 30
      vertex 9.48416 8.59595 30
      vertex 9.89453 8.12022 30
    endloop
  endfacet
  facet normal 0 0 1
    outer loop
      vertex 9.05096 9.05096 30
      vertex 9.89949 9.89949 30
      vertex 9.40182 10.3733 30
    endloop
  endfacet
  facet normal 0 0 1
    outer loop
      vertex 9.89949 9.89949 30
      vertex 9.05096 9.05096 30
      vertex 9.48416 8.59595 30
    endloop
  endfacet
  facet normal 0 0 1
    outer loop
      vertex 8.59595 9.48416 30
      vertex 9.40182 10.3733 30
      vertex 8.8815 10.8221 30
    endloop
  endfacet
  facet normal 0 0 1
    outer loop
      vertex 9.40182 10.3733 30
      vertex 8.59595 9.48416 30
      vertex 9.05096 9.05096 30
    endloop
  endfacet
  facet normal 0 0 1
    outer loop
      vertex 8.12022 9.89453 30
      vertex 8.8815 10.8221 30
      vertex 8.33978 11.2449 30
    endloop
  endfacet
  facet normal 0 0 1
    outer loop
      vertex 8.8815 10.8221 30
      vertex 8.12022 9.89453 30
      vertex 8.59595 9.48416 30
    endloop
  endfacet
  facet normal 0 0 1
    outer loop
      vertex 7.62494 10.2811 30
      vertex 8.33978 11.2449 30
      vertex 7.77797 11.6406 30
    endloop
  endfacet
  facet normal 0 0 1
    outer loop
      vertex 8.33978 11.2449 30
      vertex 7.62494 10.2811 30
      vertex 8.12022 9.89453 30
    endloop
  endfacet
  facet normal 0 0 1
    outer loop
      vertex 7.1113 10.6428 30
      vertex 7.77797 11.6406 30
      vertex 7.19743 12.0082 30
    endloop
  endfacet
  facet normal 0 0 1
    outer loop
      vertex 7.77797 11.6406 30
      vertex 7.1113 10.6428 30
      vertex 7.62494 10.2811 30
    endloop
  endfacet
  facet normal 0 0 1
    outer loop
      vertex 6.58051 10.9789 30
      vertex 7.19743 12.0082 30
      vertex 6.59955 12.3469 30
    endloop
  endfacet
  facet normal 0 0 1
    outer loop
      vertex 7.19743 12.0082 30
      vertex 6.58051 10.9789 30
      vertex 7.1113 10.6428 30
    endloop
  endfacet
  facet normal 0 0 1
    outer loop
      vertex 6.59955 12.3469 30
      vertex 6.03387 11.2886 30
      vertex 6.58051 10.9789 30
    endloop
  endfacet
  facet normal 0 0 1
    outer loop
      vertex 5.98576 12.6558 30
      vertex 6.03387 11.2886 30
      vertex 6.59955 12.3469 30
    endloop
  endfacet
  facet normal 0 0 1
    outer loop
      vertex 5.98576 12.6558 30
      vertex 5.4727 11.5711 30
      vertex 6.03387 11.2886 30
    endloop
  endfacet
  facet normal 0 0 1
    outer loop
      vertex 5.35756 12.9343 30
      vertex 5.4727 11.5711 30
      vertex 5.98576 12.6558 30
    endloop
  endfacet
  facet normal 0 0 1
    outer loop
      vertex 5.35756 12.9343 30
      vertex 4.89835 11.8257 30
      vertex 5.4727 11.5711 30
    endloop
  endfacet
  facet normal 0 0 1
    outer loop
      vertex 4.71645 13.1816 30
      vertex 4.89835 11.8257 30
      vertex 5.35756 12.9343 30
    endloop
  endfacet
  facet normal 0 0 1
    outer loop
      vertex 4.71645 13.1816 30
      vertex 4.31218 12.0518 30
      vertex 4.89835 11.8257 30
    endloop
  endfacet
  facet normal 0 0 1
    outer loop
      vertex 4.06398 13.3972 30
      vertex 4.31218 12.0518 30
      vertex 4.71645 13.1816 30
    endloop
  endfacet
  facet normal 0 0 1
    outer loop
      vertex 4.06398 13.3972 30
      vertex 3.71564 12.2488 30
      vertex 4.31218 12.0518 30
    endloop
  endfacet
  facet normal 0 0 1
    outer loop
      vertex 3.40172 13.5804 30
      vertex 3.71564 12.2488 30
      vertex 4.06398 13.3972 30
    endloop
  endfacet
  facet normal 0 0 1
    outer loop
      vertex 3.40172 13.5804 30
      vertex 3.11014 12.4164 30
      vertex 3.71564 12.2488 30
    endloop
  endfacet
  facet normal 0 0 1
    outer loop
      vertex 2.73126 13.731 30
      vertex 3.11014 12.4164 30
      vertex 3.40172 13.5804 30
    endloop
  endfacet
  facet normal 0 0 1
    outer loop
      vertex 2.73126 13.731 30
      vertex 2.49715 12.554 30
      vertex 3.11014 12.4164 30
    endloop
  endfacet
  facet normal 0 0 1
    outer loop
      vertex 2.05421 13.8485 30
      vertex 2.49715 12.554 30
      vertex 2.73126 13.731 30
    endloop
  endfacet
  facet normal 0 0 1
    outer loop
      vertex 2.05421 13.8485 30
      vertex 1.87814 12.6615 30
      vertex 2.49715 12.554 30
    endloop
  endfacet
  facet normal 0 0 1
    outer loop
      vertex 1.37224 13.9326 30
      vertex 1.87814 12.6615 30
      vertex 2.05421 13.8485 30
    endloop
  endfacet
  facet normal 0 0 1
    outer loop
      vertex 1.37224 13.9326 30
      vertex 1.25461 12.7384 30
      vertex 1.87814 12.6615 30
    endloop
  endfacet
  facet normal 0 0 1
    outer loop
      vertex 0.686935 13.9831 30
      vertex 1.25461 12.7384 30
      vertex 1.37224 13.9326 30
    endloop
  endfacet
  facet normal 0 0 1
    outer loop
      vertex 0.686935 13.9831 30
      vertex 0.628052 12.7846 30
      vertex 1.25461 12.7384 30
    endloop
  endfacet
  facet normal 0 0 1
    outer loop
      vertex 0 14 30
      vertex 0.628052 12.7846 30
      vertex 0.686935 13.9831 30
    endloop
  endfacet
  facet normal 0 0 1
    outer loop
      vertex 0 14 30
      vertex 0 12.8 30
      vertex 0.628052 12.7846 30
    endloop
  endfacet
  facet normal 0 0 1
    outer loop
      vertex 0 14 30
      vertex -0.628052 12.7846 30
      vertex 0 12.8 30
    endloop
  endfacet
  facet normal -0 0 1
    outer loop
      vertex -0.686935 13.9831 30
      vertex -0.628052 12.7846 30
      vertex 0 14 30
    endloop
  endfacet
  facet normal 0 0 1
    outer loop
      vertex -0.686935 13.9831 30
      vertex -1.25461 12.7384 30
      vertex -0.628052 12.7846 30
    endloop
  endfacet
  facet normal -0 0 1
    outer loop
      vertex -1.37224 13.9326 30
      vertex -1.25461 12.7384 30
      vertex -0.686935 13.9831 30
    endloop
  endfacet
  facet normal 0 0 1
    outer loop
      vertex -1.37224 13.9326 30
      vertex -1.87814 12.6615 30
      vertex -1.25461 12.7384 30
    endloop
  endfacet
  facet normal -0 0 1
    outer loop
      vertex -2.05421 13.8485 30
      vertex -1.87814 12.6615 30
      vertex -1.37224 13.9326 30
    endloop
  endfacet
  facet normal 0 0 1
    outer loop
      vertex -2.05421 13.8485 30
      vertex -2.49715 12.554 30
      vertex -1.87814 12.6615 30
    endloop
  endfacet
  facet normal -0 0 1
    outer loop
      vertex -2.73126 13.731 30
      vertex -2.49715 12.554 30
      vertex -2.05421 13.8485 30
    endloop
  endfacet
  facet normal 0 0 1
    outer loop
      vertex -2.73126 13.731 30
      vertex -3.11014 12.4164 30
      vertex -2.49715 12.554 30
    endloop
  endfacet
  facet normal -0 0 1
    outer loop
      vertex -3.40172 13.5804 30
      vertex -3.11014 12.4164 30
      vertex -2.73126 13.731 30
    endloop
  endfacet
  facet normal 0 0 1
    outer loop
      vertex -3.40172 13.5804 30
      vertex -3.71564 12.2488 30
      vertex -3.11014 12.4164 30
    endloop
  endfacet
  facet normal -0 0 1
    outer loop
      vertex -4.06398 13.3972 30
      vertex -3.71564 12.2488 30
      vertex -3.40172 13.5804 30
    endloop
  endfacet
  facet normal 0 0 1
    outer loop
      vertex -4.06398 13.3972 30
      vertex -4.31218 12.0518 30
      vertex -3.71564 12.2488 30
    endloop
  endfacet
  facet normal -0 0 1
    outer loop
      vertex -4.71645 13.1816 30
      vertex -4.31218 12.0518 30
      vertex -4.06398 13.3972 30
    endloop
  endfacet
  facet normal 0 0 1
    outer loop
      vertex -4.71645 13.1816 30
      vertex -4.89835 11.8257 30
      vertex -4.31218 12.0518 30
    endloop
  endfacet
  facet normal -0 0 1
    outer loop
      vertex -5.35756 12.9343 30
      vertex -4.89835 11.8257 30
      vertex -4.71645 13.1816 30
    endloop
  endfacet
  facet normal 0 0 1
    outer loop
      vertex -5.35756 12.9343 30
      vertex -5.4727 11.5711 30
      vertex -4.89835 11.8257 30
    endloop
  endfacet
  facet normal -0 0 1
    outer loop
      vertex -5.98576 12.6558 30
      vertex -5.4727 11.5711 30
      vertex -5.35756 12.9343 30
    endloop
  endfacet
  facet normal 0 0 1
    outer loop
      vertex -5.98576 12.6558 30
      vertex -6.03387 11.2886 30
      vertex -5.4727 11.5711 30
    endloop
  endfacet
  facet normal -0 0 1
    outer loop
      vertex -6.59955 12.3469 30
      vertex -6.03387 11.2886 30
      vertex -5.98576 12.6558 30
    endloop
  endfacet
  facet normal 0 0 1
    outer loop
      vertex -6.03387 11.2886 30
      vertex -6.59955 12.3469 30
      vertex -6.58051 10.9789 30
    endloop
  endfacet
  facet normal -0 0 1
    outer loop
      vertex -7.19743 12.0082 30
      vertex -6.58051 10.9789 30
      vertex -6.59955 12.3469 30
    endloop
  endfacet
  facet normal 0 0 1
    outer loop
      vertex -6.58051 10.9789 30
      vertex -7.19743 12.0082 30
      vertex -7.1113 10.6428 30
    endloop
  endfacet
  facet normal -0 0 1
    outer loop
      vertex -7.77797 11.6406 30
      vertex -7.1113 10.6428 30
      vertex -7.19743 12.0082 30
    endloop
  endfacet
  facet normal 0 0 1
    outer loop
      vertex -7.1113 10.6428 30
      vertex -7.77797 11.6406 30
      vertex -7.62494 10.2811 30
    endloop
  endfacet
  facet normal -0 0 1
    outer loop
      vertex -8.33978 11.2449 30
      vertex -7.62494 10.2811 30
      vertex -7.77797 11.6406 30
    endloop
  endfacet
  facet normal 0 0 1
    outer loop
      vertex -7.62494 10.2811 30
      vertex -8.33978 11.2449 30
      vertex -8.12022 9.89453 30
    endloop
  endfacet
  facet normal -0 0 1
    outer loop
      vertex -8.8815 10.8221 30
      vertex -8.12022 9.89453 30
      vertex -8.33978 11.2449 30
    endloop
  endfacet
  facet normal 0 0 1
    outer loop
      vertex -8.12022 9.89453 30
      vertex -8.8815 10.8221 30
      vertex -8.59595 9.48416 30
    endloop
  endfacet
  facet normal -0 0 1
    outer loop
      vertex -9.40182 10.3733 30
      vertex -8.59595 9.48416 30
      vertex -8.8815 10.8221 30
    endloop
  endfacet
  facet normal 0 0 1
    outer loop
      vertex -8.59595 9.48416 30
      vertex -9.40182 10.3733 30
      vertex -9.05096 9.05096 30
    endloop
  endfacet
  facet normal -0 0 1
    outer loop
      vertex -9.89949 9.89949 30
      vertex -9.05096 9.05096 30
      vertex -9.40182 10.3733 30
    endloop
  endfacet
  facet normal 0 0 1
    outer loop
      vertex -9.05096 9.05096 30
      vertex -9.89949 9.89949 30
      vertex -9.48416 8.59595 30
    endloop
  endfacet
  facet normal -0 0 1
    outer loop
      vertex -10.3733 9.40182 30
      vertex -9.48416 8.59595 30
      vertex -9.89949 9.89949 30
    endloop
  endfacet
  facet normal 0 0 1
    outer loop
      vertex -9.48416 8.59595 30
      vertex -10.3733 9.40182 30
      vertex -9.89453 8.12022 30
    endloop
  endfacet
  facet normal -0 0 1
    outer loop
      vertex -10.8221 8.8815 30
      vertex -9.89453 8.12022 30
      vertex -10.3733 9.40182 30
    endloop
  endfacet
  facet normal 0 0 1
    outer loop
      vertex -9.89453 8.12022 30
      vertex -10.8221 8.8815 30
      vertex -10.2811 7.62494 30
    endloop
  endfacet
  facet normal -0 0 1
    outer loop
      vertex -11.2449 8.33978 30
      vertex -10.2811 7.62494 30
      vertex -10.8221 8.8815 30
    endloop
  endfacet
  facet normal 0 0 1
    outer loop
      vertex -10.2811 7.62494 30
      vertex -11.2449 8.33978 30
      vertex -10.6428 7.1113 30
    endloop
  endfacet
  facet normal -0 0 1
    outer loop
      vertex -11.6406 7.77797 30
      vertex -10.6428 7.1113 30
      vertex -11.2449 8.33978 30
    endloop
  endfacet
  facet normal 0 0 1
    outer loop
      vertex -10.6428 7.1113 30
      vertex -11.6406 7.77797 30
      vertex -10.9789 6.58051 30
    endloop
  endfacet
  facet normal -0 0 1
    outer loop
      vertex -12.0082 7.19743 30
      vertex -10.9789 6.58051 30
      vertex -11.6406 7.77797 30
    endloop
  endfacet
  facet normal 0 0 1
    outer loop
      vertex -10.9789 6.58051 30
      vertex -12.0082 7.19743 30
      vertex -11.2886 6.03387 30
    endloop
  endfacet
  facet normal -0 0 1
    outer loop
      vertex -12.3469 6.59955 30
      vertex -11.2886 6.03387 30
      vertex -12.0082 7.19743 30
    endloop
  endfacet
  facet normal 0 0 1
    outer loop
      vertex -11.2886 6.03387 30
      vertex -12.3469 6.59955 30
      vertex -11.5711 5.4727 30
    endloop
  endfacet
  facet normal -0 0 1
    outer loop
      vertex -12.6558 5.98576 30
      vertex -11.5711 5.4727 30
      vertex -12.3469 6.59955 30
    endloop
  endfacet
  facet normal 0 0 1
    outer loop
      vertex -11.5711 5.4727 30
      vertex -12.6558 5.98576 30
      vertex -11.8257 4.89835 30
    endloop
  endfacet
  facet normal -0 0 1
    outer loop
      vertex -12.9343 5.35756 30
      vertex -11.8257 4.89835 30
      vertex -12.6558 5.98576 30
    endloop
  endfacet
  facet normal 0 0 1
    outer loop
      vertex -11.8257 4.89835 30
      vertex -12.9343 5.35756 30
      vertex -12.0518 4.31218 30
    endloop
  endfacet
  facet normal -0 0 1
    outer loop
      vertex -13.1816 4.71645 30
      vertex -12.0518 4.31218 30
      vertex -12.9343 5.35756 30
    endloop
  endfacet
  facet normal 0 0 1
    outer loop
      vertex -12.0518 4.31218 30
      vertex -13.1816 4.71645 30
      vertex -12.2488 3.71564 30
    endloop
  endfacet
  facet normal -0 0 1
    outer loop
      vertex -13.3972 4.06398 30
      vertex -12.2488 3.71564 30
      vertex -13.1816 4.71645 30
    endloop
  endfacet
  facet normal 0 0 1
    outer loop
      vertex -12.2488 3.71564 30
      vertex -13.3972 4.06398 30
      vertex -12.4164 3.11014 30
    endloop
  endfacet
  facet normal -0 0 1
    outer loop
      vertex -13.5804 3.40172 30
      vertex -12.4164 3.11014 30
      vertex -13.3972 4.06398 30
    endloop
  endfacet
  facet normal 0 0 1
    outer loop
      vertex -12.4164 3.11014 30
      vertex -13.5804 3.40172 30
      vertex -12.554 2.49715 30
    endloop
  endfacet
  facet normal -0 0 1
    outer loop
      vertex -13.731 2.73126 30
      vertex -12.554 2.49715 30
      vertex -13.5804 3.40172 30
    endloop
  endfacet
  facet normal 0 0 1
    outer loop
      vertex 13.731 -2.73126 30
      vertex 12.554 -2.49715 30
      vertex 13.5804 -3.40172 30
    endloop
  endfacet
  facet normal -0 0 1
    outer loop
      vertex 12.4164 -3.11014 30
      vertex 13.5804 -3.40172 30
      vertex 12.554 -2.49715 30
    endloop
  endfacet
  facet normal 0 0 1
    outer loop
      vertex 13.5804 -3.40172 30
      vertex 12.4164 -3.11014 30
      vertex 13.3972 -4.06398 30
    endloop
  endfacet
  facet normal -0 0 1
    outer loop
      vertex 12.2488 -3.71564 30
      vertex 13.3972 -4.06398 30
      vertex 12.4164 -3.11014 30
    endloop
  endfacet
  facet normal 0 0 1
    outer loop
      vertex 13.3972 -4.06398 30
      vertex 12.2488 -3.71564 30
      vertex 13.1816 -4.71645 30
    endloop
  endfacet
  facet normal -0 0 1
    outer loop
      vertex 12.0518 -4.31218 30
      vertex 13.1816 -4.71645 30
      vertex 12.2488 -3.71564 30
    endloop
  endfacet
  facet normal 0 0 1
    outer loop
      vertex 13.1816 -4.71645 30
      vertex 12.0518 -4.31218 30
      vertex 12.9343 -5.35756 30
    endloop
  endfacet
  facet normal -0 0 1
    outer loop
      vertex 11.8257 -4.89835 30
      vertex 12.9343 -5.35756 30
      vertex 12.0518 -4.31218 30
    endloop
  endfacet
  facet normal 0 0 1
    outer loop
      vertex 12.9343 -5.35756 30
      vertex 11.8257 -4.89835 30
      vertex 12.6558 -5.98576 30
    endloop
  endfacet
  facet normal -0 0 1
    outer loop
      vertex 11.5711 -5.4727 30
      vertex 12.6558 -5.98576 30
      vertex 11.8257 -4.89835 30
    endloop
  endfacet
  facet normal 0 0 1
    outer loop
      vertex 12.6558 -5.98576 30
      vertex 11.5711 -5.4727 30
      vertex 12.3469 -6.59955 30
    endloop
  endfacet
  facet normal -0 0 1
    outer loop
      vertex 11.2886 -6.03387 30
      vertex 12.3469 -6.59955 30
      vertex 11.5711 -5.4727 30
    endloop
  endfacet
  facet normal 0 0 1
    outer loop
      vertex 12.3469 -6.59955 30
      vertex 11.2886 -6.03387 30
      vertex 12.0082 -7.19743 30
    endloop
  endfacet
  facet normal -0 0 1
    outer loop
      vertex 10.9789 -6.58051 30
      vertex 12.0082 -7.19743 30
      vertex 11.2886 -6.03387 30
    endloop
  endfacet
  facet normal 0 0 1
    outer loop
      vertex 12.0082 -7.19743 30
      vertex 10.9789 -6.58051 30
      vertex 11.6406 -7.77797 30
    endloop
  endfacet
  facet normal -0 0 1
    outer loop
      vertex 10.6428 -7.1113 30
      vertex 11.6406 -7.77797 30
      vertex 10.9789 -6.58051 30
    endloop
  endfacet
  facet normal 0 0 1
    outer loop
      vertex 11.6406 -7.77797 30
      vertex 10.6428 -7.1113 30
      vertex 11.2449 -8.33978 30
    endloop
  endfacet
  facet normal -0 0 1
    outer loop
      vertex 10.2811 -7.62494 30
      vertex 11.2449 -8.33978 30
      vertex 10.6428 -7.1113 30
    endloop
  endfacet
  facet normal 0 0 1
    outer loop
      vertex 11.2449 -8.33978 30
      vertex 10.2811 -7.62494 30
      vertex 10.8221 -8.8815 30
    endloop
  endfacet
  facet normal -0 0 1
    outer loop
      vertex 9.89453 -8.12022 30
      vertex 10.8221 -8.8815 30
      vertex 10.2811 -7.62494 30
    endloop
  endfacet
  facet normal 0 0 1
    outer loop
      vertex 10.8221 -8.8815 30
      vertex 9.89453 -8.12022 30
      vertex 10.3733 -9.40182 30
    endloop
  endfacet
  facet normal -0 0 1
    outer loop
      vertex 9.48416 -8.59595 30
      vertex 10.3733 -9.40182 30
      vertex 9.89453 -8.12022 30
    endloop
  endfacet
  facet normal 0 0 1
    outer loop
      vertex 10.3733 -9.40182 30
      vertex 9.48416 -8.59595 30
      vertex 9.89949 -9.89949 30
    endloop
  endfacet
  facet normal -0 0 1
    outer loop
      vertex 9.05096 -9.05096 30
      vertex 9.89949 -9.89949 30
      vertex 9.48416 -8.59595 30
    endloop
  endfacet
  facet normal 0 0 1
    outer loop
      vertex 9.89949 -9.89949 30
      vertex 9.05096 -9.05096 30
      vertex 9.40182 -10.3733 30
    endloop
  endfacet
  facet normal -0 0 1
    outer loop
      vertex 8.59595 -9.48416 30
      vertex 9.40182 -10.3733 30
      vertex 9.05096 -9.05096 30
    endloop
  endfacet
  facet normal 0 0 1
    outer loop
      vertex 9.40182 -10.3733 30
      vertex 8.59595 -9.48416 30
      vertex 8.8815 -10.8221 30
    endloop
  endfacet
  facet normal -0 0 1
    outer loop
      vertex 8.12022 -9.89453 30
      vertex 8.8815 -10.8221 30
      vertex 8.59595 -9.48416 30
    endloop
  endfacet
  facet normal 0 0 1
    outer loop
      vertex 8.8815 -10.8221 30
      vertex 8.12022 -9.89453 30
      vertex 8.33978 -11.2449 30
    endloop
  endfacet
  facet normal -0 0 1
    outer loop
      vertex 7.62494 -10.2811 30
      vertex 8.33978 -11.2449 30
      vertex 8.12022 -9.89453 30
    endloop
  endfacet
  facet normal 0 0 1
    outer loop
      vertex 8.33978 -11.2449 30
      vertex 7.62494 -10.2811 30
      vertex 7.77797 -11.6406 30
    endloop
  endfacet
  facet normal -0 0 1
    outer loop
      vertex 7.1113 -10.6428 30
      vertex 7.77797 -11.6406 30
      vertex 7.62494 -10.2811 30
    endloop
  endfacet
  facet normal 0 0 1
    outer loop
      vertex 7.77797 -11.6406 30
      vertex 7.1113 -10.6428 30
      vertex 7.19743 -12.0082 30
    endloop
  endfacet
  facet normal -0 0 1
    outer loop
      vertex 6.58051 -10.9789 30
      vertex 7.19743 -12.0082 30
      vertex 7.1113 -10.6428 30
    endloop
  endfacet
  facet normal 0 0 1
    outer loop
      vertex 7.19743 -12.0082 30
      vertex 6.58051 -10.9789 30
      vertex 6.59955 -12.3469 30
    endloop
  endfacet
  facet normal -0 0 1
    outer loop
      vertex 6.03387 -11.2886 30
      vertex 6.59955 -12.3469 30
      vertex 6.58051 -10.9789 30
    endloop
  endfacet
  facet normal 0 0 1
    outer loop
      vertex 6.03387 -11.2886 30
      vertex 5.98576 -12.6558 30
      vertex 6.59955 -12.3469 30
    endloop
  endfacet
  facet normal -0 0 1
    outer loop
      vertex 5.4727 -11.5711 30
      vertex 5.98576 -12.6558 30
      vertex 6.03387 -11.2886 30
    endloop
  endfacet
  facet normal 0 0 1
    outer loop
      vertex 5.4727 -11.5711 30
      vertex 5.35756 -12.9343 30
      vertex 5.98576 -12.6558 30
    endloop
  endfacet
  facet normal -0 0 1
    outer loop
      vertex 4.89835 -11.8257 30
      vertex 5.35756 -12.9343 30
      vertex 5.4727 -11.5711 30
    endloop
  endfacet
  facet normal 0 0 1
    outer loop
      vertex 4.89835 -11.8257 30
      vertex 4.71645 -13.1816 30
      vertex 5.35756 -12.9343 30
    endloop
  endfacet
  facet normal -0 0 1
    outer loop
      vertex 4.31218 -12.0518 30
      vertex 4.71645 -13.1816 30
      vertex 4.89835 -11.8257 30
    endloop
  endfacet
  facet normal 0 0 1
    outer loop
      vertex 4.31218 -12.0518 30
      vertex 4.06398 -13.3972 30
      vertex 4.71645 -13.1816 30
    endloop
  endfacet
  facet normal -0 0 1
    outer loop
      vertex 3.71564 -12.2488 30
      vertex 4.06398 -13.3972 30
      vertex 4.31218 -12.0518 30
    endloop
  endfacet
  facet normal 0 0 1
    outer loop
      vertex 3.71564 -12.2488 30
      vertex 3.40172 -13.5804 30
      vertex 4.06398 -13.3972 30
    endloop
  endfacet
  facet normal -0 0 1
    outer loop
      vertex 3.11014 -12.4164 30
      vertex 3.40172 -13.5804 30
      vertex 3.71564 -12.2488 30
    endloop
  endfacet
  facet normal 0 0 1
    outer loop
      vertex 3.11014 -12.4164 30
      vertex 2.73126 -13.731 30
      vertex 3.40172 -13.5804 30
    endloop
  endfacet
  facet normal -0 0 1
    outer loop
      vertex 2.49715 -12.554 30
      vertex 2.73126 -13.731 30
      vertex 3.11014 -12.4164 30
    endloop
  endfacet
  facet normal 0 0 1
    outer loop
      vertex 2.49715 -12.554 30
      vertex 2.05421 -13.8485 30
      vertex 2.73126 -13.731 30
    endloop
  endfacet
  facet normal -0 0 1
    outer loop
      vertex 1.87814 -12.6615 30
      vertex 2.05421 -13.8485 30
      vertex 2.49715 -12.554 30
    endloop
  endfacet
  facet normal 0 0 1
    outer loop
      vertex 1.87814 -12.6615 30
      vertex 1.37224 -13.9326 30
      vertex 2.05421 -13.8485 30
    endloop
  endfacet
  facet normal -0 0 1
    outer loop
      vertex 1.25461 -12.7384 30
      vertex 1.37224 -13.9326 30
      vertex 1.87814 -12.6615 30
    endloop
  endfacet
  facet normal 0 0 1
    outer loop
      vertex 1.25461 -12.7384 30
      vertex 0.686935 -13.9831 30
      vertex 1.37224 -13.9326 30
    endloop
  endfacet
  facet normal -0 0 1
    outer loop
      vertex 0.628052 -12.7846 30
      vertex 0.686935 -13.9831 30
      vertex 1.25461 -12.7384 30
    endloop
  endfacet
  facet normal -0 0 1
    outer loop
      vertex 0 -12.8 30
      vertex 0.686935 -13.9831 30
      vertex 0.628052 -12.7846 30
    endloop
  endfacet
  facet normal 0 0 1
    outer loop
      vertex 0 -12.8 30
      vertex 0 -14 30
      vertex 0.686935 -13.9831 30
    endloop
  endfacet
  facet normal 0 0 1
    outer loop
      vertex -0.628052 -12.7846 30
      vertex 0 -14 30
      vertex 0 -12.8 30
    endloop
  endfacet
  facet normal 0 0 1
    outer loop
      vertex -0.628052 -12.7846 30
      vertex -0.686935 -13.9831 30
      vertex 0 -14 30
    endloop
  endfacet
  facet normal 0 0 1
    outer loop
      vertex -1.25461 -12.7384 30
      vertex -0.686935 -13.9831 30
      vertex -0.628052 -12.7846 30
    endloop
  endfacet
  facet normal 0 0 1
    outer loop
      vertex -1.25461 -12.7384 30
      vertex -1.37224 -13.9326 30
      vertex -0.686935 -13.9831 30
    endloop
  endfacet
  facet normal 0 0 1
    outer loop
      vertex -1.87814 -12.6615 30
      vertex -1.37224 -13.9326 30
      vertex -1.25461 -12.7384 30
    endloop
  endfacet
  facet normal 0 0 1
    outer loop
      vertex -1.87814 -12.6615 30
      vertex -2.05421 -13.8485 30
      vertex -1.37224 -13.9326 30
    endloop
  endfacet
  facet normal 0 0 1
    outer loop
      vertex -2.49715 -12.554 30
      vertex -2.05421 -13.8485 30
      vertex -1.87814 -12.6615 30
    endloop
  endfacet
  facet normal 0 0 1
    outer loop
      vertex -2.49715 -12.554 30
      vertex -2.73126 -13.731 30
      vertex -2.05421 -13.8485 30
    endloop
  endfacet
  facet normal 0 0 1
    outer loop
      vertex -3.11014 -12.4164 30
      vertex -2.73126 -13.731 30
      vertex -2.49715 -12.554 30
    endloop
  endfacet
  facet normal 0 0 1
    outer loop
      vertex -3.11014 -12.4164 30
      vertex -3.40172 -13.5804 30
      vertex -2.73126 -13.731 30
    endloop
  endfacet
  facet normal 0 0 1
    outer loop
      vertex -3.71564 -12.2488 30
      vertex -3.40172 -13.5804 30
      vertex -3.11014 -12.4164 30
    endloop
  endfacet
  facet normal 0 0 1
    outer loop
      vertex -3.71564 -12.2488 30
      vertex -4.06398 -13.3972 30
      vertex -3.40172 -13.5804 30
    endloop
  endfacet
  facet normal 0 0 1
    outer loop
      vertex -4.31218 -12.0518 30
      vertex -4.06398 -13.3972 30
      vertex -3.71564 -12.2488 30
    endloop
  endfacet
  facet normal 0 0 1
    outer loop
      vertex -4.31218 -12.0518 30
      vertex -4.71645 -13.1816 30
      vertex -4.06398 -13.3972 30
    endloop
  endfacet
  facet normal 0 0 1
    outer loop
      vertex -4.89835 -11.8257 30
      vertex -4.71645 -13.1816 30
      vertex -4.31218 -12.0518 30
    endloop
  endfacet
  facet normal 0 0 1
    outer loop
      vertex -4.89835 -11.8257 30
      vertex -5.35756 -12.9343 30
      vertex -4.71645 -13.1816 30
    endloop
  endfacet
  facet normal 0 0 1
    outer loop
      vertex -5.4727 -11.5711 30
      vertex -5.35756 -12.9343 30
      vertex -4.89835 -11.8257 30
    endloop
  endfacet
  facet normal 0 0 1
    outer loop
      vertex -5.4727 -11.5711 30
      vertex -5.98576 -12.6558 30
      vertex -5.35756 -12.9343 30
    endloop
  endfacet
  facet normal 0 0 1
    outer loop
      vertex -6.03387 -11.2886 30
      vertex -5.98576 -12.6558 30
      vertex -5.4727 -11.5711 30
    endloop
  endfacet
  facet normal 0 0 1
    outer loop
      vertex -6.59955 -12.3469 30
      vertex -6.03387 -11.2886 30
      vertex -6.58051 -10.9789 30
    endloop
  endfacet
  facet normal 0 0 1
    outer loop
      vertex -6.03387 -11.2886 30
      vertex -6.59955 -12.3469 30
      vertex -5.98576 -12.6558 30
    endloop
  endfacet
  facet normal 0 0 1
    outer loop
      vertex -7.19743 -12.0082 30
      vertex -6.58051 -10.9789 30
      vertex -7.1113 -10.6428 30
    endloop
  endfacet
  facet normal 0 0 1
    outer loop
      vertex -6.58051 -10.9789 30
      vertex -7.19743 -12.0082 30
      vertex -6.59955 -12.3469 30
    endloop
  endfacet
  facet normal 0 0 1
    outer loop
      vertex -7.77797 -11.6406 30
      vertex -7.1113 -10.6428 30
      vertex -7.62494 -10.2811 30
    endloop
  endfacet
  facet normal 0 0 1
    outer loop
      vertex -7.1113 -10.6428 30
      vertex -7.77797 -11.6406 30
      vertex -7.19743 -12.0082 30
    endloop
  endfacet
  facet normal 0 0 1
    outer loop
      vertex -8.33978 -11.2449 30
      vertex -7.62494 -10.2811 30
      vertex -8.12022 -9.89453 30
    endloop
  endfacet
  facet normal 0 0 1
    outer loop
      vertex -7.62494 -10.2811 30
      vertex -8.33978 -11.2449 30
      vertex -7.77797 -11.6406 30
    endloop
  endfacet
  facet normal 0 0 1
    outer loop
      vertex -8.8815 -10.8221 30
      vertex -8.12022 -9.89453 30
      vertex -8.59595 -9.48416 30
    endloop
  endfacet
  facet normal 0 0 1
    outer loop
      vertex -8.12022 -9.89453 30
      vertex -8.8815 -10.8221 30
      vertex -8.33978 -11.2449 30
    endloop
  endfacet
  facet normal 0 0 1
    outer loop
      vertex -9.40182 -10.3733 30
      vertex -8.59595 -9.48416 30
      vertex -9.05096 -9.05096 30
    endloop
  endfacet
  facet normal 0 0 1
    outer loop
      vertex -8.59595 -9.48416 30
      vertex -9.40182 -10.3733 30
      vertex -8.8815 -10.8221 30
    endloop
  endfacet
  facet normal 0 0 1
    outer loop
      vertex -9.89949 -9.89949 30
      vertex -9.05096 -9.05096 30
      vertex -9.48416 -8.59595 30
    endloop
  endfacet
  facet normal 0 0 1
    outer loop
      vertex -10.3733 -9.40182 30
      vertex -9.48416 -8.59595 30
      vertex -9.89453 -8.12022 30
    endloop
  endfacet
  facet normal 0 0 1
    outer loop
      vertex -9.05096 -9.05096 30
      vertex -9.89949 -9.89949 30
      vertex -9.40182 -10.3733 30
    endloop
  endfacet
  facet normal 0 0 1
    outer loop
      vertex -10.8221 -8.8815 30
      vertex -9.89453 -8.12022 30
      vertex -10.2811 -7.62494 30
    endloop
  endfacet
  facet normal 0 0 1
    outer loop
      vertex -9.48416 -8.59595 30
      vertex -10.3733 -9.40182 30
      vertex -9.89949 -9.89949 30
    endloop
  endfacet
  facet normal 0 0 1
    outer loop
      vertex -11.2449 -8.33978 30
      vertex -10.2811 -7.62494 30
      vertex -10.6428 -7.1113 30
    endloop
  endfacet
  facet normal 0 0 1
    outer loop
      vertex -9.89453 -8.12022 30
      vertex -10.8221 -8.8815 30
      vertex -10.3733 -9.40182 30
    endloop
  endfacet
  facet normal 0 0 1
    outer loop
      vertex -11.6406 -7.77797 30
      vertex -10.6428 -7.1113 30
      vertex -10.9789 -6.58051 30
    endloop
  endfacet
  facet normal 0 0 1
    outer loop
      vertex -10.2811 -7.62494 30
      vertex -11.2449 -8.33978 30
      vertex -10.8221 -8.8815 30
    endloop
  endfacet
  facet normal 0 0 1
    outer loop
      vertex -12.0082 -7.19743 30
      vertex -10.9789 -6.58051 30
      vertex -11.2886 -6.03387 30
    endloop
  endfacet
  facet normal 0 0 1
    outer loop
      vertex -12.3469 -6.59955 30
      vertex -11.2886 -6.03387 30
      vertex -11.5711 -5.4727 30
    endloop
  endfacet
  facet normal 0 0 1
    outer loop
      vertex -10.6428 -7.1113 30
      vertex -11.6406 -7.77797 30
      vertex -11.2449 -8.33978 30
    endloop
  endfacet
  facet normal 0 0 1
    outer loop
      vertex -12.6558 -5.98576 30
      vertex -11.5711 -5.4727 30
      vertex -11.8257 -4.89835 30
    endloop
  endfacet
  facet normal 0 0 1
    outer loop
      vertex -10.9789 -6.58051 30
      vertex -12.0082 -7.19743 30
      vertex -11.6406 -7.77797 30
    endloop
  endfacet
  facet normal 0 0 1
    outer loop
      vertex -12.9343 -5.35756 30
      vertex -11.8257 -4.89835 30
      vertex -12.0518 -4.31218 30
    endloop
  endfacet
  facet normal 0 0 1
    outer loop
      vertex -13.1816 -4.71645 30
      vertex -12.0518 -4.31218 30
      vertex -12.2488 -3.71564 30
    endloop
  endfacet
  facet normal 0 0 1
    outer loop
      vertex -11.2886 -6.03387 30
      vertex -12.3469 -6.59955 30
      vertex -12.0082 -7.19743 30
    endloop
  endfacet
  facet normal 0 0 1
    outer loop
      vertex -13.3972 -4.06398 30
      vertex -12.2488 -3.71564 30
      vertex -12.4164 -3.11014 30
    endloop
  endfacet
  facet normal 0 0 1
    outer loop
      vertex -13.5804 -3.40172 30
      vertex -12.4164 -3.11014 30
      vertex -12.554 -2.49715 30
    endloop
  endfacet
  facet normal 0 0 1
    outer loop
      vertex -11.5711 -5.4727 30
      vertex -12.6558 -5.98576 30
      vertex -12.3469 -6.59955 30
    endloop
  endfacet
  facet normal 0 0 1
    outer loop
      vertex -13.731 -2.73126 30
      vertex -12.554 -2.49715 30
      vertex -12.6615 -1.87814 30
    endloop
  endfacet
  facet normal 0 0 1
    outer loop
      vertex -13.8485 -2.05421 30
      vertex -12.6615 -1.87814 30
      vertex -12.7384 -1.25461 30
    endloop
  endfacet
  facet normal 0 0 1
    outer loop
      vertex -13.9326 -1.37224 30
      vertex -12.7384 -1.25461 30
      vertex -12.7846 -0.628052 30
    endloop
  endfacet
  facet normal 0 0 1
    outer loop
      vertex -13.9831 -0.686935 30
      vertex -12.7846 -0.628052 30
      vertex -12.8 0 30
    endloop
  endfacet
  facet normal 0 0 1
    outer loop
      vertex -12.554 2.49715 30
      vertex -13.731 2.73126 30
      vertex -12.6615 1.87814 30
    endloop
  endfacet
  facet normal 0 0 1
    outer loop
      vertex -11.8257 -4.89835 30
      vertex -12.9343 -5.35756 30
      vertex -12.6558 -5.98576 30
    endloop
  endfacet
  facet normal -0 0 1
    outer loop
      vertex -13.8485 2.05421 30
      vertex -12.6615 1.87814 30
      vertex -13.731 2.73126 30
    endloop
  endfacet
  facet normal 0 0 1
    outer loop
      vertex -12.0518 -4.31218 30
      vertex -13.1816 -4.71645 30
      vertex -12.9343 -5.35756 30
    endloop
  endfacet
  facet normal 0 0 1
    outer loop
      vertex -12.6615 1.87814 30
      vertex -13.8485 2.05421 30
      vertex -12.7384 1.25461 30
    endloop
  endfacet
  facet normal 0 0 1
    outer loop
      vertex -12.2488 -3.71564 30
      vertex -13.3972 -4.06398 30
      vertex -13.1816 -4.71645 30
    endloop
  endfacet
  facet normal -0 0 1
    outer loop
      vertex -13.9326 1.37224 30
      vertex -12.7384 1.25461 30
      vertex -13.8485 2.05421 30
    endloop
  endfacet
  facet normal 0 0 1
    outer loop
      vertex -12.4164 -3.11014 30
      vertex -13.5804 -3.40172 30
      vertex -13.3972 -4.06398 30
    endloop
  endfacet
  facet normal 0 0 1
    outer loop
      vertex -12.7384 1.25461 30
      vertex -13.9326 1.37224 30
      vertex -12.7846 0.628052 30
    endloop
  endfacet
  facet normal 0 0 1
    outer loop
      vertex -12.554 -2.49715 30
      vertex -13.731 -2.73126 30
      vertex -13.5804 -3.40172 30
    endloop
  endfacet
  facet normal -0 0 1
    outer loop
      vertex -13.9831 0.686935 30
      vertex -12.7846 0.628052 30
      vertex -13.9326 1.37224 30
    endloop
  endfacet
  facet normal 0 0 1
    outer loop
      vertex -12.6615 -1.87814 30
      vertex -13.8485 -2.05421 30
      vertex -13.731 -2.73126 30
    endloop
  endfacet
  facet normal 0 0 1
    outer loop
      vertex -12.7846 0.628052 30
      vertex -13.9831 0.686935 30
      vertex -12.8 0 30
    endloop
  endfacet
  facet normal 0 0 1
    outer loop
      vertex -12.7384 -1.25461 30
      vertex -13.9326 -1.37224 30
      vertex -13.8485 -2.05421 30
    endloop
  endfacet
  facet normal 0 0 1
    outer loop
      vertex -14 0 30
      vertex -12.8 0 30
      vertex -13.9831 0.686935 30
    endloop
  endfacet
  facet normal 0 0 1
    outer loop
      vertex -12.7846 -0.628052 30
      vertex -13.9831 -0.686935 30
      vertex -13.9326 -1.37224 30
    endloop
  endfacet
  facet normal 0 0 1
    outer loop
      vertex -12.8 0 30
      vertex -14 0 30
      vertex -13.9831 -0.686935 30
    endloop
  endfacet
  facet normal 0 0 1
    outer loop
      vertex 1.20592 5.25932 30
      vertex 1.21545 5.10065 30
      vertex 1.21545 5.11371 30
    endloop
  endfacet
  facet normal 0 0 1
    outer loop
      vertex 1.20592 5.25932 30
      vertex 1.20592 4.95483 30
      vertex 1.21545 5.10065 30
    endloop
  endfacet
  facet normal 0 0 1
    outer loop
      vertex 1.20421 5.27228 30
      vertex 1.20592 4.95483 30
      vertex 1.20592 5.25932 30
    endloop
  endfacet
  facet normal 0 0 1
    outer loop
      vertex 1.20421 5.27228 30
      vertex 1.20421 4.94188 30
      vertex 1.20592 4.95483 30
    endloop
  endfacet
  facet normal 0 0 1
    outer loop
      vertex 1.17578 5.41541 30
      vertex 1.20421 4.94188 30
      vertex 1.20421 5.27228 30
    endloop
  endfacet
  facet normal 0 0 1
    outer loop
      vertex 1.17578 5.41541 30
      vertex 1.17578 4.79874 30
      vertex 1.20421 4.94188 30
    endloop
  endfacet
  facet normal 0 0 1
    outer loop
      vertex 1.17238 5.4281 30
      vertex 1.17578 4.79874 30
      vertex 1.17578 5.41541 30
    endloop
  endfacet
  facet normal 0 0 1
    outer loop
      vertex 1.17238 5.4281 30
      vertex 1.17236 4.786 30
      vertex 1.17578 4.79874 30
    endloop
  endfacet
  facet normal 0 0 1
    outer loop
      vertex 1.17238 5.4281 30
      vertex 1.12541 4.64804 30
      vertex 1.17236 4.786 30
    endloop
  endfacet
  facet normal 0 0 1
    outer loop
      vertex 1.1254 5.56633 30
      vertex 1.12541 4.64804 30
      vertex 1.17238 5.4281 30
    endloop
  endfacet
  facet normal 0 0 1
    outer loop
      vertex 1.1254 5.56633 30
      vertex 1.12045 4.63606 30
      vertex 1.12541 4.64804 30
    endloop
  endfacet
  facet normal 0 0 1
    outer loop
      vertex 1.12039 5.5784 30
      vertex 1.12045 4.63606 30
      vertex 1.1254 5.56633 30
    endloop
  endfacet
  facet normal 0 0 1
    outer loop
      vertex 1.05585 5.70921 30
      vertex 1.12045 4.63606 30
      vertex 1.12039 5.5784 30
    endloop
  endfacet
  facet normal 0 0 1
    outer loop
      vertex 1.04221 4.48299 30
      vertex 1.12045 4.63606 30
      vertex 1.05585 5.70921 30
    endloop
  endfacet
  facet normal 0 0 1
    outer loop
      vertex 1.04221 4.48299 30
      vertex 1.05585 5.70921 30
      vertex 1.04933 5.72049 30
    endloop
  endfacet
  facet normal 0 0 1
    outer loop
      vertex 1.12045 4.63606 30
      vertex 1.04221 4.48299 30
      vertex 1.05585 4.50494 30
    endloop
  endfacet
  facet normal 0 0 1
    outer loop
      vertex 1.05585 4.50494 30
      vertex 1.04221 4.48299 30
      vertex 1.04932 4.49364 30
    endloop
  endfacet
  facet normal 0 -0 1
    outer loop
      vertex 1.04221 4.48299 30
      vertex 1.04933 5.72049 30
      vertex 0.968307 5.84184 30
    endloop
  endfacet
  facet normal 0 0 1
    outer loop
      vertex 5.05547 10.6257 30
      vertex 5.07587 10.4445 30
      vertex 5.07587 10.4706 30
    endloop
  endfacet
  facet normal 0 0 1
    outer loop
      vertex 5.05547 10.6257 30
      vertex 5.05385 10.2772 30
      vertex 5.07587 10.4445 30
    endloop
  endfacet
  facet normal 0 0 1
    outer loop
      vertex 5.04871 10.6509 30
      vertex 5.05385 10.2772 30
      vertex 5.05547 10.6257 30
    endloop
  endfacet
  facet normal 0 0 1
    outer loop
      vertex 4.98883 10.7955 30
      vertex 5.05385 10.2772 30
      vertex 5.04871 10.6509 30
    endloop
  endfacet
  facet normal 0 0 1
    outer loop
      vertex 4.97578 10.8181 30
      vertex 5.05385 10.2772 30
      vertex 4.98883 10.7955 30
    endloop
  endfacet
  facet normal 0 0 1
    outer loop
      vertex 4.88063 10.9421 30
      vertex 5.05385 10.2772 30
      vertex 4.97578 10.8181 30
    endloop
  endfacet
  facet normal 0 0 1
    outer loop
      vertex 4.86215 10.9606 30
      vertex 5.05385 10.2772 30
      vertex 4.88063 10.9421 30
    endloop
  endfacet
  facet normal 0 0 1
    outer loop
      vertex 4.73804 11.0558 30
      vertex 5.05385 10.2772 30
      vertex 4.86215 10.9606 30
    endloop
  endfacet
  facet normal 0 0 1
    outer loop
      vertex 4.71544 11.0688 30
      vertex 5.05385 10.2772 30
      vertex 4.73804 11.0558 30
    endloop
  endfacet
  facet normal 0 0 1
    outer loop
      vertex 4.57094 11.1287 30
      vertex 5.05385 10.2772 30
      vertex 4.71544 11.0688 30
    endloop
  endfacet
  facet normal 0 0 1
    outer loop
      vertex 4.54572 11.1355 30
      vertex 5.05385 10.2772 30
      vertex 4.57094 11.1287 30
    endloop
  endfacet
  facet normal 0 0 1
    outer loop
      vertex 4.39064 11.1559 30
      vertex 5.05385 10.2772 30
      vertex 4.54572 11.1355 30
    endloop
  endfacet
  facet normal -0 0 1
    outer loop
      vertex 4.36455 11.1559 30
      vertex 5.05385 10.2772 30
      vertex 4.39064 11.1559 30
    endloop
  endfacet
  facet normal -0 0 1
    outer loop
      vertex 3.69958 10.627 30
      vertex 5.05385 10.2772 30
      vertex 4.36455 11.1559 30
    endloop
  endfacet
  facet normal 0 0 1
    outer loop
      vertex 2.99913 6.1907 30
      vertex 5.05385 10.2772 30
      vertex 3.69958 10.627 30
    endloop
  endfacet
  facet normal 0 0 1
    outer loop
      vertex 5.05385 10.2772 30
      vertex 2.99913 6.1907 30
      vertex 4.326 5.66739 30
    endloop
  endfacet
  facet normal 0 0 1
    outer loop
      vertex 4.326 5.66739 30
      vertex 2.99913 6.1907 30
      vertex 4.31963 5.64471 30
    endloop
  endfacet
  facet normal 0 0 1
    outer loop
      vertex 3.69958 10.627 30
      vertex 4.36455 11.1559 30
      vertex 4.20947 11.1355 30
    endloop
  endfacet
  facet normal 0 0 1
    outer loop
      vertex 3.69958 10.627 30
      vertex 4.20947 11.1355 30
      vertex 4.18425 11.1287 30
    endloop
  endfacet
  facet normal 0 0 1
    outer loop
      vertex 4.31963 5.64471 30
      vertex 2.99913 6.1907 30
      vertex 4.25925 5.49893 30
    endloop
  endfacet
  facet normal 0 0 1
    outer loop
      vertex 4.25925 5.49893 30
      vertex 2.99913 6.1907 30
      vertex 4.24619 5.47632 30
    endloop
  endfacet
  facet normal 0 0 1
    outer loop
      vertex 3.69958 10.627 30
      vertex 4.18425 11.1287 30
      vertex 4.03973 11.0688 30
    endloop
  endfacet
  facet normal 0 0 1
    outer loop
      vertex 3.69958 10.627 30
      vertex 4.03973 11.0688 30
      vertex 4.01712 11.0558 30
    endloop
  endfacet
  facet normal 0 0 1
    outer loop
      vertex 3.69958 10.627 30
      vertex 4.01712 11.0558 30
      vertex 3.89302 10.9606 30
    endloop
  endfacet
  facet normal 0 0 1
    outer loop
      vertex 3.69958 10.627 30
      vertex 3.89302 10.9606 30
      vertex 3.87456 10.9421 30
    endloop
  endfacet
  facet normal 0 0 1
    outer loop
      vertex 3.69958 10.627 30
      vertex 3.87456 10.9421 30
      vertex 3.7794 10.8181 30
    endloop
  endfacet
  facet normal 0 0 1
    outer loop
      vertex 3.69958 10.627 30
      vertex 3.7794 10.8181 30
      vertex 3.76636 10.7955 30
    endloop
  endfacet
  facet normal 0 0 1
    outer loop
      vertex 3.69958 10.627 30
      vertex 3.76636 10.7955 30
      vertex 3.70596 10.6497 30
    endloop
  endfacet
  facet normal 0 0 1
    outer loop
      vertex 4.24619 5.47632 30
      vertex 2.99913 6.1907 30
      vertex 4.14825 5.34872 30
    endloop
  endfacet
  facet normal 0 0 1
    outer loop
      vertex 4.14825 5.34872 30
      vertex 2.99913 6.1907 30
      vertex 4.13649 5.33589 30
    endloop
  endfacet
  facet normal 0 0 1
    outer loop
      vertex 2.99913 6.1907 30
      vertex 2.14041 3.50615 30
      vertex 4.13649 5.33589 30
    endloop
  endfacet
  facet normal 0 0 1
    outer loop
      vertex 1.09264 4.44308 30
      vertex 1.90857 1.96115 30
      vertex 2.14041 3.50615 30
    endloop
  endfacet
  facet normal 0 0 1
    outer loop
      vertex -1.90857 1.96115 30
      vertex 1.90857 1.96115 30
      vertex 1.09264 4.44308 30
    endloop
  endfacet
  facet normal 0 0 1
    outer loop
      vertex 1.90857 1.96115 30
      vertex 1.90302 1.93185 30
      vertex 1.90735 1.95352 30
    endloop
  endfacet
  facet normal 0 -0 1
    outer loop
      vertex 1.90302 1.93185 30
      vertex 1.90857 1.96115 30
      vertex -1.90857 1.96115 30
    endloop
  endfacet
  facet normal -0 0 1
    outer loop
      vertex 1.09264 4.44308 30
      vertex 2.14041 3.50615 30
      vertex 2.99913 6.1907 30
    endloop
  endfacet
  facet normal 0 0 1
    outer loop
      vertex 8.21707 7.70732 30
      vertex 8.23747 7.52615 30
      vertex 8.23747 7.55225 30
    endloop
  endfacet
  facet normal 0 0 1
    outer loop
      vertex 8.21707 7.70732 30
      vertex 8.21707 7.37106 30
      vertex 8.23747 7.52615 30
    endloop
  endfacet
  facet normal 0 0 1
    outer loop
      vertex 8.21031 7.73254 30
      vertex 8.21707 7.37106 30
      vertex 8.21707 7.70732 30
    endloop
  endfacet
  facet normal 0 0 1
    outer loop
      vertex 8.21031 7.73254 30
      vertex 8.2103 7.34583 30
      vertex 8.21707 7.37106 30
    endloop
  endfacet
  facet normal 0 0 1
    outer loop
      vertex 8.15045 7.87704 30
      vertex 8.2103 7.34583 30
      vertex 8.21031 7.73254 30
    endloop
  endfacet
  facet normal 0 0 1
    outer loop
      vertex 8.15045 7.87704 30
      vertex 8.14726 7.1937 30
      vertex 8.2103 7.34583 30
    endloop
  endfacet
  facet normal 0 0 1
    outer loop
      vertex 8.13739 7.89966 30
      vertex 8.14726 7.1937 30
      vertex 8.15045 7.87704 30
    endloop
  endfacet
  facet normal 0 0 1
    outer loop
      vertex 8.04218 8.02373 30
      vertex 8.14726 7.1937 30
      vertex 8.13739 7.89966 30
    endloop
  endfacet
  facet normal 0 0 1
    outer loop
      vertex 8.02373 8.04218 30
      vertex 8.14726 7.1937 30
      vertex 8.04218 8.02373 30
    endloop
  endfacet
  facet normal 0 0 1
    outer loop
      vertex 7.89966 8.13739 30
      vertex 8.14726 7.1937 30
      vertex 8.02373 8.04218 30
    endloop
  endfacet
  facet normal 0 0 1
    outer loop
      vertex 7.87704 8.15045 30
      vertex 8.14726 7.1937 30
      vertex 7.89966 8.13739 30
    endloop
  endfacet
  facet normal 0 0 1
    outer loop
      vertex 7.73254 8.21031 30
      vertex 8.14726 7.1937 30
      vertex 7.87704 8.15045 30
    endloop
  endfacet
  facet normal 0 0 1
    outer loop
      vertex 7.70732 8.21707 30
      vertex 8.14726 7.1937 30
      vertex 7.73254 8.21031 30
    endloop
  endfacet
  facet normal 0 0 1
    outer loop
      vertex 7.55225 8.23747 30
      vertex 8.14726 7.1937 30
      vertex 7.70732 8.21707 30
    endloop
  endfacet
  facet normal -0 0 1
    outer loop
      vertex 7.52615 8.23747 30
      vertex 8.14726 7.1937 30
      vertex 7.55225 8.23747 30
    endloop
  endfacet
  facet normal -0 0 1
    outer loop
      vertex 7.37106 8.21707 30
      vertex 8.14726 7.1937 30
      vertex 7.52615 8.23747 30
    endloop
  endfacet
  facet normal -0 0 1
    outer loop
      vertex 7.34584 8.21031 30
      vertex 8.14726 7.1937 30
      vertex 7.37106 8.21707 30
    endloop
  endfacet
  facet normal -0 0 1
    outer loop
      vertex 7.20134 8.15045 30
      vertex 8.14726 7.1937 30
      vertex 7.34584 8.21031 30
    endloop
  endfacet
  facet normal -0 0 1
    outer loop
      vertex 7.17873 8.13739 30
      vertex 8.14726 7.1937 30
      vertex 7.20134 8.15045 30
    endloop
  endfacet
  facet normal -0 0 1
    outer loop
      vertex 7.05466 8.04218 30
      vertex 8.14726 7.1937 30
      vertex 7.17873 8.13739 30
    endloop
  endfacet
  facet normal -0 0 1
    outer loop
      vertex 7.03621 8.02373 30
      vertex 8.14726 7.1937 30
      vertex 7.05466 8.04218 30
    endloop
  endfacet
  facet normal -0 0 1
    outer loop
      vertex 6.938 7.89577 30
      vertex 8.14726 7.1937 30
      vertex 7.03621 8.02373 30
    endloop
  endfacet
  facet normal -0 0 1
    outer loop
      vertex 6.92909 7.88194 30
      vertex 8.14726 7.1937 30
      vertex 6.938 7.89577 30
    endloop
  endfacet
  facet normal 0 0 1
    outer loop
      vertex 8.14726 7.1937 30
      vertex 6.92909 7.88194 30
      vertex 8.14313 7.18492 30
    endloop
  endfacet
  facet normal 0 0 1
    outer loop
      vertex 5.10881 4.46887 30
      vertex 8.14313 7.18492 30
      vertex 6.92909 7.88194 30
    endloop
  endfacet
  facet normal 0 0 1
    outer loop
      vertex 8.14313 7.18492 30
      vertex 5.10881 4.46887 30
      vertex 6.20369 3.54845 30
    endloop
  endfacet
  facet normal 0 0 1
    outer loop
      vertex 6.20369 3.54845 30
      vertex 5.10881 4.46887 30
      vertex 6.19478 3.53462 30
    endloop
  endfacet
  facet normal 0 0 1
    outer loop
      vertex 6.19478 3.53462 30
      vertex 5.10881 4.46887 30
      vertex 6.09657 3.40666 30
    endloop
  endfacet
  facet normal 0 0 1
    outer loop
      vertex 6.09657 3.40666 30
      vertex 5.10881 4.46887 30
      vertex 6.07812 3.38821 30
    endloop
  endfacet
  facet normal 0 0 1
    outer loop
      vertex 6.07812 3.38821 30
      vertex 5.10881 4.46887 30
      vertex 5.95406 3.293 30
    endloop
  endfacet
  facet normal 0 0 1
    outer loop
      vertex 5.95406 3.293 30
      vertex 5.10881 4.46887 30
      vertex 5.93144 3.27994 30
    endloop
  endfacet
  facet normal 0 0 1
    outer loop
      vertex 5.93144 3.27994 30
      vertex 5.10881 4.46887 30
      vertex 5.7784 3.21655 30
    endloop
  endfacet
  facet normal 0 0 1
    outer loop
      vertex 5.7784 3.21655 30
      vertex 5.10881 4.46887 30
      vertex 5.77098 3.21382 30
    endloop
  endfacet
  facet normal -0 0 1
    outer loop
      vertex 2.14041 3.50615 30
      vertex 5.77098 3.21382 30
      vertex 5.10881 4.46887 30
    endloop
  endfacet
  facet normal 0 0 1
    outer loop
      vertex 5.77098 3.21382 30
      vertex 2.14041 3.50615 30
      vertex 1.90857 1.96115 30
    endloop
  endfacet
  facet normal 0 0 1
    outer loop
      vertex 8.21707 -3.72307 30
      vertex 8.23747 -3.90424 30
      vertex 8.23747 -3.87814 30
    endloop
  endfacet
  facet normal 0 0 1
    outer loop
      vertex 8.21707 -3.72307 30
      vertex 8.21707 -4.05933 30
      vertex 8.23747 -3.90424 30
    endloop
  endfacet
  facet normal 0 0 1
    outer loop
      vertex 8.21707 -3.72307 30
      vertex 8.21031 -4.08455 30
      vertex 8.21707 -4.05933 30
    endloop
  endfacet
  facet normal 0 0 1
    outer loop
      vertex 8.2103 -3.69783 30
      vertex 8.21031 -4.08455 30
      vertex 8.21707 -3.72307 30
    endloop
  endfacet
  facet normal 0 0 1
    outer loop
      vertex 8.2103 -3.69783 30
      vertex 8.15045 -4.22905 30
      vertex 8.21031 -4.08455 30
    endloop
  endfacet
  facet normal 0 0 1
    outer loop
      vertex 8.14676 -3.54448 30
      vertex 8.15045 -4.22905 30
      vertex 8.2103 -3.69783 30
    endloop
  endfacet
  facet normal 0 0 1
    outer loop
      vertex 6.9287 -4.23265 30
      vertex 8.14676 -3.54448 30
      vertex 8.14383 -3.53804 30
    endloop
  endfacet
  facet normal 0 0 1
    outer loop
      vertex 8.14676 -3.54448 30
      vertex 8.13739 -4.25166 30
      vertex 8.15045 -4.22905 30
    endloop
  endfacet
  facet normal 0 0 1
    outer loop
      vertex 8.14676 -3.54448 30
      vertex 8.04216 -4.37576 30
      vertex 8.13739 -4.25166 30
    endloop
  endfacet
  facet normal 0 0 1
    outer loop
      vertex 8.14676 -3.54448 30
      vertex 8.0237 -4.39423 30
      vertex 8.04216 -4.37576 30
    endloop
  endfacet
  facet normal 0 0 1
    outer loop
      vertex 8.14676 -3.54448 30
      vertex 7.89967 -4.48938 30
      vertex 8.0237 -4.39423 30
    endloop
  endfacet
  facet normal 0 0 1
    outer loop
      vertex 8.14676 -3.54448 30
      vertex 7.87708 -4.50243 30
      vertex 7.89967 -4.48938 30
    endloop
  endfacet
  facet normal 0 0 1
    outer loop
      vertex 8.14676 -3.54448 30
      vertex 7.73254 -4.5623 30
      vertex 7.87708 -4.50243 30
    endloop
  endfacet
  facet normal 0 0 1
    outer loop
      vertex 8.14676 -3.54448 30
      vertex 7.70732 -4.56906 30
      vertex 7.73254 -4.5623 30
    endloop
  endfacet
  facet normal 0 0 1
    outer loop
      vertex 8.14676 -3.54448 30
      vertex 7.55225 -4.58946 30
      vertex 7.70732 -4.56906 30
    endloop
  endfacet
  facet normal 0 0 1
    outer loop
      vertex 8.14676 -3.54448 30
      vertex 7.52615 -4.58946 30
      vertex 7.55225 -4.58946 30
    endloop
  endfacet
  facet normal 0 0 1
    outer loop
      vertex 8.14676 -3.54448 30
      vertex 7.37106 -4.56906 30
      vertex 7.52615 -4.58946 30
    endloop
  endfacet
  facet normal 0 0 1
    outer loop
      vertex 8.14676 -3.54448 30
      vertex 7.34584 -4.5623 30
      vertex 7.37106 -4.56906 30
    endloop
  endfacet
  facet normal 0 0 1
    outer loop
      vertex 8.14676 -3.54448 30
      vertex 7.20131 -4.50243 30
      vertex 7.34584 -4.5623 30
    endloop
  endfacet
  facet normal 0 0 1
    outer loop
      vertex 8.14676 -3.54448 30
      vertex 7.17871 -4.48938 30
      vertex 7.20131 -4.50243 30
    endloop
  endfacet
  facet normal 0 0 1
    outer loop
      vertex 8.14676 -3.54448 30
      vertex 7.05469 -4.39423 30
      vertex 7.17871 -4.48938 30
    endloop
  endfacet
  facet normal 0 0 1
    outer loop
      vertex 8.14676 -3.54448 30
      vertex 7.03622 -4.37576 30
      vertex 7.05469 -4.39423 30
    endloop
  endfacet
  facet normal 0 0 1
    outer loop
      vertex 8.14676 -3.54448 30
      vertex 6.93881 -4.24881 30
      vertex 7.03622 -4.37576 30
    endloop
  endfacet
  facet normal 0 0 1
    outer loop
      vertex 8.14676 -3.54448 30
      vertex 6.9287 -4.23265 30
      vertex 6.93881 -4.24881 30
    endloop
  endfacet
  facet normal -0 0 1
    outer loop
      vertex 5.09976 -0.574738 30
      vertex 8.14383 -3.53804 30
      vertex 6.20409 0.341446 30
    endloop
  endfacet
  facet normal 0 0 1
    outer loop
      vertex 5.09976 -0.574738 30
      vertex 6.20409 0.341446 30
      vertex 6.19397 0.357605 30
    endloop
  endfacet
  facet normal 0 0 1
    outer loop
      vertex 5.09976 -0.574738 30
      vertex 6.19397 0.357605 30
      vertex 6.09657 0.484528 30
    endloop
  endfacet
  facet normal 0 0 1
    outer loop
      vertex 5.09976 -0.574738 30
      vertex 6.09657 0.484528 30
      vertex 6.07812 0.502975 30
    endloop
  endfacet
  facet normal 0 0 1
    outer loop
      vertex 5.09976 -0.574738 30
      vertex 6.07812 0.502975 30
      vertex 5.95406 0.59819 30
    endloop
  endfacet
  facet normal 0 0 1
    outer loop
      vertex 5.09976 -0.574738 30
      vertex 5.95406 0.59819 30
      vertex 5.93144 0.611252 30
    endloop
  endfacet
  facet normal 0 0 1
    outer loop
      vertex 5.09976 -0.574738 30
      vertex 5.93144 0.611252 30
      vertex 5.7784 0.674637 30
    endloop
  endfacet
  facet normal 0 0 1
    outer loop
      vertex 5.09976 -0.574738 30
      vertex 5.7784 0.674637 30
      vertex 5.77098 0.677368 30
    endloop
  endfacet
  facet normal 0 0 1
    outer loop
      vertex 8.14383 -3.53804 30
      vertex 5.09976 -0.574738 30
      vertex 6.9287 -4.23265 30
    endloop
  endfacet
  facet normal 0 0 1
    outer loop
      vertex 1.90302 1.93185 30
      vertex 5.09976 -0.574738 30
      vertex 5.77098 0.677368 30
    endloop
  endfacet
  facet normal 0 0 1
    outer loop
      vertex 5.09976 -0.574738 30
      vertex 1.90302 1.93185 30
      vertex 1.70068 0.527649 30
    endloop
  endfacet
  facet normal 0 0 1
    outer loop
      vertex 5.0761 -8.98589 30
      vertex 5.05547 -9.16652 30
      vertex 5.07596 -9.01085 30
    endloop
  endfacet
  facet normal 0 0 1
    outer loop
      vertex 5.0761 -8.98589 30
      vertex 5.04871 -9.19174 30
      vertex 5.05547 -9.16652 30
    endloop
  endfacet
  facet normal 0 0 1
    outer loop
      vertex 5.0761 -8.98589 30
      vertex 4.98883 -9.33627 30
      vertex 5.04871 -9.19174 30
    endloop
  endfacet
  facet normal 0 0 1
    outer loop
      vertex 5.0761 -8.98589 30
      vertex 4.97578 -9.35887 30
      vertex 4.98883 -9.33627 30
    endloop
  endfacet
  facet normal 0 0 1
    outer loop
      vertex 5.0761 -8.98589 30
      vertex 4.88063 -9.48289 30
      vertex 4.97578 -9.35887 30
    endloop
  endfacet
  facet normal 0 0 1
    outer loop
      vertex 5.0761 -8.98589 30
      vertex 4.86215 -9.50136 30
      vertex 4.88063 -9.48289 30
    endloop
  endfacet
  facet normal 0 0 1
    outer loop
      vertex 5.0761 -8.98589 30
      vertex 4.73804 -9.59659 30
      vertex 4.86215 -9.50136 30
    endloop
  endfacet
  facet normal 0 0 1
    outer loop
      vertex 5.0761 -8.98589 30
      vertex 4.71544 -9.60965 30
      vertex 4.73804 -9.59659 30
    endloop
  endfacet
  facet normal 0 0 1
    outer loop
      vertex 5.0761 -8.98589 30
      vertex 4.57094 -9.66951 30
      vertex 4.71544 -9.60965 30
    endloop
  endfacet
  facet normal 0 0 1
    outer loop
      vertex 5.0761 -8.98589 30
      vertex 4.54572 -9.67627 30
      vertex 4.57094 -9.66951 30
    endloop
  endfacet
  facet normal 0 0 1
    outer loop
      vertex 5.0761 -8.98589 30
      vertex 4.39064 -9.69667 30
      vertex 4.54572 -9.67627 30
    endloop
  endfacet
  facet normal 0 0 1
    outer loop
      vertex 5.0761 -8.98589 30
      vertex 4.36455 -9.69667 30
      vertex 4.39064 -9.69667 30
    endloop
  endfacet
  facet normal 0 0 1
    outer loop
      vertex 3.6776 -8.9984 30
      vertex 5.0761 -8.98589 30
      vertex 4.34799 -2.9184 30
    endloop
  endfacet
  facet normal 0 0 1
    outer loop
      vertex 2.9827 -3.20757 30
      vertex 4.34799 -2.9184 30
      vertex 4.32587 -2.75026 30
    endloop
  endfacet
  facet normal 0 0 1
    outer loop
      vertex 2.9827 -3.20757 30
      vertex 4.32587 -2.75026 30
      vertex 4.31911 -2.72504 30
    endloop
  endfacet
  facet normal 0 0 1
    outer loop
      vertex 2.9827 -3.20757 30
      vertex 4.31911 -2.72504 30
      vertex 4.25925 -2.58054 30
    endloop
  endfacet
  facet normal 0 0 1
    outer loop
      vertex 2.9827 -3.20757 30
      vertex 4.25925 -2.58054 30
      vertex 4.24619 -2.55792 30
    endloop
  endfacet
  facet normal 0 0 1
    outer loop
      vertex 5.0761 -8.98589 30
      vertex 3.6776 -8.9984 30
      vertex 4.36455 -9.69667 30
    endloop
  endfacet
  facet normal 0 0 1
    outer loop
      vertex 4.36455 -9.69667 30
      vertex 3.6776 -8.9984 30
      vertex 4.20947 -9.67627 30
    endloop
  endfacet
  facet normal 0 0 1
    outer loop
      vertex 2.9827 -3.20757 30
      vertex 4.24619 -2.55792 30
      vertex 4.14404 -2.42484 30
    endloop
  endfacet
  facet normal 0 0 1
    outer loop
      vertex 2.9827 -3.20757 30
      vertex 4.14404 -2.42484 30
      vertex 4.14175 -2.42197 30
    endloop
  endfacet
  facet normal 0 0 1
    outer loop
      vertex 4.20947 -9.67627 30
      vertex 3.6776 -8.9984 30
      vertex 4.18425 -9.66951 30
    endloop
  endfacet
  facet normal 0 0 1
    outer loop
      vertex 4.18425 -9.66951 30
      vertex 3.6776 -8.9984 30
      vertex 4.03973 -9.60965 30
    endloop
  endfacet
  facet normal 0 0 1
    outer loop
      vertex 4.03973 -9.60965 30
      vertex 3.6776 -8.9984 30
      vertex 4.01712 -9.59659 30
    endloop
  endfacet
  facet normal 0 0 1
    outer loop
      vertex 4.01712 -9.59659 30
      vertex 3.6776 -8.9984 30
      vertex 3.89302 -9.50136 30
    endloop
  endfacet
  facet normal 0 0 1
    outer loop
      vertex 3.89302 -9.50136 30
      vertex 3.6776 -8.9984 30
      vertex 3.87456 -9.48289 30
    endloop
  endfacet
  facet normal 0 0 1
    outer loop
      vertex 3.87456 -9.48289 30
      vertex 3.6776 -8.9984 30
      vertex 3.7794 -9.35887 30
    endloop
  endfacet
  facet normal 0 0 1
    outer loop
      vertex 3.7794 -9.35887 30
      vertex 3.6776 -8.9984 30
      vertex 3.76636 -9.33627 30
    endloop
  endfacet
  facet normal 0 0 1
    outer loop
      vertex 3.76636 -9.33627 30
      vertex 3.6776 -8.9984 30
      vertex 3.70648 -9.19174 30
    endloop
  endfacet
  facet normal 0 0 1
    outer loop
      vertex 3.70648 -9.19174 30
      vertex 3.6776 -8.9984 30
      vertex 3.69972 -9.16652 30
    endloop
  endfacet
  facet normal 0 0 1
    outer loop
      vertex 4.34799 -2.9184 30
      vertex 2.9827 -3.20757 30
      vertex 3.6776 -8.9984 30
    endloop
  endfacet
  facet normal 0 0 1
    outer loop
      vertex 4.14175 -2.42197 30
      vertex 1.81755 -1.79967 30
      vertex 2.9827 -3.20757 30
    endloop
  endfacet
  facet normal 0 0 1
    outer loop
      vertex 1.81755 -1.79967 30
      vertex 1.8071 -1.94673 30
      vertex 1.80875 -1.93407 30
    endloop
  endfacet
  facet normal 0 0 1
    outer loop
      vertex 1.70068 0.527649 30
      vertex 1.81755 -1.79967 30
      vertex 4.14175 -2.42197 30
    endloop
  endfacet
  facet normal 0 0 1
    outer loop
      vertex -1.81755 -1.79967 30
      vertex 1.81755 -1.79967 30
      vertex 1.70068 0.527649 30
    endloop
  endfacet
  facet normal 0 0 1
    outer loop
      vertex 1.90302 1.93185 30
      vertex -1.90302 1.93185 30
      vertex 1.70068 0.527649 30
    endloop
  endfacet
  facet normal 0 0 1
    outer loop
      vertex 1.07654 4.45724 30
      vertex 1.09264 4.44308 30
      vertex 1.08452 4.45061 30
    endloop
  endfacet
  facet normal 0 0 1
    outer loop
      vertex 1.09264 4.44308 30
      vertex 1.07654 4.45724 30
      vertex 1.04221 4.48299 30
    endloop
  endfacet
  facet normal 0 0 1
    outer loop
      vertex 1.09264 4.44308 30
      vertex 1.04221 4.48299 30
      vertex -1.09264 4.44308 30
    endloop
  endfacet
  facet normal 0 0 1
    outer loop
      vertex 0.960373 5.8522 30
      vertex 1.04221 4.48299 30
      vertex 0.968307 5.84184 30
    endloop
  endfacet
  facet normal 0 0 1
    outer loop
      vertex 0.864182 5.96202 30
      vertex 1.04221 4.48299 30
      vertex 0.960373 5.8522 30
    endloop
  endfacet
  facet normal 0 0 1
    outer loop
      vertex -1.04221 4.48299 30
      vertex 1.04221 4.48299 30
      vertex 0.864182 5.96202 30
    endloop
  endfacet
  facet normal 0 0 1
    outer loop
      vertex -1.04221 4.48299 30
      vertex 0.864182 5.96202 30
      vertex 0.854843 5.97136 30
    endloop
  endfacet
  facet normal 0 0 1
    outer loop
      vertex -1.04221 4.48299 30
      vertex 0.854843 5.97136 30
      vertex 0.745026 6.06755 30
    endloop
  endfacet
  facet normal 0 0 1
    outer loop
      vertex -1.04221 4.48299 30
      vertex 0.745026 6.06755 30
      vertex 0.734665 6.07549 30
    endloop
  endfacet
  facet normal 0 0 1
    outer loop
      vertex -1.04221 4.48299 30
      vertex 0.734665 6.07549 30
      vertex 0.613373 6.15646 30
    endloop
  endfacet
  facet normal 0 0 1
    outer loop
      vertex -1.04221 4.48299 30
      vertex 0.613373 6.15646 30
      vertex 0.602051 6.16301 30
    endloop
  endfacet
  facet normal 0 0 1
    outer loop
      vertex -1.09264 4.44308 30
      vertex 1.04221 4.48299 30
      vertex -1.04221 4.48299 30
    endloop
  endfacet
  facet normal 0 0 1
    outer loop
      vertex 1.81755 -1.79967 30
      vertex -1.81755 -1.79967 30
      vertex 1.8071 -1.94673 30
    endloop
  endfacet
  facet normal 0 0 1
    outer loop
      vertex 1.8071 -1.94673 30
      vertex -1.8071 -1.94673 30
      vertex 0.589172 -8.17293 30
    endloop
  endfacet
  facet normal 0 -0 1
    outer loop
      vertex -0.589172 -8.17293 30
      vertex 0.589172 -8.17293 30
      vertex -1.8071 -1.94673 30
    endloop
  endfacet
  facet normal 0 0 1
    outer loop
      vertex -1.04221 4.48299 30
      vertex 0.602051 6.16301 30
      vertex 0.470917 6.22763 30
    endloop
  endfacet
  facet normal 0 0 1
    outer loop
      vertex -1.04221 4.48299 30
      vertex 0.470917 6.22763 30
      vertex 0.458939 6.23259 30
    endloop
  endfacet
  facet normal 0 0 1
    outer loop
      vertex 0.589172 -8.17293 30
      vertex -0.589172 -8.17293 30
      vertex 0.583405 -8.19203 30
    endloop
  endfacet
  facet normal 0 -0 1
    outer loop
      vertex -0.583405 -8.19203 30
      vertex 0.583405 -8.19203 30
      vertex -0.589172 -8.17293 30
    endloop
  endfacet
  facet normal 0 0 1
    outer loop
      vertex -1.04221 4.48299 30
      vertex 0.458939 6.23259 30
      vertex 0.320984 6.27954 30
    endloop
  endfacet
  facet normal 0 0 1
    outer loop
      vertex 0.583405 -8.19203 30
      vertex -0.583405 -8.19203 30
      vertex 0.531387 -8.31747 30
    endloop
  endfacet
  facet normal 0 0 1
    outer loop
      vertex -1.04221 4.48299 30
      vertex 0.320984 6.27954 30
      vertex 0.308243 6.28296 30
    endloop
  endfacet
  facet normal 0 0 1
    outer loop
      vertex 0.531387 -8.31747 30
      vertex -0.583405 -8.19203 30
      vertex 0.518356 -8.34004 30
    endloop
  endfacet
  facet normal 0 0 1
    outer loop
      vertex 0.518356 -8.34004 30
      vertex -0.583405 -8.19203 30
      vertex 0.437927 -8.4449 30
    endloop
  endfacet
  facet normal 0 0 1
    outer loop
      vertex -1.04221 4.48299 30
      vertex 0.308243 6.28296 30
      vertex 0.1651 6.31139 30
    endloop
  endfacet
  facet normal 0 0 1
    outer loop
      vertex -1.04221 4.48299 30
      vertex 0.1651 6.31139 30
      vertex 0.152145 6.3131 30
    endloop
  endfacet
  facet normal 0 0 1
    outer loop
      vertex 0.437927 -8.4449 30
      vertex -0.583405 -8.19203 30
      vertex 0.419464 -8.46336 30
    endloop
  endfacet
  facet normal 0 0 1
    outer loop
      vertex 0.419464 -8.46336 30
      vertex -0.583405 -8.19203 30
      vertex 0.314362 -8.54402 30
    endloop
  endfacet
  facet normal 0 0 1
    outer loop
      vertex -1.04221 4.48299 30
      vertex 0.152145 6.3131 30
      vertex 0.00653076 6.32263 30
    endloop
  endfacet
  facet normal 0 0 1
    outer loop
      vertex -1.04221 4.48299 30
      vertex 0.00653076 6.32263 30
      vertex -0.00653076 6.32263 30
    endloop
  endfacet
  facet normal 0 0 1
    outer loop
      vertex 0.314362 -8.54402 30
      vertex -0.583405 -8.19203 30
      vertex 0.291718 -8.55708 30
    endloop
  endfacet
  facet normal 0 0 1
    outer loop
      vertex 0.291718 -8.55708 30
      vertex -0.583405 -8.19203 30
      vertex 0.169479 -8.60768 30
    endloop
  endfacet
  facet normal 0 0 1
    outer loop
      vertex -1.04221 4.48299 30
      vertex -0.00653076 6.32263 30
      vertex -0.152145 6.3131 30
    endloop
  endfacet
  facet normal 0 0 1
    outer loop
      vertex -1.04221 4.48299 30
      vertex -0.152145 6.3131 30
      vertex -0.1651 6.31139 30
    endloop
  endfacet
  facet normal 0 0 1
    outer loop
      vertex 0.169479 -8.60768 30
      vertex -0.583405 -8.19203 30
      vertex 0.144333 -8.61443 30
    endloop
  endfacet
  facet normal 0 0 1
    outer loop
      vertex 0.144333 -8.61443 30
      vertex -0.583405 -8.19203 30
      vertex 0.013092 -8.63176 30
    endloop
  endfacet
  facet normal 0 0 1
    outer loop
      vertex -1.04221 4.48299 30
      vertex -0.1651 6.31139 30
      vertex -0.308243 6.28296 30
    endloop
  endfacet
  facet normal 0 0 1
    outer loop
      vertex 0.013092 -8.63176 30
      vertex -0.583405 -8.19203 30
      vertex -0.013092 -8.63176 30
    endloop
  endfacet
  facet normal 0 0 1
    outer loop
      vertex -1.04221 4.48299 30
      vertex -0.308243 6.28296 30
      vertex -0.320984 6.27954 30
    endloop
  endfacet
  facet normal 0 0 1
    outer loop
      vertex -0.013092 -8.63176 30
      vertex -0.583405 -8.19203 30
      vertex -0.144333 -8.61443 30
    endloop
  endfacet
  facet normal 0 0 1
    outer loop
      vertex -0.144333 -8.61443 30
      vertex -0.583405 -8.19203 30
      vertex -0.169479 -8.60768 30
    endloop
  endfacet
  facet normal 0 0 1
    outer loop
      vertex -1.04221 4.48299 30
      vertex -0.320984 6.27954 30
      vertex -0.458939 6.23259 30
    endloop
  endfacet
  facet normal 0 0 1
    outer loop
      vertex -1.04221 4.48299 30
      vertex -0.458939 6.23259 30
      vertex -0.470917 6.22763 30
    endloop
  endfacet
  facet normal 0 0 1
    outer loop
      vertex -0.169479 -8.60768 30
      vertex -0.583405 -8.19203 30
      vertex -0.291718 -8.55708 30
    endloop
  endfacet
  facet normal 0 0 1
    outer loop
      vertex -0.291718 -8.55708 30
      vertex -0.583405 -8.19203 30
      vertex -0.314362 -8.54402 30
    endloop
  endfacet
  facet normal 0 0 1
    outer loop
      vertex -0.314362 -8.54402 30
      vertex -0.583405 -8.19203 30
      vertex -0.419464 -8.46336 30
    endloop
  endfacet
  facet normal 0 0 1
    outer loop
      vertex -0.518356 -8.34004 30
      vertex -0.583405 -8.19203 30
      vertex -0.531387 -8.31747 30
    endloop
  endfacet
  facet normal 0 0 1
    outer loop
      vertex -1.04221 4.48299 30
      vertex -0.470917 6.22763 30
      vertex -0.602051 6.16301 30
    endloop
  endfacet
  facet normal 0 0 1
    outer loop
      vertex -1.04221 4.48299 30
      vertex -0.602051 6.16301 30
      vertex -0.613373 6.15646 30
    endloop
  endfacet
  facet normal 0 0 1
    outer loop
      vertex -1.04221 4.48299 30
      vertex -0.613373 6.15646 30
      vertex -0.734665 6.07549 30
    endloop
  endfacet
  facet normal 0 0 1
    outer loop
      vertex -1.04221 4.48299 30
      vertex -0.734665 6.07549 30
      vertex -0.745026 6.06755 30
    endloop
  endfacet
  facet normal 0 0 1
    outer loop
      vertex -1.04221 4.48299 30
      vertex -0.745026 6.06755 30
      vertex -0.854843 5.97136 30
    endloop
  endfacet
  facet normal 0 0 1
    outer loop
      vertex -1.04221 4.48299 30
      vertex -0.854843 5.97136 30
      vertex -0.864182 5.96202 30
    endloop
  endfacet
  facet normal 0 0 1
    outer loop
      vertex -1.04221 4.48299 30
      vertex -0.864182 5.96202 30
      vertex -0.960373 5.8522 30
    endloop
  endfacet
  facet normal 0 0 1
    outer loop
      vertex -1.04221 4.48299 30
      vertex -0.960373 5.8522 30
      vertex -0.968307 5.84184 30
    endloop
  endfacet
  facet normal 0 0 1
    outer loop
      vertex 1.70068 0.527649 30
      vertex -1.90302 1.93185 30
      vertex -1.70068 0.527649 30
    endloop
  endfacet
  facet normal 0 0 1
    outer loop
      vertex -1.09264 4.44308 30
      vertex -1.04221 4.48299 30
      vertex -1.07654 4.45724 30
    endloop
  endfacet
  facet normal 0 0 1
    outer loop
      vertex -1.09264 4.44308 30
      vertex -1.07654 4.45724 30
      vertex -1.08452 4.45061 30
    endloop
  endfacet
  facet normal 0 0 1
    outer loop
      vertex 1.09264 4.44308 30
      vertex -1.09264 4.44308 30
      vertex -1.90857 1.96115 30
    endloop
  endfacet
  facet normal 0 0 1
    outer loop
      vertex -0.419464 -8.46336 30
      vertex -0.583405 -8.19203 30
      vertex -0.437927 -8.4449 30
    endloop
  endfacet
  facet normal 0 0 1
    outer loop
      vertex -0.437927 -8.4449 30
      vertex -0.583405 -8.19203 30
      vertex -0.518356 -8.34004 30
    endloop
  endfacet
  facet normal 0 0 1
    outer loop
      vertex 1.8071 -1.94673 30
      vertex -1.81755 -1.79967 30
      vertex -1.8071 -1.94673 30
    endloop
  endfacet
  facet normal 0 0 1
    outer loop
      vertex -1.8071 -1.94673 30
      vertex -1.81755 -1.79967 30
      vertex -1.80875 -1.93407 30
    endloop
  endfacet
  facet normal 0 0 1
    outer loop
      vertex -4.14175 -2.42197 30
      vertex -1.81755 -1.79967 30
      vertex -1.70068 0.527649 30
    endloop
  endfacet
  facet normal 0 0 1
    outer loop
      vertex -4.34813 -2.91953 30
      vertex -3.67746 -8.99727 30
      vertex -2.9827 -3.20757 30
    endloop
  endfacet
  facet normal 0 0 1
    outer loop
      vertex -3.67746 -8.99727 30
      vertex -5.0761 -8.98589 30
      vertex -3.69972 -9.16652 30
    endloop
  endfacet
  facet normal 0 0 1
    outer loop
      vertex -3.69972 -9.16652 30
      vertex -5.0761 -8.98589 30
      vertex -3.70648 -9.19174 30
    endloop
  endfacet
  facet normal 0 0 1
    outer loop
      vertex -3.70648 -9.19174 30
      vertex -5.0761 -8.98589 30
      vertex -3.76636 -9.33627 30
    endloop
  endfacet
  facet normal 0 0 1
    outer loop
      vertex -3.76636 -9.33627 30
      vertex -5.0761 -8.98589 30
      vertex -3.7794 -9.35887 30
    endloop
  endfacet
  facet normal 0 0 1
    outer loop
      vertex -3.7794 -9.35887 30
      vertex -5.0761 -8.98589 30
      vertex -3.87456 -9.48289 30
    endloop
  endfacet
  facet normal 0 0 1
    outer loop
      vertex -3.87456 -9.48289 30
      vertex -5.0761 -8.98589 30
      vertex -3.89302 -9.50136 30
    endloop
  endfacet
  facet normal 0 0 1
    outer loop
      vertex -3.89302 -9.50136 30
      vertex -5.0761 -8.98589 30
      vertex -4.01712 -9.59659 30
    endloop
  endfacet
  facet normal 0 0 1
    outer loop
      vertex -1.81755 -1.79967 30
      vertex -4.14175 -2.42197 30
      vertex -2.9827 -3.20757 30
    endloop
  endfacet
  facet normal -0 0 1
    outer loop
      vertex -4.14404 -2.42484 30
      vertex -2.9827 -3.20757 30
      vertex -4.14175 -2.42197 30
    endloop
  endfacet
  facet normal 0 0 1
    outer loop
      vertex -2.9827 -3.20757 30
      vertex -4.14404 -2.42484 30
      vertex -4.34813 -2.91953 30
    endloop
  endfacet
  facet normal 0 0 1
    outer loop
      vertex -3.67746 -8.99727 30
      vertex -4.34813 -2.91953 30
      vertex -5.0761 -8.98589 30
    endloop
  endfacet
  facet normal 0 0 1
    outer loop
      vertex -4.01712 -9.59659 30
      vertex -5.0761 -8.98589 30
      vertex -4.03973 -9.60965 30
    endloop
  endfacet
  facet normal 0 0 1
    outer loop
      vertex -4.34813 -2.91953 30
      vertex -4.14404 -2.42484 30
      vertex -4.24619 -2.55792 30
    endloop
  endfacet
  facet normal 0 0 1
    outer loop
      vertex -4.34813 -2.91953 30
      vertex -4.24619 -2.55792 30
      vertex -4.25925 -2.58054 30
    endloop
  endfacet
  facet normal 0 0 1
    outer loop
      vertex -4.34813 -2.91953 30
      vertex -4.25925 -2.58054 30
      vertex -4.31911 -2.72504 30
    endloop
  endfacet
  facet normal 0 0 1
    outer loop
      vertex -4.34813 -2.91953 30
      vertex -4.31911 -2.72504 30
      vertex -4.32587 -2.75026 30
    endloop
  endfacet
  facet normal 0 0 1
    outer loop
      vertex -4.03973 -9.60965 30
      vertex -5.0761 -8.98589 30
      vertex -4.18425 -9.66951 30
    endloop
  endfacet
  facet normal 0 0 1
    outer loop
      vertex -4.18425 -9.66951 30
      vertex -5.0761 -8.98589 30
      vertex -4.20947 -9.67627 30
    endloop
  endfacet
  facet normal 0 0 1
    outer loop
      vertex -4.20947 -9.67627 30
      vertex -5.0761 -8.98589 30
      vertex -4.36455 -9.69667 30
    endloop
  endfacet
  facet normal 0 0 1
    outer loop
      vertex -4.36455 -9.69667 30
      vertex -5.0761 -8.98589 30
      vertex -4.39064 -9.69667 30
    endloop
  endfacet
  facet normal 0 0 1
    outer loop
      vertex -4.39064 -9.69667 30
      vertex -5.0761 -8.98589 30
      vertex -4.54572 -9.67627 30
    endloop
  endfacet
  facet normal 0 0 1
    outer loop
      vertex -4.54572 -9.67627 30
      vertex -5.0761 -8.98589 30
      vertex -4.57094 -9.66951 30
    endloop
  endfacet
  facet normal 0 0 1
    outer loop
      vertex -4.57094 -9.66951 30
      vertex -5.0761 -8.98589 30
      vertex -4.71544 -9.60965 30
    endloop
  endfacet
  facet normal 0 0 1
    outer loop
      vertex -4.71544 -9.60965 30
      vertex -5.0761 -8.98589 30
      vertex -4.73804 -9.59659 30
    endloop
  endfacet
  facet normal 0 0 1
    outer loop
      vertex -4.73804 -9.59659 30
      vertex -5.0761 -8.98589 30
      vertex -4.86215 -9.50136 30
    endloop
  endfacet
  facet normal 0 0 1
    outer loop
      vertex -4.86215 -9.50136 30
      vertex -5.0761 -8.98589 30
      vertex -4.88063 -9.48289 30
    endloop
  endfacet
  facet normal 0 0 1
    outer loop
      vertex -4.88063 -9.48289 30
      vertex -5.0761 -8.98589 30
      vertex -4.97578 -9.35887 30
    endloop
  endfacet
  facet normal 0 0 1
    outer loop
      vertex -4.97578 -9.35887 30
      vertex -5.0761 -8.98589 30
      vertex -4.98883 -9.33627 30
    endloop
  endfacet
  facet normal 0 0 1
    outer loop
      vertex -4.98883 -9.33627 30
      vertex -5.0761 -8.98589 30
      vertex -5.04871 -9.19174 30
    endloop
  endfacet
  facet normal 0 0 1
    outer loop
      vertex -5.04871 -9.19174 30
      vertex -5.0761 -8.98589 30
      vertex -5.05547 -9.16652 30
    endloop
  endfacet
  facet normal 0 0 1
    outer loop
      vertex -5.05547 -9.16652 30
      vertex -5.0761 -8.98589 30
      vertex -5.07596 -9.01085 30
    endloop
  endfacet
  facet normal 0 0 1
    outer loop
      vertex -1.81755 -1.79967 30
      vertex 1.70068 0.527649 30
      vertex -1.70068 0.527649 30
    endloop
  endfacet
  facet normal 0 0 1
    outer loop
      vertex 1.90302 1.93185 30
      vertex -1.90857 1.96115 30
      vertex -1.90302 1.93185 30
    endloop
  endfacet
  facet normal 0 0 1
    outer loop
      vertex -1.90302 1.93185 30
      vertex -1.90857 1.96115 30
      vertex -1.90735 1.95352 30
    endloop
  endfacet
  facet normal 0 0 1
    outer loop
      vertex -1.09264 4.44308 30
      vertex -2.14041 3.50615 30
      vertex -1.90857 1.96115 30
    endloop
  endfacet
  facet normal 0 0 1
    outer loop
      vertex -2.99913 6.1907 30
      vertex -2.14041 3.50615 30
      vertex -1.09264 4.44308 30
    endloop
  endfacet
  facet normal 0 0 1
    outer loop
      vertex -5.05385 10.2772 30
      vertex -3.69958 10.627 30
      vertex -3.70596 10.6497 30
    endloop
  endfacet
  facet normal 0 0 1
    outer loop
      vertex -5.05385 10.2772 30
      vertex -3.70596 10.6497 30
      vertex -3.76636 10.7955 30
    endloop
  endfacet
  facet normal 0 0 1
    outer loop
      vertex -5.05385 10.2772 30
      vertex -3.76636 10.7955 30
      vertex -3.7794 10.8181 30
    endloop
  endfacet
  facet normal 0 0 1
    outer loop
      vertex -5.05385 10.2772 30
      vertex -3.7794 10.8181 30
      vertex -3.87456 10.9421 30
    endloop
  endfacet
  facet normal 0 0 1
    outer loop
      vertex -5.05385 10.2772 30
      vertex -3.87456 10.9421 30
      vertex -3.89302 10.9606 30
    endloop
  endfacet
  facet normal 0 0 1
    outer loop
      vertex -5.05385 10.2772 30
      vertex -3.89302 10.9606 30
      vertex -4.01712 11.0558 30
    endloop
  endfacet
  facet normal 0 0 1
    outer loop
      vertex -5.05385 10.2772 30
      vertex -4.01712 11.0558 30
      vertex -4.03973 11.0688 30
    endloop
  endfacet
  facet normal 0 0 1
    outer loop
      vertex -2.99913 6.1907 30
      vertex -4.13649 5.33589 30
      vertex -2.14041 3.50615 30
    endloop
  endfacet
  facet normal 0 0 1
    outer loop
      vertex -3.69958 10.627 30
      vertex -5.05385 10.2772 30
      vertex -2.99913 6.1907 30
    endloop
  endfacet
  facet normal 0 -0 1
    outer loop
      vertex -4.14825 5.34872 30
      vertex -2.99913 6.1907 30
      vertex -4.326 5.66739 30
    endloop
  endfacet
  facet normal 0 0 1
    outer loop
      vertex -5.05385 10.2772 30
      vertex -4.03973 11.0688 30
      vertex -4.18425 11.1287 30
    endloop
  endfacet
  facet normal 0 0 1
    outer loop
      vertex -5.05385 10.2772 30
      vertex -4.18425 11.1287 30
      vertex -4.20947 11.1355 30
    endloop
  endfacet
  facet normal 0 0 1
    outer loop
      vertex -2.99913 6.1907 30
      vertex -4.14825 5.34872 30
      vertex -4.13649 5.33589 30
    endloop
  endfacet
  facet normal 0 0 1
    outer loop
      vertex -4.14825 5.34872 30
      vertex -4.326 5.66739 30
      vertex -4.24619 5.47632 30
    endloop
  endfacet
  facet normal 0 0 1
    outer loop
      vertex -4.24619 5.47632 30
      vertex -4.326 5.66739 30
      vertex -4.25925 5.49893 30
    endloop
  endfacet
  facet normal 0 0 1
    outer loop
      vertex -4.25925 5.49893 30
      vertex -4.326 5.66739 30
      vertex -4.31963 5.64471 30
    endloop
  endfacet
  facet normal 0 0 1
    outer loop
      vertex -5.05385 10.2772 30
      vertex -4.20947 11.1355 30
      vertex -4.36455 11.1559 30
    endloop
  endfacet
  facet normal 0 0 1
    outer loop
      vertex -5.05385 10.2772 30
      vertex -4.36455 11.1559 30
      vertex -4.39064 11.1559 30
    endloop
  endfacet
  facet normal 0 0 1
    outer loop
      vertex -5.05385 10.2772 30
      vertex -4.39064 11.1559 30
      vertex -4.54572 11.1355 30
    endloop
  endfacet
  facet normal 0 0 1
    outer loop
      vertex -5.05385 10.2772 30
      vertex -4.54572 11.1355 30
      vertex -4.57094 11.1287 30
    endloop
  endfacet
  facet normal 0 0 1
    outer loop
      vertex -5.05385 10.2772 30
      vertex -4.57094 11.1287 30
      vertex -4.71544 11.0688 30
    endloop
  endfacet
  facet normal 0 0 1
    outer loop
      vertex -5.05385 10.2772 30
      vertex -4.71544 11.0688 30
      vertex -4.73804 11.0558 30
    endloop
  endfacet
  facet normal 0 0 1
    outer loop
      vertex -5.05385 10.2772 30
      vertex -4.73804 11.0558 30
      vertex -4.86215 10.9606 30
    endloop
  endfacet
  facet normal 0 0 1
    outer loop
      vertex -5.05385 10.2772 30
      vertex -4.86215 10.9606 30
      vertex -4.88063 10.9421 30
    endloop
  endfacet
  facet normal 0 0 1
    outer loop
      vertex -5.05385 10.2772 30
      vertex -4.88063 10.9421 30
      vertex -4.97578 10.8181 30
    endloop
  endfacet
  facet normal 0 0 1
    outer loop
      vertex -5.05385 10.2772 30
      vertex -4.97578 10.8181 30
      vertex -4.98883 10.7955 30
    endloop
  endfacet
  facet normal 0 0 1
    outer loop
      vertex -5.05385 10.2772 30
      vertex -4.98883 10.7955 30
      vertex -5.04871 10.6509 30
    endloop
  endfacet
  facet normal 0 0 1
    outer loop
      vertex -2.99913 6.1907 30
      vertex -5.05385 10.2772 30
      vertex -4.326 5.66739 30
    endloop
  endfacet
  facet normal -0 0 1
    outer loop
      vertex -5.05547 10.6257 30
      vertex -5.05385 10.2772 30
      vertex -5.04871 10.6509 30
    endloop
  endfacet
  facet normal -0 0 1
    outer loop
      vertex -5.07587 10.4706 30
      vertex -5.05385 10.2772 30
      vertex -5.05547 10.6257 30
    endloop
  endfacet
  facet normal 0 0 1
    outer loop
      vertex -5.05385 10.2772 30
      vertex -5.07587 10.4706 30
      vertex -5.07587 10.4445 30
    endloop
  endfacet
  facet normal -0 0 1
    outer loop
      vertex -1.04933 5.72049 30
      vertex -1.04221 4.48299 30
      vertex -0.968307 5.84184 30
    endloop
  endfacet
  facet normal -0 0 1
    outer loop
      vertex -1.05585 5.70921 30
      vertex -1.04221 4.48299 30
      vertex -1.04933 5.72049 30
    endloop
  endfacet
  facet normal -0 0 1
    outer loop
      vertex -1.12039 5.5784 30
      vertex -1.04221 4.48299 30
      vertex -1.05585 5.70921 30
    endloop
  endfacet
  facet normal 0 0 1
    outer loop
      vertex -1.04221 4.48299 30
      vertex -1.05585 4.50494 30
      vertex -1.04932 4.49364 30
    endloop
  endfacet
  facet normal -0 0 1
    outer loop
      vertex -1.12045 4.63606 30
      vertex -1.04221 4.48299 30
      vertex -1.12039 5.5784 30
    endloop
  endfacet
  facet normal 0 0 1
    outer loop
      vertex -1.04221 4.48299 30
      vertex -1.12045 4.63606 30
      vertex -1.05585 4.50494 30
    endloop
  endfacet
  facet normal -0 0 1
    outer loop
      vertex -1.1254 5.56633 30
      vertex -1.12045 4.63606 30
      vertex -1.12039 5.5784 30
    endloop
  endfacet
  facet normal 0 0 1
    outer loop
      vertex -1.1254 5.56633 30
      vertex -1.12541 4.64804 30
      vertex -1.12045 4.63606 30
    endloop
  endfacet
  facet normal 0 0 1
    outer loop
      vertex -1.1254 5.56633 30
      vertex -1.17236 4.786 30
      vertex -1.12541 4.64804 30
    endloop
  endfacet
  facet normal -0 0 1
    outer loop
      vertex -1.17238 5.4281 30
      vertex -1.17236 4.786 30
      vertex -1.1254 5.56633 30
    endloop
  endfacet
  facet normal -0 0 1
    outer loop
      vertex -1.17578 5.41541 30
      vertex -1.17236 4.786 30
      vertex -1.17238 5.4281 30
    endloop
  endfacet
  facet normal 0 0 1
    outer loop
      vertex -1.17578 5.41541 30
      vertex -1.17578 4.79874 30
      vertex -1.17236 4.786 30
    endloop
  endfacet
  facet normal -0 0 1
    outer loop
      vertex -1.20421 5.27228 30
      vertex -1.17578 4.79874 30
      vertex -1.17578 5.41541 30
    endloop
  endfacet
  facet normal 0 0 1
    outer loop
      vertex -1.20421 5.27228 30
      vertex -1.20421 4.94188 30
      vertex -1.17578 4.79874 30
    endloop
  endfacet
  facet normal -0 0 1
    outer loop
      vertex -1.20592 5.25932 30
      vertex -1.20421 4.94188 30
      vertex -1.20421 5.27228 30
    endloop
  endfacet
  facet normal 0 0 1
    outer loop
      vertex -1.20592 5.25932 30
      vertex -1.20592 4.95483 30
      vertex -1.20421 4.94188 30
    endloop
  endfacet
  facet normal -0 0 1
    outer loop
      vertex -1.21545 5.11371 30
      vertex -1.20592 4.95483 30
      vertex -1.20592 5.25932 30
    endloop
  endfacet
  facet normal 0 0 1
    outer loop
      vertex -1.20592 4.95483 30
      vertex -1.21545 5.11371 30
      vertex -1.21545 5.10065 30
    endloop
  endfacet
  facet normal 0 0 1
    outer loop
      vertex -1.90302 1.93185 30
      vertex -5.09976 -0.574738 30
      vertex -1.70068 0.527649 30
    endloop
  endfacet
  facet normal -0 0 1
    outer loop
      vertex -5.77098 0.677368 30
      vertex -5.09976 -0.574738 30
      vertex -1.90302 1.93185 30
    endloop
  endfacet
  facet normal -0 0 1
    outer loop
      vertex -5.7784 0.674637 30
      vertex -5.09976 -0.574738 30
      vertex -5.77098 0.677368 30
    endloop
  endfacet
  facet normal -0 0 1
    outer loop
      vertex -5.93144 0.611252 30
      vertex -5.09976 -0.574738 30
      vertex -5.7784 0.674637 30
    endloop
  endfacet
  facet normal -0 0 1
    outer loop
      vertex -5.95406 0.59819 30
      vertex -5.09976 -0.574738 30
      vertex -5.93144 0.611252 30
    endloop
  endfacet
  facet normal -0 0 1
    outer loop
      vertex -6.07812 0.502975 30
      vertex -5.09976 -0.574738 30
      vertex -5.95406 0.59819 30
    endloop
  endfacet
  facet normal -0 0 1
    outer loop
      vertex -6.09657 0.484528 30
      vertex -5.09976 -0.574738 30
      vertex -6.07812 0.502975 30
    endloop
  endfacet
  facet normal -0 0 1
    outer loop
      vertex -6.19397 0.357605 30
      vertex -5.09976 -0.574738 30
      vertex -6.09657 0.484528 30
    endloop
  endfacet
  facet normal -0 0 1
    outer loop
      vertex -6.20409 0.341446 30
      vertex -5.09976 -0.574738 30
      vertex -6.19397 0.357605 30
    endloop
  endfacet
  facet normal 0 0 1
    outer loop
      vertex -8.14383 -3.53804 30
      vertex -5.09976 -0.574738 30
      vertex -6.20409 0.341446 30
    endloop
  endfacet
  facet normal 0 0 1
    outer loop
      vertex -5.09976 -0.574738 30
      vertex -8.14383 -3.53804 30
      vertex -6.9287 -4.23265 30
    endloop
  endfacet
  facet normal -0 0 1
    outer loop
      vertex -8.14676 -3.54448 30
      vertex -6.9287 -4.23265 30
      vertex -8.14383 -3.53804 30
    endloop
  endfacet
  facet normal 0 0 1
    outer loop
      vertex -6.9287 -4.23265 30
      vertex -8.14676 -3.54448 30
      vertex -6.93881 -4.24881 30
    endloop
  endfacet
  facet normal 0 0 1
    outer loop
      vertex -6.93881 -4.24881 30
      vertex -8.14676 -3.54448 30
      vertex -7.03622 -4.37576 30
    endloop
  endfacet
  facet normal 0 0 1
    outer loop
      vertex -7.03622 -4.37576 30
      vertex -8.14676 -3.54448 30
      vertex -7.05469 -4.39423 30
    endloop
  endfacet
  facet normal 0 0 1
    outer loop
      vertex -7.05469 -4.39423 30
      vertex -8.14676 -3.54448 30
      vertex -7.17871 -4.48938 30
    endloop
  endfacet
  facet normal 0 0 1
    outer loop
      vertex -7.17871 -4.48938 30
      vertex -8.14676 -3.54448 30
      vertex -7.20131 -4.50243 30
    endloop
  endfacet
  facet normal 0 0 1
    outer loop
      vertex -7.20131 -4.50243 30
      vertex -8.14676 -3.54448 30
      vertex -7.34584 -4.5623 30
    endloop
  endfacet
  facet normal 0 0 1
    outer loop
      vertex -7.34584 -4.5623 30
      vertex -8.14676 -3.54448 30
      vertex -7.37106 -4.56906 30
    endloop
  endfacet
  facet normal 0 0 1
    outer loop
      vertex -7.37106 -4.56906 30
      vertex -8.14676 -3.54448 30
      vertex -7.52615 -4.58946 30
    endloop
  endfacet
  facet normal 0 0 1
    outer loop
      vertex -7.52615 -4.58946 30
      vertex -8.14676 -3.54448 30
      vertex -7.55225 -4.58946 30
    endloop
  endfacet
  facet normal 0 0 1
    outer loop
      vertex -7.55225 -4.58946 30
      vertex -8.14676 -3.54448 30
      vertex -7.70732 -4.56906 30
    endloop
  endfacet
  facet normal 0 0 1
    outer loop
      vertex -7.70732 -4.56906 30
      vertex -8.14676 -3.54448 30
      vertex -7.73254 -4.5623 30
    endloop
  endfacet
  facet normal 0 0 1
    outer loop
      vertex -7.73254 -4.5623 30
      vertex -8.14676 -3.54448 30
      vertex -7.87708 -4.50243 30
    endloop
  endfacet
  facet normal 0 0 1
    outer loop
      vertex -7.87708 -4.50243 30
      vertex -8.14676 -3.54448 30
      vertex -7.89967 -4.48938 30
    endloop
  endfacet
  facet normal 0 0 1
    outer loop
      vertex -7.89967 -4.48938 30
      vertex -8.14676 -3.54448 30
      vertex -8.0237 -4.39423 30
    endloop
  endfacet
  facet normal 0 0 1
    outer loop
      vertex -8.0237 -4.39423 30
      vertex -8.14676 -3.54448 30
      vertex -8.04216 -4.37576 30
    endloop
  endfacet
  facet normal 0 0 1
    outer loop
      vertex -8.04216 -4.37576 30
      vertex -8.14676 -3.54448 30
      vertex -8.13739 -4.25166 30
    endloop
  endfacet
  facet normal 0 0 1
    outer loop
      vertex -8.14676 -3.54448 30
      vertex -8.15045 -4.22905 30
      vertex -8.13739 -4.25166 30
    endloop
  endfacet
  facet normal -0 0 1
    outer loop
      vertex -8.2103 -3.69783 30
      vertex -8.15045 -4.22905 30
      vertex -8.14676 -3.54448 30
    endloop
  endfacet
  facet normal 0 0 1
    outer loop
      vertex -8.2103 -3.69783 30
      vertex -8.21031 -4.08455 30
      vertex -8.15045 -4.22905 30
    endloop
  endfacet
  facet normal -0 0 1
    outer loop
      vertex -8.21707 -3.72307 30
      vertex -8.21031 -4.08455 30
      vertex -8.2103 -3.69783 30
    endloop
  endfacet
  facet normal 0 0 1
    outer loop
      vertex -8.21707 -3.72307 30
      vertex -8.21707 -4.05933 30
      vertex -8.21031 -4.08455 30
    endloop
  endfacet
  facet normal -0 0 1
    outer loop
      vertex -8.23747 -3.87814 30
      vertex -8.21707 -4.05933 30
      vertex -8.21707 -3.72307 30
    endloop
  endfacet
  facet normal 0 0 1
    outer loop
      vertex -8.21707 -4.05933 30
      vertex -8.23747 -3.87814 30
      vertex -8.23747 -3.90424 30
    endloop
  endfacet
  facet normal 0 0 1
    outer loop
      vertex -5.77098 3.21382 30
      vertex -2.14041 3.50615 30
      vertex -5.10881 4.46887 30
    endloop
  endfacet
  facet normal 0 0 1
    outer loop
      vertex -2.14041 3.50615 30
      vertex -5.77098 3.21382 30
      vertex -1.90857 1.96115 30
    endloop
  endfacet
  facet normal 0 0 1
    outer loop
      vertex -5.10881 4.46887 30
      vertex -5.7784 3.21655 30
      vertex -5.77098 3.21382 30
    endloop
  endfacet
  facet normal 0 0 1
    outer loop
      vertex -5.10881 4.46887 30
      vertex -5.93144 3.27994 30
      vertex -5.7784 3.21655 30
    endloop
  endfacet
  facet normal 0 0 1
    outer loop
      vertex -5.10881 4.46887 30
      vertex -5.95406 3.293 30
      vertex -5.93144 3.27994 30
    endloop
  endfacet
  facet normal 0 0 1
    outer loop
      vertex -5.10881 4.46887 30
      vertex -6.07812 3.38821 30
      vertex -5.95406 3.293 30
    endloop
  endfacet
  facet normal 0 0 1
    outer loop
      vertex -5.10881 4.46887 30
      vertex -6.09657 3.40666 30
      vertex -6.07812 3.38821 30
    endloop
  endfacet
  facet normal 0 0 1
    outer loop
      vertex -5.10881 4.46887 30
      vertex -6.19478 3.53462 30
      vertex -6.09657 3.40666 30
    endloop
  endfacet
  facet normal 0 0 1
    outer loop
      vertex -5.10881 4.46887 30
      vertex -6.20369 3.54845 30
      vertex -6.19478 3.53462 30
    endloop
  endfacet
  facet normal -0 0 1
    outer loop
      vertex -8.14313 7.18492 30
      vertex -5.10881 4.46887 30
      vertex -6.92909 7.88194 30
    endloop
  endfacet
  facet normal 0 0 1
    outer loop
      vertex -8.14726 7.1937 30
      vertex -6.92909 7.88194 30
      vertex -6.938 7.89577 30
    endloop
  endfacet
  facet normal 0 0 1
    outer loop
      vertex -8.14726 7.1937 30
      vertex -6.938 7.89577 30
      vertex -7.03621 8.02373 30
    endloop
  endfacet
  facet normal 0 0 1
    outer loop
      vertex -8.14726 7.1937 30
      vertex -7.03621 8.02373 30
      vertex -7.05466 8.04218 30
    endloop
  endfacet
  facet normal 0 0 1
    outer loop
      vertex -8.14726 7.1937 30
      vertex -7.05466 8.04218 30
      vertex -7.17873 8.13739 30
    endloop
  endfacet
  facet normal 0 0 1
    outer loop
      vertex -8.14726 7.1937 30
      vertex -7.17873 8.13739 30
      vertex -7.20134 8.15045 30
    endloop
  endfacet
  facet normal 0 0 1
    outer loop
      vertex -8.14726 7.1937 30
      vertex -7.20134 8.15045 30
      vertex -7.34584 8.21031 30
    endloop
  endfacet
  facet normal 0 0 1
    outer loop
      vertex -8.14726 7.1937 30
      vertex -7.34584 8.21031 30
      vertex -7.37106 8.21707 30
    endloop
  endfacet
  facet normal 0 0 1
    outer loop
      vertex -8.14726 7.1937 30
      vertex -7.37106 8.21707 30
      vertex -7.52615 8.23747 30
    endloop
  endfacet
  facet normal 0 0 1
    outer loop
      vertex -8.14726 7.1937 30
      vertex -7.52615 8.23747 30
      vertex -7.55225 8.23747 30
    endloop
  endfacet
  facet normal 0 0 1
    outer loop
      vertex -8.14726 7.1937 30
      vertex -7.55225 8.23747 30
      vertex -7.70732 8.21707 30
    endloop
  endfacet
  facet normal 0 0 1
    outer loop
      vertex -8.14726 7.1937 30
      vertex -7.70732 8.21707 30
      vertex -7.73254 8.21031 30
    endloop
  endfacet
  facet normal 0 0 1
    outer loop
      vertex -8.14726 7.1937 30
      vertex -7.73254 8.21031 30
      vertex -7.87704 8.15045 30
    endloop
  endfacet
  facet normal 0 0 1
    outer loop
      vertex -8.14726 7.1937 30
      vertex -7.87704 8.15045 30
      vertex -7.89966 8.13739 30
    endloop
  endfacet
  facet normal 0 0 1
    outer loop
      vertex -8.14726 7.1937 30
      vertex -7.89966 8.13739 30
      vertex -8.02373 8.04218 30
    endloop
  endfacet
  facet normal 0 0 1
    outer loop
      vertex -8.14726 7.1937 30
      vertex -8.02373 8.04218 30
      vertex -8.04218 8.02373 30
    endloop
  endfacet
  facet normal 0 0 1
    outer loop
      vertex -8.14726 7.1937 30
      vertex -8.04218 8.02373 30
      vertex -8.13739 7.89966 30
    endloop
  endfacet
  facet normal 0 0 1
    outer loop
      vertex -5.10881 4.46887 30
      vertex -8.14313 7.18492 30
      vertex -6.20369 3.54845 30
    endloop
  endfacet
  facet normal 0 0 1
    outer loop
      vertex -6.92909 7.88194 30
      vertex -8.14726 7.1937 30
      vertex -8.14313 7.18492 30
    endloop
  endfacet
  facet normal -0 0 1
    outer loop
      vertex -8.15045 7.87704 30
      vertex -8.14726 7.1937 30
      vertex -8.13739 7.89966 30
    endloop
  endfacet
  facet normal 0 0 1
    outer loop
      vertex -8.15045 7.87704 30
      vertex -8.2103 7.34583 30
      vertex -8.14726 7.1937 30
    endloop
  endfacet
  facet normal -0 0 1
    outer loop
      vertex -8.21031 7.73254 30
      vertex -8.2103 7.34583 30
      vertex -8.15045 7.87704 30
    endloop
  endfacet
  facet normal -0 0 1
    outer loop
      vertex -8.21707 7.70732 30
      vertex -8.2103 7.34583 30
      vertex -8.21031 7.73254 30
    endloop
  endfacet
  facet normal 0 0 1
    outer loop
      vertex -8.21707 7.70732 30
      vertex -8.21707 7.37106 30
      vertex -8.2103 7.34583 30
    endloop
  endfacet
  facet normal -0 0 1
    outer loop
      vertex -8.23747 7.55225 30
      vertex -8.21707 7.37106 30
      vertex -8.21707 7.70732 30
    endloop
  endfacet
  facet normal 0 0 1
    outer loop
      vertex -8.21707 7.37106 30
      vertex -8.23747 7.55225 30
      vertex -8.23747 7.52615 30
    endloop
  endfacet
  facet normal 0.0734906 -0.997296 0
    outer loop
      vertex 0.686935 -13.9831 29
      vertex 1.37224 -13.9326 30
      vertex 0.686935 -13.9831 30
    endloop
  endfacet
  facet normal 0.0734906 -0.997296 0
    outer loop
      vertex 1.37224 -13.9326 30
      vertex 0.686935 -13.9831 29
      vertex 1.37224 -13.9326 29
    endloop
  endfacet
  facet normal 0.122392 -0.992482 0
    outer loop
      vertex 1.37224 -13.9326 29
      vertex 2.05421 -13.8485 30
      vertex 1.37224 -13.9326 30
    endloop
  endfacet
  facet normal 0.122392 -0.992482 0
    outer loop
      vertex 2.05421 -13.8485 30
      vertex 1.37224 -13.9326 29
      vertex 2.05421 -13.8485 29
    endloop
  endfacet
  facet normal 0.170991 -0.985273 0
    outer loop
      vertex 2.05421 -13.8485 29
      vertex 2.73126 -13.731 30
      vertex 2.05421 -13.8485 30
    endloop
  endfacet
  facet normal 0.170991 -0.985273 0
    outer loop
      vertex 2.73126 -13.731 30
      vertex 2.05421 -13.8485 29
      vertex 2.73126 -13.731 29
    endloop
  endfacet
  facet normal 0.219161 -0.975689 0
    outer loop
      vertex 2.73126 -13.731 29
      vertex 3.40172 -13.5804 30
      vertex 2.73126 -13.731 30
    endloop
  endfacet
  facet normal 0.219161 -0.975689 0
    outer loop
      vertex 3.40172 -13.5804 30
      vertex 2.73126 -13.731 29
      vertex 3.40172 -13.5804 29
    endloop
  endfacet
  facet normal 0.266615 -0.963803 0
    outer loop
      vertex 3.40172 -13.5804 29
      vertex 4.06398 -13.3972 30
      vertex 3.40172 -13.5804 30
    endloop
  endfacet
  facet normal 0.266615 -0.963803 0
    outer loop
      vertex 4.06398 -13.3972 30
      vertex 3.40172 -13.5804 29
      vertex 4.06398 -13.3972 29
    endloop
  endfacet
  facet normal 0.313751 -0.949505 0
    outer loop
      vertex 4.06398 -13.3972 29
      vertex 4.71645 -13.1816 30
      vertex 4.06398 -13.3972 30
    endloop
  endfacet
  facet normal 0.313751 -0.949505 0
    outer loop
      vertex 4.71645 -13.1816 30
      vertex 4.06398 -13.3972 29
      vertex 4.71645 -13.1816 29
    endloop
  endfacet
  facet normal 0.359891 -0.932994 0
    outer loop
      vertex 4.71645 -13.1816 29
      vertex 5.35756 -12.9343 30
      vertex 4.71645 -13.1816 30
    endloop
  endfacet
  facet normal 0.359891 -0.932994 0
    outer loop
      vertex 5.35756 -12.9343 30
      vertex 4.71645 -13.1816 29
      vertex 5.35756 -12.9343 29
    endloop
  endfacet
  facet normal 0.405288 -0.914189 0
    outer loop
      vertex 5.35756 -12.9343 29
      vertex 5.98576 -12.6558 30
      vertex 5.35756 -12.9343 30
    endloop
  endfacet
  facet normal 0.405288 -0.914189 0
    outer loop
      vertex 5.98576 -12.6558 30
      vertex 5.35756 -12.9343 29
      vertex 5.98576 -12.6558 29
    endloop
  endfacet
  facet normal 0.449546 -0.893257 0
    outer loop
      vertex 5.98576 -12.6558 29
      vertex 6.59955 -12.3469 30
      vertex 5.98576 -12.6558 30
    endloop
  endfacet
  facet normal 0.449546 -0.893257 0
    outer loop
      vertex 6.59955 -12.3469 30
      vertex 5.98576 -12.6558 29
      vertex 6.59955 -12.3469 29
    endloop
  endfacet
  facet normal 0.492904 -0.870084 0
    outer loop
      vertex 6.59955 -12.3469 29
      vertex 7.19743 -12.0082 30
      vertex 6.59955 -12.3469 30
    endloop
  endfacet
  facet normal 0.492904 -0.870084 0
    outer loop
      vertex 7.19743 -12.0082 30
      vertex 6.59955 -12.3469 29
      vertex 7.19743 -12.0082 29
    endloop
  endfacet
  facet normal 0.534974 -0.844869 0
    outer loop
      vertex 7.19743 -12.0082 29
      vertex 7.77797 -11.6406 30
      vertex 7.19743 -12.0082 30
    endloop
  endfacet
  facet normal 0.534974 -0.844869 0
    outer loop
      vertex 7.77797 -11.6406 30
      vertex 7.19743 -12.0082 29
      vertex 7.77797 -11.6406 29
    endloop
  endfacet
  facet normal 0.575836 -0.817565 0
    outer loop
      vertex 7.77797 -11.6406 29
      vertex 8.33978 -11.2449 30
      vertex 7.77797 -11.6406 30
    endloop
  endfacet
  facet normal 0.575836 -0.817565 0
    outer loop
      vertex 8.33978 -11.2449 30
      vertex 7.77797 -11.6406 29
      vertex 8.33978 -11.2449 29
    endloop
  endfacet
  facet normal 0.615266 -0.78832 0
    outer loop
      vertex 8.33978 -11.2449 29
      vertex 8.8815 -10.8221 30
      vertex 8.33978 -11.2449 30
    endloop
  endfacet
  facet normal 0.615266 -0.78832 0
    outer loop
      vertex 8.8815 -10.8221 30
      vertex 8.33978 -11.2449 29
      vertex 8.8815 -10.8221 29
    endloop
  endfacet
  facet normal 0.653147 -0.757231 0
    outer loop
      vertex 8.8815 -10.8221 29
      vertex 9.40182 -10.3733 30
      vertex 8.8815 -10.8221 30
    endloop
  endfacet
  facet normal 0.653147 -0.757231 0
    outer loop
      vertex 9.40182 -10.3733 30
      vertex 8.8815 -10.8221 29
      vertex 9.40182 -10.3733 29
    endloop
  endfacet
  facet normal 0.689532 -0.724255 0
    outer loop
      vertex 9.40182 -10.3733 29
      vertex 9.89949 -9.89949 30
      vertex 9.40182 -10.3733 30
    endloop
  endfacet
  facet normal 0.689532 -0.724255 0
    outer loop
      vertex 9.89949 -9.89949 30
      vertex 9.40182 -10.3733 29
      vertex 9.89949 -9.89949 29
    endloop
  endfacet
  facet normal 0.724255 -0.689532 0
    outer loop
      vertex 9.89949 -9.89949 30
      vertex 10.3733 -9.40182 29
      vertex 10.3733 -9.40182 30
    endloop
  endfacet
  facet normal 0.724255 -0.689532 0
    outer loop
      vertex 10.3733 -9.40182 29
      vertex 9.89949 -9.89949 30
      vertex 9.89949 -9.89949 29
    endloop
  endfacet
  facet normal 0.757231 -0.653147 0
    outer loop
      vertex 10.3733 -9.40182 30
      vertex 10.8221 -8.8815 29
      vertex 10.8221 -8.8815 30
    endloop
  endfacet
  facet normal 0.757231 -0.653147 0
    outer loop
      vertex 10.8221 -8.8815 29
      vertex 10.3733 -9.40182 30
      vertex 10.3733 -9.40182 29
    endloop
  endfacet
  facet normal 0.78832 -0.615266 0
    outer loop
      vertex 10.8221 -8.8815 30
      vertex 11.2449 -8.33978 29
      vertex 11.2449 -8.33978 30
    endloop
  endfacet
  facet normal 0.78832 -0.615266 0
    outer loop
      vertex 11.2449 -8.33978 29
      vertex 10.8221 -8.8815 30
      vertex 10.8221 -8.8815 29
    endloop
  endfacet
  facet normal 0.817565 -0.575836 0
    outer loop
      vertex 11.2449 -8.33978 30
      vertex 11.6406 -7.77797 29
      vertex 11.6406 -7.77797 30
    endloop
  endfacet
  facet normal 0.817565 -0.575836 0
    outer loop
      vertex 11.6406 -7.77797 29
      vertex 11.2449 -8.33978 30
      vertex 11.2449 -8.33978 29
    endloop
  endfacet
  facet normal 0.844869 -0.534974 0
    outer loop
      vertex 11.6406 -7.77797 30
      vertex 12.0082 -7.19743 29
      vertex 12.0082 -7.19743 30
    endloop
  endfacet
  facet normal 0.844869 -0.534974 0
    outer loop
      vertex 12.0082 -7.19743 29
      vertex 11.6406 -7.77797 30
      vertex 11.6406 -7.77797 29
    endloop
  endfacet
  facet normal 0.870084 -0.492904 0
    outer loop
      vertex 12.0082 -7.19743 30
      vertex 12.3469 -6.59955 29
      vertex 12.3469 -6.59955 30
    endloop
  endfacet
  facet normal 0.870084 -0.492904 0
    outer loop
      vertex 12.3469 -6.59955 29
      vertex 12.0082 -7.19743 30
      vertex 12.0082 -7.19743 29
    endloop
  endfacet
  facet normal 0.893257 -0.449546 0
    outer loop
      vertex 12.3469 -6.59955 30
      vertex 12.6558 -5.98576 29
      vertex 12.6558 -5.98576 30
    endloop
  endfacet
  facet normal 0.893257 -0.449546 0
    outer loop
      vertex 12.6558 -5.98576 29
      vertex 12.3469 -6.59955 30
      vertex 12.3469 -6.59955 29
    endloop
  endfacet
  facet normal 0.914189 -0.405288 0
    outer loop
      vertex 12.6558 -5.98576 30
      vertex 12.9343 -5.35756 29
      vertex 12.9343 -5.35756 30
    endloop
  endfacet
  facet normal 0.914189 -0.405288 0
    outer loop
      vertex 12.9343 -5.35756 29
      vertex 12.6558 -5.98576 30
      vertex 12.6558 -5.98576 29
    endloop
  endfacet
  facet normal 0.932994 -0.359891 0
    outer loop
      vertex 12.9343 -5.35756 30
      vertex 13.1816 -4.71645 29
      vertex 13.1816 -4.71645 30
    endloop
  endfacet
  facet normal 0.932994 -0.359891 0
    outer loop
      vertex 13.1816 -4.71645 29
      vertex 12.9343 -5.35756 30
      vertex 12.9343 -5.35756 29
    endloop
  endfacet
  facet normal 0.949505 -0.313751 0
    outer loop
      vertex 13.1816 -4.71645 30
      vertex 13.3972 -4.06398 29
      vertex 13.3972 -4.06398 30
    endloop
  endfacet
  facet normal 0.949505 -0.313751 0
    outer loop
      vertex 13.3972 -4.06398 29
      vertex 13.1816 -4.71645 30
      vertex 13.1816 -4.71645 29
    endloop
  endfacet
  facet normal 0.963803 -0.266615 0
    outer loop
      vertex 13.3972 -4.06398 30
      vertex 13.5804 -3.40172 29
      vertex 13.5804 -3.40172 30
    endloop
  endfacet
  facet normal 0.963803 -0.266615 0
    outer loop
      vertex 13.5804 -3.40172 29
      vertex 13.3972 -4.06398 30
      vertex 13.3972 -4.06398 29
    endloop
  endfacet
  facet normal 0.975689 -0.219161 0
    outer loop
      vertex 13.5804 -3.40172 30
      vertex 13.731 -2.73126 29
      vertex 13.731 -2.73126 30
    endloop
  endfacet
  facet normal 0.975689 -0.219161 0
    outer loop
      vertex 13.731 -2.73126 29
      vertex 13.5804 -3.40172 30
      vertex 13.5804 -3.40172 29
    endloop
  endfacet
  facet normal 0.985273 -0.170991 0
    outer loop
      vertex 13.731 -2.73126 30
      vertex 13.8485 -2.05421 29
      vertex 13.8485 -2.05421 30
    endloop
  endfacet
  facet normal 0.985273 -0.170991 0
    outer loop
      vertex 13.8485 -2.05421 29
      vertex 13.731 -2.73126 30
      vertex 13.731 -2.73126 29
    endloop
  endfacet
  facet normal 0.992482 -0.122392 0
    outer loop
      vertex 13.8485 -2.05421 30
      vertex 13.9326 -1.37224 29
      vertex 13.9326 -1.37224 30
    endloop
  endfacet
  facet normal 0.992482 -0.122392 0
    outer loop
      vertex 13.9326 -1.37224 29
      vertex 13.8485 -2.05421 30
      vertex 13.8485 -2.05421 29
    endloop
  endfacet
  facet normal 0.997296 -0.0734906 0
    outer loop
      vertex 13.9326 -1.37224 30
      vertex 13.9831 -0.686935 29
      vertex 13.9831 -0.686935 30
    endloop
  endfacet
  facet normal 0.997296 -0.0734906 0
    outer loop
      vertex 13.9831 -0.686935 29
      vertex 13.9326 -1.37224 30
      vertex 13.9326 -1.37224 29
    endloop
  endfacet
  facet normal 0.999698 -0.0245946 0
    outer loop
      vertex 13.9831 -0.686935 30
      vertex 14 0 29
      vertex 14 0 30
    endloop
  endfacet
  facet normal 0.999698 -0.0245946 0
    outer loop
      vertex 14 0 29
      vertex 13.9831 -0.686935 30
      vertex 13.9831 -0.686935 29
    endloop
  endfacet
  facet normal 0.999698 0.0245946 0
    outer loop
      vertex 14 0 30
      vertex 13.9831 0.686935 29
      vertex 13.9831 0.686935 30
    endloop
  endfacet
  facet normal 0.999698 0.0245946 0
    outer loop
      vertex 13.9831 0.686935 29
      vertex 14 0 30
      vertex 14 0 29
    endloop
  endfacet
  facet normal 0.997296 0.0734906 0
    outer loop
      vertex 13.9831 0.686935 30
      vertex 13.9326 1.37224 29
      vertex 13.9326 1.37224 30
    endloop
  endfacet
  facet normal 0.997296 0.0734906 0
    outer loop
      vertex 13.9326 1.37224 29
      vertex 13.9831 0.686935 30
      vertex 13.9831 0.686935 29
    endloop
  endfacet
  facet normal 0.992482 0.122392 0
    outer loop
      vertex 13.9326 1.37224 30
      vertex 13.8485 2.05421 29
      vertex 13.8485 2.05421 30
    endloop
  endfacet
  facet normal 0.992482 0.122392 0
    outer loop
      vertex 13.8485 2.05421 29
      vertex 13.9326 1.37224 30
      vertex 13.9326 1.37224 29
    endloop
  endfacet
  facet normal 0.985273 0.170991 0
    outer loop
      vertex 13.8485 2.05421 30
      vertex 13.731 2.73126 29
      vertex 13.731 2.73126 30
    endloop
  endfacet
  facet normal 0.985273 0.170991 0
    outer loop
      vertex 13.731 2.73126 29
      vertex 13.8485 2.05421 30
      vertex 13.8485 2.05421 29
    endloop
  endfacet
  facet normal 0.975689 0.219161 0
    outer loop
      vertex 13.731 2.73126 30
      vertex 13.5804 3.40172 29
      vertex 13.5804 3.40172 30
    endloop
  endfacet
  facet normal 0.975689 0.219161 0
    outer loop
      vertex 13.5804 3.40172 29
      vertex 13.731 2.73126 30
      vertex 13.731 2.73126 29
    endloop
  endfacet
  facet normal 0.963803 0.266615 0
    outer loop
      vertex 13.5804 3.40172 30
      vertex 13.3972 4.06398 29
      vertex 13.3972 4.06398 30
    endloop
  endfacet
  facet normal 0.963803 0.266615 0
    outer loop
      vertex 13.3972 4.06398 29
      vertex 13.5804 3.40172 30
      vertex 13.5804 3.40172 29
    endloop
  endfacet
  facet normal 0.949505 0.313751 0
    outer loop
      vertex 13.3972 4.06398 30
      vertex 13.1816 4.71645 29
      vertex 13.1816 4.71645 30
    endloop
  endfacet
  facet normal 0.949505 0.313751 0
    outer loop
      vertex 13.1816 4.71645 29
      vertex 13.3972 4.06398 30
      vertex 13.3972 4.06398 29
    endloop
  endfacet
  facet normal 0.932994 0.359891 0
    outer loop
      vertex 13.1816 4.71645 30
      vertex 12.9343 5.35756 29
      vertex 12.9343 5.35756 30
    endloop
  endfacet
  facet normal 0.932994 0.359891 0
    outer loop
      vertex 12.9343 5.35756 29
      vertex 13.1816 4.71645 30
      vertex 13.1816 4.71645 29
    endloop
  endfacet
  facet normal 0.914189 0.405288 0
    outer loop
      vertex 12.9343 5.35756 30
      vertex 12.6558 5.98576 29
      vertex 12.6558 5.98576 30
    endloop
  endfacet
  facet normal 0.914189 0.405288 0
    outer loop
      vertex 12.6558 5.98576 29
      vertex 12.9343 5.35756 30
      vertex 12.9343 5.35756 29
    endloop
  endfacet
  facet normal 0.893257 0.449546 0
    outer loop
      vertex 12.6558 5.98576 30
      vertex 12.3469 6.59955 29
      vertex 12.3469 6.59955 30
    endloop
  endfacet
  facet normal 0.893257 0.449546 0
    outer loop
      vertex 12.3469 6.59955 29
      vertex 12.6558 5.98576 30
      vertex 12.6558 5.98576 29
    endloop
  endfacet
  facet normal 0.870084 0.492904 0
    outer loop
      vertex 12.3469 6.59955 30
      vertex 12.0082 7.19743 29
      vertex 12.0082 7.19743 30
    endloop
  endfacet
  facet normal 0.870084 0.492904 0
    outer loop
      vertex 12.0082 7.19743 29
      vertex 12.3469 6.59955 30
      vertex 12.3469 6.59955 29
    endloop
  endfacet
  facet normal 0.844869 0.534974 0
    outer loop
      vertex 12.0082 7.19743 30
      vertex 11.6406 7.77797 29
      vertex 11.6406 7.77797 30
    endloop
  endfacet
  facet normal 0.844869 0.534974 0
    outer loop
      vertex 11.6406 7.77797 29
      vertex 12.0082 7.19743 30
      vertex 12.0082 7.19743 29
    endloop
  endfacet
  facet normal 0.817565 0.575836 0
    outer loop
      vertex 11.6406 7.77797 30
      vertex 11.2449 8.33978 29
      vertex 11.2449 8.33978 30
    endloop
  endfacet
  facet normal 0.817565 0.575836 0
    outer loop
      vertex 11.2449 8.33978 29
      vertex 11.6406 7.77797 30
      vertex 11.6406 7.77797 29
    endloop
  endfacet
  facet normal 0.78832 0.615266 0
    outer loop
      vertex 11.2449 8.33978 30
      vertex 10.8221 8.8815 29
      vertex 10.8221 8.8815 30
    endloop
  endfacet
  facet normal 0.78832 0.615266 0
    outer loop
      vertex 10.8221 8.8815 29
      vertex 11.2449 8.33978 30
      vertex 11.2449 8.33978 29
    endloop
  endfacet
  facet normal 0.757231 0.653147 0
    outer loop
      vertex 10.8221 8.8815 30
      vertex 10.3733 9.40182 29
      vertex 10.3733 9.40182 30
    endloop
  endfacet
  facet normal 0.757231 0.653147 0
    outer loop
      vertex 10.3733 9.40182 29
      vertex 10.8221 8.8815 30
      vertex 10.8221 8.8815 29
    endloop
  endfacet
  facet normal 0.724255 0.689532 0
    outer loop
      vertex 10.3733 9.40182 30
      vertex 9.89949 9.89949 29
      vertex 9.89949 9.89949 30
    endloop
  endfacet
  facet normal 0.724255 0.689532 0
    outer loop
      vertex 9.89949 9.89949 29
      vertex 10.3733 9.40182 30
      vertex 10.3733 9.40182 29
    endloop
  endfacet
  facet normal 0.689532 0.724255 -0
    outer loop
      vertex 9.89949 9.89949 29
      vertex 9.40182 10.3733 30
      vertex 9.89949 9.89949 30
    endloop
  endfacet
  facet normal 0.689532 0.724255 0
    outer loop
      vertex 9.40182 10.3733 30
      vertex 9.89949 9.89949 29
      vertex 9.40182 10.3733 29
    endloop
  endfacet
  facet normal 0.653147 0.757231 -0
    outer loop
      vertex 9.40182 10.3733 29
      vertex 8.8815 10.8221 30
      vertex 9.40182 10.3733 30
    endloop
  endfacet
  facet normal 0.653147 0.757231 0
    outer loop
      vertex 8.8815 10.8221 30
      vertex 9.40182 10.3733 29
      vertex 8.8815 10.8221 29
    endloop
  endfacet
  facet normal 0.615266 0.78832 -0
    outer loop
      vertex 8.8815 10.8221 29
      vertex 8.33978 11.2449 30
      vertex 8.8815 10.8221 30
    endloop
  endfacet
  facet normal 0.615266 0.78832 0
    outer loop
      vertex 8.33978 11.2449 30
      vertex 8.8815 10.8221 29
      vertex 8.33978 11.2449 29
    endloop
  endfacet
  facet normal 0.575836 0.817565 -0
    outer loop
      vertex 8.33978 11.2449 29
      vertex 7.77797 11.6406 30
      vertex 8.33978 11.2449 30
    endloop
  endfacet
  facet normal 0.575836 0.817565 0
    outer loop
      vertex 7.77797 11.6406 30
      vertex 8.33978 11.2449 29
      vertex 7.77797 11.6406 29
    endloop
  endfacet
  facet normal 0.534974 0.844869 -0
    outer loop
      vertex 7.77797 11.6406 29
      vertex 7.19743 12.0082 30
      vertex 7.77797 11.6406 30
    endloop
  endfacet
  facet normal 0.534974 0.844869 0
    outer loop
      vertex 7.19743 12.0082 30
      vertex 7.77797 11.6406 29
      vertex 7.19743 12.0082 29
    endloop
  endfacet
  facet normal 0.492904 0.870084 -0
    outer loop
      vertex 7.19743 12.0082 29
      vertex 6.59955 12.3469 30
      vertex 7.19743 12.0082 30
    endloop
  endfacet
  facet normal 0.492904 0.870084 0
    outer loop
      vertex 6.59955 12.3469 30
      vertex 7.19743 12.0082 29
      vertex 6.59955 12.3469 29
    endloop
  endfacet
  facet normal 0.449546 0.893257 -0
    outer loop
      vertex 6.59955 12.3469 29
      vertex 5.98576 12.6558 30
      vertex 6.59955 12.3469 30
    endloop
  endfacet
  facet normal 0.449546 0.893257 0
    outer loop
      vertex 5.98576 12.6558 30
      vertex 6.59955 12.3469 29
      vertex 5.98576 12.6558 29
    endloop
  endfacet
  facet normal 0.405288 0.914189 -0
    outer loop
      vertex 5.98576 12.6558 29
      vertex 5.35756 12.9343 30
      vertex 5.98576 12.6558 30
    endloop
  endfacet
  facet normal 0.405288 0.914189 0
    outer loop
      vertex 5.35756 12.9343 30
      vertex 5.98576 12.6558 29
      vertex 5.35756 12.9343 29
    endloop
  endfacet
  facet normal 0.359891 0.932994 -0
    outer loop
      vertex 5.35756 12.9343 29
      vertex 4.71645 13.1816 30
      vertex 5.35756 12.9343 30
    endloop
  endfacet
  facet normal 0.359891 0.932994 0
    outer loop
      vertex 4.71645 13.1816 30
      vertex 5.35756 12.9343 29
      vertex 4.71645 13.1816 29
    endloop
  endfacet
  facet normal 0.313751 0.949505 -0
    outer loop
      vertex 4.71645 13.1816 29
      vertex 4.06398 13.3972 30
      vertex 4.71645 13.1816 30
    endloop
  endfacet
  facet normal 0.313751 0.949505 0
    outer loop
      vertex 4.06398 13.3972 30
      vertex 4.71645 13.1816 29
      vertex 4.06398 13.3972 29
    endloop
  endfacet
  facet normal 0.266615 0.963803 -0
    outer loop
      vertex 4.06398 13.3972 29
      vertex 3.40172 13.5804 30
      vertex 4.06398 13.3972 30
    endloop
  endfacet
  facet normal 0.266615 0.963803 0
    outer loop
      vertex 3.40172 13.5804 30
      vertex 4.06398 13.3972 29
      vertex 3.40172 13.5804 29
    endloop
  endfacet
  facet normal 0.219161 0.975689 -0
    outer loop
      vertex 3.40172 13.5804 29
      vertex 2.73126 13.731 30
      vertex 3.40172 13.5804 30
    endloop
  endfacet
  facet normal 0.219161 0.975689 0
    outer loop
      vertex 2.73126 13.731 30
      vertex 3.40172 13.5804 29
      vertex 2.73126 13.731 29
    endloop
  endfacet
  facet normal 0.170991 0.985273 -0
    outer loop
      vertex 2.73126 13.731 29
      vertex 2.05421 13.8485 30
      vertex 2.73126 13.731 30
    endloop
  endfacet
  facet normal 0.170991 0.985273 0
    outer loop
      vertex 2.05421 13.8485 30
      vertex 2.73126 13.731 29
      vertex 2.05421 13.8485 29
    endloop
  endfacet
  facet normal 0.122392 0.992482 -0
    outer loop
      vertex 2.05421 13.8485 29
      vertex 1.37224 13.9326 30
      vertex 2.05421 13.8485 30
    endloop
  endfacet
  facet normal 0.122392 0.992482 0
    outer loop
      vertex 1.37224 13.9326 30
      vertex 2.05421 13.8485 29
      vertex 1.37224 13.9326 29
    endloop
  endfacet
  facet normal 0.0734906 0.997296 -0
    outer loop
      vertex 1.37224 13.9326 29
      vertex 0.686935 13.9831 30
      vertex 1.37224 13.9326 30
    endloop
  endfacet
  facet normal 0.0734906 0.997296 0
    outer loop
      vertex 0.686935 13.9831 30
      vertex 1.37224 13.9326 29
      vertex 0.686935 13.9831 29
    endloop
  endfacet
  facet normal 0.0245946 0.999698 -0
    outer loop
      vertex 0.686935 13.9831 29
      vertex 0 14 30
      vertex 0.686935 13.9831 30
    endloop
  endfacet
  facet normal 0.0245946 0.999698 0
    outer loop
      vertex 0 14 30
      vertex 0.686935 13.9831 29
      vertex 0 14 29
    endloop
  endfacet
  facet normal -0.0245946 0.999698 0
    outer loop
      vertex 0 14 29
      vertex -0.686935 13.9831 30
      vertex 0 14 30
    endloop
  endfacet
  facet normal -0.0245946 0.999698 0
    outer loop
      vertex -0.686935 13.9831 30
      vertex 0 14 29
      vertex -0.686935 13.9831 29
    endloop
  endfacet
  facet normal -0.0734906 0.997296 0
    outer loop
      vertex -0.686935 13.9831 29
      vertex -1.37224 13.9326 30
      vertex -0.686935 13.9831 30
    endloop
  endfacet
  facet normal -0.0734906 0.997296 0
    outer loop
      vertex -1.37224 13.9326 30
      vertex -0.686935 13.9831 29
      vertex -1.37224 13.9326 29
    endloop
  endfacet
  facet normal -0.122392 0.992482 0
    outer loop
      vertex -1.37224 13.9326 29
      vertex -2.05421 13.8485 30
      vertex -1.37224 13.9326 30
    endloop
  endfacet
  facet normal -0.122392 0.992482 0
    outer loop
      vertex -2.05421 13.8485 30
      vertex -1.37224 13.9326 29
      vertex -2.05421 13.8485 29
    endloop
  endfacet
  facet normal -0.170991 0.985273 0
    outer loop
      vertex -2.05421 13.8485 29
      vertex -2.73126 13.731 30
      vertex -2.05421 13.8485 30
    endloop
  endfacet
  facet normal -0.170991 0.985273 0
    outer loop
      vertex -2.73126 13.731 30
      vertex -2.05421 13.8485 29
      vertex -2.73126 13.731 29
    endloop
  endfacet
  facet normal -0.219161 0.975689 0
    outer loop
      vertex -2.73126 13.731 29
      vertex -3.40172 13.5804 30
      vertex -2.73126 13.731 30
    endloop
  endfacet
  facet normal -0.219161 0.975689 0
    outer loop
      vertex -3.40172 13.5804 30
      vertex -2.73126 13.731 29
      vertex -3.40172 13.5804 29
    endloop
  endfacet
  facet normal -0.266615 0.963803 0
    outer loop
      vertex -3.40172 13.5804 29
      vertex -4.06398 13.3972 30
      vertex -3.40172 13.5804 30
    endloop
  endfacet
  facet normal -0.266615 0.963803 0
    outer loop
      vertex -4.06398 13.3972 30
      vertex -3.40172 13.5804 29
      vertex -4.06398 13.3972 29
    endloop
  endfacet
  facet normal -0.313751 0.949505 0
    outer loop
      vertex -4.06398 13.3972 29
      vertex -4.71645 13.1816 30
      vertex -4.06398 13.3972 30
    endloop
  endfacet
  facet normal -0.313751 0.949505 0
    outer loop
      vertex -4.71645 13.1816 30
      vertex -4.06398 13.3972 29
      vertex -4.71645 13.1816 29
    endloop
  endfacet
  facet normal -0.359891 0.932994 0
    outer loop
      vertex -4.71645 13.1816 29
      vertex -5.35756 12.9343 30
      vertex -4.71645 13.1816 30
    endloop
  endfacet
  facet normal -0.359891 0.932994 0
    outer loop
      vertex -5.35756 12.9343 30
      vertex -4.71645 13.1816 29
      vertex -5.35756 12.9343 29
    endloop
  endfacet
  facet normal -0.405288 0.914189 0
    outer loop
      vertex -5.35756 12.9343 29
      vertex -5.98576 12.6558 30
      vertex -5.35756 12.9343 30
    endloop
  endfacet
  facet normal -0.405288 0.914189 0
    outer loop
      vertex -5.98576 12.6558 30
      vertex -5.35756 12.9343 29
      vertex -5.98576 12.6558 29
    endloop
  endfacet
  facet normal -0.449546 0.893257 0
    outer loop
      vertex -5.98576 12.6558 29
      vertex -6.59955 12.3469 30
      vertex -5.98576 12.6558 30
    endloop
  endfacet
  facet normal -0.449546 0.893257 0
    outer loop
      vertex -6.59955 12.3469 30
      vertex -5.98576 12.6558 29
      vertex -6.59955 12.3469 29
    endloop
  endfacet
  facet normal -0.492904 0.870084 0
    outer loop
      vertex -6.59955 12.3469 29
      vertex -7.19743 12.0082 30
      vertex -6.59955 12.3469 30
    endloop
  endfacet
  facet normal -0.492904 0.870084 0
    outer loop
      vertex -7.19743 12.0082 30
      vertex -6.59955 12.3469 29
      vertex -7.19743 12.0082 29
    endloop
  endfacet
  facet normal -0.534974 0.844869 0
    outer loop
      vertex -7.19743 12.0082 29
      vertex -7.77797 11.6406 30
      vertex -7.19743 12.0082 30
    endloop
  endfacet
  facet normal -0.534974 0.844869 0
    outer loop
      vertex -7.77797 11.6406 30
      vertex -7.19743 12.0082 29
      vertex -7.77797 11.6406 29
    endloop
  endfacet
  facet normal -0.575836 0.817565 0
    outer loop
      vertex -7.77797 11.6406 29
      vertex -8.33978 11.2449 30
      vertex -7.77797 11.6406 30
    endloop
  endfacet
  facet normal -0.575836 0.817565 0
    outer loop
      vertex -8.33978 11.2449 30
      vertex -7.77797 11.6406 29
      vertex -8.33978 11.2449 29
    endloop
  endfacet
  facet normal -0.615266 0.78832 0
    outer loop
      vertex -8.33978 11.2449 29
      vertex -8.8815 10.8221 30
      vertex -8.33978 11.2449 30
    endloop
  endfacet
  facet normal -0.615266 0.78832 0
    outer loop
      vertex -8.8815 10.8221 30
      vertex -8.33978 11.2449 29
      vertex -8.8815 10.8221 29
    endloop
  endfacet
  facet normal -0.653147 0.757231 0
    outer loop
      vertex -8.8815 10.8221 29
      vertex -9.40182 10.3733 30
      vertex -8.8815 10.8221 30
    endloop
  endfacet
  facet normal -0.653147 0.757231 0
    outer loop
      vertex -9.40182 10.3733 30
      vertex -8.8815 10.8221 29
      vertex -9.40182 10.3733 29
    endloop
  endfacet
  facet normal -0.689532 0.724255 0
    outer loop
      vertex -9.40182 10.3733 29
      vertex -9.89949 9.89949 30
      vertex -9.40182 10.3733 30
    endloop
  endfacet
  facet normal -0.689532 0.724255 0
    outer loop
      vertex -9.89949 9.89949 30
      vertex -9.40182 10.3733 29
      vertex -9.89949 9.89949 29
    endloop
  endfacet
  facet normal -0.724255 0.689532 0
    outer loop
      vertex -10.3733 9.40182 29
      vertex -9.89949 9.89949 30
      vertex -9.89949 9.89949 29
    endloop
  endfacet
  facet normal -0.724255 0.689532 0
    outer loop
      vertex -9.89949 9.89949 30
      vertex -10.3733 9.40182 29
      vertex -10.3733 9.40182 30
    endloop
  endfacet
  facet normal -0.757231 0.653147 0
    outer loop
      vertex -10.8221 8.8815 29
      vertex -10.3733 9.40182 30
      vertex -10.3733 9.40182 29
    endloop
  endfacet
  facet normal -0.757231 0.653147 0
    outer loop
      vertex -10.3733 9.40182 30
      vertex -10.8221 8.8815 29
      vertex -10.8221 8.8815 30
    endloop
  endfacet
  facet normal -0.78832 0.615266 0
    outer loop
      vertex -11.2449 8.33978 29
      vertex -10.8221 8.8815 30
      vertex -10.8221 8.8815 29
    endloop
  endfacet
  facet normal -0.78832 0.615266 0
    outer loop
      vertex -10.8221 8.8815 30
      vertex -11.2449 8.33978 29
      vertex -11.2449 8.33978 30
    endloop
  endfacet
  facet normal -0.817565 0.575836 0
    outer loop
      vertex -11.6406 7.77797 29
      vertex -11.2449 8.33978 30
      vertex -11.2449 8.33978 29
    endloop
  endfacet
  facet normal -0.817565 0.575836 0
    outer loop
      vertex -11.2449 8.33978 30
      vertex -11.6406 7.77797 29
      vertex -11.6406 7.77797 30
    endloop
  endfacet
  facet normal -0.844869 0.534974 0
    outer loop
      vertex -12.0082 7.19743 29
      vertex -11.6406 7.77797 30
      vertex -11.6406 7.77797 29
    endloop
  endfacet
  facet normal -0.844869 0.534974 0
    outer loop
      vertex -11.6406 7.77797 30
      vertex -12.0082 7.19743 29
      vertex -12.0082 7.19743 30
    endloop
  endfacet
  facet normal -0.870084 0.492904 0
    outer loop
      vertex -12.3469 6.59955 29
      vertex -12.0082 7.19743 30
      vertex -12.0082 7.19743 29
    endloop
  endfacet
  facet normal -0.870084 0.492904 0
    outer loop
      vertex -12.0082 7.19743 30
      vertex -12.3469 6.59955 29
      vertex -12.3469 6.59955 30
    endloop
  endfacet
  facet normal -0.893257 0.449546 0
    outer loop
      vertex -12.6558 5.98576 29
      vertex -12.3469 6.59955 30
      vertex -12.3469 6.59955 29
    endloop
  endfacet
  facet normal -0.893257 0.449546 0
    outer loop
      vertex -12.3469 6.59955 30
      vertex -12.6558 5.98576 29
      vertex -12.6558 5.98576 30
    endloop
  endfacet
  facet normal -0.914189 0.405288 0
    outer loop
      vertex -12.9343 5.35756 29
      vertex -12.6558 5.98576 30
      vertex -12.6558 5.98576 29
    endloop
  endfacet
  facet normal -0.914189 0.405288 0
    outer loop
      vertex -12.6558 5.98576 30
      vertex -12.9343 5.35756 29
      vertex -12.9343 5.35756 30
    endloop
  endfacet
  facet normal -0.932994 0.359891 0
    outer loop
      vertex -13.1816 4.71645 29
      vertex -12.9343 5.35756 30
      vertex -12.9343 5.35756 29
    endloop
  endfacet
  facet normal -0.932994 0.359891 0
    outer loop
      vertex -12.9343 5.35756 30
      vertex -13.1816 4.71645 29
      vertex -13.1816 4.71645 30
    endloop
  endfacet
  facet normal -0.949505 0.313751 0
    outer loop
      vertex -13.3972 4.06398 29
      vertex -13.1816 4.71645 30
      vertex -13.1816 4.71645 29
    endloop
  endfacet
  facet normal -0.949505 0.313751 0
    outer loop
      vertex -13.1816 4.71645 30
      vertex -13.3972 4.06398 29
      vertex -13.3972 4.06398 30
    endloop
  endfacet
  facet normal -0.963803 0.266615 0
    outer loop
      vertex -13.5804 3.40172 29
      vertex -13.3972 4.06398 30
      vertex -13.3972 4.06398 29
    endloop
  endfacet
  facet normal -0.963803 0.266615 0
    outer loop
      vertex -13.3972 4.06398 30
      vertex -13.5804 3.40172 29
      vertex -13.5804 3.40172 30
    endloop
  endfacet
  facet normal -0.975689 0.219161 0
    outer loop
      vertex -13.731 2.73126 29
      vertex -13.5804 3.40172 30
      vertex -13.5804 3.40172 29
    endloop
  endfacet
  facet normal -0.975689 0.219161 0
    outer loop
      vertex -13.5804 3.40172 30
      vertex -13.731 2.73126 29
      vertex -13.731 2.73126 30
    endloop
  endfacet
  facet normal -0.985273 0.170991 0
    outer loop
      vertex -13.8485 2.05421 29
      vertex -13.731 2.73126 30
      vertex -13.731 2.73126 29
    endloop
  endfacet
  facet normal -0.985273 0.170991 0
    outer loop
      vertex -13.731 2.73126 30
      vertex -13.8485 2.05421 29
      vertex -13.8485 2.05421 30
    endloop
  endfacet
  facet normal -0.992482 0.122392 0
    outer loop
      vertex -13.9326 1.37224 29
      vertex -13.8485 2.05421 30
      vertex -13.8485 2.05421 29
    endloop
  endfacet
  facet normal -0.992482 0.122392 0
    outer loop
      vertex -13.8485 2.05421 30
      vertex -13.9326 1.37224 29
      vertex -13.9326 1.37224 30
    endloop
  endfacet
  facet normal -0.997296 0.0734906 0
    outer loop
      vertex -13.9831 0.686935 29
      vertex -13.9326 1.37224 30
      vertex -13.9326 1.37224 29
    endloop
  endfacet
  facet normal -0.997296 0.0734906 0
    outer loop
      vertex -13.9326 1.37224 30
      vertex -13.9831 0.686935 29
      vertex -13.9831 0.686935 30
    endloop
  endfacet
  facet normal -0.999698 0.0245946 0
    outer loop
      vertex -14 0 29
      vertex -13.9831 0.686935 30
      vertex -13.9831 0.686935 29
    endloop
  endfacet
  facet normal -0.999698 0.0245946 0
    outer loop
      vertex -13.9831 0.686935 30
      vertex -14 0 29
      vertex -14 0 30
    endloop
  endfacet
  facet normal -0.999698 -0.0245946 0
    outer loop
      vertex -13.9831 -0.686935 29
      vertex -14 0 30
      vertex -14 0 29
    endloop
  endfacet
  facet normal -0.999698 -0.0245946 0
    outer loop
      vertex -14 0 30
      vertex -13.9831 -0.686935 29
      vertex -13.9831 -0.686935 30
    endloop
  endfacet
  facet normal -0.997296 -0.0734906 0
    outer loop
      vertex -13.9326 -1.37224 29
      vertex -13.9831 -0.686935 30
      vertex -13.9831 -0.686935 29
    endloop
  endfacet
  facet normal -0.997296 -0.0734906 0
    outer loop
      vertex -13.9831 -0.686935 30
      vertex -13.9326 -1.37224 29
      vertex -13.9326 -1.37224 30
    endloop
  endfacet
  facet normal -0.992482 -0.122392 0
    outer loop
      vertex -13.8485 -2.05421 29
      vertex -13.9326 -1.37224 30
      vertex -13.9326 -1.37224 29
    endloop
  endfacet
  facet normal -0.992482 -0.122392 0
    outer loop
      vertex -13.9326 -1.37224 30
      vertex -13.8485 -2.05421 29
      vertex -13.8485 -2.05421 30
    endloop
  endfacet
  facet normal -0.985273 -0.170991 0
    outer loop
      vertex -13.731 -2.73126 29
      vertex -13.8485 -2.05421 30
      vertex -13.8485 -2.05421 29
    endloop
  endfacet
  facet normal -0.985273 -0.170991 0
    outer loop
      vertex -13.8485 -2.05421 30
      vertex -13.731 -2.73126 29
      vertex -13.731 -2.73126 30
    endloop
  endfacet
  facet normal -0.975689 -0.219161 0
    outer loop
      vertex -13.5804 -3.40172 29
      vertex -13.731 -2.73126 30
      vertex -13.731 -2.73126 29
    endloop
  endfacet
  facet normal -0.975689 -0.219161 0
    outer loop
      vertex -13.731 -2.73126 30
      vertex -13.5804 -3.40172 29
      vertex -13.5804 -3.40172 30
    endloop
  endfacet
  facet normal -0.963803 -0.266615 0
    outer loop
      vertex -13.3972 -4.06398 29
      vertex -13.5804 -3.40172 30
      vertex -13.5804 -3.40172 29
    endloop
  endfacet
  facet normal -0.963803 -0.266615 0
    outer loop
      vertex -13.5804 -3.40172 30
      vertex -13.3972 -4.06398 29
      vertex -13.3972 -4.06398 30
    endloop
  endfacet
  facet normal -0.949505 -0.313751 0
    outer loop
      vertex -13.1816 -4.71645 29
      vertex -13.3972 -4.06398 30
      vertex -13.3972 -4.06398 29
    endloop
  endfacet
  facet normal -0.949505 -0.313751 0
    outer loop
      vertex -13.3972 -4.06398 30
      vertex -13.1816 -4.71645 29
      vertex -13.1816 -4.71645 30
    endloop
  endfacet
  facet normal -0.932994 -0.359891 0
    outer loop
      vertex -12.9343 -5.35756 29
      vertex -13.1816 -4.71645 30
      vertex -13.1816 -4.71645 29
    endloop
  endfacet
  facet normal -0.932994 -0.359891 0
    outer loop
      vertex -13.1816 -4.71645 30
      vertex -12.9343 -5.35756 29
      vertex -12.9343 -5.35756 30
    endloop
  endfacet
  facet normal -0.914189 -0.405288 0
    outer loop
      vertex -12.6558 -5.98576 29
      vertex -12.9343 -5.35756 30
      vertex -12.9343 -5.35756 29
    endloop
  endfacet
  facet normal -0.914189 -0.405288 0
    outer loop
      vertex -12.9343 -5.35756 30
      vertex -12.6558 -5.98576 29
      vertex -12.6558 -5.98576 30
    endloop
  endfacet
  facet normal -0.893257 -0.449546 0
    outer loop
      vertex -12.3469 -6.59955 29
      vertex -12.6558 -5.98576 30
      vertex -12.6558 -5.98576 29
    endloop
  endfacet
  facet normal -0.893257 -0.449546 0
    outer loop
      vertex -12.6558 -5.98576 30
      vertex -12.3469 -6.59955 29
      vertex -12.3469 -6.59955 30
    endloop
  endfacet
  facet normal -0.870084 -0.492904 0
    outer loop
      vertex -12.0082 -7.19743 29
      vertex -12.3469 -6.59955 30
      vertex -12.3469 -6.59955 29
    endloop
  endfacet
  facet normal -0.870084 -0.492904 0
    outer loop
      vertex -12.3469 -6.59955 30
      vertex -12.0082 -7.19743 29
      vertex -12.0082 -7.19743 30
    endloop
  endfacet
  facet normal -0.844869 -0.534974 0
    outer loop
      vertex -11.6406 -7.77797 29
      vertex -12.0082 -7.19743 30
      vertex -12.0082 -7.19743 29
    endloop
  endfacet
  facet normal -0.844869 -0.534974 0
    outer loop
      vertex -12.0082 -7.19743 30
      vertex -11.6406 -7.77797 29
      vertex -11.6406 -7.77797 30
    endloop
  endfacet
  facet normal -0.817565 -0.575836 0
    outer loop
      vertex -11.2449 -8.33978 29
      vertex -11.6406 -7.77797 30
      vertex -11.6406 -7.77797 29
    endloop
  endfacet
  facet normal -0.817565 -0.575836 0
    outer loop
      vertex -11.6406 -7.77797 30
      vertex -11.2449 -8.33978 29
      vertex -11.2449 -8.33978 30
    endloop
  endfacet
  facet normal -0.78832 -0.615266 0
    outer loop
      vertex -10.8221 -8.8815 29
      vertex -11.2449 -8.33978 30
      vertex -11.2449 -8.33978 29
    endloop
  endfacet
  facet normal -0.78832 -0.615266 0
    outer loop
      vertex -11.2449 -8.33978 30
      vertex -10.8221 -8.8815 29
      vertex -10.8221 -8.8815 30
    endloop
  endfacet
  facet normal -0.757231 -0.653147 0
    outer loop
      vertex -10.3733 -9.40182 29
      vertex -10.8221 -8.8815 30
      vertex -10.8221 -8.8815 29
    endloop
  endfacet
  facet normal -0.757231 -0.653147 0
    outer loop
      vertex -10.8221 -8.8815 30
      vertex -10.3733 -9.40182 29
      vertex -10.3733 -9.40182 30
    endloop
  endfacet
  facet normal -0.724255 -0.689532 0
    outer loop
      vertex -9.89949 -9.89949 29
      vertex -10.3733 -9.40182 30
      vertex -10.3733 -9.40182 29
    endloop
  endfacet
  facet normal -0.724255 -0.689532 0
    outer loop
      vertex -10.3733 -9.40182 30
      vertex -9.89949 -9.89949 29
      vertex -9.89949 -9.89949 30
    endloop
  endfacet
  facet normal -0.689532 -0.724255 0
    outer loop
      vertex -9.89949 -9.89949 29
      vertex -9.40182 -10.3733 30
      vertex -9.89949 -9.89949 30
    endloop
  endfacet
  facet normal -0.689532 -0.724255 -0
    outer loop
      vertex -9.40182 -10.3733 30
      vertex -9.89949 -9.89949 29
      vertex -9.40182 -10.3733 29
    endloop
  endfacet
  facet normal -0.653147 -0.757231 0
    outer loop
      vertex -9.40182 -10.3733 29
      vertex -8.8815 -10.8221 30
      vertex -9.40182 -10.3733 30
    endloop
  endfacet
  facet normal -0.653147 -0.757231 -0
    outer loop
      vertex -8.8815 -10.8221 30
      vertex -9.40182 -10.3733 29
      vertex -8.8815 -10.8221 29
    endloop
  endfacet
  facet normal -0.615266 -0.78832 0
    outer loop
      vertex -8.8815 -10.8221 29
      vertex -8.33978 -11.2449 30
      vertex -8.8815 -10.8221 30
    endloop
  endfacet
  facet normal -0.615266 -0.78832 -0
    outer loop
      vertex -8.33978 -11.2449 30
      vertex -8.8815 -10.8221 29
      vertex -8.33978 -11.2449 29
    endloop
  endfacet
  facet normal -0.575836 -0.817565 0
    outer loop
      vertex -8.33978 -11.2449 29
      vertex -7.77797 -11.6406 30
      vertex -8.33978 -11.2449 30
    endloop
  endfacet
  facet normal -0.575836 -0.817565 -0
    outer loop
      vertex -7.77797 -11.6406 30
      vertex -8.33978 -11.2449 29
      vertex -7.77797 -11.6406 29
    endloop
  endfacet
  facet normal -0.534974 -0.844869 0
    outer loop
      vertex -7.77797 -11.6406 29
      vertex -7.19743 -12.0082 30
      vertex -7.77797 -11.6406 30
    endloop
  endfacet
  facet normal -0.534974 -0.844869 -0
    outer loop
      vertex -7.19743 -12.0082 30
      vertex -7.77797 -11.6406 29
      vertex -7.19743 -12.0082 29
    endloop
  endfacet
  facet normal -0.492904 -0.870084 0
    outer loop
      vertex -7.19743 -12.0082 29
      vertex -6.59955 -12.3469 30
      vertex -7.19743 -12.0082 30
    endloop
  endfacet
  facet normal -0.492904 -0.870084 -0
    outer loop
      vertex -6.59955 -12.3469 30
      vertex -7.19743 -12.0082 29
      vertex -6.59955 -12.3469 29
    endloop
  endfacet
  facet normal -0.449546 -0.893257 0
    outer loop
      vertex -6.59955 -12.3469 29
      vertex -5.98576 -12.6558 30
      vertex -6.59955 -12.3469 30
    endloop
  endfacet
  facet normal -0.449546 -0.893257 -0
    outer loop
      vertex -5.98576 -12.6558 30
      vertex -6.59955 -12.3469 29
      vertex -5.98576 -12.6558 29
    endloop
  endfacet
  facet normal -0.405288 -0.914189 0
    outer loop
      vertex -5.98576 -12.6558 29
      vertex -5.35756 -12.9343 30
      vertex -5.98576 -12.6558 30
    endloop
  endfacet
  facet normal -0.405288 -0.914189 -0
    outer loop
      vertex -5.35756 -12.9343 30
      vertex -5.98576 -12.6558 29
      vertex -5.35756 -12.9343 29
    endloop
  endfacet
  facet normal -0.359891 -0.932994 0
    outer loop
      vertex -5.35756 -12.9343 29
      vertex -4.71645 -13.1816 30
      vertex -5.35756 -12.9343 30
    endloop
  endfacet
  facet normal -0.359891 -0.932994 -0
    outer loop
      vertex -4.71645 -13.1816 30
      vertex -5.35756 -12.9343 29
      vertex -4.71645 -13.1816 29
    endloop
  endfacet
  facet normal -0.313751 -0.949505 0
    outer loop
      vertex -4.71645 -13.1816 29
      vertex -4.06398 -13.3972 30
      vertex -4.71645 -13.1816 30
    endloop
  endfacet
  facet normal -0.313751 -0.949505 -0
    outer loop
      vertex -4.06398 -13.3972 30
      vertex -4.71645 -13.1816 29
      vertex -4.06398 -13.3972 29
    endloop
  endfacet
  facet normal -0.266615 -0.963803 0
    outer loop
      vertex -4.06398 -13.3972 29
      vertex -3.40172 -13.5804 30
      vertex -4.06398 -13.3972 30
    endloop
  endfacet
  facet normal -0.266615 -0.963803 -0
    outer loop
      vertex -3.40172 -13.5804 30
      vertex -4.06398 -13.3972 29
      vertex -3.40172 -13.5804 29
    endloop
  endfacet
  facet normal -0.219161 -0.975689 0
    outer loop
      vertex -3.40172 -13.5804 29
      vertex -2.73126 -13.731 30
      vertex -3.40172 -13.5804 30
    endloop
  endfacet
  facet normal -0.219161 -0.975689 -0
    outer loop
      vertex -2.73126 -13.731 30
      vertex -3.40172 -13.5804 29
      vertex -2.73126 -13.731 29
    endloop
  endfacet
  facet normal -0.170991 -0.985273 0
    outer loop
      vertex -2.73126 -13.731 29
      vertex -2.05421 -13.8485 30
      vertex -2.73126 -13.731 30
    endloop
  endfacet
  facet normal -0.170991 -0.985273 -0
    outer loop
      vertex -2.05421 -13.8485 30
      vertex -2.73126 -13.731 29
      vertex -2.05421 -13.8485 29
    endloop
  endfacet
  facet normal -0.122392 -0.992482 0
    outer loop
      vertex -2.05421 -13.8485 29
      vertex -1.37224 -13.9326 30
      vertex -2.05421 -13.8485 30
    endloop
  endfacet
  facet normal -0.122392 -0.992482 -0
    outer loop
      vertex -1.37224 -13.9326 30
      vertex -2.05421 -13.8485 29
      vertex -1.37224 -13.9326 29
    endloop
  endfacet
  facet normal -0.0734906 -0.997296 0
    outer loop
      vertex -1.37224 -13.9326 29
      vertex -0.686935 -13.9831 30
      vertex -1.37224 -13.9326 30
    endloop
  endfacet
  facet normal -0.0734906 -0.997296 -0
    outer loop
      vertex -0.686935 -13.9831 30
      vertex -1.37224 -13.9326 29
      vertex -0.686935 -13.9831 29
    endloop
  endfacet
  facet normal -0.0245946 -0.999698 0
    outer loop
      vertex -0.686935 -13.9831 29
      vertex 0 -14 30
      vertex -0.686935 -13.9831 30
    endloop
  endfacet
  facet normal -0.0245946 -0.999698 -0
    outer loop
      vertex 0 -14 30
      vertex -0.686935 -13.9831 29
      vertex 0 -14 29
    endloop
  endfacet
  facet normal 0.0245946 -0.999698 0
    outer loop
      vertex 0 -14 29
      vertex 0.686935 -13.9831 30
      vertex 0 -14 30
    endloop
  endfacet
  facet normal 0.0245946 -0.999698 0
    outer loop
      vertex 0.686935 -13.9831 30
      vertex 0 -14 29
      vertex 0.686935 -13.9831 29
    endloop
  endfacet
  facet normal 0.0735366 0.997293 -0
    outer loop
      vertex -0.628052 -12.7846 29
      vertex -1.25461 -12.7384 30
      vertex -0.628052 -12.7846 30
    endloop
  endfacet
  facet normal 0.0735366 0.997293 0
    outer loop
      vertex -1.25461 -12.7384 30
      vertex -0.628052 -12.7846 29
      vertex -1.25461 -12.7384 29
    endloop
  endfacet
  facet normal 0.122403 0.992481 -0
    outer loop
      vertex -1.25461 -12.7384 29
      vertex -1.87814 -12.6615 30
      vertex -1.25461 -12.7384 30
    endloop
  endfacet
  facet normal 0.122403 0.992481 0
    outer loop
      vertex -1.87814 -12.6615 30
      vertex -1.25461 -12.7384 29
      vertex -1.87814 -12.6615 29
    endloop
  endfacet
  facet normal 0.171103 0.985253 -0
    outer loop
      vertex -1.87814 -12.6615 29
      vertex -2.49715 -12.554 30
      vertex -1.87814 -12.6615 30
    endloop
  endfacet
  facet normal 0.171103 0.985253 0
    outer loop
      vertex -2.49715 -12.554 30
      vertex -1.87814 -12.6615 29
      vertex -2.49715 -12.554 29
    endloop
  endfacet
  facet normal 0.219023 0.97572 -0
    outer loop
      vertex -2.49715 -12.554 29
      vertex -3.11014 -12.4164 30
      vertex -2.49715 -12.554 30
    endloop
  endfacet
  facet normal 0.219023 0.97572 0
    outer loop
      vertex -3.11014 -12.4164 30
      vertex -2.49715 -12.554 29
      vertex -3.11014 -12.4164 29
    endloop
  endfacet
  facet normal 0.266765 0.963762 -0
    outer loop
      vertex -3.11014 -12.4164 29
      vertex -3.71564 -12.2488 30
      vertex -3.11014 -12.4164 30
    endloop
  endfacet
  facet normal 0.266765 0.963762 0
    outer loop
      vertex -3.71564 -12.2488 30
      vertex -3.11014 -12.4164 29
      vertex -3.71564 -12.2488 29
    endloop
  endfacet
  facet normal 0.313581 0.949561 -0
    outer loop
      vertex -3.71564 -12.2488 29
      vertex -4.31218 -12.0518 30
      vertex -3.71564 -12.2488 30
    endloop
  endfacet
  facet normal 0.313581 0.949561 0
    outer loop
      vertex -4.31218 -12.0518 30
      vertex -3.71564 -12.2488 29
      vertex -4.31218 -12.0518 29
    endloop
  endfacet
  facet normal 0.35988 0.932999 -0
    outer loop
      vertex -4.31218 -12.0518 29
      vertex -4.89835 -11.8257 30
      vertex -4.31218 -12.0518 30
    endloop
  endfacet
  facet normal 0.35988 0.932999 0
    outer loop
      vertex -4.89835 -11.8257 30
      vertex -4.31218 -12.0518 29
      vertex -4.89835 -11.8257 29
    endloop
  endfacet
  facet normal 0.405252 0.914205 -0
    outer loop
      vertex -4.89835 -11.8257 29
      vertex -5.4727 -11.5711 30
      vertex -4.89835 -11.8257 30
    endloop
  endfacet
  facet normal 0.405252 0.914205 0
    outer loop
      vertex -5.4727 -11.5711 30
      vertex -4.89835 -11.8257 29
      vertex -5.4727 -11.5711 29
    endloop
  endfacet
  facet normal 0.44965 0.893205 -0
    outer loop
      vertex -5.4727 -11.5711 29
      vertex -6.03387 -11.2886 30
      vertex -5.4727 -11.5711 30
    endloop
  endfacet
  facet normal 0.44965 0.893205 0
    outer loop
      vertex -6.03387 -11.2886 30
      vertex -5.4727 -11.5711 29
      vertex -6.03387 -11.2886 29
    endloop
  endfacet
  facet normal 0.492937 0.870065 -0
    outer loop
      vertex -6.03387 -11.2886 29
      vertex -6.58051 -10.9789 30
      vertex -6.03387 -11.2886 30
    endloop
  endfacet
  facet normal 0.492937 0.870065 0
    outer loop
      vertex -6.58051 -10.9789 30
      vertex -6.03387 -11.2886 29
      vertex -6.58051 -10.9789 29
    endloop
  endfacet
  facet normal 0.534976 0.844867 -0
    outer loop
      vertex -6.58051 -10.9789 29
      vertex -7.1113 -10.6428 30
      vertex -6.58051 -10.9789 30
    endloop
  endfacet
  facet normal 0.534976 0.844867 0
    outer loop
      vertex -7.1113 -10.6428 30
      vertex -6.58051 -10.9789 29
      vertex -7.1113 -10.6428 29
    endloop
  endfacet
  facet normal 0.575759 0.817619 -0
    outer loop
      vertex -7.1113 -10.6428 29
      vertex -7.62494 -10.2811 30
      vertex -7.1113 -10.6428 30
    endloop
  endfacet
  facet normal 0.575759 0.817619 0
    outer loop
      vertex -7.62494 -10.2811 30
      vertex -7.1113 -10.6428 29
      vertex -7.62494 -10.2811 29
    endloop
  endfacet
  facet normal 0.615281 0.788308 -0
    outer loop
      vertex -7.62494 -10.2811 29
      vertex -8.12022 -9.89453 30
      vertex -7.62494 -10.2811 30
    endloop
  endfacet
  facet normal 0.615281 0.788308 0
    outer loop
      vertex -8.12022 -9.89453 30
      vertex -7.62494 -10.2811 29
      vertex -8.12022 -9.89453 29
    endloop
  endfacet
  facet normal 0.653175 0.757207 -0
    outer loop
      vertex -8.12022 -9.89453 29
      vertex -8.59595 -9.48416 30
      vertex -8.12022 -9.89453 30
    endloop
  endfacet
  facet normal 0.653175 0.757207 0
    outer loop
      vertex -8.59595 -9.48416 30
      vertex -8.12022 -9.89453 29
      vertex -8.59595 -9.48416 29
    endloop
  endfacet
  facet normal 0.689536 0.724251 -0
    outer loop
      vertex -8.59595 -9.48416 29
      vertex -9.05096 -9.05096 30
      vertex -8.59595 -9.48416 30
    endloop
  endfacet
  facet normal 0.689536 0.724251 0
    outer loop
      vertex -9.05096 -9.05096 30
      vertex -8.59595 -9.48416 29
      vertex -9.05096 -9.05096 29
    endloop
  endfacet
  facet normal 0.724251 0.689536 0
    outer loop
      vertex -9.05096 -9.05096 30
      vertex -9.48416 -8.59595 29
      vertex -9.48416 -8.59595 30
    endloop
  endfacet
  facet normal 0.724251 0.689536 0
    outer loop
      vertex -9.48416 -8.59595 29
      vertex -9.05096 -9.05096 30
      vertex -9.05096 -9.05096 29
    endloop
  endfacet
  facet normal 0.757207 0.653175 0
    outer loop
      vertex -9.48416 -8.59595 30
      vertex -9.89453 -8.12022 29
      vertex -9.89453 -8.12022 30
    endloop
  endfacet
  facet normal 0.757207 0.653175 0
    outer loop
      vertex -9.89453 -8.12022 29
      vertex -9.48416 -8.59595 30
      vertex -9.48416 -8.59595 29
    endloop
  endfacet
  facet normal 0.788308 0.615281 0
    outer loop
      vertex -9.89453 -8.12022 30
      vertex -10.2811 -7.62494 29
      vertex -10.2811 -7.62494 30
    endloop
  endfacet
  facet normal 0.788308 0.615281 0
    outer loop
      vertex -10.2811 -7.62494 29
      vertex -9.89453 -8.12022 30
      vertex -9.89453 -8.12022 29
    endloop
  endfacet
  facet normal 0.817619 0.575759 0
    outer loop
      vertex -10.2811 -7.62494 30
      vertex -10.6428 -7.1113 29
      vertex -10.6428 -7.1113 30
    endloop
  endfacet
  facet normal 0.817619 0.575759 0
    outer loop
      vertex -10.6428 -7.1113 29
      vertex -10.2811 -7.62494 30
      vertex -10.2811 -7.62494 29
    endloop
  endfacet
  facet normal 0.844867 0.534976 0
    outer loop
      vertex -10.6428 -7.1113 30
      vertex -10.9789 -6.58051 29
      vertex -10.9789 -6.58051 30
    endloop
  endfacet
  facet normal 0.844867 0.534976 0
    outer loop
      vertex -10.9789 -6.58051 29
      vertex -10.6428 -7.1113 30
      vertex -10.6428 -7.1113 29
    endloop
  endfacet
  facet normal 0.870065 0.492937 0
    outer loop
      vertex -10.9789 -6.58051 30
      vertex -11.2886 -6.03387 29
      vertex -11.2886 -6.03387 30
    endloop
  endfacet
  facet normal 0.870065 0.492937 0
    outer loop
      vertex -11.2886 -6.03387 29
      vertex -10.9789 -6.58051 30
      vertex -10.9789 -6.58051 29
    endloop
  endfacet
  facet normal 0.893205 0.44965 0
    outer loop
      vertex -11.2886 -6.03387 30
      vertex -11.5711 -5.4727 29
      vertex -11.5711 -5.4727 30
    endloop
  endfacet
  facet normal 0.893205 0.44965 0
    outer loop
      vertex -11.5711 -5.4727 29
      vertex -11.2886 -6.03387 30
      vertex -11.2886 -6.03387 29
    endloop
  endfacet
  facet normal 0.914205 0.405252 0
    outer loop
      vertex -11.5711 -5.4727 30
      vertex -11.8257 -4.89835 29
      vertex -11.8257 -4.89835 30
    endloop
  endfacet
  facet normal 0.914205 0.405252 0
    outer loop
      vertex -11.8257 -4.89835 29
      vertex -11.5711 -5.4727 30
      vertex -11.5711 -5.4727 29
    endloop
  endfacet
  facet normal 0.932999 0.35988 0
    outer loop
      vertex -11.8257 -4.89835 30
      vertex -12.0518 -4.31218 29
      vertex -12.0518 -4.31218 30
    endloop
  endfacet
  facet normal 0.932999 0.35988 0
    outer loop
      vertex -12.0518 -4.31218 29
      vertex -11.8257 -4.89835 30
      vertex -11.8257 -4.89835 29
    endloop
  endfacet
  facet normal 0.949561 0.313581 0
    outer loop
      vertex -12.0518 -4.31218 30
      vertex -12.2488 -3.71564 29
      vertex -12.2488 -3.71564 30
    endloop
  endfacet
  facet normal 0.949561 0.313581 0
    outer loop
      vertex -12.2488 -3.71564 29
      vertex -12.0518 -4.31218 30
      vertex -12.0518 -4.31218 29
    endloop
  endfacet
  facet normal 0.963762 0.266765 0
    outer loop
      vertex -12.2488 -3.71564 30
      vertex -12.4164 -3.11014 29
      vertex -12.4164 -3.11014 30
    endloop
  endfacet
  facet normal 0.963762 0.266765 0
    outer loop
      vertex -12.4164 -3.11014 29
      vertex -12.2488 -3.71564 30
      vertex -12.2488 -3.71564 29
    endloop
  endfacet
  facet normal 0.97572 0.219023 0
    outer loop
      vertex -12.4164 -3.11014 30
      vertex -12.554 -2.49715 29
      vertex -12.554 -2.49715 30
    endloop
  endfacet
  facet normal 0.97572 0.219023 0
    outer loop
      vertex -12.554 -2.49715 29
      vertex -12.4164 -3.11014 30
      vertex -12.4164 -3.11014 29
    endloop
  endfacet
  facet normal 0.985253 0.171103 0
    outer loop
      vertex -12.554 -2.49715 30
      vertex -12.6615 -1.87814 29
      vertex -12.6615 -1.87814 30
    endloop
  endfacet
  facet normal 0.985253 0.171103 0
    outer loop
      vertex -12.6615 -1.87814 29
      vertex -12.554 -2.49715 30
      vertex -12.554 -2.49715 29
    endloop
  endfacet
  facet normal 0.992481 0.122403 0
    outer loop
      vertex -12.6615 -1.87814 30
      vertex -12.7384 -1.25461 29
      vertex -12.7384 -1.25461 30
    endloop
  endfacet
  facet normal 0.992481 0.122403 0
    outer loop
      vertex -12.7384 -1.25461 29
      vertex -12.6615 -1.87814 30
      vertex -12.6615 -1.87814 29
    endloop
  endfacet
  facet normal 0.997293 0.0735366 0
    outer loop
      vertex -12.7384 -1.25461 30
      vertex -12.7846 -0.628052 29
      vertex -12.7846 -0.628052 30
    endloop
  endfacet
  facet normal 0.997293 0.0735366 0
    outer loop
      vertex -12.7846 -0.628052 29
      vertex -12.7384 -1.25461 30
      vertex -12.7384 -1.25461 29
    endloop
  endfacet
  facet normal 0.9997 0.0245129 0
    outer loop
      vertex -12.7846 -0.628052 30
      vertex -12.8 0 29
      vertex -12.8 0 30
    endloop
  endfacet
  facet normal 0.9997 0.0245129 0
    outer loop
      vertex -12.8 0 29
      vertex -12.7846 -0.628052 30
      vertex -12.7846 -0.628052 29
    endloop
  endfacet
  facet normal 0.9997 -0.0245129 0
    outer loop
      vertex -12.8 0 30
      vertex -12.7846 0.628052 29
      vertex -12.7846 0.628052 30
    endloop
  endfacet
  facet normal 0.9997 -0.0245129 0
    outer loop
      vertex -12.7846 0.628052 29
      vertex -12.8 0 30
      vertex -12.8 0 29
    endloop
  endfacet
  facet normal 0.997293 -0.0735366 0
    outer loop
      vertex -12.7846 0.628052 30
      vertex -12.7384 1.25461 29
      vertex -12.7384 1.25461 30
    endloop
  endfacet
  facet normal 0.997293 -0.0735366 0
    outer loop
      vertex -12.7384 1.25461 29
      vertex -12.7846 0.628052 30
      vertex -12.7846 0.628052 29
    endloop
  endfacet
  facet normal 0.992481 -0.122403 0
    outer loop
      vertex -12.7384 1.25461 30
      vertex -12.6615 1.87814 29
      vertex -12.6615 1.87814 30
    endloop
  endfacet
  facet normal 0.992481 -0.122403 0
    outer loop
      vertex -12.6615 1.87814 29
      vertex -12.7384 1.25461 30
      vertex -12.7384 1.25461 29
    endloop
  endfacet
  facet normal 0.985253 -0.171103 0
    outer loop
      vertex -12.6615 1.87814 30
      vertex -12.554 2.49715 29
      vertex -12.554 2.49715 30
    endloop
  endfacet
  facet normal 0.985253 -0.171103 0
    outer loop
      vertex -12.554 2.49715 29
      vertex -12.6615 1.87814 30
      vertex -12.6615 1.87814 29
    endloop
  endfacet
  facet normal 0.97572 -0.219023 0
    outer loop
      vertex -12.554 2.49715 30
      vertex -12.4164 3.11014 29
      vertex -12.4164 3.11014 30
    endloop
  endfacet
  facet normal 0.97572 -0.219023 0
    outer loop
      vertex -12.4164 3.11014 29
      vertex -12.554 2.49715 30
      vertex -12.554 2.49715 29
    endloop
  endfacet
  facet normal 0.963762 -0.266765 0
    outer loop
      vertex -12.4164 3.11014 30
      vertex -12.2488 3.71564 29
      vertex -12.2488 3.71564 30
    endloop
  endfacet
  facet normal 0.963762 -0.266765 0
    outer loop
      vertex -12.2488 3.71564 29
      vertex -12.4164 3.11014 30
      vertex -12.4164 3.11014 29
    endloop
  endfacet
  facet normal 0.949561 -0.313581 0
    outer loop
      vertex -12.2488 3.71564 30
      vertex -12.0518 4.31218 29
      vertex -12.0518 4.31218 30
    endloop
  endfacet
  facet normal 0.949561 -0.313581 0
    outer loop
      vertex -12.0518 4.31218 29
      vertex -12.2488 3.71564 30
      vertex -12.2488 3.71564 29
    endloop
  endfacet
  facet normal 0.932999 -0.35988 0
    outer loop
      vertex -12.0518 4.31218 30
      vertex -11.8257 4.89835 29
      vertex -11.8257 4.89835 30
    endloop
  endfacet
  facet normal 0.932999 -0.35988 0
    outer loop
      vertex -11.8257 4.89835 29
      vertex -12.0518 4.31218 30
      vertex -12.0518 4.31218 29
    endloop
  endfacet
  facet normal 0.914205 -0.405252 0
    outer loop
      vertex -11.8257 4.89835 30
      vertex -11.5711 5.4727 29
      vertex -11.5711 5.4727 30
    endloop
  endfacet
  facet normal 0.914205 -0.405252 0
    outer loop
      vertex -11.5711 5.4727 29
      vertex -11.8257 4.89835 30
      vertex -11.8257 4.89835 29
    endloop
  endfacet
  facet normal 0.893205 -0.44965 0
    outer loop
      vertex -11.5711 5.4727 30
      vertex -11.2886 6.03387 29
      vertex -11.2886 6.03387 30
    endloop
  endfacet
  facet normal 0.893205 -0.44965 0
    outer loop
      vertex -11.2886 6.03387 29
      vertex -11.5711 5.4727 30
      vertex -11.5711 5.4727 29
    endloop
  endfacet
  facet normal 0.870065 -0.492937 0
    outer loop
      vertex -11.2886 6.03387 30
      vertex -10.9789 6.58051 29
      vertex -10.9789 6.58051 30
    endloop
  endfacet
  facet normal 0.870065 -0.492937 0
    outer loop
      vertex -10.9789 6.58051 29
      vertex -11.2886 6.03387 30
      vertex -11.2886 6.03387 29
    endloop
  endfacet
  facet normal 0.844867 -0.534976 0
    outer loop
      vertex -10.9789 6.58051 30
      vertex -10.6428 7.1113 29
      vertex -10.6428 7.1113 30
    endloop
  endfacet
  facet normal 0.844867 -0.534976 0
    outer loop
      vertex -10.6428 7.1113 29
      vertex -10.9789 6.58051 30
      vertex -10.9789 6.58051 29
    endloop
  endfacet
  facet normal 0.817619 -0.575759 0
    outer loop
      vertex -10.6428 7.1113 30
      vertex -10.2811 7.62494 29
      vertex -10.2811 7.62494 30
    endloop
  endfacet
  facet normal 0.817619 -0.575759 0
    outer loop
      vertex -10.2811 7.62494 29
      vertex -10.6428 7.1113 30
      vertex -10.6428 7.1113 29
    endloop
  endfacet
  facet normal 0.788308 -0.615281 0
    outer loop
      vertex -10.2811 7.62494 30
      vertex -9.89453 8.12022 29
      vertex -9.89453 8.12022 30
    endloop
  endfacet
  facet normal 0.788308 -0.615281 0
    outer loop
      vertex -9.89453 8.12022 29
      vertex -10.2811 7.62494 30
      vertex -10.2811 7.62494 29
    endloop
  endfacet
  facet normal 0.757207 -0.653175 0
    outer loop
      vertex -9.89453 8.12022 30
      vertex -9.48416 8.59595 29
      vertex -9.48416 8.59595 30
    endloop
  endfacet
  facet normal 0.757207 -0.653175 0
    outer loop
      vertex -9.48416 8.59595 29
      vertex -9.89453 8.12022 30
      vertex -9.89453 8.12022 29
    endloop
  endfacet
  facet normal 0.724251 -0.689536 0
    outer loop
      vertex -9.48416 8.59595 30
      vertex -9.05096 9.05096 29
      vertex -9.05096 9.05096 30
    endloop
  endfacet
  facet normal 0.724251 -0.689536 0
    outer loop
      vertex -9.05096 9.05096 29
      vertex -9.48416 8.59595 30
      vertex -9.48416 8.59595 29
    endloop
  endfacet
  facet normal 0.689536 -0.724251 0
    outer loop
      vertex -9.05096 9.05096 29
      vertex -8.59595 9.48416 30
      vertex -9.05096 9.05096 30
    endloop
  endfacet
  facet normal 0.689536 -0.724251 0
    outer loop
      vertex -8.59595 9.48416 30
      vertex -9.05096 9.05096 29
      vertex -8.59595 9.48416 29
    endloop
  endfacet
  facet normal 0.653175 -0.757207 0
    outer loop
      vertex -8.59595 9.48416 29
      vertex -8.12022 9.89453 30
      vertex -8.59595 9.48416 30
    endloop
  endfacet
  facet normal 0.653175 -0.757207 0
    outer loop
      vertex -8.12022 9.89453 30
      vertex -8.59595 9.48416 29
      vertex -8.12022 9.89453 29
    endloop
  endfacet
  facet normal 0.615281 -0.788308 0
    outer loop
      vertex -8.12022 9.89453 29
      vertex -7.62494 10.2811 30
      vertex -8.12022 9.89453 30
    endloop
  endfacet
  facet normal 0.615281 -0.788308 0
    outer loop
      vertex -7.62494 10.2811 30
      vertex -8.12022 9.89453 29
      vertex -7.62494 10.2811 29
    endloop
  endfacet
  facet normal 0.575759 -0.817619 0
    outer loop
      vertex -7.62494 10.2811 29
      vertex -7.1113 10.6428 30
      vertex -7.62494 10.2811 30
    endloop
  endfacet
  facet normal 0.575759 -0.817619 0
    outer loop
      vertex -7.1113 10.6428 30
      vertex -7.62494 10.2811 29
      vertex -7.1113 10.6428 29
    endloop
  endfacet
  facet normal 0.534976 -0.844867 0
    outer loop
      vertex -7.1113 10.6428 29
      vertex -6.58051 10.9789 30
      vertex -7.1113 10.6428 30
    endloop
  endfacet
  facet normal 0.534976 -0.844867 0
    outer loop
      vertex -6.58051 10.9789 30
      vertex -7.1113 10.6428 29
      vertex -6.58051 10.9789 29
    endloop
  endfacet
  facet normal 0.492937 -0.870065 0
    outer loop
      vertex -6.58051 10.9789 29
      vertex -6.03387 11.2886 30
      vertex -6.58051 10.9789 30
    endloop
  endfacet
  facet normal 0.492937 -0.870065 0
    outer loop
      vertex -6.03387 11.2886 30
      vertex -6.58051 10.9789 29
      vertex -6.03387 11.2886 29
    endloop
  endfacet
  facet normal 0.44965 -0.893205 0
    outer loop
      vertex -6.03387 11.2886 29
      vertex -5.4727 11.5711 30
      vertex -6.03387 11.2886 30
    endloop
  endfacet
  facet normal 0.44965 -0.893205 0
    outer loop
      vertex -5.4727 11.5711 30
      vertex -6.03387 11.2886 29
      vertex -5.4727 11.5711 29
    endloop
  endfacet
  facet normal 0.405252 -0.914205 0
    outer loop
      vertex -5.4727 11.5711 29
      vertex -4.89835 11.8257 30
      vertex -5.4727 11.5711 30
    endloop
  endfacet
  facet normal 0.405252 -0.914205 0
    outer loop
      vertex -4.89835 11.8257 30
      vertex -5.4727 11.5711 29
      vertex -4.89835 11.8257 29
    endloop
  endfacet
  facet normal 0.35988 -0.932999 0
    outer loop
      vertex -4.89835 11.8257 29
      vertex -4.31218 12.0518 30
      vertex -4.89835 11.8257 30
    endloop
  endfacet
  facet normal 0.35988 -0.932999 0
    outer loop
      vertex -4.31218 12.0518 30
      vertex -4.89835 11.8257 29
      vertex -4.31218 12.0518 29
    endloop
  endfacet
  facet normal 0.313581 -0.949561 0
    outer loop
      vertex -4.31218 12.0518 29
      vertex -3.71564 12.2488 30
      vertex -4.31218 12.0518 30
    endloop
  endfacet
  facet normal 0.313581 -0.949561 0
    outer loop
      vertex -3.71564 12.2488 30
      vertex -4.31218 12.0518 29
      vertex -3.71564 12.2488 29
    endloop
  endfacet
  facet normal 0.266765 -0.963762 0
    outer loop
      vertex -3.71564 12.2488 29
      vertex -3.11014 12.4164 30
      vertex -3.71564 12.2488 30
    endloop
  endfacet
  facet normal 0.266765 -0.963762 0
    outer loop
      vertex -3.11014 12.4164 30
      vertex -3.71564 12.2488 29
      vertex -3.11014 12.4164 29
    endloop
  endfacet
  facet normal 0.219023 -0.97572 0
    outer loop
      vertex -3.11014 12.4164 29
      vertex -2.49715 12.554 30
      vertex -3.11014 12.4164 30
    endloop
  endfacet
  facet normal 0.219023 -0.97572 0
    outer loop
      vertex -2.49715 12.554 30
      vertex -3.11014 12.4164 29
      vertex -2.49715 12.554 29
    endloop
  endfacet
  facet normal 0.171103 -0.985253 0
    outer loop
      vertex -2.49715 12.554 29
      vertex -1.87814 12.6615 30
      vertex -2.49715 12.554 30
    endloop
  endfacet
  facet normal 0.171103 -0.985253 0
    outer loop
      vertex -1.87814 12.6615 30
      vertex -2.49715 12.554 29
      vertex -1.87814 12.6615 29
    endloop
  endfacet
  facet normal 0.122403 -0.992481 0
    outer loop
      vertex -1.87814 12.6615 29
      vertex -1.25461 12.7384 30
      vertex -1.87814 12.6615 30
    endloop
  endfacet
  facet normal 0.122403 -0.992481 0
    outer loop
      vertex -1.25461 12.7384 30
      vertex -1.87814 12.6615 29
      vertex -1.25461 12.7384 29
    endloop
  endfacet
  facet normal 0.0735366 -0.997293 0
    outer loop
      vertex -1.25461 12.7384 29
      vertex -0.628052 12.7846 30
      vertex -1.25461 12.7384 30
    endloop
  endfacet
  facet normal 0.0735366 -0.997293 0
    outer loop
      vertex -0.628052 12.7846 30
      vertex -1.25461 12.7384 29
      vertex -0.628052 12.7846 29
    endloop
  endfacet
  facet normal 0.0245129 -0.9997 0
    outer loop
      vertex -0.628052 12.7846 29
      vertex 0 12.8 30
      vertex -0.628052 12.7846 30
    endloop
  endfacet
  facet normal 0.0245129 -0.9997 0
    outer loop
      vertex 0 12.8 30
      vertex -0.628052 12.7846 29
      vertex 0 12.8 29
    endloop
  endfacet
  facet normal -0.0245129 -0.9997 0
    outer loop
      vertex 0 12.8 29
      vertex 0.628052 12.7846 30
      vertex 0 12.8 30
    endloop
  endfacet
  facet normal -0.0245129 -0.9997 -0
    outer loop
      vertex 0.628052 12.7846 30
      vertex 0 12.8 29
      vertex 0.628052 12.7846 29
    endloop
  endfacet
  facet normal -0.0735366 -0.997293 0
    outer loop
      vertex 0.628052 12.7846 29
      vertex 1.25461 12.7384 30
      vertex 0.628052 12.7846 30
    endloop
  endfacet
  facet normal -0.0735366 -0.997293 -0
    outer loop
      vertex 1.25461 12.7384 30
      vertex 0.628052 12.7846 29
      vertex 1.25461 12.7384 29
    endloop
  endfacet
  facet normal -0.122403 -0.992481 0
    outer loop
      vertex 1.25461 12.7384 29
      vertex 1.87814 12.6615 30
      vertex 1.25461 12.7384 30
    endloop
  endfacet
  facet normal -0.122403 -0.992481 -0
    outer loop
      vertex 1.87814 12.6615 30
      vertex 1.25461 12.7384 29
      vertex 1.87814 12.6615 29
    endloop
  endfacet
  facet normal -0.171103 -0.985253 0
    outer loop
      vertex 1.87814 12.6615 29
      vertex 2.49715 12.554 30
      vertex 1.87814 12.6615 30
    endloop
  endfacet
  facet normal -0.171103 -0.985253 -0
    outer loop
      vertex 2.49715 12.554 30
      vertex 1.87814 12.6615 29
      vertex 2.49715 12.554 29
    endloop
  endfacet
  facet normal -0.219023 -0.97572 0
    outer loop
      vertex 2.49715 12.554 29
      vertex 3.11014 12.4164 30
      vertex 2.49715 12.554 30
    endloop
  endfacet
  facet normal -0.219023 -0.97572 -0
    outer loop
      vertex 3.11014 12.4164 30
      vertex 2.49715 12.554 29
      vertex 3.11014 12.4164 29
    endloop
  endfacet
  facet normal -0.266765 -0.963762 0
    outer loop
      vertex 3.11014 12.4164 29
      vertex 3.71564 12.2488 30
      vertex 3.11014 12.4164 30
    endloop
  endfacet
  facet normal -0.266765 -0.963762 -0
    outer loop
      vertex 3.71564 12.2488 30
      vertex 3.11014 12.4164 29
      vertex 3.71564 12.2488 29
    endloop
  endfacet
  facet normal -0.313581 -0.949561 0
    outer loop
      vertex 3.71564 12.2488 29
      vertex 4.31218 12.0518 30
      vertex 3.71564 12.2488 30
    endloop
  endfacet
  facet normal -0.313581 -0.949561 -0
    outer loop
      vertex 4.31218 12.0518 30
      vertex 3.71564 12.2488 29
      vertex 4.31218 12.0518 29
    endloop
  endfacet
  facet normal -0.35988 -0.932999 0
    outer loop
      vertex 4.31218 12.0518 29
      vertex 4.89835 11.8257 30
      vertex 4.31218 12.0518 30
    endloop
  endfacet
  facet normal -0.35988 -0.932999 -0
    outer loop
      vertex 4.89835 11.8257 30
      vertex 4.31218 12.0518 29
      vertex 4.89835 11.8257 29
    endloop
  endfacet
  facet normal -0.405252 -0.914205 0
    outer loop
      vertex 4.89835 11.8257 29
      vertex 5.4727 11.5711 30
      vertex 4.89835 11.8257 30
    endloop
  endfacet
  facet normal -0.405252 -0.914205 -0
    outer loop
      vertex 5.4727 11.5711 30
      vertex 4.89835 11.8257 29
      vertex 5.4727 11.5711 29
    endloop
  endfacet
  facet normal -0.44965 -0.893205 0
    outer loop
      vertex 5.4727 11.5711 29
      vertex 6.03387 11.2886 30
      vertex 5.4727 11.5711 30
    endloop
  endfacet
  facet normal -0.44965 -0.893205 -0
    outer loop
      vertex 6.03387 11.2886 30
      vertex 5.4727 11.5711 29
      vertex 6.03387 11.2886 29
    endloop
  endfacet
  facet normal -0.492937 -0.870065 0
    outer loop
      vertex 6.03387 11.2886 29
      vertex 6.58051 10.9789 30
      vertex 6.03387 11.2886 30
    endloop
  endfacet
  facet normal -0.492937 -0.870065 -0
    outer loop
      vertex 6.58051 10.9789 30
      vertex 6.03387 11.2886 29
      vertex 6.58051 10.9789 29
    endloop
  endfacet
  facet normal -0.534976 -0.844867 0
    outer loop
      vertex 6.58051 10.9789 29
      vertex 7.1113 10.6428 30
      vertex 6.58051 10.9789 30
    endloop
  endfacet
  facet normal -0.534976 -0.844867 -0
    outer loop
      vertex 7.1113 10.6428 30
      vertex 6.58051 10.9789 29
      vertex 7.1113 10.6428 29
    endloop
  endfacet
  facet normal -0.575759 -0.817619 0
    outer loop
      vertex 7.1113 10.6428 29
      vertex 7.62494 10.2811 30
      vertex 7.1113 10.6428 30
    endloop
  endfacet
  facet normal -0.575759 -0.817619 -0
    outer loop
      vertex 7.62494 10.2811 30
      vertex 7.1113 10.6428 29
      vertex 7.62494 10.2811 29
    endloop
  endfacet
  facet normal -0.615281 -0.788308 0
    outer loop
      vertex 7.62494 10.2811 29
      vertex 8.12022 9.89453 30
      vertex 7.62494 10.2811 30
    endloop
  endfacet
  facet normal -0.615281 -0.788308 -0
    outer loop
      vertex 8.12022 9.89453 30
      vertex 7.62494 10.2811 29
      vertex 8.12022 9.89453 29
    endloop
  endfacet
  facet normal -0.653175 -0.757207 0
    outer loop
      vertex 8.12022 9.89453 29
      vertex 8.59595 9.48416 30
      vertex 8.12022 9.89453 30
    endloop
  endfacet
  facet normal -0.653175 -0.757207 -0
    outer loop
      vertex 8.59595 9.48416 30
      vertex 8.12022 9.89453 29
      vertex 8.59595 9.48416 29
    endloop
  endfacet
  facet normal -0.689536 -0.724251 0
    outer loop
      vertex 8.59595 9.48416 29
      vertex 9.05096 9.05096 30
      vertex 8.59595 9.48416 30
    endloop
  endfacet
  facet normal -0.689536 -0.724251 -0
    outer loop
      vertex 9.05096 9.05096 30
      vertex 8.59595 9.48416 29
      vertex 9.05096 9.05096 29
    endloop
  endfacet
  facet normal -0.724251 -0.689536 0
    outer loop
      vertex 9.48416 8.59595 29
      vertex 9.05096 9.05096 30
      vertex 9.05096 9.05096 29
    endloop
  endfacet
  facet normal -0.724251 -0.689536 0
    outer loop
      vertex 9.05096 9.05096 30
      vertex 9.48416 8.59595 29
      vertex 9.48416 8.59595 30
    endloop
  endfacet
  facet normal -0.757207 -0.653175 0
    outer loop
      vertex 9.89453 8.12022 29
      vertex 9.48416 8.59595 30
      vertex 9.48416 8.59595 29
    endloop
  endfacet
  facet normal -0.757207 -0.653175 0
    outer loop
      vertex 9.48416 8.59595 30
      vertex 9.89453 8.12022 29
      vertex 9.89453 8.12022 30
    endloop
  endfacet
  facet normal -0.788308 -0.615281 0
    outer loop
      vertex 10.2811 7.62494 29
      vertex 9.89453 8.12022 30
      vertex 9.89453 8.12022 29
    endloop
  endfacet
  facet normal -0.788308 -0.615281 0
    outer loop
      vertex 9.89453 8.12022 30
      vertex 10.2811 7.62494 29
      vertex 10.2811 7.62494 30
    endloop
  endfacet
  facet normal -0.817619 -0.575759 0
    outer loop
      vertex 10.6428 7.1113 29
      vertex 10.2811 7.62494 30
      vertex 10.2811 7.62494 29
    endloop
  endfacet
  facet normal -0.817619 -0.575759 0
    outer loop
      vertex 10.2811 7.62494 30
      vertex 10.6428 7.1113 29
      vertex 10.6428 7.1113 30
    endloop
  endfacet
  facet normal -0.844867 -0.534976 0
    outer loop
      vertex 10.9789 6.58051 29
      vertex 10.6428 7.1113 30
      vertex 10.6428 7.1113 29
    endloop
  endfacet
  facet normal -0.844867 -0.534976 0
    outer loop
      vertex 10.6428 7.1113 30
      vertex 10.9789 6.58051 29
      vertex 10.9789 6.58051 30
    endloop
  endfacet
  facet normal -0.870065 -0.492937 0
    outer loop
      vertex 11.2886 6.03387 29
      vertex 10.9789 6.58051 30
      vertex 10.9789 6.58051 29
    endloop
  endfacet
  facet normal -0.870065 -0.492937 0
    outer loop
      vertex 10.9789 6.58051 30
      vertex 11.2886 6.03387 29
      vertex 11.2886 6.03387 30
    endloop
  endfacet
  facet normal -0.893205 -0.44965 0
    outer loop
      vertex 11.5711 5.4727 29
      vertex 11.2886 6.03387 30
      vertex 11.2886 6.03387 29
    endloop
  endfacet
  facet normal -0.893205 -0.44965 0
    outer loop
      vertex 11.2886 6.03387 30
      vertex 11.5711 5.4727 29
      vertex 11.5711 5.4727 30
    endloop
  endfacet
  facet normal -0.914205 -0.405252 0
    outer loop
      vertex 11.8257 4.89835 29
      vertex 11.5711 5.4727 30
      vertex 11.5711 5.4727 29
    endloop
  endfacet
  facet normal -0.914205 -0.405252 0
    outer loop
      vertex 11.5711 5.4727 30
      vertex 11.8257 4.89835 29
      vertex 11.8257 4.89835 30
    endloop
  endfacet
  facet normal -0.932999 -0.35988 0
    outer loop
      vertex 12.0518 4.31218 29
      vertex 11.8257 4.89835 30
      vertex 11.8257 4.89835 29
    endloop
  endfacet
  facet normal -0.932999 -0.35988 0
    outer loop
      vertex 11.8257 4.89835 30
      vertex 12.0518 4.31218 29
      vertex 12.0518 4.31218 30
    endloop
  endfacet
  facet normal -0.949561 -0.313581 0
    outer loop
      vertex 12.2488 3.71564 29
      vertex 12.0518 4.31218 30
      vertex 12.0518 4.31218 29
    endloop
  endfacet
  facet normal -0.949561 -0.313581 0
    outer loop
      vertex 12.0518 4.31218 30
      vertex 12.2488 3.71564 29
      vertex 12.2488 3.71564 30
    endloop
  endfacet
  facet normal -0.963762 -0.266765 0
    outer loop
      vertex 12.4164 3.11014 29
      vertex 12.2488 3.71564 30
      vertex 12.2488 3.71564 29
    endloop
  endfacet
  facet normal -0.963762 -0.266765 0
    outer loop
      vertex 12.2488 3.71564 30
      vertex 12.4164 3.11014 29
      vertex 12.4164 3.11014 30
    endloop
  endfacet
  facet normal -0.97572 -0.219023 0
    outer loop
      vertex 12.554 2.49715 29
      vertex 12.4164 3.11014 30
      vertex 12.4164 3.11014 29
    endloop
  endfacet
  facet normal -0.97572 -0.219023 0
    outer loop
      vertex 12.4164 3.11014 30
      vertex 12.554 2.49715 29
      vertex 12.554 2.49715 30
    endloop
  endfacet
  facet normal -0.985253 -0.171103 0
    outer loop
      vertex 12.6615 1.87814 29
      vertex 12.554 2.49715 30
      vertex 12.554 2.49715 29
    endloop
  endfacet
  facet normal -0.985253 -0.171103 0
    outer loop
      vertex 12.554 2.49715 30
      vertex 12.6615 1.87814 29
      vertex 12.6615 1.87814 30
    endloop
  endfacet
  facet normal -0.992481 -0.122403 0
    outer loop
      vertex 12.7384 1.25461 29
      vertex 12.6615 1.87814 30
      vertex 12.6615 1.87814 29
    endloop
  endfacet
  facet normal -0.992481 -0.122403 0
    outer loop
      vertex 12.6615 1.87814 30
      vertex 12.7384 1.25461 29
      vertex 12.7384 1.25461 30
    endloop
  endfacet
  facet normal -0.997293 -0.0735366 0
    outer loop
      vertex 12.7846 0.628052 29
      vertex 12.7384 1.25461 30
      vertex 12.7384 1.25461 29
    endloop
  endfacet
  facet normal -0.997293 -0.0735366 0
    outer loop
      vertex 12.7384 1.25461 30
      vertex 12.7846 0.628052 29
      vertex 12.7846 0.628052 30
    endloop
  endfacet
  facet normal -0.9997 -0.0245129 0
    outer loop
      vertex 12.8 0 29
      vertex 12.7846 0.628052 30
      vertex 12.7846 0.628052 29
    endloop
  endfacet
  facet normal -0.9997 -0.0245129 0
    outer loop
      vertex 12.7846 0.628052 30
      vertex 12.8 0 29
      vertex 12.8 0 30
    endloop
  endfacet
  facet normal -0.9997 0.0245129 0
    outer loop
      vertex 12.7846 -0.628052 29
      vertex 12.8 0 30
      vertex 12.8 0 29
    endloop
  endfacet
  facet normal -0.9997 0.0245129 0
    outer loop
      vertex 12.8 0 30
      vertex 12.7846 -0.628052 29
      vertex 12.7846 -0.628052 30
    endloop
  endfacet
  facet normal -0.997293 0.0735366 0
    outer loop
      vertex 12.7384 -1.25461 29
      vertex 12.7846 -0.628052 30
      vertex 12.7846 -0.628052 29
    endloop
  endfacet
  facet normal -0.997293 0.0735366 0
    outer loop
      vertex 12.7846 -0.628052 30
      vertex 12.7384 -1.25461 29
      vertex 12.7384 -1.25461 30
    endloop
  endfacet
  facet normal -0.992481 0.122403 0
    outer loop
      vertex 12.6615 -1.87814 29
      vertex 12.7384 -1.25461 30
      vertex 12.7384 -1.25461 29
    endloop
  endfacet
  facet normal -0.992481 0.122403 0
    outer loop
      vertex 12.7384 -1.25461 30
      vertex 12.6615 -1.87814 29
      vertex 12.6615 -1.87814 30
    endloop
  endfacet
  facet normal -0.985253 0.171103 0
    outer loop
      vertex 12.554 -2.49715 29
      vertex 12.6615 -1.87814 30
      vertex 12.6615 -1.87814 29
    endloop
  endfacet
  facet normal -0.985253 0.171103 0
    outer loop
      vertex 12.6615 -1.87814 30
      vertex 12.554 -2.49715 29
      vertex 12.554 -2.49715 30
    endloop
  endfacet
  facet normal -0.97572 0.219023 0
    outer loop
      vertex 12.4164 -3.11014 29
      vertex 12.554 -2.49715 30
      vertex 12.554 -2.49715 29
    endloop
  endfacet
  facet normal -0.97572 0.219023 0
    outer loop
      vertex 12.554 -2.49715 30
      vertex 12.4164 -3.11014 29
      vertex 12.4164 -3.11014 30
    endloop
  endfacet
  facet normal -0.963762 0.266765 0
    outer loop
      vertex 12.2488 -3.71564 29
      vertex 12.4164 -3.11014 30
      vertex 12.4164 -3.11014 29
    endloop
  endfacet
  facet normal -0.963762 0.266765 0
    outer loop
      vertex 12.4164 -3.11014 30
      vertex 12.2488 -3.71564 29
      vertex 12.2488 -3.71564 30
    endloop
  endfacet
  facet normal -0.949561 0.313581 0
    outer loop
      vertex 12.0518 -4.31218 29
      vertex 12.2488 -3.71564 30
      vertex 12.2488 -3.71564 29
    endloop
  endfacet
  facet normal -0.949561 0.313581 0
    outer loop
      vertex 12.2488 -3.71564 30
      vertex 12.0518 -4.31218 29
      vertex 12.0518 -4.31218 30
    endloop
  endfacet
  facet normal -0.932999 0.35988 0
    outer loop
      vertex 11.8257 -4.89835 29
      vertex 12.0518 -4.31218 30
      vertex 12.0518 -4.31218 29
    endloop
  endfacet
  facet normal -0.932999 0.35988 0
    outer loop
      vertex 12.0518 -4.31218 30
      vertex 11.8257 -4.89835 29
      vertex 11.8257 -4.89835 30
    endloop
  endfacet
  facet normal -0.914205 0.405252 0
    outer loop
      vertex 11.5711 -5.4727 29
      vertex 11.8257 -4.89835 30
      vertex 11.8257 -4.89835 29
    endloop
  endfacet
  facet normal -0.914205 0.405252 0
    outer loop
      vertex 11.8257 -4.89835 30
      vertex 11.5711 -5.4727 29
      vertex 11.5711 -5.4727 30
    endloop
  endfacet
  facet normal -0.893205 0.44965 0
    outer loop
      vertex 11.2886 -6.03387 29
      vertex 11.5711 -5.4727 30
      vertex 11.5711 -5.4727 29
    endloop
  endfacet
  facet normal -0.893205 0.44965 0
    outer loop
      vertex 11.5711 -5.4727 30
      vertex 11.2886 -6.03387 29
      vertex 11.2886 -6.03387 30
    endloop
  endfacet
  facet normal -0.870065 0.492937 0
    outer loop
      vertex 10.9789 -6.58051 29
      vertex 11.2886 -6.03387 30
      vertex 11.2886 -6.03387 29
    endloop
  endfacet
  facet normal -0.870065 0.492937 0
    outer loop
      vertex 11.2886 -6.03387 30
      vertex 10.9789 -6.58051 29
      vertex 10.9789 -6.58051 30
    endloop
  endfacet
  facet normal -0.844867 0.534976 0
    outer loop
      vertex 10.6428 -7.1113 29
      vertex 10.9789 -6.58051 30
      vertex 10.9789 -6.58051 29
    endloop
  endfacet
  facet normal -0.844867 0.534976 0
    outer loop
      vertex 10.9789 -6.58051 30
      vertex 10.6428 -7.1113 29
      vertex 10.6428 -7.1113 30
    endloop
  endfacet
  facet normal -0.817619 0.575759 0
    outer loop
      vertex 10.2811 -7.62494 29
      vertex 10.6428 -7.1113 30
      vertex 10.6428 -7.1113 29
    endloop
  endfacet
  facet normal -0.817619 0.575759 0
    outer loop
      vertex 10.6428 -7.1113 30
      vertex 10.2811 -7.62494 29
      vertex 10.2811 -7.62494 30
    endloop
  endfacet
  facet normal -0.788308 0.615281 0
    outer loop
      vertex 9.89453 -8.12022 29
      vertex 10.2811 -7.62494 30
      vertex 10.2811 -7.62494 29
    endloop
  endfacet
  facet normal -0.788308 0.615281 0
    outer loop
      vertex 10.2811 -7.62494 30
      vertex 9.89453 -8.12022 29
      vertex 9.89453 -8.12022 30
    endloop
  endfacet
  facet normal -0.757207 0.653175 0
    outer loop
      vertex 9.48416 -8.59595 29
      vertex 9.89453 -8.12022 30
      vertex 9.89453 -8.12022 29
    endloop
  endfacet
  facet normal -0.757207 0.653175 0
    outer loop
      vertex 9.89453 -8.12022 30
      vertex 9.48416 -8.59595 29
      vertex 9.48416 -8.59595 30
    endloop
  endfacet
  facet normal -0.724251 0.689536 0
    outer loop
      vertex 9.05096 -9.05096 29
      vertex 9.48416 -8.59595 30
      vertex 9.48416 -8.59595 29
    endloop
  endfacet
  facet normal -0.724251 0.689536 0
    outer loop
      vertex 9.48416 -8.59595 30
      vertex 9.05096 -9.05096 29
      vertex 9.05096 -9.05096 30
    endloop
  endfacet
  facet normal -0.689536 0.724251 0
    outer loop
      vertex 9.05096 -9.05096 29
      vertex 8.59595 -9.48416 30
      vertex 9.05096 -9.05096 30
    endloop
  endfacet
  facet normal -0.689536 0.724251 0
    outer loop
      vertex 8.59595 -9.48416 30
      vertex 9.05096 -9.05096 29
      vertex 8.59595 -9.48416 29
    endloop
  endfacet
  facet normal -0.653175 0.757207 0
    outer loop
      vertex 8.59595 -9.48416 29
      vertex 8.12022 -9.89453 30
      vertex 8.59595 -9.48416 30
    endloop
  endfacet
  facet normal -0.653175 0.757207 0
    outer loop
      vertex 8.12022 -9.89453 30
      vertex 8.59595 -9.48416 29
      vertex 8.12022 -9.89453 29
    endloop
  endfacet
  facet normal -0.615281 0.788308 0
    outer loop
      vertex 8.12022 -9.89453 29
      vertex 7.62494 -10.2811 30
      vertex 8.12022 -9.89453 30
    endloop
  endfacet
  facet normal -0.615281 0.788308 0
    outer loop
      vertex 7.62494 -10.2811 30
      vertex 8.12022 -9.89453 29
      vertex 7.62494 -10.2811 29
    endloop
  endfacet
  facet normal -0.575759 0.817619 0
    outer loop
      vertex 7.62494 -10.2811 29
      vertex 7.1113 -10.6428 30
      vertex 7.62494 -10.2811 30
    endloop
  endfacet
  facet normal -0.575759 0.817619 0
    outer loop
      vertex 7.1113 -10.6428 30
      vertex 7.62494 -10.2811 29
      vertex 7.1113 -10.6428 29
    endloop
  endfacet
  facet normal -0.534976 0.844867 0
    outer loop
      vertex 7.1113 -10.6428 29
      vertex 6.58051 -10.9789 30
      vertex 7.1113 -10.6428 30
    endloop
  endfacet
  facet normal -0.534976 0.844867 0
    outer loop
      vertex 6.58051 -10.9789 30
      vertex 7.1113 -10.6428 29
      vertex 6.58051 -10.9789 29
    endloop
  endfacet
  facet normal -0.492937 0.870065 0
    outer loop
      vertex 6.58051 -10.9789 29
      vertex 6.03387 -11.2886 30
      vertex 6.58051 -10.9789 30
    endloop
  endfacet
  facet normal -0.492937 0.870065 0
    outer loop
      vertex 6.03387 -11.2886 30
      vertex 6.58051 -10.9789 29
      vertex 6.03387 -11.2886 29
    endloop
  endfacet
  facet normal -0.44965 0.893205 0
    outer loop
      vertex 6.03387 -11.2886 29
      vertex 5.4727 -11.5711 30
      vertex 6.03387 -11.2886 30
    endloop
  endfacet
  facet normal -0.44965 0.893205 0
    outer loop
      vertex 5.4727 -11.5711 30
      vertex 6.03387 -11.2886 29
      vertex 5.4727 -11.5711 29
    endloop
  endfacet
  facet normal -0.405252 0.914205 0
    outer loop
      vertex 5.4727 -11.5711 29
      vertex 4.89835 -11.8257 30
      vertex 5.4727 -11.5711 30
    endloop
  endfacet
  facet normal -0.405252 0.914205 0
    outer loop
      vertex 4.89835 -11.8257 30
      vertex 5.4727 -11.5711 29
      vertex 4.89835 -11.8257 29
    endloop
  endfacet
  facet normal -0.35988 0.932999 0
    outer loop
      vertex 4.89835 -11.8257 29
      vertex 4.31218 -12.0518 30
      vertex 4.89835 -11.8257 30
    endloop
  endfacet
  facet normal -0.35988 0.932999 0
    outer loop
      vertex 4.31218 -12.0518 30
      vertex 4.89835 -11.8257 29
      vertex 4.31218 -12.0518 29
    endloop
  endfacet
  facet normal -0.313581 0.949561 0
    outer loop
      vertex 4.31218 -12.0518 29
      vertex 3.71564 -12.2488 30
      vertex 4.31218 -12.0518 30
    endloop
  endfacet
  facet normal -0.313581 0.949561 0
    outer loop
      vertex 3.71564 -12.2488 30
      vertex 4.31218 -12.0518 29
      vertex 3.71564 -12.2488 29
    endloop
  endfacet
  facet normal -0.266765 0.963762 0
    outer loop
      vertex 3.71564 -12.2488 29
      vertex 3.11014 -12.4164 30
      vertex 3.71564 -12.2488 30
    endloop
  endfacet
  facet normal -0.266765 0.963762 0
    outer loop
      vertex 3.11014 -12.4164 30
      vertex 3.71564 -12.2488 29
      vertex 3.11014 -12.4164 29
    endloop
  endfacet
  facet normal -0.219023 0.97572 0
    outer loop
      vertex 3.11014 -12.4164 29
      vertex 2.49715 -12.554 30
      vertex 3.11014 -12.4164 30
    endloop
  endfacet
  facet normal -0.219023 0.97572 0
    outer loop
      vertex 2.49715 -12.554 30
      vertex 3.11014 -12.4164 29
      vertex 2.49715 -12.554 29
    endloop
  endfacet
  facet normal -0.171103 0.985253 0
    outer loop
      vertex 2.49715 -12.554 29
      vertex 1.87814 -12.6615 30
      vertex 2.49715 -12.554 30
    endloop
  endfacet
  facet normal -0.171103 0.985253 0
    outer loop
      vertex 1.87814 -12.6615 30
      vertex 2.49715 -12.554 29
      vertex 1.87814 -12.6615 29
    endloop
  endfacet
  facet normal -0.122403 0.992481 0
    outer loop
      vertex 1.87814 -12.6615 29
      vertex 1.25461 -12.7384 30
      vertex 1.87814 -12.6615 30
    endloop
  endfacet
  facet normal -0.122403 0.992481 0
    outer loop
      vertex 1.25461 -12.7384 30
      vertex 1.87814 -12.6615 29
      vertex 1.25461 -12.7384 29
    endloop
  endfacet
  facet normal -0.0735366 0.997293 0
    outer loop
      vertex 1.25461 -12.7384 29
      vertex 0.628052 -12.7846 30
      vertex 1.25461 -12.7384 30
    endloop
  endfacet
  facet normal -0.0735366 0.997293 0
    outer loop
      vertex 0.628052 -12.7846 30
      vertex 1.25461 -12.7384 29
      vertex 0.628052 -12.7846 29
    endloop
  endfacet
  facet normal -0.0245129 0.9997 0
    outer loop
      vertex 0.628052 -12.7846 29
      vertex 0 -12.8 30
      vertex 0.628052 -12.7846 30
    endloop
  endfacet
  facet normal -0.0245129 0.9997 0
    outer loop
      vertex 0 -12.8 30
      vertex 0.628052 -12.7846 29
      vertex 0 -12.8 29
    endloop
  endfacet
  facet normal 0.0245129 0.9997 -0
    outer loop
      vertex 0 -12.8 29
      vertex -0.628052 -12.7846 30
      vertex 0 -12.8 30
    endloop
  endfacet
  facet normal 0.0245129 0.9997 0
    outer loop
      vertex -0.628052 -12.7846 30
      vertex 0 -12.8 29
      vertex -0.628052 -12.7846 29
    endloop
  endfacet
  facet normal 0.258902 -0.965904 0
    outer loop
      vertex -4.20947 -9.67627 29
      vertex -4.18425 -9.66951 30
      vertex -4.20947 -9.67627 30
    endloop
  endfacet
  facet normal 0.258902 -0.965904 0
    outer loop
      vertex -4.18425 -9.66951 30
      vertex -4.20947 -9.67627 29
      vertex -4.18425 -9.66951 29
    endloop
  endfacet
  facet normal 0.382672 -0.923884 0
    outer loop
      vertex -4.18425 -9.66951 29
      vertex -4.03973 -9.60965 30
      vertex -4.18425 -9.66951 30
    endloop
  endfacet
  facet normal 0.382672 -0.923884 0
    outer loop
      vertex -4.03973 -9.60965 30
      vertex -4.18425 -9.66951 29
      vertex -4.03973 -9.60965 29
    endloop
  endfacet
  facet normal 0.500176 -0.865924 0
    outer loop
      vertex -4.03973 -9.60965 29
      vertex -4.01712 -9.59659 30
      vertex -4.03973 -9.60965 30
    endloop
  endfacet
  facet normal 0.500176 -0.865924 0
    outer loop
      vertex -4.01712 -9.59659 30
      vertex -4.03973 -9.60965 29
      vertex -4.01712 -9.59659 29
    endloop
  endfacet
  facet normal 0.60878 -0.793339 0
    outer loop
      vertex -4.01712 -9.59659 29
      vertex -3.89302 -9.50136 30
      vertex -4.01712 -9.59659 30
    endloop
  endfacet
  facet normal 0.60878 -0.793339 0
    outer loop
      vertex -3.89302 -9.50136 30
      vertex -4.01712 -9.59659 29
      vertex -3.89302 -9.50136 29
    endloop
  endfacet
  facet normal 0.707298 -0.706915 0
    outer loop
      vertex -3.89302 -9.50136 30
      vertex -3.87456 -9.48289 29
      vertex -3.87456 -9.48289 30
    endloop
  endfacet
  facet normal 0.707298 -0.706915 0
    outer loop
      vertex -3.87456 -9.48289 29
      vertex -3.89302 -9.50136 30
      vertex -3.89302 -9.50136 29
    endloop
  endfacet
  facet normal 0.793365 -0.608746 0
    outer loop
      vertex -3.87456 -9.48289 30
      vertex -3.7794 -9.35887 29
      vertex -3.7794 -9.35887 30
    endloop
  endfacet
  facet normal 0.793365 -0.608746 0
    outer loop
      vertex -3.7794 -9.35887 29
      vertex -3.87456 -9.48289 30
      vertex -3.87456 -9.48289 29
    endloop
  endfacet
  facet normal 0.86616 -0.499767 0
    outer loop
      vertex -3.7794 -9.35887 30
      vertex -3.76636 -9.33627 29
      vertex -3.76636 -9.33627 30
    endloop
  endfacet
  facet normal 0.86616 -0.499767 0
    outer loop
      vertex -3.76636 -9.33627 29
      vertex -3.7794 -9.35887 30
      vertex -3.7794 -9.35887 29
    endloop
  endfacet
  facet normal 0.923849 -0.382758 0
    outer loop
      vertex -3.76636 -9.33627 30
      vertex -3.70648 -9.19174 29
      vertex -3.70648 -9.19174 30
    endloop
  endfacet
  facet normal 0.923849 -0.382758 0
    outer loop
      vertex -3.70648 -9.19174 29
      vertex -3.76636 -9.33627 30
      vertex -3.76636 -9.33627 29
    endloop
  endfacet
  facet normal 0.965904 -0.258902 0
    outer loop
      vertex -3.70648 -9.19174 30
      vertex -3.69972 -9.16652 29
      vertex -3.69972 -9.16652 30
    endloop
  endfacet
  facet normal 0.965904 -0.258902 0
    outer loop
      vertex -3.69972 -9.16652 29
      vertex -3.70648 -9.19174 30
      vertex -3.70648 -9.19174 29
    endloop
  endfacet
  facet normal 0.991462 -0.130398 0
    outer loop
      vertex -3.69972 -9.16652 30
      vertex -3.67746 -8.99727 29
      vertex -3.67746 -8.99727 30
    endloop
  endfacet
  facet normal 0.991462 -0.130398 0
    outer loop
      vertex -3.67746 -8.99727 29
      vertex -3.69972 -9.16652 30
      vertex -3.69972 -9.16652 29
    endloop
  endfacet
  facet normal 0.992877 -0.119145 0
    outer loop
      vertex -3.67746 -8.99727 30
      vertex -2.9827 -3.20757 29
      vertex -2.9827 -3.20757 30
    endloop
  endfacet
  facet normal 0.992877 -0.119145 0
    outer loop
      vertex -2.9827 -3.20757 29
      vertex -3.67746 -8.99727 30
      vertex -3.67746 -8.99727 29
    endloop
  endfacet
  facet normal 0.770397 -0.637565 0
    outer loop
      vertex -2.9827 -3.20757 30
      vertex -1.81755 -1.79967 29
      vertex -1.81755 -1.79967 30
    endloop
  endfacet
  facet normal 0.770397 -0.637565 0
    outer loop
      vertex -1.81755 -1.79967 29
      vertex -2.9827 -3.20757 30
      vertex -2.9827 -3.20757 29
    endloop
  endfacet
  facet normal -0.997863 -0.0653363 0
    outer loop
      vertex -1.80875 -1.93407 29
      vertex -1.81755 -1.79967 30
      vertex -1.81755 -1.79967 29
    endloop
  endfacet
  facet normal -0.997863 -0.0653363 0
    outer loop
      vertex -1.81755 -1.79967 30
      vertex -1.80875 -1.93407 29
      vertex -1.80875 -1.93407 30
    endloop
  endfacet
  facet normal -0.991614 -0.129239 0
    outer loop
      vertex -1.8071 -1.94673 29
      vertex -1.80875 -1.93407 30
      vertex -1.80875 -1.93407 29
    endloop
  endfacet
  facet normal -0.991614 -0.129239 0
    outer loop
      vertex -1.80875 -1.93407 30
      vertex -1.8071 -1.94673 29
      vertex -1.8071 -1.94673 30
    endloop
  endfacet
  facet normal -0.9814 -0.191975 0
    outer loop
      vertex -0.589172 -8.17293 29
      vertex -1.8071 -1.94673 30
      vertex -1.8071 -1.94673 29
    endloop
  endfacet
  facet normal -0.9814 -0.191975 0
    outer loop
      vertex -1.8071 -1.94673 30
      vertex -0.589172 -8.17293 29
      vertex -0.589172 -8.17293 30
    endloop
  endfacet
  facet normal -0.957314 -0.289049 0
    outer loop
      vertex -0.583405 -8.19203 29
      vertex -0.589172 -8.17293 30
      vertex -0.589172 -8.17293 29
    endloop
  endfacet
  facet normal -0.957314 -0.289049 0
    outer loop
      vertex -0.589172 -8.17293 30
      vertex -0.583405 -8.19203 29
      vertex -0.583405 -8.19203 30
    endloop
  endfacet
  facet normal -0.923726 -0.383055 0
    outer loop
      vertex -0.531387 -8.31747 29
      vertex -0.583405 -8.19203 30
      vertex -0.583405 -8.19203 29
    endloop
  endfacet
  facet normal -0.923726 -0.383055 0
    outer loop
      vertex -0.583405 -8.19203 30
      vertex -0.531387 -8.31747 29
      vertex -0.531387 -8.31747 30
    endloop
  endfacet
  facet normal -0.866022 -0.500006 0
    outer loop
      vertex -0.518356 -8.34004 29
      vertex -0.531387 -8.31747 30
      vertex -0.531387 -8.31747 29
    endloop
  endfacet
  facet normal -0.866022 -0.500006 0
    outer loop
      vertex -0.531387 -8.31747 30
      vertex -0.518356 -8.34004 29
      vertex -0.518356 -8.34004 30
    endloop
  endfacet
  facet normal -0.793474 -0.608605 0
    outer loop
      vertex -0.437927 -8.4449 29
      vertex -0.518356 -8.34004 30
      vertex -0.518356 -8.34004 29
    endloop
  endfacet
  facet normal -0.793474 -0.608605 0
    outer loop
      vertex -0.518356 -8.34004 30
      vertex -0.437927 -8.4449 29
      vertex -0.437927 -8.4449 30
    endloop
  endfacet
  facet normal -0.707049 -0.707164 0
    outer loop
      vertex -0.419464 -8.46336 29
      vertex -0.437927 -8.4449 30
      vertex -0.437927 -8.4449 29
    endloop
  endfacet
  facet normal -0.707049 -0.707164 0
    outer loop
      vertex -0.437927 -8.4449 30
      vertex -0.419464 -8.46336 29
      vertex -0.419464 -8.46336 30
    endloop
  endfacet
  facet normal -0.60882 -0.793308 0
    outer loop
      vertex -0.419464 -8.46336 29
      vertex -0.314362 -8.54402 30
      vertex -0.419464 -8.46336 30
    endloop
  endfacet
  facet normal -0.60882 -0.793308 -0
    outer loop
      vertex -0.314362 -8.54402 30
      vertex -0.419464 -8.46336 29
      vertex -0.314362 -8.54402 29
    endloop
  endfacet
  facet normal -0.499612 -0.866249 0
    outer loop
      vertex -0.314362 -8.54402 29
      vertex -0.291718 -8.55708 30
      vertex -0.314362 -8.54402 30
    endloop
  endfacet
  facet normal -0.499612 -0.866249 -0
    outer loop
      vertex -0.291718 -8.55708 30
      vertex -0.314362 -8.54402 29
      vertex -0.291718 -8.55708 29
    endloop
  endfacet
  facet normal -0.38247 -0.923968 0
    outer loop
      vertex -0.291718 -8.55708 29
      vertex -0.169479 -8.60768 30
      vertex -0.291718 -8.55708 30
    endloop
  endfacet
  facet normal -0.38247 -0.923968 -0
    outer loop
      vertex -0.169479 -8.60768 30
      vertex -0.291718 -8.55708 29
      vertex -0.169479 -8.60768 29
    endloop
  endfacet
  facet normal -0.259254 -0.965809 0
    outer loop
      vertex -0.169479 -8.60768 29
      vertex -0.144333 -8.61443 30
      vertex -0.169479 -8.60768 30
    endloop
  endfacet
  facet normal -0.259254 -0.965809 -0
    outer loop
      vertex -0.144333 -8.61443 30
      vertex -0.169479 -8.60768 29
      vertex -0.144333 -8.61443 29
    endloop
  endfacet
  facet normal -0.130911 -0.991394 0
    outer loop
      vertex -0.144333 -8.61443 29
      vertex -0.013092 -8.63176 30
      vertex -0.144333 -8.61443 30
    endloop
  endfacet
  facet normal -0.130911 -0.991394 -0
    outer loop
      vertex -0.013092 -8.63176 30
      vertex -0.144333 -8.61443 29
      vertex -0.013092 -8.63176 29
    endloop
  endfacet
  facet normal 0 -1 0
    outer loop
      vertex -0.013092 -8.63176 29
      vertex 0.013092 -8.63176 30
      vertex -0.013092 -8.63176 30
    endloop
  endfacet
  facet normal 0 -1 -0
    outer loop
      vertex 0.013092 -8.63176 30
      vertex -0.013092 -8.63176 29
      vertex 0.013092 -8.63176 29
    endloop
  endfacet
  facet normal 0.130911 -0.991394 0
    outer loop
      vertex 0.013092 -8.63176 29
      vertex 0.144333 -8.61443 30
      vertex 0.013092 -8.63176 30
    endloop
  endfacet
  facet normal 0.130911 -0.991394 0
    outer loop
      vertex 0.144333 -8.61443 30
      vertex 0.013092 -8.63176 29
      vertex 0.144333 -8.61443 29
    endloop
  endfacet
  facet normal 0.259254 -0.965809 0
    outer loop
      vertex 0.144333 -8.61443 29
      vertex 0.169479 -8.60768 30
      vertex 0.144333 -8.61443 30
    endloop
  endfacet
  facet normal 0.259254 -0.965809 0
    outer loop
      vertex 0.169479 -8.60768 30
      vertex 0.144333 -8.61443 29
      vertex 0.169479 -8.60768 29
    endloop
  endfacet
  facet normal 0.38247 -0.923968 0
    outer loop
      vertex 0.169479 -8.60768 29
      vertex 0.291718 -8.55708 30
      vertex 0.169479 -8.60768 30
    endloop
  endfacet
  facet normal 0.38247 -0.923968 0
    outer loop
      vertex 0.291718 -8.55708 30
      vertex 0.169479 -8.60768 29
      vertex 0.291718 -8.55708 29
    endloop
  endfacet
  facet normal 0.499612 -0.866249 0
    outer loop
      vertex 0.291718 -8.55708 29
      vertex 0.314362 -8.54402 30
      vertex 0.291718 -8.55708 30
    endloop
  endfacet
  facet normal 0.499612 -0.866249 0
    outer loop
      vertex 0.314362 -8.54402 30
      vertex 0.291718 -8.55708 29
      vertex 0.314362 -8.54402 29
    endloop
  endfacet
  facet normal 0.60882 -0.793308 0
    outer loop
      vertex 0.314362 -8.54402 29
      vertex 0.419464 -8.46336 30
      vertex 0.314362 -8.54402 30
    endloop
  endfacet
  facet normal 0.60882 -0.793308 0
    outer loop
      vertex 0.419464 -8.46336 30
      vertex 0.314362 -8.54402 29
      vertex 0.419464 -8.46336 29
    endloop
  endfacet
  facet normal 0.707049 -0.707164 0
    outer loop
      vertex 0.419464 -8.46336 30
      vertex 0.437927 -8.4449 29
      vertex 0.437927 -8.4449 30
    endloop
  endfacet
  facet normal 0.707049 -0.707164 0
    outer loop
      vertex 0.437927 -8.4449 29
      vertex 0.419464 -8.46336 30
      vertex 0.419464 -8.46336 29
    endloop
  endfacet
  facet normal 0.793474 -0.608605 0
    outer loop
      vertex 0.437927 -8.4449 30
      vertex 0.518356 -8.34004 29
      vertex 0.518356 -8.34004 30
    endloop
  endfacet
  facet normal 0.793474 -0.608605 0
    outer loop
      vertex 0.518356 -8.34004 29
      vertex 0.437927 -8.4449 30
      vertex 0.437927 -8.4449 29
    endloop
  endfacet
  facet normal 0.866022 -0.500006 0
    outer loop
      vertex 0.518356 -8.34004 30
      vertex 0.531387 -8.31747 29
      vertex 0.531387 -8.31747 30
    endloop
  endfacet
  facet normal 0.866022 -0.500006 0
    outer loop
      vertex 0.531387 -8.31747 29
      vertex 0.518356 -8.34004 30
      vertex 0.518356 -8.34004 29
    endloop
  endfacet
  facet normal 0.923726 -0.383055 0
    outer loop
      vertex 0.531387 -8.31747 30
      vertex 0.583405 -8.19203 29
      vertex 0.583405 -8.19203 30
    endloop
  endfacet
  facet normal 0.923726 -0.383055 0
    outer loop
      vertex 0.583405 -8.19203 29
      vertex 0.531387 -8.31747 30
      vertex 0.531387 -8.31747 29
    endloop
  endfacet
  facet normal 0.957314 -0.289049 0
    outer loop
      vertex 0.583405 -8.19203 30
      vertex 0.589172 -8.17293 29
      vertex 0.589172 -8.17293 30
    endloop
  endfacet
  facet normal 0.957314 -0.289049 0
    outer loop
      vertex 0.589172 -8.17293 29
      vertex 0.583405 -8.19203 30
      vertex 0.583405 -8.19203 29
    endloop
  endfacet
  facet normal 0.9814 -0.191975 0
    outer loop
      vertex 0.589172 -8.17293 30
      vertex 1.8071 -1.94673 29
      vertex 1.8071 -1.94673 30
    endloop
  endfacet
  facet normal 0.9814 -0.191975 0
    outer loop
      vertex 1.8071 -1.94673 29
      vertex 0.589172 -8.17293 30
      vertex 0.589172 -8.17293 29
    endloop
  endfacet
  facet normal 0.991614 -0.129239 0
    outer loop
      vertex 1.8071 -1.94673 30
      vertex 1.80875 -1.93407 29
      vertex 1.80875 -1.93407 30
    endloop
  endfacet
  facet normal 0.991614 -0.129239 0
    outer loop
      vertex 1.80875 -1.93407 29
      vertex 1.8071 -1.94673 30
      vertex 1.8071 -1.94673 29
    endloop
  endfacet
  facet normal 0.997863 -0.0653363 0
    outer loop
      vertex 1.80875 -1.93407 30
      vertex 1.81755 -1.79967 29
      vertex 1.81755 -1.79967 30
    endloop
  endfacet
  facet normal 0.997863 -0.0653363 0
    outer loop
      vertex 1.81755 -1.79967 29
      vertex 1.80875 -1.93407 30
      vertex 1.80875 -1.93407 29
    endloop
  endfacet
  facet normal -0.770397 -0.637565 0
    outer loop
      vertex 2.9827 -3.20757 29
      vertex 1.81755 -1.79967 30
      vertex 1.81755 -1.79967 29
    endloop
  endfacet
  facet normal -0.770397 -0.637565 0
    outer loop
      vertex 1.81755 -1.79967 30
      vertex 2.9827 -3.20757 29
      vertex 2.9827 -3.20757 30
    endloop
  endfacet
  facet normal -0.992877 -0.119145 0
    outer loop
      vertex 3.6776 -8.9984 29
      vertex 2.9827 -3.20757 30
      vertex 2.9827 -3.20757 29
    endloop
  endfacet
  facet normal -0.992877 -0.119145 0
    outer loop
      vertex 2.9827 -3.20757 30
      vertex 3.6776 -8.9984 29
      vertex 3.6776 -8.9984 30
    endloop
  endfacet
  facet normal -0.991455 -0.130448 0
    outer loop
      vertex 3.69972 -9.16652 29
      vertex 3.6776 -8.9984 30
      vertex 3.6776 -8.9984 29
    endloop
  endfacet
  facet normal -0.991455 -0.130448 0
    outer loop
      vertex 3.6776 -8.9984 30
      vertex 3.69972 -9.16652 29
      vertex 3.69972 -9.16652 30
    endloop
  endfacet
  facet normal -0.965904 -0.258902 0
    outer loop
      vertex 3.70648 -9.19174 29
      vertex 3.69972 -9.16652 30
      vertex 3.69972 -9.16652 29
    endloop
  endfacet
  facet normal -0.965904 -0.258902 0
    outer loop
      vertex 3.69972 -9.16652 30
      vertex 3.70648 -9.19174 29
      vertex 3.70648 -9.19174 30
    endloop
  endfacet
  facet normal -0.923849 -0.382758 0
    outer loop
      vertex 3.76636 -9.33627 29
      vertex 3.70648 -9.19174 30
      vertex 3.70648 -9.19174 29
    endloop
  endfacet
  facet normal -0.923849 -0.382758 0
    outer loop
      vertex 3.70648 -9.19174 30
      vertex 3.76636 -9.33627 29
      vertex 3.76636 -9.33627 30
    endloop
  endfacet
  facet normal -0.86616 -0.499767 0
    outer loop
      vertex 3.7794 -9.35887 29
      vertex 3.76636 -9.33627 30
      vertex 3.76636 -9.33627 29
    endloop
  endfacet
  facet normal -0.86616 -0.499767 0
    outer loop
      vertex 3.76636 -9.33627 30
      vertex 3.7794 -9.35887 29
      vertex 3.7794 -9.35887 30
    endloop
  endfacet
  facet normal -0.793365 -0.608746 0
    outer loop
      vertex 3.87456 -9.48289 29
      vertex 3.7794 -9.35887 30
      vertex 3.7794 -9.35887 29
    endloop
  endfacet
  facet normal -0.793365 -0.608746 0
    outer loop
      vertex 3.7794 -9.35887 30
      vertex 3.87456 -9.48289 29
      vertex 3.87456 -9.48289 30
    endloop
  endfacet
  facet normal -0.707298 -0.706915 0
    outer loop
      vertex 3.89302 -9.50136 29
      vertex 3.87456 -9.48289 30
      vertex 3.87456 -9.48289 29
    endloop
  endfacet
  facet normal -0.707298 -0.706915 0
    outer loop
      vertex 3.87456 -9.48289 30
      vertex 3.89302 -9.50136 29
      vertex 3.89302 -9.50136 30
    endloop
  endfacet
  facet normal -0.60878 -0.793339 0
    outer loop
      vertex 3.89302 -9.50136 29
      vertex 4.01712 -9.59659 30
      vertex 3.89302 -9.50136 30
    endloop
  endfacet
  facet normal -0.60878 -0.793339 -0
    outer loop
      vertex 4.01712 -9.59659 30
      vertex 3.89302 -9.50136 29
      vertex 4.01712 -9.59659 29
    endloop
  endfacet
  facet normal -0.500176 -0.865924 0
    outer loop
      vertex 4.01712 -9.59659 29
      vertex 4.03973 -9.60965 30
      vertex 4.01712 -9.59659 30
    endloop
  endfacet
  facet normal -0.500176 -0.865924 -0
    outer loop
      vertex 4.03973 -9.60965 30
      vertex 4.01712 -9.59659 29
      vertex 4.03973 -9.60965 29
    endloop
  endfacet
  facet normal -0.382672 -0.923884 0
    outer loop
      vertex 4.03973 -9.60965 29
      vertex 4.18425 -9.66951 30
      vertex 4.03973 -9.60965 30
    endloop
  endfacet
  facet normal -0.382672 -0.923884 -0
    outer loop
      vertex 4.18425 -9.66951 30
      vertex 4.03973 -9.60965 29
      vertex 4.18425 -9.66951 29
    endloop
  endfacet
  facet normal -0.258902 -0.965904 0
    outer loop
      vertex 4.18425 -9.66951 29
      vertex 4.20947 -9.67627 30
      vertex 4.18425 -9.66951 30
    endloop
  endfacet
  facet normal -0.258902 -0.965904 -0
    outer loop
      vertex 4.20947 -9.67627 30
      vertex 4.18425 -9.66951 29
      vertex 4.20947 -9.67627 29
    endloop
  endfacet
  facet normal -0.130421 -0.991459 0
    outer loop
      vertex 4.20947 -9.67627 29
      vertex 4.36455 -9.69667 30
      vertex 4.20947 -9.67627 30
    endloop
  endfacet
  facet normal -0.130421 -0.991459 -0
    outer loop
      vertex 4.36455 -9.69667 30
      vertex 4.20947 -9.67627 29
      vertex 4.36455 -9.69667 29
    endloop
  endfacet
  facet normal 0 -1 0
    outer loop
      vertex 4.36455 -9.69667 29
      vertex 4.39064 -9.69667 30
      vertex 4.36455 -9.69667 30
    endloop
  endfacet
  facet normal 0 -1 -0
    outer loop
      vertex 4.39064 -9.69667 30
      vertex 4.36455 -9.69667 29
      vertex 4.39064 -9.69667 29
    endloop
  endfacet
  facet normal 0.130421 -0.991459 0
    outer loop
      vertex 4.39064 -9.69667 29
      vertex 4.54572 -9.67627 30
      vertex 4.39064 -9.69667 30
    endloop
  endfacet
  facet normal 0.130421 -0.991459 0
    outer loop
      vertex 4.54572 -9.67627 30
      vertex 4.39064 -9.69667 29
      vertex 4.54572 -9.67627 29
    endloop
  endfacet
  facet normal 0.258902 -0.965904 0
    outer loop
      vertex 4.54572 -9.67627 29
      vertex 4.57094 -9.66951 30
      vertex 4.54572 -9.67627 30
    endloop
  endfacet
  facet normal 0.258902 -0.965904 0
    outer loop
      vertex 4.57094 -9.66951 30
      vertex 4.54572 -9.67627 29
      vertex 4.57094 -9.66951 29
    endloop
  endfacet
  facet normal 0.382717 -0.923866 0
    outer loop
      vertex 4.57094 -9.66951 29
      vertex 4.71544 -9.60965 30
      vertex 4.57094 -9.66951 30
    endloop
  endfacet
  facet normal 0.382717 -0.923866 0
    outer loop
      vertex 4.71544 -9.60965 30
      vertex 4.57094 -9.66951 29
      vertex 4.71544 -9.60965 29
    endloop
  endfacet
  facet normal 0.500341 -0.865828 0
    outer loop
      vertex 4.71544 -9.60965 29
      vertex 4.73804 -9.59659 30
      vertex 4.71544 -9.60965 30
    endloop
  endfacet
  facet normal 0.500341 -0.865828 0
    outer loop
      vertex 4.73804 -9.59659 30
      vertex 4.71544 -9.60965 29
      vertex 4.73804 -9.59659 29
    endloop
  endfacet
  facet normal 0.60875 -0.793362 0
    outer loop
      vertex 4.73804 -9.59659 29
      vertex 4.86215 -9.50136 30
      vertex 4.73804 -9.59659 30
    endloop
  endfacet
  facet normal 0.60875 -0.793362 0
    outer loop
      vertex 4.86215 -9.50136 30
      vertex 4.73804 -9.59659 29
      vertex 4.86215 -9.50136 29
    endloop
  endfacet
  facet normal 0.706915 -0.707298 0
    outer loop
      vertex 4.86215 -9.50136 29
      vertex 4.88063 -9.48289 30
      vertex 4.86215 -9.50136 30
    endloop
  endfacet
  facet normal 0.706915 -0.707298 0
    outer loop
      vertex 4.88063 -9.48289 30
      vertex 4.86215 -9.50136 29
      vertex 4.88063 -9.48289 29
    endloop
  endfacet
  facet normal 0.793396 -0.608705 0
    outer loop
      vertex 4.88063 -9.48289 30
      vertex 4.97578 -9.35887 29
      vertex 4.97578 -9.35887 30
    endloop
  endfacet
  facet normal 0.793396 -0.608705 0
    outer loop
      vertex 4.97578 -9.35887 29
      vertex 4.88063 -9.48289 30
      vertex 4.88063 -9.48289 29
    endloop
  endfacet
  facet normal 0.865994 -0.500054 0
    outer loop
      vertex 4.97578 -9.35887 30
      vertex 4.98883 -9.33627 29
      vertex 4.98883 -9.33627 30
    endloop
  endfacet
  facet normal 0.865994 -0.500054 0
    outer loop
      vertex 4.98883 -9.33627 29
      vertex 4.97578 -9.35887 30
      vertex 4.97578 -9.35887 29
    endloop
  endfacet
  facet normal 0.923849 -0.382758 0
    outer loop
      vertex 4.98883 -9.33627 30
      vertex 5.04871 -9.19174 29
      vertex 5.04871 -9.19174 30
    endloop
  endfacet
  facet normal 0.923849 -0.382758 0
    outer loop
      vertex 5.04871 -9.19174 29
      vertex 4.98883 -9.33627 30
      vertex 4.98883 -9.33627 29
    endloop
  endfacet
  facet normal 0.965904 -0.258902 0
    outer loop
      vertex 5.04871 -9.19174 30
      vertex 5.05547 -9.16652 29
      vertex 5.05547 -9.16652 30
    endloop
  endfacet
  facet normal 0.965904 -0.258902 0
    outer loop
      vertex 5.05547 -9.16652 29
      vertex 5.04871 -9.19174 30
      vertex 5.04871 -9.19174 29
    endloop
  endfacet
  facet normal 0.991448 -0.130499 0
    outer loop
      vertex 5.05547 -9.16652 30
      vertex 5.07596 -9.01085 29
      vertex 5.07596 -9.01085 30
    endloop
  endfacet
  facet normal 0.991448 -0.130499 0
    outer loop
      vertex 5.07596 -9.01085 29
      vertex 5.05547 -9.16652 30
      vertex 5.05547 -9.16652 29
    endloop
  endfacet
  facet normal 0.999984 -0.00560889 0
    outer loop
      vertex 5.07596 -9.01085 30
      vertex 5.0761 -8.98589 29
      vertex 5.0761 -8.98589 30
    endloop
  endfacet
  facet normal 0.999984 -0.00560889 0
    outer loop
      vertex 5.0761 -8.98589 29
      vertex 5.07596 -9.01085 30
      vertex 5.07596 -9.01085 29
    endloop
  endfacet
  facet normal 0.992877 0.119147 0
    outer loop
      vertex 5.0761 -8.98589 30
      vertex 4.34799 -2.9184 29
      vertex 4.34799 -2.9184 30
    endloop
  endfacet
  facet normal 0.992877 0.119147 0
    outer loop
      vertex 4.34799 -2.9184 29
      vertex 5.0761 -8.98589 30
      vertex 5.0761 -8.98589 29
    endloop
  endfacet
  facet normal 0.991457 0.130433 0
    outer loop
      vertex 4.34799 -2.9184 30
      vertex 4.32587 -2.75026 29
      vertex 4.32587 -2.75026 30
    endloop
  endfacet
  facet normal 0.991457 0.130433 0
    outer loop
      vertex 4.32587 -2.75026 29
      vertex 4.34799 -2.9184 30
      vertex 4.34799 -2.9184 29
    endloop
  endfacet
  facet normal 0.965904 0.258902 0
    outer loop
      vertex 4.32587 -2.75026 30
      vertex 4.31911 -2.72504 29
      vertex 4.31911 -2.72504 30
    endloop
  endfacet
  facet normal 0.965904 0.258902 0
    outer loop
      vertex 4.31911 -2.72504 29
      vertex 4.32587 -2.75026 30
      vertex 4.32587 -2.75026 29
    endloop
  endfacet
  facet normal 0.923866 0.382717 0
    outer loop
      vertex 4.31911 -2.72504 30
      vertex 4.25925 -2.58054 29
      vertex 4.25925 -2.58054 30
    endloop
  endfacet
  facet normal 0.923866 0.382717 0
    outer loop
      vertex 4.25925 -2.58054 29
      vertex 4.31911 -2.72504 30
      vertex 4.31911 -2.72504 29
    endloop
  endfacet
  facet normal 0.86602 0.50001 0
    outer loop
      vertex 4.25925 -2.58054 30
      vertex 4.24619 -2.55792 29
      vertex 4.24619 -2.55792 30
    endloop
  endfacet
  facet normal 0.86602 0.50001 0
    outer loop
      vertex 4.24619 -2.55792 29
      vertex 4.25925 -2.58054 30
      vertex 4.25925 -2.58054 29
    endloop
  endfacet
  facet normal 0.793255 0.608889 0
    outer loop
      vertex 4.24619 -2.55792 30
      vertex 4.14404 -2.42484 29
      vertex 4.14404 -2.42484 30
    endloop
  endfacet
  facet normal 0.793255 0.608889 0
    outer loop
      vertex 4.14404 -2.42484 29
      vertex 4.24619 -2.55792 30
      vertex 4.24619 -2.55792 29
    endloop
  endfacet
  facet normal 0.781665 0.623698 0
    outer loop
      vertex 4.14404 -2.42484 30
      vertex 4.14175 -2.42197 29
      vertex 4.14175 -2.42197 30
    endloop
  endfacet
  facet normal 0.781665 0.623698 0
    outer loop
      vertex 4.14175 -2.42197 29
      vertex 4.14404 -2.42484 30
      vertex 4.14404 -2.42484 29
    endloop
  endfacet
  facet normal 0.770394 0.637569 0
    outer loop
      vertex 4.14175 -2.42197 30
      vertex 1.70068 0.527649 29
      vertex 1.70068 0.527649 30
    endloop
  endfacet
  facet normal 0.770394 0.637569 0
    outer loop
      vertex 1.70068 0.527649 29
      vertex 4.14175 -2.42197 30
      vertex 4.14175 -2.42197 29
    endloop
  endfacet
  facet normal -0.3085 -0.951224 0
    outer loop
      vertex 1.70068 0.527649 29
      vertex 5.09976 -0.574738 30
      vertex 1.70068 0.527649 30
    endloop
  endfacet
  facet normal -0.3085 -0.951224 -0
    outer loop
      vertex 5.09976 -0.574738 30
      vertex 1.70068 0.527649 29
      vertex 5.09976 -0.574738 29
    endloop
  endfacet
  facet normal -0.894429 -0.44721 0
    outer loop
      vertex 6.9287 -4.23265 29
      vertex 5.09976 -0.574738 30
      vertex 5.09976 -0.574738 29
    endloop
  endfacet
  facet normal -0.894429 -0.44721 0
    outer loop
      vertex 5.09976 -0.574738 30
      vertex 6.9287 -4.23265 29
      vertex 6.9287 -4.23265 30
    endloop
  endfacet
  facet normal -0.847762 -0.530376 0
    outer loop
      vertex 6.93881 -4.24881 29
      vertex 6.9287 -4.23265 30
      vertex 6.9287 -4.23265 29
    endloop
  endfacet
  facet normal -0.847762 -0.530376 0
    outer loop
      vertex 6.9287 -4.23265 30
      vertex 6.93881 -4.24881 29
      vertex 6.93881 -4.24881 30
    endloop
  endfacet
  facet normal -0.79336 -0.608753 0
    outer loop
      vertex 7.03622 -4.37576 29
      vertex 6.93881 -4.24881 30
      vertex 6.93881 -4.24881 29
    endloop
  endfacet
  facet normal -0.79336 -0.608753 0
    outer loop
      vertex 6.93881 -4.24881 30
      vertex 7.03622 -4.37576 29
      vertex 7.03622 -4.37576 30
    endloop
  endfacet
  facet normal -0.707107 -0.707107 0
    outer loop
      vertex 7.05469 -4.39423 29
      vertex 7.03622 -4.37576 30
      vertex 7.03622 -4.37576 29
    endloop
  endfacet
  facet normal -0.707107 -0.707107 0
    outer loop
      vertex 7.03622 -4.37576 30
      vertex 7.05469 -4.39423 29
      vertex 7.05469 -4.39423 30
    endloop
  endfacet
  facet normal -0.608705 -0.793396 0
    outer loop
      vertex 7.05469 -4.39423 29
      vertex 7.17871 -4.48938 30
      vertex 7.05469 -4.39423 30
    endloop
  endfacet
  facet normal -0.608705 -0.793396 -0
    outer loop
      vertex 7.17871 -4.48938 30
      vertex 7.05469 -4.39423 29
      vertex 7.17871 -4.48938 29
    endloop
  endfacet
  facet normal -0.500054 -0.865994 0
    outer loop
      vertex 7.17871 -4.48938 29
      vertex 7.20131 -4.50243 30
      vertex 7.17871 -4.48938 30
    endloop
  endfacet
  facet normal -0.500054 -0.865994 -0
    outer loop
      vertex 7.20131 -4.50243 30
      vertex 7.17871 -4.48938 29
      vertex 7.20131 -4.50243 29
    endloop
  endfacet
  facet normal -0.382704 -0.923871 0
    outer loop
      vertex 7.20131 -4.50243 29
      vertex 7.34584 -4.5623 30
      vertex 7.20131 -4.50243 30
    endloop
  endfacet
  facet normal -0.382704 -0.923871 -0
    outer loop
      vertex 7.34584 -4.5623 30
      vertex 7.20131 -4.50243 29
      vertex 7.34584 -4.5623 29
    endloop
  endfacet
  facet normal -0.258902 -0.965904 0
    outer loop
      vertex 7.34584 -4.5623 29
      vertex 7.37106 -4.56906 30
      vertex 7.34584 -4.5623 30
    endloop
  endfacet
  facet normal -0.258902 -0.965904 -0
    outer loop
      vertex 7.37106 -4.56906 30
      vertex 7.34584 -4.5623 29
      vertex 7.37106 -4.56906 29
    endloop
  endfacet
  facet normal -0.130413 -0.99146 0
    outer loop
      vertex 7.37106 -4.56906 29
      vertex 7.52615 -4.58946 30
      vertex 7.37106 -4.56906 30
    endloop
  endfacet
  facet normal -0.130413 -0.99146 -0
    outer loop
      vertex 7.52615 -4.58946 30
      vertex 7.37106 -4.56906 29
      vertex 7.52615 -4.58946 29
    endloop
  endfacet
  facet normal 0 -1 0
    outer loop
      vertex 7.52615 -4.58946 29
      vertex 7.55225 -4.58946 30
      vertex 7.52615 -4.58946 30
    endloop
  endfacet
  facet normal 0 -1 -0
    outer loop
      vertex 7.55225 -4.58946 30
      vertex 7.52615 -4.58946 29
      vertex 7.55225 -4.58946 29
    endloop
  endfacet
  facet normal 0.13043 -0.991458 0
    outer loop
      vertex 7.55225 -4.58946 29
      vertex 7.70732 -4.56906 30
      vertex 7.55225 -4.58946 30
    endloop
  endfacet
  facet normal 0.13043 -0.991458 0
    outer loop
      vertex 7.70732 -4.56906 30
      vertex 7.55225 -4.58946 29
      vertex 7.70732 -4.56906 29
    endloop
  endfacet
  facet normal 0.258902 -0.965904 0
    outer loop
      vertex 7.70732 -4.56906 29
      vertex 7.73254 -4.5623 30
      vertex 7.70732 -4.56906 30
    endloop
  endfacet
  facet normal 0.258902 -0.965904 0
    outer loop
      vertex 7.73254 -4.5623 30
      vertex 7.70732 -4.56906 29
      vertex 7.73254 -4.5623 29
    endloop
  endfacet
  facet normal 0.382681 -0.923881 0
    outer loop
      vertex 7.73254 -4.5623 29
      vertex 7.87708 -4.50243 30
      vertex 7.73254 -4.5623 30
    endloop
  endfacet
  facet normal 0.382681 -0.923881 0
    outer loop
      vertex 7.87708 -4.50243 30
      vertex 7.73254 -4.5623 29
      vertex 7.87708 -4.50243 29
    endloop
  endfacet
  facet normal 0.50022 -0.865898 0
    outer loop
      vertex 7.87708 -4.50243 29
      vertex 7.89967 -4.48938 30
      vertex 7.87708 -4.50243 30
    endloop
  endfacet
  facet normal 0.50022 -0.865898 0
    outer loop
      vertex 7.89967 -4.48938 30
      vertex 7.87708 -4.50243 29
      vertex 7.89967 -4.48938 29
    endloop
  endfacet
  facet normal 0.608675 -0.79342 0
    outer loop
      vertex 7.89967 -4.48938 29
      vertex 8.0237 -4.39423 30
      vertex 7.89967 -4.48938 30
    endloop
  endfacet
  facet normal 0.608675 -0.79342 0
    outer loop
      vertex 8.0237 -4.39423 30
      vertex 7.89967 -4.48938 29
      vertex 8.0237 -4.39423 29
    endloop
  endfacet
  facet normal 0.707298 -0.706915 0
    outer loop
      vertex 8.0237 -4.39423 30
      vertex 8.04216 -4.37576 29
      vertex 8.04216 -4.37576 30
    endloop
  endfacet
  facet normal 0.707298 -0.706915 0
    outer loop
      vertex 8.04216 -4.37576 29
      vertex 8.0237 -4.39423 30
      vertex 8.0237 -4.39423 29
    endloop
  endfacet
  facet normal 0.793339 -0.60878 0
    outer loop
      vertex 8.04216 -4.37576 30
      vertex 8.13739 -4.25166 29
      vertex 8.13739 -4.25166 30
    endloop
  endfacet
  facet normal 0.793339 -0.60878 0
    outer loop
      vertex 8.13739 -4.25166 29
      vertex 8.04216 -4.37576 30
      vertex 8.04216 -4.37576 29
    endloop
  endfacet
  facet normal 0.865924 -0.500176 0
    outer loop
      vertex 8.13739 -4.25166 30
      vertex 8.15045 -4.22905 29
      vertex 8.15045 -4.22905 30
    endloop
  endfacet
  facet normal 0.865924 -0.500176 0
    outer loop
      vertex 8.15045 -4.22905 29
      vertex 8.13739 -4.25166 30
      vertex 8.13739 -4.25166 29
    endloop
  endfacet
  facet normal 0.923866 -0.382717 0
    outer loop
      vertex 8.15045 -4.22905 30
      vertex 8.21031 -4.08455 29
      vertex 8.21031 -4.08455 30
    endloop
  endfacet
  facet normal 0.923866 -0.382717 0
    outer loop
      vertex 8.21031 -4.08455 29
      vertex 8.15045 -4.22905 30
      vertex 8.15045 -4.22905 29
    endloop
  endfacet
  facet normal 0.965904 -0.258902 0
    outer loop
      vertex 8.21031 -4.08455 30
      vertex 8.21707 -4.05933 29
      vertex 8.21707 -4.05933 30
    endloop
  endfacet
  facet normal 0.965904 -0.258902 0
    outer loop
      vertex 8.21707 -4.05933 29
      vertex 8.21031 -4.08455 30
      vertex 8.21031 -4.08455 29
    endloop
  endfacet
  facet normal 0.99146 -0.130413 0
    outer loop
      vertex 8.21707 -4.05933 30
      vertex 8.23747 -3.90424 29
      vertex 8.23747 -3.90424 30
    endloop
  endfacet
  facet normal 0.99146 -0.130413 0
    outer loop
      vertex 8.23747 -3.90424 29
      vertex 8.21707 -4.05933 30
      vertex 8.21707 -4.05933 29
    endloop
  endfacet
  facet normal 1 -0 0
    outer loop
      vertex 8.23747 -3.90424 30
      vertex 8.23747 -3.87814 29
      vertex 8.23747 -3.87814 30
    endloop
  endfacet
  facet normal 1 0 0
    outer loop
      vertex 8.23747 -3.87814 29
      vertex 8.23747 -3.90424 30
      vertex 8.23747 -3.90424 29
    endloop
  endfacet
  facet normal 0.991458 0.13043 0
    outer loop
      vertex 8.23747 -3.87814 30
      vertex 8.21707 -3.72307 29
      vertex 8.21707 -3.72307 30
    endloop
  endfacet
  facet normal 0.991458 0.13043 0
    outer loop
      vertex 8.21707 -3.72307 29
      vertex 8.23747 -3.87814 30
      vertex 8.23747 -3.87814 29
    endloop
  endfacet
  facet normal 0.965859 0.259068 0
    outer loop
      vertex 8.21707 -3.72307 30
      vertex 8.2103 -3.69783 29
      vertex 8.2103 -3.69783 30
    endloop
  endfacet
  facet normal 0.965859 0.259068 0
    outer loop
      vertex 8.2103 -3.69783 29
      vertex 8.21707 -3.72307 30
      vertex 8.21707 -3.72307 29
    endloop
  endfacet
  facet normal 0.923836 0.382788 0
    outer loop
      vertex 8.2103 -3.69783 30
      vertex 8.14676 -3.54448 29
      vertex 8.14676 -3.54448 30
    endloop
  endfacet
  facet normal 0.923836 0.382788 0
    outer loop
      vertex 8.14676 -3.54448 29
      vertex 8.2103 -3.69783 30
      vertex 8.2103 -3.69783 29
    endloop
  endfacet
  facet normal 0.910221 0.414122 0
    outer loop
      vertex 8.14676 -3.54448 30
      vertex 8.14383 -3.53804 29
      vertex 8.14383 -3.53804 30
    endloop
  endfacet
  facet normal 0.910221 0.414122 0
    outer loop
      vertex 8.14383 -3.53804 29
      vertex 8.14676 -3.54448 30
      vertex 8.14676 -3.54448 29
    endloop
  endfacet
  facet normal 0.894427 0.447213 0
    outer loop
      vertex 8.14383 -3.53804 30
      vertex 6.20409 0.341446 29
      vertex 6.20409 0.341446 30
    endloop
  endfacet
  facet normal 0.894427 0.447213 0
    outer loop
      vertex 6.20409 0.341446 29
      vertex 8.14383 -3.53804 30
      vertex 8.14383 -3.53804 29
    endloop
  endfacet
  facet normal 0.847512 0.530777 0
    outer loop
      vertex 6.20409 0.341446 30
      vertex 6.19397 0.357605 29
      vertex 6.19397 0.357605 30
    endloop
  endfacet
  facet normal 0.847512 0.530777 0
    outer loop
      vertex 6.19397 0.357605 29
      vertex 6.20409 0.341446 30
      vertex 6.20409 0.341446 29
    endloop
  endfacet
  facet normal 0.793328 0.608795 0
    outer loop
      vertex 6.19397 0.357605 30
      vertex 6.09657 0.484528 29
      vertex 6.09657 0.484528 30
    endloop
  endfacet
  facet normal 0.793328 0.608795 0
    outer loop
      vertex 6.09657 0.484528 29
      vertex 6.19397 0.357605 30
      vertex 6.19397 0.357605 29
    endloop
  endfacet
  facet normal 0.707049 0.707164 0
    outer loop
      vertex 6.09657 0.484528 30
      vertex 6.07812 0.502975 29
      vertex 6.07812 0.502975 30
    endloop
  endfacet
  facet normal 0.707049 0.707164 0
    outer loop
      vertex 6.07812 0.502975 29
      vertex 6.09657 0.484528 30
      vertex 6.09657 0.484528 29
    endloop
  endfacet
  facet normal 0.608844 0.79329 -0
    outer loop
      vertex 6.07812 0.502975 29
      vertex 5.95406 0.59819 30
      vertex 6.07812 0.502975 30
    endloop
  endfacet
  facet normal 0.608844 0.79329 0
    outer loop
      vertex 5.95406 0.59819 30
      vertex 6.07812 0.502975 29
      vertex 5.95406 0.59819 29
    endloop
  endfacet
  facet normal 0.500067 0.865987 -0
    outer loop
      vertex 5.95406 0.59819 29
      vertex 5.93144 0.611252 30
      vertex 5.95406 0.59819 30
    endloop
  endfacet
  facet normal 0.500067 0.865987 0
    outer loop
      vertex 5.93144 0.611252 30
      vertex 5.95406 0.59819 29
      vertex 5.93144 0.611252 29
    endloop
  endfacet
  facet normal 0.382651 0.923893 -0
    outer loop
      vertex 5.93144 0.611252 29
      vertex 5.7784 0.674637 30
      vertex 5.93144 0.611252 30
    endloop
  endfacet
  facet normal 0.382651 0.923893 0
    outer loop
      vertex 5.7784 0.674637 30
      vertex 5.93144 0.611252 29
      vertex 5.7784 0.674637 29
    endloop
  endfacet
  facet normal 0.345406 0.938453 -0
    outer loop
      vertex 5.7784 0.674637 29
      vertex 5.77098 0.677368 30
      vertex 5.7784 0.674637 30
    endloop
  endfacet
  facet normal 0.345406 0.938453 0
    outer loop
      vertex 5.77098 0.677368 30
      vertex 5.7784 0.674637 29
      vertex 5.77098 0.677368 29
    endloop
  endfacet
  facet normal 0.308507 0.951222 -0
    outer loop
      vertex 5.77098 0.677368 29
      vertex 1.90302 1.93185 30
      vertex 5.77098 0.677368 30
    endloop
  endfacet
  facet normal 0.308507 0.951222 0
    outer loop
      vertex 1.90302 1.93185 30
      vertex 5.77098 0.677368 29
      vertex 1.90302 1.93185 29
    endloop
  endfacet
  facet normal 0.980615 -0.195942 0
    outer loop
      vertex 1.90302 1.93185 30
      vertex 1.90735 1.95352 29
      vertex 1.90735 1.95352 30
    endloop
  endfacet
  facet normal 0.980615 -0.195942 0
    outer loop
      vertex 1.90735 1.95352 29
      vertex 1.90302 1.93185 30
      vertex 1.90302 1.93185 29
    endloop
  endfacet
  facet normal 0.987457 -0.15789 0
    outer loop
      vertex 1.90735 1.95352 30
      vertex 1.90857 1.96115 29
      vertex 1.90857 1.96115 30
    endloop
  endfacet
  facet normal 0.987457 -0.15789 0
    outer loop
      vertex 1.90857 1.96115 29
      vertex 1.90735 1.95352 30
      vertex 1.90735 1.95352 29
    endloop
  endfacet
  facet normal 0.308504 -0.951223 0
    outer loop
      vertex 1.90857 1.96115 29
      vertex 5.77098 3.21382 30
      vertex 1.90857 1.96115 30
    endloop
  endfacet
  facet normal 0.308504 -0.951223 0
    outer loop
      vertex 5.77098 3.21382 30
      vertex 1.90857 1.96115 29
      vertex 5.77098 3.21382 29
    endloop
  endfacet
  facet normal 0.345295 -0.938494 0
    outer loop
      vertex 5.77098 3.21382 29
      vertex 5.7784 3.21655 30
      vertex 5.77098 3.21382 30
    endloop
  endfacet
  facet normal 0.345295 -0.938494 0
    outer loop
      vertex 5.7784 3.21655 30
      vertex 5.77098 3.21382 29
      vertex 5.7784 3.21655 29
    endloop
  endfacet
  facet normal 0.382677 -0.923882 0
    outer loop
      vertex 5.7784 3.21655 29
      vertex 5.93144 3.27994 30
      vertex 5.7784 3.21655 30
    endloop
  endfacet
  facet normal 0.382677 -0.923882 0
    outer loop
      vertex 5.93144 3.27994 30
      vertex 5.7784 3.21655 29
      vertex 5.93144 3.27994 29
    endloop
  endfacet
  facet normal 0.50001 -0.86602 0
    outer loop
      vertex 5.93144 3.27994 29
      vertex 5.95406 3.293 30
      vertex 5.93144 3.27994 30
    endloop
  endfacet
  facet normal 0.50001 -0.86602 0
    outer loop
      vertex 5.95406 3.293 30
      vertex 5.93144 3.27994 29
      vertex 5.95406 3.293 29
    endloop
  endfacet
  facet normal 0.608823 -0.793306 0
    outer loop
      vertex 5.95406 3.293 29
      vertex 6.07812 3.38821 30
      vertex 5.95406 3.293 30
    endloop
  endfacet
  facet normal 0.608823 -0.793306 0
    outer loop
      vertex 6.07812 3.38821 30
      vertex 5.95406 3.293 29
      vertex 6.07812 3.38821 29
    endloop
  endfacet
  facet normal 0.707107 -0.707107 0
    outer loop
      vertex 6.07812 3.38821 30
      vertex 6.09657 3.40666 29
      vertex 6.09657 3.40666 30
    endloop
  endfacet
  facet normal 0.707107 -0.707107 0
    outer loop
      vertex 6.09657 3.40666 29
      vertex 6.07812 3.38821 30
      vertex 6.07812 3.38821 29
    endloop
  endfacet
  facet normal 0.793285 -0.608851 0
    outer loop
      vertex 6.09657 3.40666 30
      vertex 6.19478 3.53462 29
      vertex 6.19478 3.53462 30
    endloop
  endfacet
  facet normal 0.793285 -0.608851 0
    outer loop
      vertex 6.19478 3.53462 29
      vertex 6.09657 3.40666 30
      vertex 6.09657 3.40666 29
    endloop
  endfacet
  facet normal 0.840645 -0.541587 0
    outer loop
      vertex 6.19478 3.53462 30
      vertex 6.20369 3.54845 29
      vertex 6.20369 3.54845 30
    endloop
  endfacet
  facet normal 0.840645 -0.541587 0
    outer loop
      vertex 6.20369 3.54845 29
      vertex 6.19478 3.53462 30
      vertex 6.19478 3.53462 29
    endloop
  endfacet
  facet normal 0.882354 -0.470586 0
    outer loop
      vertex 6.20369 3.54845 30
      vertex 8.14313 7.18492 29
      vertex 8.14313 7.18492 30
    endloop
  endfacet
  facet normal 0.882354 -0.470586 0
    outer loop
      vertex 8.14313 7.18492 29
      vertex 6.20369 3.54845 30
      vertex 6.20369 3.54845 29
    endloop
  endfacet
  facet normal 0.904889 -0.425648 0
    outer loop
      vertex 8.14313 7.18492 30
      vertex 8.14726 7.1937 29
      vertex 8.14726 7.1937 30
    endloop
  endfacet
  facet normal 0.904889 -0.425648 0
    outer loop
      vertex 8.14726 7.1937 29
      vertex 8.14313 7.18492 30
      vertex 8.14313 7.18492 29
    endloop
  endfacet
  facet normal 0.923824 -0.382817 0
    outer loop
      vertex 8.14726 7.1937 30
      vertex 8.2103 7.34583 29
      vertex 8.2103 7.34583 30
    endloop
  endfacet
  facet normal 0.923824 -0.382817 0
    outer loop
      vertex 8.2103 7.34583 29
      vertex 8.14726 7.1937 30
      vertex 8.14726 7.1937 29
    endloop
  endfacet
  facet normal 0.965833 -0.259163 0
    outer loop
      vertex 8.2103 7.34583 30
      vertex 8.21707 7.37106 29
      vertex 8.21707 7.37106 30
    endloop
  endfacet
  facet normal 0.965833 -0.259163 0
    outer loop
      vertex 8.21707 7.37106 29
      vertex 8.2103 7.34583 30
      vertex 8.2103 7.34583 29
    endloop
  endfacet
  facet normal 0.99146 -0.130413 0
    outer loop
      vertex 8.21707 7.37106 30
      vertex 8.23747 7.52615 29
      vertex 8.23747 7.52615 30
    endloop
  endfacet
  facet normal 0.99146 -0.130413 0
    outer loop
      vertex 8.23747 7.52615 29
      vertex 8.21707 7.37106 30
      vertex 8.21707 7.37106 29
    endloop
  endfacet
  facet normal 1 -0 0
    outer loop
      vertex 8.23747 7.52615 30
      vertex 8.23747 7.55225 29
      vertex 8.23747 7.55225 30
    endloop
  endfacet
  facet normal 1 0 0
    outer loop
      vertex 8.23747 7.55225 29
      vertex 8.23747 7.52615 30
      vertex 8.23747 7.52615 29
    endloop
  endfacet
  facet normal 0.991458 0.13043 0
    outer loop
      vertex 8.23747 7.55225 30
      vertex 8.21707 7.70732 29
      vertex 8.21707 7.70732 30
    endloop
  endfacet
  facet normal 0.991458 0.13043 0
    outer loop
      vertex 8.21707 7.70732 29
      vertex 8.23747 7.55225 30
      vertex 8.23747 7.55225 29
    endloop
  endfacet
  facet normal 0.965904 0.258902 0
    outer loop
      vertex 8.21707 7.70732 30
      vertex 8.21031 7.73254 29
      vertex 8.21031 7.73254 30
    endloop
  endfacet
  facet normal 0.965904 0.258902 0
    outer loop
      vertex 8.21031 7.73254 29
      vertex 8.21707 7.70732 30
      vertex 8.21707 7.70732 29
    endloop
  endfacet
  facet normal 0.923866 0.382717 0
    outer loop
      vertex 8.21031 7.73254 30
      vertex 8.15045 7.87704 29
      vertex 8.15045 7.87704 30
    endloop
  endfacet
  facet normal 0.923866 0.382717 0
    outer loop
      vertex 8.15045 7.87704 29
      vertex 8.21031 7.73254 30
      vertex 8.21031 7.73254 29
    endloop
  endfacet
  facet normal 0.86602 0.50001 0
    outer loop
      vertex 8.15045 7.87704 30
      vertex 8.13739 7.89966 29
      vertex 8.13739 7.89966 30
    endloop
  endfacet
  facet normal 0.86602 0.50001 0
    outer loop
      vertex 8.13739 7.89966 29
      vertex 8.15045 7.87704 30
      vertex 8.15045 7.87704 29
    endloop
  endfacet
  facet normal 0.793329 0.608793 0
    outer loop
      vertex 8.13739 7.89966 30
      vertex 8.04218 8.02373 29
      vertex 8.04218 8.02373 30
    endloop
  endfacet
  facet normal 0.793329 0.608793 0
    outer loop
      vertex 8.04218 8.02373 29
      vertex 8.13739 7.89966 30
      vertex 8.13739 7.89966 29
    endloop
  endfacet
  facet normal 0.707107 0.707107 0
    outer loop
      vertex 8.04218 8.02373 30
      vertex 8.02373 8.04218 29
      vertex 8.02373 8.04218 30
    endloop
  endfacet
  facet normal 0.707107 0.707107 0
    outer loop
      vertex 8.02373 8.04218 29
      vertex 8.04218 8.02373 30
      vertex 8.04218 8.02373 29
    endloop
  endfacet
  facet normal 0.608793 0.793329 -0
    outer loop
      vertex 8.02373 8.04218 29
      vertex 7.89966 8.13739 30
      vertex 8.02373 8.04218 30
    endloop
  endfacet
  facet normal 0.608793 0.793329 0
    outer loop
      vertex 7.89966 8.13739 30
      vertex 8.02373 8.04218 29
      vertex 7.89966 8.13739 29
    endloop
  endfacet
  facet normal 0.50001 0.86602 -0
    outer loop
      vertex 7.89966 8.13739 29
      vertex 7.87704 8.15045 30
      vertex 7.89966 8.13739 30
    endloop
  endfacet
  facet normal 0.50001 0.86602 0
    outer loop
      vertex 7.87704 8.15045 30
      vertex 7.89966 8.13739 29
      vertex 7.87704 8.15045 29
    endloop
  endfacet
  facet normal 0.382717 0.923866 -0
    outer loop
      vertex 7.87704 8.15045 29
      vertex 7.73254 8.21031 30
      vertex 7.87704 8.15045 30
    endloop
  endfacet
  facet normal 0.382717 0.923866 0
    outer loop
      vertex 7.73254 8.21031 30
      vertex 7.87704 8.15045 29
      vertex 7.73254 8.21031 29
    endloop
  endfacet
  facet normal 0.258902 0.965904 -0
    outer loop
      vertex 7.73254 8.21031 29
      vertex 7.70732 8.21707 30
      vertex 7.73254 8.21031 30
    endloop
  endfacet
  facet normal 0.258902 0.965904 0
    outer loop
      vertex 7.70732 8.21707 30
      vertex 7.73254 8.21031 29
      vertex 7.70732 8.21707 29
    endloop
  endfacet
  facet normal 0.13043 0.991458 -0
    outer loop
      vertex 7.70732 8.21707 29
      vertex 7.55225 8.23747 30
      vertex 7.70732 8.21707 30
    endloop
  endfacet
  facet normal 0.13043 0.991458 0
    outer loop
      vertex 7.55225 8.23747 30
      vertex 7.70732 8.21707 29
      vertex 7.55225 8.23747 29
    endloop
  endfacet
  facet normal 0 1 -0
    outer loop
      vertex 7.55225 8.23747 29
      vertex 7.52615 8.23747 30
      vertex 7.55225 8.23747 30
    endloop
  endfacet
  facet normal 0 1 0
    outer loop
      vertex 7.52615 8.23747 30
      vertex 7.55225 8.23747 29
      vertex 7.52615 8.23747 29
    endloop
  endfacet
  facet normal -0.130413 0.99146 0
    outer loop
      vertex 7.52615 8.23747 29
      vertex 7.37106 8.21707 30
      vertex 7.52615 8.23747 30
    endloop
  endfacet
  facet normal -0.130413 0.99146 0
    outer loop
      vertex 7.37106 8.21707 30
      vertex 7.52615 8.23747 29
      vertex 7.37106 8.21707 29
    endloop
  endfacet
  facet normal -0.258902 0.965904 0
    outer loop
      vertex 7.37106 8.21707 29
      vertex 7.34584 8.21031 30
      vertex 7.37106 8.21707 30
    endloop
  endfacet
  facet normal -0.258902 0.965904 0
    outer loop
      vertex 7.34584 8.21031 30
      vertex 7.37106 8.21707 29
      vertex 7.34584 8.21031 29
    endloop
  endfacet
  facet normal -0.382717 0.923866 0
    outer loop
      vertex 7.34584 8.21031 29
      vertex 7.20134 8.15045 30
      vertex 7.34584 8.21031 30
    endloop
  endfacet
  facet normal -0.382717 0.923866 0
    outer loop
      vertex 7.20134 8.15045 30
      vertex 7.34584 8.21031 29
      vertex 7.20134 8.15045 29
    endloop
  endfacet
  facet normal -0.500176 0.865924 0
    outer loop
      vertex 7.20134 8.15045 29
      vertex 7.17873 8.13739 30
      vertex 7.20134 8.15045 30
    endloop
  endfacet
  facet normal -0.500176 0.865924 0
    outer loop
      vertex 7.17873 8.13739 30
      vertex 7.20134 8.15045 29
      vertex 7.17873 8.13739 29
    endloop
  endfacet
  facet normal -0.608793 0.793329 0
    outer loop
      vertex 7.17873 8.13739 29
      vertex 7.05466 8.04218 30
      vertex 7.17873 8.13739 30
    endloop
  endfacet
  facet normal -0.608793 0.793329 0
    outer loop
      vertex 7.05466 8.04218 30
      vertex 7.17873 8.13739 29
      vertex 7.05466 8.04218 29
    endloop
  endfacet
  facet normal -0.707107 0.707107 0
    outer loop
      vertex 7.03621 8.02373 29
      vertex 7.05466 8.04218 30
      vertex 7.05466 8.04218 29
    endloop
  endfacet
  facet normal -0.707107 0.707107 0
    outer loop
      vertex 7.05466 8.04218 30
      vertex 7.03621 8.02373 29
      vertex 7.03621 8.02373 30
    endloop
  endfacet
  facet normal -0.793285 0.608851 0
    outer loop
      vertex 6.938 7.89577 29
      vertex 7.03621 8.02373 30
      vertex 7.03621 8.02373 29
    endloop
  endfacet
  facet normal -0.793285 0.608851 0
    outer loop
      vertex 7.03621 8.02373 30
      vertex 6.938 7.89577 29
      vertex 6.938 7.89577 30
    endloop
  endfacet
  facet normal -0.840645 0.541587 0
    outer loop
      vertex 6.92909 7.88194 29
      vertex 6.938 7.89577 30
      vertex 6.938 7.89577 29
    endloop
  endfacet
  facet normal -0.840645 0.541587 0
    outer loop
      vertex 6.938 7.89577 30
      vertex 6.92909 7.88194 29
      vertex 6.92909 7.88194 30
    endloop
  endfacet
  facet normal -0.882356 0.470583 0
    outer loop
      vertex 5.10881 4.46887 29
      vertex 6.92909 7.88194 30
      vertex 6.92909 7.88194 29
    endloop
  endfacet
  facet normal -0.882356 0.470583 0
    outer loop
      vertex 6.92909 7.88194 30
      vertex 5.10881 4.46887 29
      vertex 5.10881 4.46887 30
    endloop
  endfacet
  facet normal -0.308503 0.951223 0
    outer loop
      vertex 5.10881 4.46887 29
      vertex 2.14041 3.50615 30
      vertex 5.10881 4.46887 30
    endloop
  endfacet
  facet normal -0.308503 0.951223 0
    outer loop
      vertex 2.14041 3.50615 30
      vertex 5.10881 4.46887 29
      vertex 2.14041 3.50615 29
    endloop
  endfacet
  facet normal 0.675725 -0.737154 0
    outer loop
      vertex 2.14041 3.50615 29
      vertex 4.13649 5.33589 30
      vertex 2.14041 3.50615 30
    endloop
  endfacet
  facet normal 0.675725 -0.737154 0
    outer loop
      vertex 4.13649 5.33589 30
      vertex 2.14041 3.50615 29
      vertex 4.13649 5.33589 29
    endloop
  endfacet
  facet normal 0.737178 -0.675699 0
    outer loop
      vertex 4.13649 5.33589 30
      vertex 4.14825 5.34872 29
      vertex 4.14825 5.34872 30
    endloop
  endfacet
  facet normal 0.737178 -0.675699 0
    outer loop
      vertex 4.14825 5.34872 29
      vertex 4.13649 5.33589 30
      vertex 4.13649 5.33589 29
    endloop
  endfacet
  facet normal 0.793266 -0.608875 0
    outer loop
      vertex 4.14825 5.34872 30
      vertex 4.24619 5.47632 29
      vertex 4.24619 5.47632 30
    endloop
  endfacet
  facet normal 0.793266 -0.608875 0
    outer loop
      vertex 4.24619 5.47632 29
      vertex 4.14825 5.34872 30
      vertex 4.14825 5.34872 29
    endloop
  endfacet
  facet normal 0.865924 -0.500176 0
    outer loop
      vertex 4.24619 5.47632 30
      vertex 4.25925 5.49893 29
      vertex 4.25925 5.49893 30
    endloop
  endfacet
  facet normal 0.865924 -0.500176 0
    outer loop
      vertex 4.25925 5.49893 29
      vertex 4.24619 5.47632 30
      vertex 4.24619 5.47632 29
    endloop
  endfacet
  facet normal 0.923889 -0.382662 0
    outer loop
      vertex 4.25925 5.49893 30
      vertex 4.31963 5.64471 29
      vertex 4.31963 5.64471 30
    endloop
  endfacet
  facet normal 0.923889 -0.382662 0
    outer loop
      vertex 4.31963 5.64471 29
      vertex 4.25925 5.49893 30
      vertex 4.25925 5.49893 29
    endloop
  endfacet
  facet normal 0.962748 -0.270401 0
    outer loop
      vertex 4.31963 5.64471 30
      vertex 4.326 5.66739 29
      vertex 4.326 5.66739 30
    endloop
  endfacet
  facet normal 0.962748 -0.270401 0
    outer loop
      vertex 4.326 5.66739 29
      vertex 4.31963 5.64471 30
      vertex 4.31963 5.64471 29
    endloop
  endfacet
  facet normal 0.987763 -0.155959 0
    outer loop
      vertex 4.326 5.66739 30
      vertex 5.05385 10.2772 29
      vertex 5.05385 10.2772 30
    endloop
  endfacet
  facet normal 0.987763 -0.155959 0
    outer loop
      vertex 5.05385 10.2772 29
      vertex 4.326 5.66739 30
      vertex 4.326 5.66739 29
    endloop
  endfacet
  facet normal 0.991449 -0.130494 0
    outer loop
      vertex 5.05385 10.2772 30
      vertex 5.07587 10.4445 29
      vertex 5.07587 10.4445 30
    endloop
  endfacet
  facet normal 0.991449 -0.130494 0
    outer loop
      vertex 5.07587 10.4445 29
      vertex 5.05385 10.2772 30
      vertex 5.05385 10.2772 29
    endloop
  endfacet
  facet normal 1 -0 0
    outer loop
      vertex 5.07587 10.4445 30
      vertex 5.07587 10.4706 29
      vertex 5.07587 10.4706 30
    endloop
  endfacet
  facet normal 1 0 0
    outer loop
      vertex 5.07587 10.4706 29
      vertex 5.07587 10.4445 30
      vertex 5.07587 10.4445 29
    endloop
  endfacet
  facet normal 0.991461 0.130405 0
    outer loop
      vertex 5.07587 10.4706 30
      vertex 5.05547 10.6257 29
      vertex 5.05547 10.6257 30
    endloop
  endfacet
  facet normal 0.991461 0.130405 0
    outer loop
      vertex 5.05547 10.6257 29
      vertex 5.07587 10.4706 30
      vertex 5.07587 10.4706 29
    endloop
  endfacet
  facet normal 0.965852 0.259094 0
    outer loop
      vertex 5.05547 10.6257 30
      vertex 5.04871 10.6509 29
      vertex 5.04871 10.6509 30
    endloop
  endfacet
  facet normal 0.965852 0.259094 0
    outer loop
      vertex 5.04871 10.6509 29
      vertex 5.05547 10.6257 30
      vertex 5.05547 10.6257 29
    endloop
  endfacet
  facet normal 0.923914 0.3826 0
    outer loop
      vertex 5.04871 10.6509 30
      vertex 4.98883 10.7955 29
      vertex 4.98883 10.7955 30
    endloop
  endfacet
  facet normal 0.923914 0.3826 0
    outer loop
      vertex 4.98883 10.7955 29
      vertex 5.04871 10.6509 30
      vertex 5.04871 10.6509 29
    endloop
  endfacet
  facet normal 0.865994 0.500054 0
    outer loop
      vertex 4.98883 10.7955 30
      vertex 4.97578 10.8181 29
      vertex 4.97578 10.8181 30
    endloop
  endfacet
  facet normal 0.865994 0.500054 0
    outer loop
      vertex 4.97578 10.8181 29
      vertex 4.98883 10.7955 30
      vertex 4.98883 10.7955 29
    endloop
  endfacet
  facet normal 0.793349 0.608767 0
    outer loop
      vertex 4.97578 10.8181 30
      vertex 4.88063 10.9421 29
      vertex 4.88063 10.9421 30
    endloop
  endfacet
  facet normal 0.793349 0.608767 0
    outer loop
      vertex 4.88063 10.9421 29
      vertex 4.97578 10.8181 30
      vertex 4.97578 10.8181 29
    endloop
  endfacet
  facet normal 0.707489 0.706724 -0
    outer loop
      vertex 4.88063 10.9421 29
      vertex 4.86215 10.9606 30
      vertex 4.88063 10.9421 30
    endloop
  endfacet
  facet normal 0.707489 0.706724 0
    outer loop
      vertex 4.86215 10.9606 30
      vertex 4.88063 10.9421 29
      vertex 4.86215 10.9606 29
    endloop
  endfacet
  facet normal 0.608629 0.793455 -0
    outer loop
      vertex 4.86215 10.9606 29
      vertex 4.73804 11.0558 30
      vertex 4.86215 10.9606 30
    endloop
  endfacet
  facet normal 0.608629 0.793455 0
    outer loop
      vertex 4.73804 11.0558 30
      vertex 4.86215 10.9606 29
      vertex 4.73804 11.0558 29
    endloop
  endfacet
  facet normal 0.498615 0.866823 -0
    outer loop
      vertex 4.73804 11.0558 29
      vertex 4.71544 11.0688 30
      vertex 4.73804 11.0558 30
    endloop
  endfacet
  facet normal 0.498615 0.866823 0
    outer loop
      vertex 4.71544 11.0688 30
      vertex 4.73804 11.0558 29
      vertex 4.71544 11.0688 29
    endloop
  endfacet
  facet normal 0.382935 0.923775 -0
    outer loop
      vertex 4.71544 11.0688 29
      vertex 4.57094 11.1287 30
      vertex 4.71544 11.0688 30
    endloop
  endfacet
  facet normal 0.382935 0.923775 0
    outer loop
      vertex 4.57094 11.1287 30
      vertex 4.71544 11.0688 29
      vertex 4.57094 11.1287 29
    endloop
  endfacet
  facet normal 0.26033 0.96552 -0
    outer loop
      vertex 4.57094 11.1287 29
      vertex 4.54572 11.1355 30
      vertex 4.57094 11.1287 30
    endloop
  endfacet
  facet normal 0.26033 0.96552 0
    outer loop
      vertex 4.54572 11.1355 30
      vertex 4.57094 11.1287 29
      vertex 4.54572 11.1355 29
    endloop
  endfacet
  facet normal 0.130421 0.991459 -0
    outer loop
      vertex 4.54572 11.1355 29
      vertex 4.39064 11.1559 30
      vertex 4.54572 11.1355 30
    endloop
  endfacet
  facet normal 0.130421 0.991459 0
    outer loop
      vertex 4.39064 11.1559 30
      vertex 4.54572 11.1355 29
      vertex 4.39064 11.1559 29
    endloop
  endfacet
  facet normal 0 1 -0
    outer loop
      vertex 4.39064 11.1559 29
      vertex 4.36455 11.1559 30
      vertex 4.39064 11.1559 30
    endloop
  endfacet
  facet normal 0 1 0
    outer loop
      vertex 4.36455 11.1559 30
      vertex 4.39064 11.1559 29
      vertex 4.36455 11.1559 29
    endloop
  endfacet
  facet normal -0.130421 0.991459 0
    outer loop
      vertex 4.36455 11.1559 29
      vertex 4.20947 11.1355 30
      vertex 4.36455 11.1559 30
    endloop
  endfacet
  facet normal -0.130421 0.991459 0
    outer loop
      vertex 4.20947 11.1355 30
      vertex 4.36455 11.1559 29
      vertex 4.20947 11.1355 29
    endloop
  endfacet
  facet normal -0.26033 0.96552 0
    outer loop
      vertex 4.20947 11.1355 29
      vertex 4.18425 11.1287 30
      vertex 4.20947 11.1355 30
    endloop
  endfacet
  facet normal -0.26033 0.96552 0
    outer loop
      vertex 4.18425 11.1287 30
      vertex 4.20947 11.1355 29
      vertex 4.18425 11.1287 29
    endloop
  endfacet
  facet normal -0.38289 0.923794 0
    outer loop
      vertex 4.18425 11.1287 29
      vertex 4.03973 11.0688 30
      vertex 4.18425 11.1287 30
    endloop
  endfacet
  facet normal -0.38289 0.923794 0
    outer loop
      vertex 4.03973 11.0688 30
      vertex 4.18425 11.1287 29
      vertex 4.03973 11.0688 29
    endloop
  endfacet
  facet normal -0.49845 0.866919 0
    outer loop
      vertex 4.03973 11.0688 29
      vertex 4.01712 11.0558 30
      vertex 4.03973 11.0688 30
    endloop
  endfacet
  facet normal -0.49845 0.866919 0
    outer loop
      vertex 4.01712 11.0558 30
      vertex 4.03973 11.0688 29
      vertex 4.01712 11.0558 29
    endloop
  endfacet
  facet normal -0.60866 0.793431 0
    outer loop
      vertex 4.01712 11.0558 29
      vertex 3.89302 10.9606 30
      vertex 4.01712 11.0558 30
    endloop
  endfacet
  facet normal -0.60866 0.793431 0
    outer loop
      vertex 3.89302 10.9606 30
      vertex 4.01712 11.0558 29
      vertex 3.89302 10.9606 29
    endloop
  endfacet
  facet normal -0.707872 0.706341 0
    outer loop
      vertex 3.87456 10.9421 29
      vertex 3.89302 10.9606 30
      vertex 3.89302 10.9606 29
    endloop
  endfacet
  facet normal -0.707872 0.706341 0
    outer loop
      vertex 3.89302 10.9606 30
      vertex 3.87456 10.9421 29
      vertex 3.87456 10.9421 30
    endloop
  endfacet
  facet normal -0.793318 0.608808 0
    outer loop
      vertex 3.7794 10.8181 29
      vertex 3.87456 10.9421 30
      vertex 3.87456 10.9421 29
    endloop
  endfacet
  facet normal -0.793318 0.608808 0
    outer loop
      vertex 3.87456 10.9421 30
      vertex 3.7794 10.8181 29
      vertex 3.7794 10.8181 30
    endloop
  endfacet
  facet normal -0.86616 0.499767 0
    outer loop
      vertex 3.76636 10.7955 29
      vertex 3.7794 10.8181 30
      vertex 3.7794 10.8181 29
    endloop
  endfacet
  facet normal -0.86616 0.499767 0
    outer loop
      vertex 3.7794 10.8181 30
      vertex 3.76636 10.7955 29
      vertex 3.76636 10.7955 30
    endloop
  endfacet
  facet normal -0.923862 0.382725 0
    outer loop
      vertex 3.70596 10.6497 29
      vertex 3.76636 10.7955 30
      vertex 3.76636 10.7955 29
    endloop
  endfacet
  facet normal -0.923862 0.382725 0
    outer loop
      vertex 3.76636 10.7955 30
      vertex 3.70596 10.6497 29
      vertex 3.70596 10.6497 30
    endloop
  endfacet
  facet normal -0.962699 0.270574 0
    outer loop
      vertex 3.69958 10.627 29
      vertex 3.70596 10.6497 30
      vertex 3.70596 10.6497 29
    endloop
  endfacet
  facet normal -0.962699 0.270574 0
    outer loop
      vertex 3.70596 10.6497 30
      vertex 3.69958 10.627 29
      vertex 3.69958 10.627 30
    endloop
  endfacet
  facet normal -0.987764 0.155959 0
    outer loop
      vertex 2.99913 6.1907 29
      vertex 3.69958 10.627 30
      vertex 3.69958 10.627 29
    endloop
  endfacet
  facet normal -0.987764 0.155959 0
    outer loop
      vertex 3.69958 10.627 30
      vertex 2.99913 6.1907 29
      vertex 2.99913 6.1907 30
    endloop
  endfacet
  facet normal -0.675726 0.737153 0
    outer loop
      vertex 2.99913 6.1907 29
      vertex 1.09264 4.44308 30
      vertex 2.99913 6.1907 30
    endloop
  endfacet
  facet normal -0.675726 0.737153 0
    outer loop
      vertex 1.09264 4.44308 30
      vertex 2.99913 6.1907 29
      vertex 1.09264 4.44308 29
    endloop
  endfacet
  facet normal 0.679966 0.733244 -0
    outer loop
      vertex 1.09264 4.44308 29
      vertex 1.08452 4.45061 30
      vertex 1.09264 4.44308 30
    endloop
  endfacet
  facet normal 0.679966 0.733244 0
    outer loop
      vertex 1.08452 4.45061 30
      vertex 1.09264 4.44308 29
      vertex 1.08452 4.45061 29
    endloop
  endfacet
  facet normal 0.639046 0.769169 -0
    outer loop
      vertex 1.08452 4.45061 29
      vertex 1.07654 4.45724 30
      vertex 1.08452 4.45061 30
    endloop
  endfacet
  facet normal 0.639046 0.769169 0
    outer loop
      vertex 1.07654 4.45724 30
      vertex 1.08452 4.45061 29
      vertex 1.07654 4.45724 29
    endloop
  endfacet
  facet normal 0.600037 0.799972 -0
    outer loop
      vertex 1.07654 4.45724 29
      vertex 1.04221 4.48299 30
      vertex 1.07654 4.45724 30
    endloop
  endfacet
  facet normal 0.600037 0.799972 0
    outer loop
      vertex 1.04221 4.48299 30
      vertex 1.07654 4.45724 29
      vertex 1.04221 4.48299 29
    endloop
  endfacet
  facet normal 0.83169 -0.555241 0
    outer loop
      vertex 1.04221 4.48299 30
      vertex 1.04932 4.49364 29
      vertex 1.04932 4.49364 30
    endloop
  endfacet
  facet normal 0.83169 -0.555241 0
    outer loop
      vertex 1.04932 4.49364 29
      vertex 1.04221 4.48299 30
      vertex 1.04221 4.48299 29
    endloop
  endfacet
  facet normal 0.865828 -0.500341 0
    outer loop
      vertex 1.04932 4.49364 30
      vertex 1.05585 4.50494 29
      vertex 1.05585 4.50494 30
    endloop
  endfacet
  facet normal 0.865828 -0.500341 0
    outer loop
      vertex 1.05585 4.50494 29
      vertex 1.04932 4.49364 30
      vertex 1.04932 4.49364 29
    endloop
  endfacet
  facet normal 0.897039 -0.441952 0
    outer loop
      vertex 1.05585 4.50494 30
      vertex 1.12045 4.63606 29
      vertex 1.12045 4.63606 30
    endloop
  endfacet
  facet normal 0.897039 -0.441952 0
    outer loop
      vertex 1.12045 4.63606 29
      vertex 1.05585 4.50494 30
      vertex 1.05585 4.50494 29
    endloop
  endfacet
  facet normal 0.923942 -0.382533 0
    outer loop
      vertex 1.12045 4.63606 30
      vertex 1.12541 4.64804 29
      vertex 1.12541 4.64804 30
    endloop
  endfacet
  facet normal 0.923942 -0.382533 0
    outer loop
      vertex 1.12541 4.64804 29
      vertex 1.12045 4.63606 30
      vertex 1.12045 4.63606 29
    endloop
  endfacet
  facet normal 0.946682 -0.322171 0
    outer loop
      vertex 1.12541 4.64804 30
      vertex 1.17236 4.786 29
      vertex 1.17236 4.786 30
    endloop
  endfacet
  facet normal 0.946682 -0.322171 0
    outer loop
      vertex 1.17236 4.786 29
      vertex 1.12541 4.64804 30
      vertex 1.12541 4.64804 29
    endloop
  endfacet
  facet normal 0.965806 -0.259267 0
    outer loop
      vertex 1.17236 4.786 30
      vertex 1.17578 4.79874 29
      vertex 1.17578 4.79874 30
    endloop
  endfacet
  facet normal 0.965806 -0.259267 0
    outer loop
      vertex 1.17578 4.79874 29
      vertex 1.17236 4.786 30
      vertex 1.17236 4.786 29
    endloop
  endfacet
  facet normal 0.980841 -0.194811 0
    outer loop
      vertex 1.17578 4.79874 30
      vertex 1.20421 4.94188 29
      vertex 1.20421 4.94188 30
    endloop
  endfacet
  facet normal 0.980841 -0.194811 0
    outer loop
      vertex 1.20421 4.94188 29
      vertex 1.17578 4.79874 30
      vertex 1.17578 4.79874 29
    endloop
  endfacet
  facet normal 0.991394 -0.13091 0
    outer loop
      vertex 1.20421 4.94188 30
      vertex 1.20592 4.95483 29
      vertex 1.20592 4.95483 30
    endloop
  endfacet
  facet normal 0.991394 -0.13091 0
    outer loop
      vertex 1.20592 4.95483 29
      vertex 1.20421 4.94188 30
      vertex 1.20421 4.94188 29
    endloop
  endfacet
  facet normal 0.997871 -0.0652154 0
    outer loop
      vertex 1.20592 4.95483 30
      vertex 1.21545 5.10065 29
      vertex 1.21545 5.10065 30
    endloop
  endfacet
  facet normal 0.997871 -0.0652154 0
    outer loop
      vertex 1.21545 5.10065 29
      vertex 1.20592 4.95483 30
      vertex 1.20592 4.95483 29
    endloop
  endfacet
  facet normal 1 -0 0
    outer loop
      vertex 1.21545 5.10065 30
      vertex 1.21545 5.11371 29
      vertex 1.21545 5.11371 30
    endloop
  endfacet
  facet normal 1 0 0
    outer loop
      vertex 1.21545 5.11371 29
      vertex 1.21545 5.10065 30
      vertex 1.21545 5.10065 29
    endloop
  endfacet
  facet normal 0.997865 0.0653091 0
    outer loop
      vertex 1.21545 5.11371 30
      vertex 1.20592 5.25932 29
      vertex 1.20592 5.25932 30
    endloop
  endfacet
  facet normal 0.997865 0.0653091 0
    outer loop
      vertex 1.20592 5.25932 29
      vertex 1.21545 5.11371 30
      vertex 1.21545 5.11371 29
    endloop
  endfacet
  facet normal 0.991407 0.130811 0
    outer loop
      vertex 1.20592 5.25932 30
      vertex 1.20421 5.27228 29
      vertex 1.20421 5.27228 30
    endloop
  endfacet
  facet normal 0.991407 0.130811 0
    outer loop
      vertex 1.20421 5.27228 29
      vertex 1.20592 5.25932 30
      vertex 1.20592 5.25932 29
    endloop
  endfacet
  facet normal 0.980838 0.194824 0
    outer loop
      vertex 1.20421 5.27228 30
      vertex 1.17578 5.41541 29
      vertex 1.17578 5.41541 30
    endloop
  endfacet
  facet normal 0.980838 0.194824 0
    outer loop
      vertex 1.17578 5.41541 29
      vertex 1.20421 5.27228 30
      vertex 1.20421 5.27228 29
    endloop
  endfacet
  facet normal 0.965931 0.258799 0
    outer loop
      vertex 1.17578 5.41541 30
      vertex 1.17238 5.4281 29
      vertex 1.17238 5.4281 30
    endloop
  endfacet
  facet normal 0.965931 0.258799 0
    outer loop
      vertex 1.17238 5.4281 29
      vertex 1.17578 5.41541 30
      vertex 1.17578 5.41541 29
    endloop
  endfacet
  facet normal 0.946811 0.321791 0
    outer loop
      vertex 1.17238 5.4281 30
      vertex 1.1254 5.56633 29
      vertex 1.1254 5.56633 30
    endloop
  endfacet
  facet normal 0.946811 0.321791 0
    outer loop
      vertex 1.1254 5.56633 29
      vertex 1.17238 5.4281 30
      vertex 1.17238 5.4281 29
    endloop
  endfacet
  facet normal 0.923597 0.383365 0
    outer loop
      vertex 1.1254 5.56633 30
      vertex 1.12039 5.5784 29
      vertex 1.12039 5.5784 30
    endloop
  endfacet
  facet normal 0.923597 0.383365 0
    outer loop
      vertex 1.12039 5.5784 29
      vertex 1.1254 5.56633 30
      vertex 1.1254 5.56633 29
    endloop
  endfacet
  facet normal 0.896787 0.442463 0
    outer loop
      vertex 1.12039 5.5784 30
      vertex 1.05585 5.70921 29
      vertex 1.05585 5.70921 30
    endloop
  endfacet
  facet normal 0.896787 0.442463 0
    outer loop
      vertex 1.05585 5.70921 29
      vertex 1.12039 5.5784 30
      vertex 1.12039 5.5784 29
    endloop
  endfacet
  facet normal 0.865776 0.500431 0
    outer loop
      vertex 1.05585 5.70921 30
      vertex 1.04933 5.72049 29
      vertex 1.04933 5.72049 30
    endloop
  endfacet
  facet normal 0.865776 0.500431 0
    outer loop
      vertex 1.04933 5.72049 29
      vertex 1.05585 5.70921 30
      vertex 1.05585 5.70921 29
    endloop
  endfacet
  facet normal 0.831661 0.555284 0
    outer loop
      vertex 1.04933 5.72049 30
      vertex 0.968307 5.84184 29
      vertex 0.968307 5.84184 30
    endloop
  endfacet
  facet normal 0.831661 0.555284 0
    outer loop
      vertex 0.968307 5.84184 29
      vertex 1.04933 5.72049 30
      vertex 1.04933 5.72049 29
    endloop
  endfacet
  facet normal 0.793927 0.608013 0
    outer loop
      vertex 0.968307 5.84184 30
      vertex 0.960373 5.8522 29
      vertex 0.960373 5.8522 30
    endloop
  endfacet
  facet normal 0.793927 0.608013 0
    outer loop
      vertex 0.960373 5.8522 29
      vertex 0.968307 5.84184 30
      vertex 0.968307 5.84184 29
    endloop
  endfacet
  facet normal 0.752242 0.658887 0
    outer loop
      vertex 0.960373 5.8522 30
      vertex 0.864182 5.96202 29
      vertex 0.864182 5.96202 30
    endloop
  endfacet
  facet normal 0.752242 0.658887 0
    outer loop
      vertex 0.864182 5.96202 29
      vertex 0.960373 5.8522 30
      vertex 0.960373 5.8522 29
    endloop
  endfacet
  facet normal 0.707145 0.707069 0
    outer loop
      vertex 0.864182 5.96202 30
      vertex 0.854843 5.97136 29
      vertex 0.854843 5.97136 30
    endloop
  endfacet
  facet normal 0.707145 0.707069 0
    outer loop
      vertex 0.854843 5.97136 29
      vertex 0.864182 5.96202 30
      vertex 0.864182 5.96202 29
    endloop
  endfacet
  facet normal 0.658893 0.752237 -0
    outer loop
      vertex 0.854843 5.97136 29
      vertex 0.745026 6.06755 30
      vertex 0.854843 5.97136 30
    endloop
  endfacet
  facet normal 0.658893 0.752237 0
    outer loop
      vertex 0.745026 6.06755 30
      vertex 0.854843 5.97136 29
      vertex 0.745026 6.06755 29
    endloop
  endfacet
  facet normal 0.608266 0.793733 -0
    outer loop
      vertex 0.745026 6.06755 29
      vertex 0.734665 6.07549 30
      vertex 0.745026 6.06755 30
    endloop
  endfacet
  facet normal 0.608266 0.793733 0
    outer loop
      vertex 0.734665 6.07549 30
      vertex 0.745026 6.06755 29
      vertex 0.734665 6.07549 29
    endloop
  endfacet
  facet normal 0.555216 0.831706 -0
    outer loop
      vertex 0.734665 6.07549 29
      vertex 0.613373 6.15646 30
      vertex 0.734665 6.07549 30
    endloop
  endfacet
  facet normal 0.555216 0.831706 0
    outer loop
      vertex 0.613373 6.15646 30
      vertex 0.734665 6.07549 29
      vertex 0.613373 6.15646 29
    endloop
  endfacet
  facet normal 0.500759 0.865587 -0
    outer loop
      vertex 0.613373 6.15646 29
      vertex 0.602051 6.16301 30
      vertex 0.613373 6.15646 30
    endloop
  endfacet
  facet normal 0.500759 0.865587 0
    outer loop
      vertex 0.602051 6.16301 30
      vertex 0.613373 6.15646 29
      vertex 0.602051 6.16301 29
    endloop
  endfacet
  facet normal 0.442024 0.897003 -0
    outer loop
      vertex 0.602051 6.16301 29
      vertex 0.470917 6.22763 30
      vertex 0.602051 6.16301 30
    endloop
  endfacet
  facet normal 0.442024 0.897003 0
    outer loop
      vertex 0.470917 6.22763 30
      vertex 0.602051 6.16301 29
      vertex 0.470917 6.22763 29
    endloop
  endfacet
  facet normal 0.382588 0.923919 -0
    outer loop
      vertex 0.470917 6.22763 29
      vertex 0.458939 6.23259 30
      vertex 0.470917 6.22763 30
    endloop
  endfacet
  facet normal 0.382588 0.923919 0
    outer loop
      vertex 0.458939 6.23259 30
      vertex 0.470917 6.22763 29
      vertex 0.458939 6.23259 29
    endloop
  endfacet
  facet normal 0.322181 0.946678 -0
    outer loop
      vertex 0.458939 6.23259 29
      vertex 0.320984 6.27954 30
      vertex 0.458939 6.23259 30
    endloop
  endfacet
  facet normal 0.322181 0.946678 0
    outer loop
      vertex 0.320984 6.27954 30
      vertex 0.458939 6.23259 29
      vertex 0.320984 6.27954 29
    endloop
  endfacet
  facet normal 0.259248 0.965811 -0
    outer loop
      vertex 0.320984 6.27954 29
      vertex 0.308243 6.28296 30
      vertex 0.320984 6.27954 30
    endloop
  endfacet
  facet normal 0.259248 0.965811 0
    outer loop
      vertex 0.308243 6.28296 30
      vertex 0.320984 6.27954 29
      vertex 0.308243 6.28296 29
    endloop
  endfacet
  facet normal 0.194807 0.980842 -0
    outer loop
      vertex 0.308243 6.28296 29
      vertex 0.1651 6.31139 30
      vertex 0.308243 6.28296 30
    endloop
  endfacet
  facet normal 0.194807 0.980842 0
    outer loop
      vertex 0.1651 6.31139 30
      vertex 0.308243 6.28296 29
      vertex 0.1651 6.31139 29
    endloop
  endfacet
  facet normal 0.13086 0.991401 -0
    outer loop
      vertex 0.1651 6.31139 29
      vertex 0.152145 6.3131 30
      vertex 0.1651 6.31139 30
    endloop
  endfacet
  facet normal 0.13086 0.991401 0
    outer loop
      vertex 0.152145 6.3131 30
      vertex 0.1651 6.31139 29
      vertex 0.152145 6.3131 29
    endloop
  endfacet
  facet normal 0.0653072 0.997865 -0
    outer loop
      vertex 0.152145 6.3131 29
      vertex 0.00653076 6.32263 30
      vertex 0.152145 6.3131 30
    endloop
  endfacet
  facet normal 0.0653072 0.997865 0
    outer loop
      vertex 0.00653076 6.32263 30
      vertex 0.152145 6.3131 29
      vertex 0.00653076 6.32263 29
    endloop
  endfacet
  facet normal 0 1 -0
    outer loop
      vertex 0.00653076 6.32263 29
      vertex -0.00653076 6.32263 30
      vertex 0.00653076 6.32263 30
    endloop
  endfacet
  facet normal 0 1 0
    outer loop
      vertex -0.00653076 6.32263 30
      vertex 0.00653076 6.32263 29
      vertex -0.00653076 6.32263 29
    endloop
  endfacet
  facet normal -0.0653072 0.997865 0
    outer loop
      vertex -0.00653076 6.32263 29
      vertex -0.152145 6.3131 30
      vertex -0.00653076 6.32263 30
    endloop
  endfacet
  facet normal -0.0653072 0.997865 0
    outer loop
      vertex -0.152145 6.3131 30
      vertex -0.00653076 6.32263 29
      vertex -0.152145 6.3131 29
    endloop
  endfacet
  facet normal -0.13086 0.991401 0
    outer loop
      vertex -0.152145 6.3131 29
      vertex -0.1651 6.31139 30
      vertex -0.152145 6.3131 30
    endloop
  endfacet
  facet normal -0.13086 0.991401 0
    outer loop
      vertex -0.1651 6.31139 30
      vertex -0.152145 6.3131 29
      vertex -0.1651 6.31139 29
    endloop
  endfacet
  facet normal -0.194807 0.980842 0
    outer loop
      vertex -0.1651 6.31139 29
      vertex -0.308243 6.28296 30
      vertex -0.1651 6.31139 30
    endloop
  endfacet
  facet normal -0.194807 0.980842 0
    outer loop
      vertex -0.308243 6.28296 30
      vertex -0.1651 6.31139 29
      vertex -0.308243 6.28296 29
    endloop
  endfacet
  facet normal -0.259248 0.965811 0
    outer loop
      vertex -0.308243 6.28296 29
      vertex -0.320984 6.27954 30
      vertex -0.308243 6.28296 30
    endloop
  endfacet
  facet normal -0.259248 0.965811 0
    outer loop
      vertex -0.320984 6.27954 30
      vertex -0.308243 6.28296 29
      vertex -0.320984 6.27954 29
    endloop
  endfacet
  facet normal -0.322181 0.946678 0
    outer loop
      vertex -0.320984 6.27954 29
      vertex -0.458939 6.23259 30
      vertex -0.320984 6.27954 30
    endloop
  endfacet
  facet normal -0.322181 0.946678 0
    outer loop
      vertex -0.458939 6.23259 30
      vertex -0.320984 6.27954 29
      vertex -0.458939 6.23259 29
    endloop
  endfacet
  facet normal -0.382588 0.923919 0
    outer loop
      vertex -0.458939 6.23259 29
      vertex -0.470917 6.22763 30
      vertex -0.458939 6.23259 30
    endloop
  endfacet
  facet normal -0.382588 0.923919 0
    outer loop
      vertex -0.470917 6.22763 30
      vertex -0.458939 6.23259 29
      vertex -0.470917 6.22763 29
    endloop
  endfacet
  facet normal -0.442024 0.897003 0
    outer loop
      vertex -0.470917 6.22763 29
      vertex -0.602051 6.16301 30
      vertex -0.470917 6.22763 30
    endloop
  endfacet
  facet normal -0.442024 0.897003 0
    outer loop
      vertex -0.602051 6.16301 30
      vertex -0.470917 6.22763 29
      vertex -0.602051 6.16301 29
    endloop
  endfacet
  facet normal -0.500759 0.865587 0
    outer loop
      vertex -0.602051 6.16301 29
      vertex -0.613373 6.15646 30
      vertex -0.602051 6.16301 30
    endloop
  endfacet
  facet normal -0.500759 0.865587 0
    outer loop
      vertex -0.613373 6.15646 30
      vertex -0.602051 6.16301 29
      vertex -0.613373 6.15646 29
    endloop
  endfacet
  facet normal -0.555216 0.831706 0
    outer loop
      vertex -0.613373 6.15646 29
      vertex -0.734665 6.07549 30
      vertex -0.613373 6.15646 30
    endloop
  endfacet
  facet normal -0.555216 0.831706 0
    outer loop
      vertex -0.734665 6.07549 30
      vertex -0.613373 6.15646 29
      vertex -0.734665 6.07549 29
    endloop
  endfacet
  facet normal -0.608266 0.793733 0
    outer loop
      vertex -0.734665 6.07549 29
      vertex -0.745026 6.06755 30
      vertex -0.734665 6.07549 30
    endloop
  endfacet
  facet normal -0.608266 0.793733 0
    outer loop
      vertex -0.745026 6.06755 30
      vertex -0.734665 6.07549 29
      vertex -0.745026 6.06755 29
    endloop
  endfacet
  facet normal -0.658893 0.752237 0
    outer loop
      vertex -0.745026 6.06755 29
      vertex -0.854843 5.97136 30
      vertex -0.745026 6.06755 30
    endloop
  endfacet
  facet normal -0.658893 0.752237 0
    outer loop
      vertex -0.854843 5.97136 30
      vertex -0.745026 6.06755 29
      vertex -0.854843 5.97136 29
    endloop
  endfacet
  facet normal -0.707145 0.707069 0
    outer loop
      vertex -0.864182 5.96202 29
      vertex -0.854843 5.97136 30
      vertex -0.854843 5.97136 29
    endloop
  endfacet
  facet normal -0.707145 0.707069 0
    outer loop
      vertex -0.854843 5.97136 30
      vertex -0.864182 5.96202 29
      vertex -0.864182 5.96202 30
    endloop
  endfacet
  facet normal -0.752242 0.658887 0
    outer loop
      vertex -0.960373 5.8522 29
      vertex -0.864182 5.96202 30
      vertex -0.864182 5.96202 29
    endloop
  endfacet
  facet normal -0.752242 0.658887 0
    outer loop
      vertex -0.864182 5.96202 30
      vertex -0.960373 5.8522 29
      vertex -0.960373 5.8522 30
    endloop
  endfacet
  facet normal -0.793927 0.608013 0
    outer loop
      vertex -0.968307 5.84184 29
      vertex -0.960373 5.8522 30
      vertex -0.960373 5.8522 29
    endloop
  endfacet
  facet normal -0.793927 0.608013 0
    outer loop
      vertex -0.960373 5.8522 30
      vertex -0.968307 5.84184 29
      vertex -0.968307 5.84184 30
    endloop
  endfacet
  facet normal -0.831661 0.555284 0
    outer loop
      vertex -1.04933 5.72049 29
      vertex -0.968307 5.84184 30
      vertex -0.968307 5.84184 29
    endloop
  endfacet
  facet normal -0.831661 0.555284 0
    outer loop
      vertex -0.968307 5.84184 30
      vertex -1.04933 5.72049 29
      vertex -1.04933 5.72049 30
    endloop
  endfacet
  facet normal -0.865776 0.500431 0
    outer loop
      vertex -1.05585 5.70921 29
      vertex -1.04933 5.72049 30
      vertex -1.04933 5.72049 29
    endloop
  endfacet
  facet normal -0.865776 0.500431 0
    outer loop
      vertex -1.04933 5.72049 30
      vertex -1.05585 5.70921 29
      vertex -1.05585 5.70921 30
    endloop
  endfacet
  facet normal -0.896787 0.442463 0
    outer loop
      vertex -1.12039 5.5784 29
      vertex -1.05585 5.70921 30
      vertex -1.05585 5.70921 29
    endloop
  endfacet
  facet normal -0.896787 0.442463 0
    outer loop
      vertex -1.05585 5.70921 30
      vertex -1.12039 5.5784 29
      vertex -1.12039 5.5784 30
    endloop
  endfacet
  facet normal -0.923597 0.383365 0
    outer loop
      vertex -1.1254 5.56633 29
      vertex -1.12039 5.5784 30
      vertex -1.12039 5.5784 29
    endloop
  endfacet
  facet normal -0.923597 0.383365 0
    outer loop
      vertex -1.12039 5.5784 30
      vertex -1.1254 5.56633 29
      vertex -1.1254 5.56633 30
    endloop
  endfacet
  facet normal -0.946811 0.321791 0
    outer loop
      vertex -1.17238 5.4281 29
      vertex -1.1254 5.56633 30
      vertex -1.1254 5.56633 29
    endloop
  endfacet
  facet normal -0.946811 0.321791 0
    outer loop
      vertex -1.1254 5.56633 30
      vertex -1.17238 5.4281 29
      vertex -1.17238 5.4281 30
    endloop
  endfacet
  facet normal -0.965931 0.258799 0
    outer loop
      vertex -1.17578 5.41541 29
      vertex -1.17238 5.4281 30
      vertex -1.17238 5.4281 29
    endloop
  endfacet
  facet normal -0.965931 0.258799 0
    outer loop
      vertex -1.17238 5.4281 30
      vertex -1.17578 5.41541 29
      vertex -1.17578 5.41541 30
    endloop
  endfacet
  facet normal -0.980838 0.194824 0
    outer loop
      vertex -1.20421 5.27228 29
      vertex -1.17578 5.41541 30
      vertex -1.17578 5.41541 29
    endloop
  endfacet
  facet normal -0.980838 0.194824 0
    outer loop
      vertex -1.17578 5.41541 30
      vertex -1.20421 5.27228 29
      vertex -1.20421 5.27228 30
    endloop
  endfacet
  facet normal -0.991407 0.130811 0
    outer loop
      vertex -1.20592 5.25932 29
      vertex -1.20421 5.27228 30
      vertex -1.20421 5.27228 29
    endloop
  endfacet
  facet normal -0.991407 0.130811 0
    outer loop
      vertex -1.20421 5.27228 30
      vertex -1.20592 5.25932 29
      vertex -1.20592 5.25932 30
    endloop
  endfacet
  facet normal -0.997865 0.0653091 0
    outer loop
      vertex -1.21545 5.11371 29
      vertex -1.20592 5.25932 30
      vertex -1.20592 5.25932 29
    endloop
  endfacet
  facet normal -0.997865 0.0653091 0
    outer loop
      vertex -1.20592 5.25932 30
      vertex -1.21545 5.11371 29
      vertex -1.21545 5.11371 30
    endloop
  endfacet
  facet normal -1 0 0
    outer loop
      vertex -1.21545 5.10065 29
      vertex -1.21545 5.11371 30
      vertex -1.21545 5.11371 29
    endloop
  endfacet
  facet normal -1 -0 0
    outer loop
      vertex -1.21545 5.11371 30
      vertex -1.21545 5.10065 29
      vertex -1.21545 5.10065 30
    endloop
  endfacet
  facet normal -0.997871 -0.0652154 0
    outer loop
      vertex -1.20592 4.95483 29
      vertex -1.21545 5.10065 30
      vertex -1.21545 5.10065 29
    endloop
  endfacet
  facet normal -0.997871 -0.0652154 0
    outer loop
      vertex -1.21545 5.10065 30
      vertex -1.20592 4.95483 29
      vertex -1.20592 4.95483 30
    endloop
  endfacet
  facet normal -0.991394 -0.13091 0
    outer loop
      vertex -1.20421 4.94188 29
      vertex -1.20592 4.95483 30
      vertex -1.20592 4.95483 29
    endloop
  endfacet
  facet normal -0.991394 -0.13091 0
    outer loop
      vertex -1.20592 4.95483 30
      vertex -1.20421 4.94188 29
      vertex -1.20421 4.94188 30
    endloop
  endfacet
  facet normal -0.980841 -0.194811 0
    outer loop
      vertex -1.17578 4.79874 29
      vertex -1.20421 4.94188 30
      vertex -1.20421 4.94188 29
    endloop
  endfacet
  facet normal -0.980841 -0.194811 0
    outer loop
      vertex -1.20421 4.94188 30
      vertex -1.17578 4.79874 29
      vertex -1.17578 4.79874 30
    endloop
  endfacet
  facet normal -0.965806 -0.259267 0
    outer loop
      vertex -1.17236 4.786 29
      vertex -1.17578 4.79874 30
      vertex -1.17578 4.79874 29
    endloop
  endfacet
  facet normal -0.965806 -0.259267 0
    outer loop
      vertex -1.17578 4.79874 30
      vertex -1.17236 4.786 29
      vertex -1.17236 4.786 30
    endloop
  endfacet
  facet normal -0.946682 -0.322171 0
    outer loop
      vertex -1.12541 4.64804 29
      vertex -1.17236 4.786 30
      vertex -1.17236 4.786 29
    endloop
  endfacet
  facet normal -0.946682 -0.322171 0
    outer loop
      vertex -1.17236 4.786 30
      vertex -1.12541 4.64804 29
      vertex -1.12541 4.64804 30
    endloop
  endfacet
  facet normal -0.923942 -0.382533 0
    outer loop
      vertex -1.12045 4.63606 29
      vertex -1.12541 4.64804 30
      vertex -1.12541 4.64804 29
    endloop
  endfacet
  facet normal -0.923942 -0.382533 0
    outer loop
      vertex -1.12541 4.64804 30
      vertex -1.12045 4.63606 29
      vertex -1.12045 4.63606 30
    endloop
  endfacet
  facet normal -0.897039 -0.441952 0
    outer loop
      vertex -1.05585 4.50494 29
      vertex -1.12045 4.63606 30
      vertex -1.12045 4.63606 29
    endloop
  endfacet
  facet normal -0.897039 -0.441952 0
    outer loop
      vertex -1.12045 4.63606 30
      vertex -1.05585 4.50494 29
      vertex -1.05585 4.50494 30
    endloop
  endfacet
  facet normal -0.865828 -0.500341 0
    outer loop
      vertex -1.04932 4.49364 29
      vertex -1.05585 4.50494 30
      vertex -1.05585 4.50494 29
    endloop
  endfacet
  facet normal -0.865828 -0.500341 0
    outer loop
      vertex -1.05585 4.50494 30
      vertex -1.04932 4.49364 29
      vertex -1.04932 4.49364 30
    endloop
  endfacet
  facet normal -0.83169 -0.555241 0
    outer loop
      vertex -1.04221 4.48299 29
      vertex -1.04932 4.49364 30
      vertex -1.04932 4.49364 29
    endloop
  endfacet
  facet normal -0.83169 -0.555241 0
    outer loop
      vertex -1.04932 4.49364 30
      vertex -1.04221 4.48299 29
      vertex -1.04221 4.48299 30
    endloop
  endfacet
  facet normal -0.600037 0.799972 0
    outer loop
      vertex -1.04221 4.48299 29
      vertex -1.07654 4.45724 30
      vertex -1.04221 4.48299 30
    endloop
  endfacet
  facet normal -0.600037 0.799972 0
    outer loop
      vertex -1.07654 4.45724 30
      vertex -1.04221 4.48299 29
      vertex -1.07654 4.45724 29
    endloop
  endfacet
  facet normal -0.639046 0.769169 0
    outer loop
      vertex -1.07654 4.45724 29
      vertex -1.08452 4.45061 30
      vertex -1.07654 4.45724 30
    endloop
  endfacet
  facet normal -0.639046 0.769169 0
    outer loop
      vertex -1.08452 4.45061 30
      vertex -1.07654 4.45724 29
      vertex -1.08452 4.45061 29
    endloop
  endfacet
  facet normal -0.679966 0.733244 0
    outer loop
      vertex -1.08452 4.45061 29
      vertex -1.09264 4.44308 30
      vertex -1.08452 4.45061 30
    endloop
  endfacet
  facet normal -0.679966 0.733244 0
    outer loop
      vertex -1.09264 4.44308 30
      vertex -1.08452 4.45061 29
      vertex -1.09264 4.44308 29
    endloop
  endfacet
  facet normal 0.675726 0.737153 -0
    outer loop
      vertex -1.09264 4.44308 29
      vertex -2.99913 6.1907 30
      vertex -1.09264 4.44308 30
    endloop
  endfacet
  facet normal 0.675726 0.737153 0
    outer loop
      vertex -2.99913 6.1907 30
      vertex -1.09264 4.44308 29
      vertex -2.99913 6.1907 29
    endloop
  endfacet
  facet normal 0.987764 0.155959 0
    outer loop
      vertex -2.99913 6.1907 30
      vertex -3.69958 10.627 29
      vertex -3.69958 10.627 30
    endloop
  endfacet
  facet normal 0.987764 0.155959 0
    outer loop
      vertex -3.69958 10.627 29
      vertex -2.99913 6.1907 30
      vertex -2.99913 6.1907 29
    endloop
  endfacet
  facet normal 0.962699 0.270574 0
    outer loop
      vertex -3.69958 10.627 30
      vertex -3.70596 10.6497 29
      vertex -3.70596 10.6497 30
    endloop
  endfacet
  facet normal 0.962699 0.270574 0
    outer loop
      vertex -3.70596 10.6497 29
      vertex -3.69958 10.627 30
      vertex -3.69958 10.627 29
    endloop
  endfacet
  facet normal 0.923862 0.382725 0
    outer loop
      vertex -3.70596 10.6497 30
      vertex -3.76636 10.7955 29
      vertex -3.76636 10.7955 30
    endloop
  endfacet
  facet normal 0.923862 0.382725 0
    outer loop
      vertex -3.76636 10.7955 29
      vertex -3.70596 10.6497 30
      vertex -3.70596 10.6497 29
    endloop
  endfacet
  facet normal 0.86616 0.499767 0
    outer loop
      vertex -3.76636 10.7955 30
      vertex -3.7794 10.8181 29
      vertex -3.7794 10.8181 30
    endloop
  endfacet
  facet normal 0.86616 0.499767 0
    outer loop
      vertex -3.7794 10.8181 29
      vertex -3.76636 10.7955 30
      vertex -3.76636 10.7955 29
    endloop
  endfacet
  facet normal 0.793318 0.608808 0
    outer loop
      vertex -3.7794 10.8181 30
      vertex -3.87456 10.9421 29
      vertex -3.87456 10.9421 30
    endloop
  endfacet
  facet normal 0.793318 0.608808 0
    outer loop
      vertex -3.87456 10.9421 29
      vertex -3.7794 10.8181 30
      vertex -3.7794 10.8181 29
    endloop
  endfacet
  facet normal 0.707872 0.706341 0
    outer loop
      vertex -3.87456 10.9421 30
      vertex -3.89302 10.9606 29
      vertex -3.89302 10.9606 30
    endloop
  endfacet
  facet normal 0.707872 0.706341 0
    outer loop
      vertex -3.89302 10.9606 29
      vertex -3.87456 10.9421 30
      vertex -3.87456 10.9421 29
    endloop
  endfacet
  facet normal 0.60866 0.793431 -0
    outer loop
      vertex -3.89302 10.9606 29
      vertex -4.01712 11.0558 30
      vertex -3.89302 10.9606 30
    endloop
  endfacet
  facet normal 0.60866 0.793431 0
    outer loop
      vertex -4.01712 11.0558 30
      vertex -3.89302 10.9606 29
      vertex -4.01712 11.0558 29
    endloop
  endfacet
  facet normal 0.49845 0.866919 -0
    outer loop
      vertex -4.01712 11.0558 29
      vertex -4.03973 11.0688 30
      vertex -4.01712 11.0558 30
    endloop
  endfacet
  facet normal 0.49845 0.866919 0
    outer loop
      vertex -4.03973 11.0688 30
      vertex -4.01712 11.0558 29
      vertex -4.03973 11.0688 29
    endloop
  endfacet
  facet normal 0.38289 0.923794 -0
    outer loop
      vertex -4.03973 11.0688 29
      vertex -4.18425 11.1287 30
      vertex -4.03973 11.0688 30
    endloop
  endfacet
  facet normal 0.38289 0.923794 0
    outer loop
      vertex -4.18425 11.1287 30
      vertex -4.03973 11.0688 29
      vertex -4.18425 11.1287 29
    endloop
  endfacet
  facet normal 0.26033 0.96552 -0
    outer loop
      vertex -4.18425 11.1287 29
      vertex -4.20947 11.1355 30
      vertex -4.18425 11.1287 30
    endloop
  endfacet
  facet normal 0.26033 0.96552 0
    outer loop
      vertex -4.20947 11.1355 30
      vertex -4.18425 11.1287 29
      vertex -4.20947 11.1355 29
    endloop
  endfacet
  facet normal 0.130421 0.991459 -0
    outer loop
      vertex -4.20947 11.1355 29
      vertex -4.36455 11.1559 30
      vertex -4.20947 11.1355 30
    endloop
  endfacet
  facet normal 0.130421 0.991459 0
    outer loop
      vertex -4.36455 11.1559 30
      vertex -4.20947 11.1355 29
      vertex -4.36455 11.1559 29
    endloop
  endfacet
  facet normal 0 1 -0
    outer loop
      vertex -4.36455 11.1559 29
      vertex -4.39064 11.1559 30
      vertex -4.36455 11.1559 30
    endloop
  endfacet
  facet normal 0 1 0
    outer loop
      vertex -4.39064 11.1559 30
      vertex -4.36455 11.1559 29
      vertex -4.39064 11.1559 29
    endloop
  endfacet
  facet normal -0.130421 0.991459 0
    outer loop
      vertex -4.39064 11.1559 29
      vertex -4.54572 11.1355 30
      vertex -4.39064 11.1559 30
    endloop
  endfacet
  facet normal -0.130421 0.991459 0
    outer loop
      vertex -4.54572 11.1355 30
      vertex -4.39064 11.1559 29
      vertex -4.54572 11.1355 29
    endloop
  endfacet
  facet normal -0.26033 0.96552 0
    outer loop
      vertex -4.54572 11.1355 29
      vertex -4.57094 11.1287 30
      vertex -4.54572 11.1355 30
    endloop
  endfacet
  facet normal -0.26033 0.96552 0
    outer loop
      vertex -4.57094 11.1287 30
      vertex -4.54572 11.1355 29
      vertex -4.57094 11.1287 29
    endloop
  endfacet
  facet normal -0.382935 0.923775 0
    outer loop
      vertex -4.57094 11.1287 29
      vertex -4.71544 11.0688 30
      vertex -4.57094 11.1287 30
    endloop
  endfacet
  facet normal -0.382935 0.923775 0
    outer loop
      vertex -4.71544 11.0688 30
      vertex -4.57094 11.1287 29
      vertex -4.71544 11.0688 29
    endloop
  endfacet
  facet normal -0.498615 0.866823 0
    outer loop
      vertex -4.71544 11.0688 29
      vertex -4.73804 11.0558 30
      vertex -4.71544 11.0688 30
    endloop
  endfacet
  facet normal -0.498615 0.866823 0
    outer loop
      vertex -4.73804 11.0558 30
      vertex -4.71544 11.0688 29
      vertex -4.73804 11.0558 29
    endloop
  endfacet
  facet normal -0.608629 0.793455 0
    outer loop
      vertex -4.73804 11.0558 29
      vertex -4.86215 10.9606 30
      vertex -4.73804 11.0558 30
    endloop
  endfacet
  facet normal -0.608629 0.793455 0
    outer loop
      vertex -4.86215 10.9606 30
      vertex -4.73804 11.0558 29
      vertex -4.86215 10.9606 29
    endloop
  endfacet
  facet normal -0.707489 0.706724 0
    outer loop
      vertex -4.86215 10.9606 29
      vertex -4.88063 10.9421 30
      vertex -4.86215 10.9606 30
    endloop
  endfacet
  facet normal -0.707489 0.706724 0
    outer loop
      vertex -4.88063 10.9421 30
      vertex -4.86215 10.9606 29
      vertex -4.88063 10.9421 29
    endloop
  endfacet
  facet normal -0.793349 0.608767 0
    outer loop
      vertex -4.97578 10.8181 29
      vertex -4.88063 10.9421 30
      vertex -4.88063 10.9421 29
    endloop
  endfacet
  facet normal -0.793349 0.608767 0
    outer loop
      vertex -4.88063 10.9421 30
      vertex -4.97578 10.8181 29
      vertex -4.97578 10.8181 30
    endloop
  endfacet
  facet normal -0.865994 0.500054 0
    outer loop
      vertex -4.98883 10.7955 29
      vertex -4.97578 10.8181 30
      vertex -4.97578 10.8181 29
    endloop
  endfacet
  facet normal -0.865994 0.500054 0
    outer loop
      vertex -4.97578 10.8181 30
      vertex -4.98883 10.7955 29
      vertex -4.98883 10.7955 30
    endloop
  endfacet
  facet normal -0.923914 0.3826 0
    outer loop
      vertex -5.04871 10.6509 29
      vertex -4.98883 10.7955 30
      vertex -4.98883 10.7955 29
    endloop
  endfacet
  facet normal -0.923914 0.3826 0
    outer loop
      vertex -4.98883 10.7955 30
      vertex -5.04871 10.6509 29
      vertex -5.04871 10.6509 30
    endloop
  endfacet
  facet normal -0.965852 0.259094 0
    outer loop
      vertex -5.05547 10.6257 29
      vertex -5.04871 10.6509 30
      vertex -5.04871 10.6509 29
    endloop
  endfacet
  facet normal -0.965852 0.259094 0
    outer loop
      vertex -5.04871 10.6509 30
      vertex -5.05547 10.6257 29
      vertex -5.05547 10.6257 30
    endloop
  endfacet
  facet normal -0.991461 0.130405 0
    outer loop
      vertex -5.07587 10.4706 29
      vertex -5.05547 10.6257 30
      vertex -5.05547 10.6257 29
    endloop
  endfacet
  facet normal -0.991461 0.130405 0
    outer loop
      vertex -5.05547 10.6257 30
      vertex -5.07587 10.4706 29
      vertex -5.07587 10.4706 30
    endloop
  endfacet
  facet normal -1 0 0
    outer loop
      vertex -5.07587 10.4445 29
      vertex -5.07587 10.4706 30
      vertex -5.07587 10.4706 29
    endloop
  endfacet
  facet normal -1 -0 0
    outer loop
      vertex -5.07587 10.4706 30
      vertex -5.07587 10.4445 29
      vertex -5.07587 10.4445 30
    endloop
  endfacet
  facet normal -0.991449 -0.130494 0
    outer loop
      vertex -5.05385 10.2772 29
      vertex -5.07587 10.4445 30
      vertex -5.07587 10.4445 29
    endloop
  endfacet
  facet normal -0.991449 -0.130494 0
    outer loop
      vertex -5.07587 10.4445 30
      vertex -5.05385 10.2772 29
      vertex -5.05385 10.2772 30
    endloop
  endfacet
  facet normal -0.987763 -0.155959 0
    outer loop
      vertex -4.326 5.66739 29
      vertex -5.05385 10.2772 30
      vertex -5.05385 10.2772 29
    endloop
  endfacet
  facet normal -0.987763 -0.155959 0
    outer loop
      vertex -5.05385 10.2772 30
      vertex -4.326 5.66739 29
      vertex -4.326 5.66739 30
    endloop
  endfacet
  facet normal -0.962748 -0.270401 0
    outer loop
      vertex -4.31963 5.64471 29
      vertex -4.326 5.66739 30
      vertex -4.326 5.66739 29
    endloop
  endfacet
  facet normal -0.962748 -0.270401 0
    outer loop
      vertex -4.326 5.66739 30
      vertex -4.31963 5.64471 29
      vertex -4.31963 5.64471 30
    endloop
  endfacet
  facet normal -0.923889 -0.382662 0
    outer loop
      vertex -4.25925 5.49893 29
      vertex -4.31963 5.64471 30
      vertex -4.31963 5.64471 29
    endloop
  endfacet
  facet normal -0.923889 -0.382662 0
    outer loop
      vertex -4.31963 5.64471 30
      vertex -4.25925 5.49893 29
      vertex -4.25925 5.49893 30
    endloop
  endfacet
  facet normal -0.865924 -0.500176 0
    outer loop
      vertex -4.24619 5.47632 29
      vertex -4.25925 5.49893 30
      vertex -4.25925 5.49893 29
    endloop
  endfacet
  facet normal -0.865924 -0.500176 0
    outer loop
      vertex -4.25925 5.49893 30
      vertex -4.24619 5.47632 29
      vertex -4.24619 5.47632 30
    endloop
  endfacet
  facet normal -0.793266 -0.608875 0
    outer loop
      vertex -4.14825 5.34872 29
      vertex -4.24619 5.47632 30
      vertex -4.24619 5.47632 29
    endloop
  endfacet
  facet normal -0.793266 -0.608875 0
    outer loop
      vertex -4.24619 5.47632 30
      vertex -4.14825 5.34872 29
      vertex -4.14825 5.34872 30
    endloop
  endfacet
  facet normal -0.737178 -0.675699 0
    outer loop
      vertex -4.13649 5.33589 29
      vertex -4.14825 5.34872 30
      vertex -4.14825 5.34872 29
    endloop
  endfacet
  facet normal -0.737178 -0.675699 0
    outer loop
      vertex -4.14825 5.34872 30
      vertex -4.13649 5.33589 29
      vertex -4.13649 5.33589 30
    endloop
  endfacet
  facet normal -0.675725 -0.737154 0
    outer loop
      vertex -4.13649 5.33589 29
      vertex -2.14041 3.50615 30
      vertex -4.13649 5.33589 30
    endloop
  endfacet
  facet normal -0.675725 -0.737154 -0
    outer loop
      vertex -2.14041 3.50615 30
      vertex -4.13649 5.33589 29
      vertex -2.14041 3.50615 29
    endloop
  endfacet
  facet normal 0.308503 0.951223 -0
    outer loop
      vertex -2.14041 3.50615 29
      vertex -5.10881 4.46887 30
      vertex -2.14041 3.50615 30
    endloop
  endfacet
  facet normal 0.308503 0.951223 0
    outer loop
      vertex -5.10881 4.46887 30
      vertex -2.14041 3.50615 29
      vertex -5.10881 4.46887 29
    endloop
  endfacet
  facet normal 0.882356 0.470583 0
    outer loop
      vertex -5.10881 4.46887 30
      vertex -6.92909 7.88194 29
      vertex -6.92909 7.88194 30
    endloop
  endfacet
  facet normal 0.882356 0.470583 0
    outer loop
      vertex -6.92909 7.88194 29
      vertex -5.10881 4.46887 30
      vertex -5.10881 4.46887 29
    endloop
  endfacet
  facet normal 0.840645 0.541587 0
    outer loop
      vertex -6.92909 7.88194 30
      vertex -6.938 7.89577 29
      vertex -6.938 7.89577 30
    endloop
  endfacet
  facet normal 0.840645 0.541587 0
    outer loop
      vertex -6.938 7.89577 29
      vertex -6.92909 7.88194 30
      vertex -6.92909 7.88194 29
    endloop
  endfacet
  facet normal 0.793285 0.608851 0
    outer loop
      vertex -6.938 7.89577 30
      vertex -7.03621 8.02373 29
      vertex -7.03621 8.02373 30
    endloop
  endfacet
  facet normal 0.793285 0.608851 0
    outer loop
      vertex -7.03621 8.02373 29
      vertex -6.938 7.89577 30
      vertex -6.938 7.89577 29
    endloop
  endfacet
  facet normal 0.707107 0.707107 0
    outer loop
      vertex -7.03621 8.02373 30
      vertex -7.05466 8.04218 29
      vertex -7.05466 8.04218 30
    endloop
  endfacet
  facet normal 0.707107 0.707107 0
    outer loop
      vertex -7.05466 8.04218 29
      vertex -7.03621 8.02373 30
      vertex -7.03621 8.02373 29
    endloop
  endfacet
  facet normal 0.608793 0.793329 -0
    outer loop
      vertex -7.05466 8.04218 29
      vertex -7.17873 8.13739 30
      vertex -7.05466 8.04218 30
    endloop
  endfacet
  facet normal 0.608793 0.793329 0
    outer loop
      vertex -7.17873 8.13739 30
      vertex -7.05466 8.04218 29
      vertex -7.17873 8.13739 29
    endloop
  endfacet
  facet normal 0.500176 0.865924 -0
    outer loop
      vertex -7.17873 8.13739 29
      vertex -7.20134 8.15045 30
      vertex -7.17873 8.13739 30
    endloop
  endfacet
  facet normal 0.500176 0.865924 0
    outer loop
      vertex -7.20134 8.15045 30
      vertex -7.17873 8.13739 29
      vertex -7.20134 8.15045 29
    endloop
  endfacet
  facet normal 0.382717 0.923866 -0
    outer loop
      vertex -7.20134 8.15045 29
      vertex -7.34584 8.21031 30
      vertex -7.20134 8.15045 30
    endloop
  endfacet
  facet normal 0.382717 0.923866 0
    outer loop
      vertex -7.34584 8.21031 30
      vertex -7.20134 8.15045 29
      vertex -7.34584 8.21031 29
    endloop
  endfacet
  facet normal 0.258902 0.965904 -0
    outer loop
      vertex -7.34584 8.21031 29
      vertex -7.37106 8.21707 30
      vertex -7.34584 8.21031 30
    endloop
  endfacet
  facet normal 0.258902 0.965904 0
    outer loop
      vertex -7.37106 8.21707 30
      vertex -7.34584 8.21031 29
      vertex -7.37106 8.21707 29
    endloop
  endfacet
  facet normal 0.130413 0.99146 -0
    outer loop
      vertex -7.37106 8.21707 29
      vertex -7.52615 8.23747 30
      vertex -7.37106 8.21707 30
    endloop
  endfacet
  facet normal 0.130413 0.99146 0
    outer loop
      vertex -7.52615 8.23747 30
      vertex -7.37106 8.21707 29
      vertex -7.52615 8.23747 29
    endloop
  endfacet
  facet normal 0 1 -0
    outer loop
      vertex -7.52615 8.23747 29
      vertex -7.55225 8.23747 30
      vertex -7.52615 8.23747 30
    endloop
  endfacet
  facet normal 0 1 0
    outer loop
      vertex -7.55225 8.23747 30
      vertex -7.52615 8.23747 29
      vertex -7.55225 8.23747 29
    endloop
  endfacet
  facet normal -0.13043 0.991458 0
    outer loop
      vertex -7.55225 8.23747 29
      vertex -7.70732 8.21707 30
      vertex -7.55225 8.23747 30
    endloop
  endfacet
  facet normal -0.13043 0.991458 0
    outer loop
      vertex -7.70732 8.21707 30
      vertex -7.55225 8.23747 29
      vertex -7.70732 8.21707 29
    endloop
  endfacet
  facet normal -0.258902 0.965904 0
    outer loop
      vertex -7.70732 8.21707 29
      vertex -7.73254 8.21031 30
      vertex -7.70732 8.21707 30
    endloop
  endfacet
  facet normal -0.258902 0.965904 0
    outer loop
      vertex -7.73254 8.21031 30
      vertex -7.70732 8.21707 29
      vertex -7.73254 8.21031 29
    endloop
  endfacet
  facet normal -0.382717 0.923866 0
    outer loop
      vertex -7.73254 8.21031 29
      vertex -7.87704 8.15045 30
      vertex -7.73254 8.21031 30
    endloop
  endfacet
  facet normal -0.382717 0.923866 0
    outer loop
      vertex -7.87704 8.15045 30
      vertex -7.73254 8.21031 29
      vertex -7.87704 8.15045 29
    endloop
  endfacet
  facet normal -0.50001 0.86602 0
    outer loop
      vertex -7.87704 8.15045 29
      vertex -7.89966 8.13739 30
      vertex -7.87704 8.15045 30
    endloop
  endfacet
  facet normal -0.50001 0.86602 0
    outer loop
      vertex -7.89966 8.13739 30
      vertex -7.87704 8.15045 29
      vertex -7.89966 8.13739 29
    endloop
  endfacet
  facet normal -0.608793 0.793329 0
    outer loop
      vertex -7.89966 8.13739 29
      vertex -8.02373 8.04218 30
      vertex -7.89966 8.13739 30
    endloop
  endfacet
  facet normal -0.608793 0.793329 0
    outer loop
      vertex -8.02373 8.04218 30
      vertex -7.89966 8.13739 29
      vertex -8.02373 8.04218 29
    endloop
  endfacet
  facet normal -0.707107 0.707107 0
    outer loop
      vertex -8.04218 8.02373 29
      vertex -8.02373 8.04218 30
      vertex -8.02373 8.04218 29
    endloop
  endfacet
  facet normal -0.707107 0.707107 0
    outer loop
      vertex -8.02373 8.04218 30
      vertex -8.04218 8.02373 29
      vertex -8.04218 8.02373 30
    endloop
  endfacet
  facet normal -0.793329 0.608793 0
    outer loop
      vertex -8.13739 7.89966 29
      vertex -8.04218 8.02373 30
      vertex -8.04218 8.02373 29
    endloop
  endfacet
  facet normal -0.793329 0.608793 0
    outer loop
      vertex -8.04218 8.02373 30
      vertex -8.13739 7.89966 29
      vertex -8.13739 7.89966 30
    endloop
  endfacet
  facet normal -0.86602 0.50001 0
    outer loop
      vertex -8.15045 7.87704 29
      vertex -8.13739 7.89966 30
      vertex -8.13739 7.89966 29
    endloop
  endfacet
  facet normal -0.86602 0.50001 0
    outer loop
      vertex -8.13739 7.89966 30
      vertex -8.15045 7.87704 29
      vertex -8.15045 7.87704 30
    endloop
  endfacet
  facet normal -0.923866 0.382717 0
    outer loop
      vertex -8.21031 7.73254 29
      vertex -8.15045 7.87704 30
      vertex -8.15045 7.87704 29
    endloop
  endfacet
  facet normal -0.923866 0.382717 0
    outer loop
      vertex -8.15045 7.87704 30
      vertex -8.21031 7.73254 29
      vertex -8.21031 7.73254 30
    endloop
  endfacet
  facet normal -0.965904 0.258902 0
    outer loop
      vertex -8.21707 7.70732 29
      vertex -8.21031 7.73254 30
      vertex -8.21031 7.73254 29
    endloop
  endfacet
  facet normal -0.965904 0.258902 0
    outer loop
      vertex -8.21031 7.73254 30
      vertex -8.21707 7.70732 29
      vertex -8.21707 7.70732 30
    endloop
  endfacet
  facet normal -0.991458 0.13043 0
    outer loop
      vertex -8.23747 7.55225 29
      vertex -8.21707 7.70732 30
      vertex -8.21707 7.70732 29
    endloop
  endfacet
  facet normal -0.991458 0.13043 0
    outer loop
      vertex -8.21707 7.70732 30
      vertex -8.23747 7.55225 29
      vertex -8.23747 7.55225 30
    endloop
  endfacet
  facet normal -1 0 0
    outer loop
      vertex -8.23747 7.52615 29
      vertex -8.23747 7.55225 30
      vertex -8.23747 7.55225 29
    endloop
  endfacet
  facet normal -1 -0 0
    outer loop
      vertex -8.23747 7.55225 30
      vertex -8.23747 7.52615 29
      vertex -8.23747 7.52615 30
    endloop
  endfacet
  facet normal -0.99146 -0.130413 0
    outer loop
      vertex -8.21707 7.37106 29
      vertex -8.23747 7.52615 30
      vertex -8.23747 7.52615 29
    endloop
  endfacet
  facet normal -0.99146 -0.130413 0
    outer loop
      vertex -8.23747 7.52615 30
      vertex -8.21707 7.37106 29
      vertex -8.21707 7.37106 30
    endloop
  endfacet
  facet normal -0.965833 -0.259163 0
    outer loop
      vertex -8.2103 7.34583 29
      vertex -8.21707 7.37106 30
      vertex -8.21707 7.37106 29
    endloop
  endfacet
  facet normal -0.965833 -0.259163 0
    outer loop
      vertex -8.21707 7.37106 30
      vertex -8.2103 7.34583 29
      vertex -8.2103 7.34583 30
    endloop
  endfacet
  facet normal -0.923824 -0.382817 0
    outer loop
      vertex -8.14726 7.1937 29
      vertex -8.2103 7.34583 30
      vertex -8.2103 7.34583 29
    endloop
  endfacet
  facet normal -0.923824 -0.382817 0
    outer loop
      vertex -8.2103 7.34583 30
      vertex -8.14726 7.1937 29
      vertex -8.14726 7.1937 30
    endloop
  endfacet
  facet normal -0.904889 -0.425648 0
    outer loop
      vertex -8.14313 7.18492 29
      vertex -8.14726 7.1937 30
      vertex -8.14726 7.1937 29
    endloop
  endfacet
  facet normal -0.904889 -0.425648 0
    outer loop
      vertex -8.14726 7.1937 30
      vertex -8.14313 7.18492 29
      vertex -8.14313 7.18492 30
    endloop
  endfacet
  facet normal -0.882354 -0.470586 0
    outer loop
      vertex -6.20369 3.54845 29
      vertex -8.14313 7.18492 30
      vertex -8.14313 7.18492 29
    endloop
  endfacet
  facet normal -0.882354 -0.470586 0
    outer loop
      vertex -8.14313 7.18492 30
      vertex -6.20369 3.54845 29
      vertex -6.20369 3.54845 30
    endloop
  endfacet
  facet normal -0.840645 -0.541587 0
    outer loop
      vertex -6.19478 3.53462 29
      vertex -6.20369 3.54845 30
      vertex -6.20369 3.54845 29
    endloop
  endfacet
  facet normal -0.840645 -0.541587 0
    outer loop
      vertex -6.20369 3.54845 30
      vertex -6.19478 3.53462 29
      vertex -6.19478 3.53462 30
    endloop
  endfacet
  facet normal -0.793285 -0.608851 0
    outer loop
      vertex -6.09657 3.40666 29
      vertex -6.19478 3.53462 30
      vertex -6.19478 3.53462 29
    endloop
  endfacet
  facet normal -0.793285 -0.608851 0
    outer loop
      vertex -6.19478 3.53462 30
      vertex -6.09657 3.40666 29
      vertex -6.09657 3.40666 30
    endloop
  endfacet
  facet normal -0.707107 -0.707107 0
    outer loop
      vertex -6.07812 3.38821 29
      vertex -6.09657 3.40666 30
      vertex -6.09657 3.40666 29
    endloop
  endfacet
  facet normal -0.707107 -0.707107 0
    outer loop
      vertex -6.09657 3.40666 30
      vertex -6.07812 3.38821 29
      vertex -6.07812 3.38821 30
    endloop
  endfacet
  facet normal -0.608823 -0.793306 0
    outer loop
      vertex -6.07812 3.38821 29
      vertex -5.95406 3.293 30
      vertex -6.07812 3.38821 30
    endloop
  endfacet
  facet normal -0.608823 -0.793306 -0
    outer loop
      vertex -5.95406 3.293 30
      vertex -6.07812 3.38821 29
      vertex -5.95406 3.293 29
    endloop
  endfacet
  facet normal -0.50001 -0.86602 0
    outer loop
      vertex -5.95406 3.293 29
      vertex -5.93144 3.27994 30
      vertex -5.95406 3.293 30
    endloop
  endfacet
  facet normal -0.50001 -0.86602 -0
    outer loop
      vertex -5.93144 3.27994 30
      vertex -5.95406 3.293 29
      vertex -5.93144 3.27994 29
    endloop
  endfacet
  facet normal -0.382677 -0.923882 0
    outer loop
      vertex -5.93144 3.27994 29
      vertex -5.7784 3.21655 30
      vertex -5.93144 3.27994 30
    endloop
  endfacet
  facet normal -0.382677 -0.923882 -0
    outer loop
      vertex -5.7784 3.21655 30
      vertex -5.93144 3.27994 29
      vertex -5.7784 3.21655 29
    endloop
  endfacet
  facet normal -0.345295 -0.938494 0
    outer loop
      vertex -5.7784 3.21655 29
      vertex -5.77098 3.21382 30
      vertex -5.7784 3.21655 30
    endloop
  endfacet
  facet normal -0.345295 -0.938494 -0
    outer loop
      vertex -5.77098 3.21382 30
      vertex -5.7784 3.21655 29
      vertex -5.77098 3.21382 29
    endloop
  endfacet
  facet normal -0.308504 -0.951223 0
    outer loop
      vertex -5.77098 3.21382 29
      vertex -1.90857 1.96115 30
      vertex -5.77098 3.21382 30
    endloop
  endfacet
  facet normal -0.308504 -0.951223 -0
    outer loop
      vertex -1.90857 1.96115 30
      vertex -5.77098 3.21382 29
      vertex -1.90857 1.96115 29
    endloop
  endfacet
  facet normal -0.987457 -0.15789 0
    outer loop
      vertex -1.90735 1.95352 29
      vertex -1.90857 1.96115 30
      vertex -1.90857 1.96115 29
    endloop
  endfacet
  facet normal -0.987457 -0.15789 0
    outer loop
      vertex -1.90857 1.96115 30
      vertex -1.90735 1.95352 29
      vertex -1.90735 1.95352 30
    endloop
  endfacet
  facet normal -0.980615 -0.195942 0
    outer loop
      vertex -1.90302 1.93185 29
      vertex -1.90735 1.95352 30
      vertex -1.90735 1.95352 29
    endloop
  endfacet
  facet normal -0.980615 -0.195942 0
    outer loop
      vertex -1.90735 1.95352 30
      vertex -1.90302 1.93185 29
      vertex -1.90302 1.93185 30
    endloop
  endfacet
  facet normal -0.308507 0.951222 0
    outer loop
      vertex -1.90302 1.93185 29
      vertex -5.77098 0.677368 30
      vertex -1.90302 1.93185 30
    endloop
  endfacet
  facet normal -0.308507 0.951222 0
    outer loop
      vertex -5.77098 0.677368 30
      vertex -1.90302 1.93185 29
      vertex -5.77098 0.677368 29
    endloop
  endfacet
  facet normal -0.345406 0.938453 0
    outer loop
      vertex -5.77098 0.677368 29
      vertex -5.7784 0.674637 30
      vertex -5.77098 0.677368 30
    endloop
  endfacet
  facet normal -0.345406 0.938453 0
    outer loop
      vertex -5.7784 0.674637 30
      vertex -5.77098 0.677368 29
      vertex -5.7784 0.674637 29
    endloop
  endfacet
  facet normal -0.382651 0.923893 0
    outer loop
      vertex -5.7784 0.674637 29
      vertex -5.93144 0.611252 30
      vertex -5.7784 0.674637 30
    endloop
  endfacet
  facet normal -0.382651 0.923893 0
    outer loop
      vertex -5.93144 0.611252 30
      vertex -5.7784 0.674637 29
      vertex -5.93144 0.611252 29
    endloop
  endfacet
  facet normal -0.500067 0.865987 0
    outer loop
      vertex -5.93144 0.611252 29
      vertex -5.95406 0.59819 30
      vertex -5.93144 0.611252 30
    endloop
  endfacet
  facet normal -0.500067 0.865987 0
    outer loop
      vertex -5.95406 0.59819 30
      vertex -5.93144 0.611252 29
      vertex -5.95406 0.59819 29
    endloop
  endfacet
  facet normal -0.608844 0.79329 0
    outer loop
      vertex -5.95406 0.59819 29
      vertex -6.07812 0.502975 30
      vertex -5.95406 0.59819 30
    endloop
  endfacet
  facet normal -0.608844 0.79329 0
    outer loop
      vertex -6.07812 0.502975 30
      vertex -5.95406 0.59819 29
      vertex -6.07812 0.502975 29
    endloop
  endfacet
  facet normal -0.707049 0.707164 0
    outer loop
      vertex -6.09657 0.484528 29
      vertex -6.07812 0.502975 30
      vertex -6.07812 0.502975 29
    endloop
  endfacet
  facet normal -0.707049 0.707164 0
    outer loop
      vertex -6.07812 0.502975 30
      vertex -6.09657 0.484528 29
      vertex -6.09657 0.484528 30
    endloop
  endfacet
  facet normal -0.793328 0.608795 0
    outer loop
      vertex -6.19397 0.357605 29
      vertex -6.09657 0.484528 30
      vertex -6.09657 0.484528 29
    endloop
  endfacet
  facet normal -0.793328 0.608795 0
    outer loop
      vertex -6.09657 0.484528 30
      vertex -6.19397 0.357605 29
      vertex -6.19397 0.357605 30
    endloop
  endfacet
  facet normal -0.847512 0.530777 0
    outer loop
      vertex -6.20409 0.341446 29
      vertex -6.19397 0.357605 30
      vertex -6.19397 0.357605 29
    endloop
  endfacet
  facet normal -0.847512 0.530777 0
    outer loop
      vertex -6.19397 0.357605 30
      vertex -6.20409 0.341446 29
      vertex -6.20409 0.341446 30
    endloop
  endfacet
  facet normal -0.894427 0.447213 0
    outer loop
      vertex -8.14383 -3.53804 29
      vertex -6.20409 0.341446 30
      vertex -6.20409 0.341446 29
    endloop
  endfacet
  facet normal -0.894427 0.447213 0
    outer loop
      vertex -6.20409 0.341446 30
      vertex -8.14383 -3.53804 29
      vertex -8.14383 -3.53804 30
    endloop
  endfacet
  facet normal -0.910221 0.414122 0
    outer loop
      vertex -8.14676 -3.54448 29
      vertex -8.14383 -3.53804 30
      vertex -8.14383 -3.53804 29
    endloop
  endfacet
  facet normal -0.910221 0.414122 0
    outer loop
      vertex -8.14383 -3.53804 30
      vertex -8.14676 -3.54448 29
      vertex -8.14676 -3.54448 30
    endloop
  endfacet
  facet normal -0.923836 0.382788 0
    outer loop
      vertex -8.2103 -3.69783 29
      vertex -8.14676 -3.54448 30
      vertex -8.14676 -3.54448 29
    endloop
  endfacet
  facet normal -0.923836 0.382788 0
    outer loop
      vertex -8.14676 -3.54448 30
      vertex -8.2103 -3.69783 29
      vertex -8.2103 -3.69783 30
    endloop
  endfacet
  facet normal -0.965859 0.259068 0
    outer loop
      vertex -8.21707 -3.72307 29
      vertex -8.2103 -3.69783 30
      vertex -8.2103 -3.69783 29
    endloop
  endfacet
  facet normal -0.965859 0.259068 0
    outer loop
      vertex -8.2103 -3.69783 30
      vertex -8.21707 -3.72307 29
      vertex -8.21707 -3.72307 30
    endloop
  endfacet
  facet normal -0.991458 0.13043 0
    outer loop
      vertex -8.23747 -3.87814 29
      vertex -8.21707 -3.72307 30
      vertex -8.21707 -3.72307 29
    endloop
  endfacet
  facet normal -0.991458 0.13043 0
    outer loop
      vertex -8.21707 -3.72307 30
      vertex -8.23747 -3.87814 29
      vertex -8.23747 -3.87814 30
    endloop
  endfacet
  facet normal -1 0 0
    outer loop
      vertex -8.23747 -3.90424 29
      vertex -8.23747 -3.87814 30
      vertex -8.23747 -3.87814 29
    endloop
  endfacet
  facet normal -1 -0 0
    outer loop
      vertex -8.23747 -3.87814 30
      vertex -8.23747 -3.90424 29
      vertex -8.23747 -3.90424 30
    endloop
  endfacet
  facet normal -0.99146 -0.130413 0
    outer loop
      vertex -8.21707 -4.05933 29
      vertex -8.23747 -3.90424 30
      vertex -8.23747 -3.90424 29
    endloop
  endfacet
  facet normal -0.99146 -0.130413 0
    outer loop
      vertex -8.23747 -3.90424 30
      vertex -8.21707 -4.05933 29
      vertex -8.21707 -4.05933 30
    endloop
  endfacet
  facet normal -0.965904 -0.258902 0
    outer loop
      vertex -8.21031 -4.08455 29
      vertex -8.21707 -4.05933 30
      vertex -8.21707 -4.05933 29
    endloop
  endfacet
  facet normal -0.965904 -0.258902 0
    outer loop
      vertex -8.21707 -4.05933 30
      vertex -8.21031 -4.08455 29
      vertex -8.21031 -4.08455 30
    endloop
  endfacet
  facet normal -0.923866 -0.382717 0
    outer loop
      vertex -8.15045 -4.22905 29
      vertex -8.21031 -4.08455 30
      vertex -8.21031 -4.08455 29
    endloop
  endfacet
  facet normal -0.923866 -0.382717 0
    outer loop
      vertex -8.21031 -4.08455 30
      vertex -8.15045 -4.22905 29
      vertex -8.15045 -4.22905 30
    endloop
  endfacet
  facet normal -0.865924 -0.500176 0
    outer loop
      vertex -8.13739 -4.25166 29
      vertex -8.15045 -4.22905 30
      vertex -8.15045 -4.22905 29
    endloop
  endfacet
  facet normal -0.865924 -0.500176 0
    outer loop
      vertex -8.15045 -4.22905 30
      vertex -8.13739 -4.25166 29
      vertex -8.13739 -4.25166 30
    endloop
  endfacet
  facet normal -0.793339 -0.60878 0
    outer loop
      vertex -8.04216 -4.37576 29
      vertex -8.13739 -4.25166 30
      vertex -8.13739 -4.25166 29
    endloop
  endfacet
  facet normal -0.793339 -0.60878 0
    outer loop
      vertex -8.13739 -4.25166 30
      vertex -8.04216 -4.37576 29
      vertex -8.04216 -4.37576 30
    endloop
  endfacet
  facet normal -0.707298 -0.706915 0
    outer loop
      vertex -8.0237 -4.39423 29
      vertex -8.04216 -4.37576 30
      vertex -8.04216 -4.37576 29
    endloop
  endfacet
  facet normal -0.707298 -0.706915 0
    outer loop
      vertex -8.04216 -4.37576 30
      vertex -8.0237 -4.39423 29
      vertex -8.0237 -4.39423 30
    endloop
  endfacet
  facet normal -0.608675 -0.79342 0
    outer loop
      vertex -8.0237 -4.39423 29
      vertex -7.89967 -4.48938 30
      vertex -8.0237 -4.39423 30
    endloop
  endfacet
  facet normal -0.608675 -0.79342 -0
    outer loop
      vertex -7.89967 -4.48938 30
      vertex -8.0237 -4.39423 29
      vertex -7.89967 -4.48938 29
    endloop
  endfacet
  facet normal -0.50022 -0.865898 0
    outer loop
      vertex -7.89967 -4.48938 29
      vertex -7.87708 -4.50243 30
      vertex -7.89967 -4.48938 30
    endloop
  endfacet
  facet normal -0.50022 -0.865898 -0
    outer loop
      vertex -7.87708 -4.50243 30
      vertex -7.89967 -4.48938 29
      vertex -7.87708 -4.50243 29
    endloop
  endfacet
  facet normal -0.382681 -0.923881 0
    outer loop
      vertex -7.87708 -4.50243 29
      vertex -7.73254 -4.5623 30
      vertex -7.87708 -4.50243 30
    endloop
  endfacet
  facet normal -0.382681 -0.923881 -0
    outer loop
      vertex -7.73254 -4.5623 30
      vertex -7.87708 -4.50243 29
      vertex -7.73254 -4.5623 29
    endloop
  endfacet
  facet normal -0.258902 -0.965904 0
    outer loop
      vertex -7.73254 -4.5623 29
      vertex -7.70732 -4.56906 30
      vertex -7.73254 -4.5623 30
    endloop
  endfacet
  facet normal -0.258902 -0.965904 -0
    outer loop
      vertex -7.70732 -4.56906 30
      vertex -7.73254 -4.5623 29
      vertex -7.70732 -4.56906 29
    endloop
  endfacet
  facet normal -0.13043 -0.991458 0
    outer loop
      vertex -7.70732 -4.56906 29
      vertex -7.55225 -4.58946 30
      vertex -7.70732 -4.56906 30
    endloop
  endfacet
  facet normal -0.13043 -0.991458 -0
    outer loop
      vertex -7.55225 -4.58946 30
      vertex -7.70732 -4.56906 29
      vertex -7.55225 -4.58946 29
    endloop
  endfacet
  facet normal 0 -1 0
    outer loop
      vertex -7.55225 -4.58946 29
      vertex -7.52615 -4.58946 30
      vertex -7.55225 -4.58946 30
    endloop
  endfacet
  facet normal 0 -1 -0
    outer loop
      vertex -7.52615 -4.58946 30
      vertex -7.55225 -4.58946 29
      vertex -7.52615 -4.58946 29
    endloop
  endfacet
  facet normal 0.130413 -0.99146 0
    outer loop
      vertex -7.52615 -4.58946 29
      vertex -7.37106 -4.56906 30
      vertex -7.52615 -4.58946 30
    endloop
  endfacet
  facet normal 0.130413 -0.99146 0
    outer loop
      vertex -7.37106 -4.56906 30
      vertex -7.52615 -4.58946 29
      vertex -7.37106 -4.56906 29
    endloop
  endfacet
  facet normal 0.258902 -0.965904 0
    outer loop
      vertex -7.37106 -4.56906 29
      vertex -7.34584 -4.5623 30
      vertex -7.37106 -4.56906 30
    endloop
  endfacet
  facet normal 0.258902 -0.965904 0
    outer loop
      vertex -7.34584 -4.5623 30
      vertex -7.37106 -4.56906 29
      vertex -7.34584 -4.5623 29
    endloop
  endfacet
  facet normal 0.382704 -0.923871 0
    outer loop
      vertex -7.34584 -4.5623 29
      vertex -7.20131 -4.50243 30
      vertex -7.34584 -4.5623 30
    endloop
  endfacet
  facet normal 0.382704 -0.923871 0
    outer loop
      vertex -7.20131 -4.50243 30
      vertex -7.34584 -4.5623 29
      vertex -7.20131 -4.50243 29
    endloop
  endfacet
  facet normal 0.500054 -0.865994 0
    outer loop
      vertex -7.20131 -4.50243 29
      vertex -7.17871 -4.48938 30
      vertex -7.20131 -4.50243 30
    endloop
  endfacet
  facet normal 0.500054 -0.865994 0
    outer loop
      vertex -7.17871 -4.48938 30
      vertex -7.20131 -4.50243 29
      vertex -7.17871 -4.48938 29
    endloop
  endfacet
  facet normal 0.608705 -0.793396 0
    outer loop
      vertex -7.17871 -4.48938 29
      vertex -7.05469 -4.39423 30
      vertex -7.17871 -4.48938 30
    endloop
  endfacet
  facet normal 0.608705 -0.793396 0
    outer loop
      vertex -7.05469 -4.39423 30
      vertex -7.17871 -4.48938 29
      vertex -7.05469 -4.39423 29
    endloop
  endfacet
  facet normal 0.707107 -0.707107 0
    outer loop
      vertex -7.05469 -4.39423 30
      vertex -7.03622 -4.37576 29
      vertex -7.03622 -4.37576 30
    endloop
  endfacet
  facet normal 0.707107 -0.707107 0
    outer loop
      vertex -7.03622 -4.37576 29
      vertex -7.05469 -4.39423 30
      vertex -7.05469 -4.39423 29
    endloop
  endfacet
  facet normal 0.79336 -0.608753 0
    outer loop
      vertex -7.03622 -4.37576 30
      vertex -6.93881 -4.24881 29
      vertex -6.93881 -4.24881 30
    endloop
  endfacet
  facet normal 0.79336 -0.608753 0
    outer loop
      vertex -6.93881 -4.24881 29
      vertex -7.03622 -4.37576 30
      vertex -7.03622 -4.37576 29
    endloop
  endfacet
  facet normal 0.847762 -0.530376 0
    outer loop
      vertex -6.93881 -4.24881 30
      vertex -6.9287 -4.23265 29
      vertex -6.9287 -4.23265 30
    endloop
  endfacet
  facet normal 0.847762 -0.530376 0
    outer loop
      vertex -6.9287 -4.23265 29
      vertex -6.93881 -4.24881 30
      vertex -6.93881 -4.24881 29
    endloop
  endfacet
  facet normal 0.894429 -0.44721 0
    outer loop
      vertex -6.9287 -4.23265 30
      vertex -5.09976 -0.574738 29
      vertex -5.09976 -0.574738 30
    endloop
  endfacet
  facet normal 0.894429 -0.44721 0
    outer loop
      vertex -5.09976 -0.574738 29
      vertex -6.9287 -4.23265 30
      vertex -6.9287 -4.23265 29
    endloop
  endfacet
  facet normal 0.3085 -0.951224 0
    outer loop
      vertex -5.09976 -0.574738 29
      vertex -1.70068 0.527649 30
      vertex -5.09976 -0.574738 30
    endloop
  endfacet
  facet normal 0.3085 -0.951224 0
    outer loop
      vertex -1.70068 0.527649 30
      vertex -5.09976 -0.574738 29
      vertex -1.70068 0.527649 29
    endloop
  endfacet
  facet normal -0.770394 0.637569 0
    outer loop
      vertex -4.14175 -2.42197 29
      vertex -1.70068 0.527649 30
      vertex -1.70068 0.527649 29
    endloop
  endfacet
  facet normal -0.770394 0.637569 0
    outer loop
      vertex -1.70068 0.527649 30
      vertex -4.14175 -2.42197 29
      vertex -4.14175 -2.42197 30
    endloop
  endfacet
  facet normal -0.781665 0.623698 0
    outer loop
      vertex -4.14404 -2.42484 29
      vertex -4.14175 -2.42197 30
      vertex -4.14175 -2.42197 29
    endloop
  endfacet
  facet normal -0.781665 0.623698 0
    outer loop
      vertex -4.14175 -2.42197 30
      vertex -4.14404 -2.42484 29
      vertex -4.14404 -2.42484 30
    endloop
  endfacet
  facet normal -0.793255 0.608889 0
    outer loop
      vertex -4.24619 -2.55792 29
      vertex -4.14404 -2.42484 30
      vertex -4.14404 -2.42484 29
    endloop
  endfacet
  facet normal -0.793255 0.608889 0
    outer loop
      vertex -4.14404 -2.42484 30
      vertex -4.24619 -2.55792 29
      vertex -4.24619 -2.55792 30
    endloop
  endfacet
  facet normal -0.86602 0.50001 0
    outer loop
      vertex -4.25925 -2.58054 29
      vertex -4.24619 -2.55792 30
      vertex -4.24619 -2.55792 29
    endloop
  endfacet
  facet normal -0.86602 0.50001 0
    outer loop
      vertex -4.24619 -2.55792 30
      vertex -4.25925 -2.58054 29
      vertex -4.25925 -2.58054 30
    endloop
  endfacet
  facet normal -0.923866 0.382717 0
    outer loop
      vertex -4.31911 -2.72504 29
      vertex -4.25925 -2.58054 30
      vertex -4.25925 -2.58054 29
    endloop
  endfacet
  facet normal -0.923866 0.382717 0
    outer loop
      vertex -4.25925 -2.58054 30
      vertex -4.31911 -2.72504 29
      vertex -4.31911 -2.72504 30
    endloop
  endfacet
  facet normal -0.965904 0.258902 0
    outer loop
      vertex -4.32587 -2.75026 29
      vertex -4.31911 -2.72504 30
      vertex -4.31911 -2.72504 29
    endloop
  endfacet
  facet normal -0.965904 0.258902 0
    outer loop
      vertex -4.31911 -2.72504 30
      vertex -4.32587 -2.75026 29
      vertex -4.32587 -2.75026 30
    endloop
  endfacet
  facet normal -0.991464 0.130383 0
    outer loop
      vertex -4.34813 -2.91953 29
      vertex -4.32587 -2.75026 30
      vertex -4.32587 -2.75026 29
    endloop
  endfacet
  facet normal -0.991464 0.130383 0
    outer loop
      vertex -4.32587 -2.75026 30
      vertex -4.34813 -2.91953 29
      vertex -4.34813 -2.91953 30
    endloop
  endfacet
  facet normal -0.992877 0.119146 0
    outer loop
      vertex -5.0761 -8.98589 29
      vertex -4.34813 -2.91953 30
      vertex -4.34813 -2.91953 29
    endloop
  endfacet
  facet normal -0.992877 0.119146 0
    outer loop
      vertex -4.34813 -2.91953 30
      vertex -5.0761 -8.98589 29
      vertex -5.0761 -8.98589 30
    endloop
  endfacet
  facet normal -0.999984 -0.00560889 0
    outer loop
      vertex -5.07596 -9.01085 29
      vertex -5.0761 -8.98589 30
      vertex -5.0761 -8.98589 29
    endloop
  endfacet
  facet normal -0.999984 -0.00560889 0
    outer loop
      vertex -5.0761 -8.98589 30
      vertex -5.07596 -9.01085 29
      vertex -5.07596 -9.01085 30
    endloop
  endfacet
  facet normal -0.991448 -0.130499 0
    outer loop
      vertex -5.05547 -9.16652 29
      vertex -5.07596 -9.01085 30
      vertex -5.07596 -9.01085 29
    endloop
  endfacet
  facet normal -0.991448 -0.130499 0
    outer loop
      vertex -5.07596 -9.01085 30
      vertex -5.05547 -9.16652 29
      vertex -5.05547 -9.16652 30
    endloop
  endfacet
  facet normal -0.965904 -0.258902 0
    outer loop
      vertex -5.04871 -9.19174 29
      vertex -5.05547 -9.16652 30
      vertex -5.05547 -9.16652 29
    endloop
  endfacet
  facet normal -0.965904 -0.258902 0
    outer loop
      vertex -5.05547 -9.16652 30
      vertex -5.04871 -9.19174 29
      vertex -5.04871 -9.19174 30
    endloop
  endfacet
  facet normal -0.923849 -0.382758 0
    outer loop
      vertex -4.98883 -9.33627 29
      vertex -5.04871 -9.19174 30
      vertex -5.04871 -9.19174 29
    endloop
  endfacet
  facet normal -0.923849 -0.382758 0
    outer loop
      vertex -5.04871 -9.19174 30
      vertex -4.98883 -9.33627 29
      vertex -4.98883 -9.33627 30
    endloop
  endfacet
  facet normal -0.865994 -0.500054 0
    outer loop
      vertex -4.97578 -9.35887 29
      vertex -4.98883 -9.33627 30
      vertex -4.98883 -9.33627 29
    endloop
  endfacet
  facet normal -0.865994 -0.500054 0
    outer loop
      vertex -4.98883 -9.33627 30
      vertex -4.97578 -9.35887 29
      vertex -4.97578 -9.35887 30
    endloop
  endfacet
  facet normal -0.793396 -0.608705 0
    outer loop
      vertex -4.88063 -9.48289 29
      vertex -4.97578 -9.35887 30
      vertex -4.97578 -9.35887 29
    endloop
  endfacet
  facet normal -0.793396 -0.608705 0
    outer loop
      vertex -4.97578 -9.35887 30
      vertex -4.88063 -9.48289 29
      vertex -4.88063 -9.48289 30
    endloop
  endfacet
  facet normal -0.706915 -0.707298 0
    outer loop
      vertex -4.88063 -9.48289 29
      vertex -4.86215 -9.50136 30
      vertex -4.88063 -9.48289 30
    endloop
  endfacet
  facet normal -0.706915 -0.707298 -0
    outer loop
      vertex -4.86215 -9.50136 30
      vertex -4.88063 -9.48289 29
      vertex -4.86215 -9.50136 29
    endloop
  endfacet
  facet normal -0.60875 -0.793362 0
    outer loop
      vertex -4.86215 -9.50136 29
      vertex -4.73804 -9.59659 30
      vertex -4.86215 -9.50136 30
    endloop
  endfacet
  facet normal -0.60875 -0.793362 -0
    outer loop
      vertex -4.73804 -9.59659 30
      vertex -4.86215 -9.50136 29
      vertex -4.73804 -9.59659 29
    endloop
  endfacet
  facet normal -0.500341 -0.865828 0
    outer loop
      vertex -4.73804 -9.59659 29
      vertex -4.71544 -9.60965 30
      vertex -4.73804 -9.59659 30
    endloop
  endfacet
  facet normal -0.500341 -0.865828 -0
    outer loop
      vertex -4.71544 -9.60965 30
      vertex -4.73804 -9.59659 29
      vertex -4.71544 -9.60965 29
    endloop
  endfacet
  facet normal -0.382717 -0.923866 0
    outer loop
      vertex -4.71544 -9.60965 29
      vertex -4.57094 -9.66951 30
      vertex -4.71544 -9.60965 30
    endloop
  endfacet
  facet normal -0.382717 -0.923866 -0
    outer loop
      vertex -4.57094 -9.66951 30
      vertex -4.71544 -9.60965 29
      vertex -4.57094 -9.66951 29
    endloop
  endfacet
  facet normal -0.258902 -0.965904 0
    outer loop
      vertex -4.57094 -9.66951 29
      vertex -4.54572 -9.67627 30
      vertex -4.57094 -9.66951 30
    endloop
  endfacet
  facet normal -0.258902 -0.965904 -0
    outer loop
      vertex -4.54572 -9.67627 30
      vertex -4.57094 -9.66951 29
      vertex -4.54572 -9.67627 29
    endloop
  endfacet
  facet normal -0.130421 -0.991459 0
    outer loop
      vertex -4.54572 -9.67627 29
      vertex -4.39064 -9.69667 30
      vertex -4.54572 -9.67627 30
    endloop
  endfacet
  facet normal -0.130421 -0.991459 -0
    outer loop
      vertex -4.39064 -9.69667 30
      vertex -4.54572 -9.67627 29
      vertex -4.39064 -9.69667 29
    endloop
  endfacet
  facet normal 0 -1 0
    outer loop
      vertex -4.39064 -9.69667 29
      vertex -4.36455 -9.69667 30
      vertex -4.39064 -9.69667 30
    endloop
  endfacet
  facet normal 0 -1 -0
    outer loop
      vertex -4.36455 -9.69667 30
      vertex -4.39064 -9.69667 29
      vertex -4.36455 -9.69667 29
    endloop
  endfacet
  facet normal 0.130421 -0.991459 0
    outer loop
      vertex -4.36455 -9.69667 29
      vertex -4.20947 -9.67627 30
      vertex -4.36455 -9.69667 30
    endloop
  endfacet
  facet normal 0.130421 -0.991459 0
    outer loop
      vertex -4.20947 -9.67627 30
      vertex -4.36455 -9.69667 29
      vertex -4.20947 -9.67627 29
    endloop
  endfacet
endsolid OpenSCAD_Model
